bandwidth_saved_percent,compression_ratio,detector_retention,energy_j,image,keep_ratio,lpips,method,object_retention,psnr,region_preservation,relevance_retention,semantic_utility_score,ssim
99.66,292.0106,0.067034,22.615003,datasets\sentinel2_100_patch\images\sentinel2_cems_0000.png,0.1,0.733103,utility_aware_10,0.3125,12.8615,0.184971,0.066887,15.2438,0.2489
99.49,197.6191,0.207371,7.623544,datasets\sentinel2_100_patch\images\sentinel2_cems_0000.png,0.2,0.660229,utility_aware_20,0.5625,13.8114,0.491329,0.205596,34.1951,0.3859
99.35,154.1562,0.39684,7.411675,datasets\sentinel2_100_patch\images\sentinel2_cems_0000.png,0.3,0.624407,utility_aware_30,1.0,14.9094,0.83815,0.392583,62.1068,0.502
99.22,128.4555,0.625579,7.627098,datasets\sentinel2_100_patch\images\sentinel2_cems_0000.png,0.4,0.597229,utility_aware_40,1.0,16.4111,1.0,0.621022,77.4436,0.6162
99.1,111.2309,0.754743,7.799995,datasets\sentinel2_100_patch\images\sentinel2_cems_0000.png,0.5,0.583486,utility_aware_50,1.0,17.2613,1.0,0.753592,85.2616,0.6731
98.99,98.8808,0.85156,8.102341,datasets\sentinel2_100_patch\images\sentinel2_cems_0000.png,0.6,0.570801,utility_aware_60,1.0,18.0208,1.0,0.854278,91.1479,0.7129
98.88,89.2695,0.943636,7.788225,datasets\sentinel2_100_patch\images\sentinel2_cems_0000.png,0.7,0.560197,utility_aware_70,1.0,19.5218,1.0,0.949484,96.7351,0.7666
98.79,82.9188,0.99334,8.097884,datasets\sentinel2_100_patch\images\sentinel2_cems_0000.png,0.8,0.553061,utility_aware_80,1.0,20.2514,1.0,1.0,99.7336,0.7917
98.72,78.236,1.0,8.722406,datasets\sentinel2_100_patch\images\sentinel2_cems_0000.png,0.9,0.543853,utility_aware_90,1.0,21.5673,1.0,1.0,100.0,0.8247
98.7,76.8765,1.0,8.581525,datasets\sentinel2_100_patch\images\sentinel2_cems_0000.png,1.0,0.536493,utility_aware_100,1.0,28.73,0.705202,1.0,97.052,0.9142
99.71,340.1124,0.502352,7.857938,datasets\sentinel2_100_patch\images\sentinel2_cems_0001.png,0.1,0.739815,utility_aware_10,0.967742,11.9816,0.198242,0.503594,61.1806,0.2975
99.57,230.8535,0.78907,7.699953,datasets\sentinel2_100_patch\images\sentinel2_cems_0001.png,0.2,0.703819,utility_aware_20,0.903226,13.8403,0.473633,0.784545,79.0868,0.5431
99.44,179.3931,0.89803,8.859943,datasets\sentinel2_100_patch\images\sentinel2_cems_0001.png,0.3,0.698875,utility_aware_30,1.0,15.409,0.686523,0.893277,90.652,0.6809
99.33,149.6038,0.945672,7.587388,datasets\sentinel2_100_patch\images\sentinel2_cems_0001.png,0.4,0.687633,utility_aware_40,1.0,16.483,0.756836,0.941947,94.2342,0.7638
99.23,129.2122,0.962722,7.480294,datasets\sentinel2_100_patch\images\sentinel2_cems_0001.png,0.5,0.682723,utility_aware_50,1.0,17.6659,0.760742,0.959703,95.3104,0.8277
99.13,114.8049,0.958984,7.340348,datasets\sentinel2_100_patch\images\sentinel2_cems_0001.png,0.6,0.670977,utility_aware_60,1.0,18.8134,0.688477,0.956337,94.3709,0.8723
99.05,105.127,1.0,7.518616,datasets\sentinel2_100_patch\images\sentinel2_cems_0001.png,0.7,0.658472,utility_aware_70,0.967742,19.5579,0.759766,1.0,96.6299,0.8932
98.96,96.3819,1.0,7.464762,datasets\sentinel2_100_patch\images\sentinel2_cems_0001.png,0.8,0.639584,utility_aware_80,1.0,20.1186,0.754883,0.999192,97.5327,0.9053
98.89,89.927,1.0,7.447772,datasets\sentinel2_100_patch\images\sentinel2_cems_0001.png,0.9,0.616516,utility_aware_90,1.0,20.6941,0.869141,1.0,98.6914,0.9156
98.86,87.487,1.0,7.40096,datasets\sentinel2_100_patch\images\sentinel2_cems_0001.png,1.0,0.606438,utility_aware_100,1.0,21.2102,0.921875,0.98957,99.0101,0.9276
99.66,295.1989,0.15234,6.332823,datasets\sentinel2_100_patch\images\sentinel2_cems_0002.png,0.1,0.703636,utility_aware_10,1.0,21.1929,0.396552,0.155481,43.1687,0.724
99.5,199.6468,0.222523,6.803536,datasets\sentinel2_100_patch\images\sentinel2_cems_0002.png,0.2,0.625153,utility_aware_20,1.0,23.3173,0.413793,0.22669,47.5726,0.858
99.37,157.5893,0.305911,6.713465,datasets\sentinel2_100_patch\images\sentinel2_cems_0002.png,0.3,0.574393,utility_aware_30,1.0,24.8732,0.431034,0.311025,52.7673,0.915
99.26,134.5399,0.362447,6.943398,datasets\sentinel2_100_patch\images\sentinel2_cems_0002.png,0.4,0.537766,utility_aware_40,1.0,26.0073,0.442529,0.368726,56.2977,0.9415
99.15,118.3045,0.426976,7.118352,datasets\sentinel2_100_patch\images\sentinel2_cems_0002.png,0.5,0.510447,utility_aware_50,1.0,26.8181,0.465517,0.434217,60.4186,0.9556
99.06,106.2278,0.455247,7.436425,datasets\sentinel2_100_patch\images\sentinel2_cems_0002.png,0.6,0.502295,utility_aware_60,1.0,27.1985,0.477011,0.463191,62.2438,0.9608
98.98,98.0371,0.483264,7.314147,datasets\sentinel2_100_patch\images\sentinel2_cems_0002.png,0.7,0.495102,utility_aware_70,1.0,27.481,0.477011,0.491794,63.9366,0.9639
98.93,93.0655,0.507928,7.31782,datasets\sentinel2_100_patch\images\sentinel2_cems_0002.png,0.8,0.492287,utility_aware_80,1.0,27.7211,0.477011,0.517034,65.4279,0.9664
98.89,90.1818,0.554456,7.515643,datasets\sentinel2_100_patch\images\sentinel2_cems_0002.png,0.9,0.489469,utility_aware_90,1.0,27.9555,0.488506,0.56386,68.3405,0.9684
98.92,92.9958,0.604558,7.330512,datasets\sentinel2_100_patch\images\sentinel2_cems_0002.png,1.0,0.486877,utility_aware_100,1.0,28.2433,0.5,0.615137,71.4851,0.9711
99.69,327.0317,0.4723,6.998909,datasets\sentinel2_100_patch\images\sentinel2_cems_0003.png,0.1,0.764414,utility_aware_10,1.0,15.9461,0.360515,0.457068,61.6385,0.6211
99.54,216.822,0.848844,6.989614,datasets\sentinel2_100_patch\images\sentinel2_cems_0003.png,0.2,0.664674,utility_aware_20,1.0,19.0679,0.76824,0.820634,88.0488,0.8167
99.4,166.1471,1.0,7.25477,datasets\sentinel2_100_patch\images\sentinel2_cems_0003.png,0.3,0.6178,utility_aware_30,1.0,20.7177,1.0,1.0,100.0,0.8718
99.27,136.7531,1.0,7.1034,datasets\sentinel2_100_patch\images\sentinel2_cems_0003.png,0.4,0.604466,utility_aware_40,1.0,21.9814,1.0,1.0,100.0,0.9028
99.16,118.482,1.0,7.572672,datasets\sentinel2_100_patch\images\sentinel2_cems_0003.png,0.5,0.585671,utility_aware_50,1.0,23.2859,1.0,1.0,100.0,0.9263
99.03,103.5939,1.0,7.414054,datasets\sentinel2_100_patch\images\sentinel2_cems_0003.png,0.6,0.575987,utility_aware_60,1.0,23.6407,1.0,1.0,100.0,0.933
98.95,94.8685,1.0,7.813802,datasets\sentinel2_100_patch\images\sentinel2_cems_0003.png,0.7,0.571555,utility_aware_70,1.0,23.9314,1.0,1.0,100.0,0.9373
98.87,88.6073,1.0,7.481832,datasets\sentinel2_100_patch\images\sentinel2_cems_0003.png,0.8,0.568339,utility_aware_80,1.0,24.0796,1.0,1.0,100.0,0.9392
98.82,84.531,1.0,7.373044,datasets\sentinel2_100_patch\images\sentinel2_cems_0003.png,0.9,0.568106,utility_aware_90,1.0,24.2345,1.0,1.0,100.0,0.9412
98.82,84.6796,1.0,7.382322,datasets\sentinel2_100_patch\images\sentinel2_cems_0003.png,1.0,0.562398,utility_aware_100,1.0,25.0911,0.982833,1.0,99.8283,0.9495
99.69,318.2038,0.062718,6.279321,datasets\sentinel2_100_patch\images\sentinel2_cems_0004.png,0.1,0.720831,utility_aware_10,1.0,16.928,0.722222,0.061592,40.9628,0.3925
99.53,212.0362,0.359878,6.891054,datasets\sentinel2_100_patch\images\sentinel2_cems_0004.png,0.2,0.651657,utility_aware_20,1.0,18.9984,0.833333,0.346126,59.651,0.5675
99.4,166.2539,0.507976,6.99721,datasets\sentinel2_100_patch\images\sentinel2_cems_0004.png,0.3,0.616968,utility_aware_30,1.0,20.2282,0.833333,0.492312,68.4986,0.6543
99.29,141.1805,0.600798,7.217169,datasets\sentinel2_100_patch\images\sentinel2_cems_0004.png,0.4,0.596695,utility_aware_40,1.0,20.9386,0.833333,0.586484,74.0949,0.6917
99.18,122.6456,0.81143,7.009317,datasets\sentinel2_100_patch\images\sentinel2_cems_0004.png,0.5,0.583381,utility_aware_50,1.0,22.7654,1.0,0.796276,88.3827,0.7462
99.09,110.4561,0.866298,7.274473,datasets\sentinel2_100_patch\images\sentinel2_cems_0004.png,0.6,0.574385,utility_aware_60,1.0,23.7925,1.0,0.855042,91.7527,0.7708
99.01,101.3051,0.884701,7.079449,datasets\sentinel2_100_patch\images\sentinel2_cems_0004.png,0.7,0.566167,utility_aware_70,1.0,24.2027,1.0,0.876057,92.9092,0.783
98.95,95.3939,0.829996,7.370187,datasets\sentinel2_100_patch\images\sentinel2_cems_0004.png,0.8,0.560012,utility_aware_80,1.0,25.2717,1.0,0.827399,89.7478,0.8039
98.9,91.1173,0.852869,7.412762,datasets\sentinel2_100_patch\images\sentinel2_cems_0004.png,0.9,0.549308,utility_aware_90,1.0,25.9541,1.0,0.851615,91.1471,0.8167
98.91,91.5425,0.879108,7.535356,datasets\sentinel2_100_patch\images\sentinel2_cems_0004.png,1.0,0.54538,utility_aware_100,1.0,27.5473,0.944444,0.879788,92.2045,0.8342
99.74,390.1929,0.229977,6.935041,datasets\sentinel2_100_patch\images\sentinel2_cems_0005.png,0.1,0.744826,utility_aware_10,1.0,13.7514,0.208008,0.23423,45.9638,0.4321
99.61,259.5783,0.347031,7.097525,datasets\sentinel2_100_patch\images\sentinel2_cems_0005.png,0.2,0.708497,utility_aware_20,1.0,15.2582,0.291016,0.354285,53.8771,0.5937
99.51,202.6139,0.418906,6.951704,datasets\sentinel2_100_patch\images\sentinel2_cems_0005.png,0.3,0.689936,utility_aware_30,1.0,15.9771,0.280273,0.424729,58.0536,0.6581
99.41,168.1252,0.513136,7.004785,datasets\sentinel2_100_patch\images\sentinel2_cems_0005.png,0.4,0.679862,utility_aware_40,1.0,16.7312,0.304688,0.518792,63.9482,0.7046
99.32,146.2577,0.57377,7.49541,datasets\sentinel2_100_patch\images\sentinel2_cems_0005.png,0.5,0.671872,utility_aware_50,1.0,17.1741,0.413086,0.57676,68.6169,0.7315
99.24,131.1145,0.661212,7.311774,datasets\sentinel2_100_patch\images\sentinel2_cems_0005.png,0.6,0.663655,utility_aware_60,1.0,17.6249,0.430664,0.662091,73.997,0.7581
99.16,119.5848,0.687477,7.594795,datasets\sentinel2_100_patch\images\sentinel2_cems_0005.png,0.7,0.657562,utility_aware_70,1.0,18.1757,0.429688,0.690732,75.6106,0.7829
99.1,110.7791,0.690904,7.272244,datasets\sentinel2_100_patch\images\sentinel2_cems_0005.png,0.8,0.656932,utility_aware_80,1.0,18.4818,0.416016,0.696011,75.7165,0.7943
99.05,104.9065,0.749558,7.290951,datasets\sentinel2_100_patch\images\sentinel2_cems_0005.png,0.9,0.658187,utility_aware_90,1.0,18.8052,0.473633,0.753802,79.7947,0.8063
99.03,102.6442,0.847636,7.356931,datasets\sentinel2_100_patch\images\sentinel2_cems_0005.png,1.0,0.660109,utility_aware_100,1.0,19.1044,0.613281,0.846703,86.9723,0.8162
99.69,318.4622,0.041362,6.313195,datasets\sentinel2_100_patch\images\sentinel2_cems_0006.png,0.1,0.723236,utility_aware_10,0.175,9.8249,0.017578,0.044472,7.9697,0.1941
99.55,220.9612,0.134628,6.507234,datasets\sentinel2_100_patch\images\sentinel2_cems_0006.png,0.2,0.667732,utility_aware_20,0.95,10.9359,0.069336,0.137589,37.3303,0.3994
99.42,173.5522,0.317172,6.406554,datasets\sentinel2_100_patch\images\sentinel2_cems_0006.png,0.3,0.643735,utility_aware_30,1.0,12.6206,0.203125,0.318778,51.0937,0.6077
99.32,147.236,0.561039,6.549521,datasets\sentinel2_100_patch\images\sentinel2_cems_0006.png,0.4,0.636466,utility_aware_40,1.0,15.0666,0.487305,0.555075,68.4161,0.7884
99.23,129.412,0.768995,7.011679,datasets\sentinel2_100_patch\images\sentinel2_cems_0006.png,0.5,0.627388,utility_aware_50,1.0,18.1051,0.796875,0.785056,84.4297,0.901
99.13,115.3498,0.881355,6.722526,datasets\sentinel2_100_patch\images\sentinel2_cems_0006.png,0.6,0.607153,utility_aware_60,1.0,19.9681,0.841797,0.892209,91.5163,0.93
99.01,101.0655,0.932,6.687707,datasets\sentinel2_100_patch\images\sentinel2_cems_0006.png,0.7,0.605183,utility_aware_70,1.0,20.4406,0.924805,0.938449,95.297,0.9345
98.94,94.5796,0.977785,7.005625,datasets\sentinel2_100_patch\images\sentinel2_cems_0006.png,0.8,0.608425,utility_aware_80,1.0,20.8085,1.0,0.980215,98.7157,0.9382
98.89,90.465,1.0,7.558739,datasets\sentinel2_100_patch\images\sentinel2_cems_0006.png,0.9,0.603371,utility_aware_90,1.0,21.0909,1.0,1.0,100.0,0.9413
98.92,92.5988,1.0,6.959062,datasets\sentinel2_100_patch\images\sentinel2_cems_0006.png,1.0,0.594141,utility_aware_100,1.0,21.1543,1.0,1.0,100.0,0.942
99.66,293.6958,0.038254,6.170715,datasets\sentinel2_100_patch\images\sentinel2_cems_0007.png,0.1,0.619846,utility_aware_10,0.070175,12.145,0.014241,0.042982,4.6375,0.2623
99.5,198.4998,0.127242,6.098464,datasets\sentinel2_100_patch\images\sentinel2_cems_0007.png,0.2,0.566874,utility_aware_20,0.280702,13.0808,0.09019,0.134504,17.1027,0.4491
99.36,157.0802,0.284215,5.949724,datasets\sentinel2_100_patch\images\sentinel2_cems_0007.png,0.3,0.527024,utility_aware_30,0.45614,14.4968,0.204114,0.293894,32.9718,0.6123
99.25,132.9872,0.528633,5.972859,datasets\sentinel2_100_patch\images\sentinel2_cems_0007.png,0.4,0.490612,utility_aware_40,0.614035,16.4188,0.425633,0.538512,54.5929,0.7501
99.14,116.5264,0.795473,6.047651,datasets\sentinel2_100_patch\images\sentinel2_cems_0007.png,0.5,0.462533,utility_aware_50,0.649123,18.7951,0.726266,0.799871,74.5527,0.8469
99.04,104.5757,0.907126,6.303017,datasets\sentinel2_100_patch\images\sentinel2_cems_0007.png,0.6,0.449321,utility_aware_60,0.649123,20.1996,0.814873,0.906485,82.0372,0.882
98.93,93.8452,1.0,6.211659,datasets\sentinel2_100_patch\images\sentinel2_cems_0007.png,0.7,0.431762,utility_aware_70,0.701754,23.4285,0.887658,0.985556,89.6403,0.9284
98.87,88.1895,1.0,6.328836,datasets\sentinel2_100_patch\images\sentinel2_cems_0007.png,0.8,0.435123,utility_aware_80,0.701754,24.1552,0.889241,0.99156,89.7762,0.9337
98.84,86.2026,1.0,6.510651,datasets\sentinel2_100_patch\images\sentinel2_cems_0007.png,0.9,0.441695,utility_aware_90,0.701754,24.4661,0.881329,0.987686,89.6196,0.9358
98.85,87.2485,0.994209,6.316331,datasets\sentinel2_100_patch\images\sentinel2_cems_0007.png,1.0,0.433286,utility_aware_100,0.701754,24.5512,0.863924,0.977802,89.0163,0.9362
99.73,376.1023,0.028862,6.2699,datasets\sentinel2_100_patch\images\sentinel2_cems_0008.png,0.1,0.807875,utility_aware_10,0.461538,9.8921,0.014648,0.030863,15.7644,0.2349
99.61,254.6932,0.0578,6.182253,datasets\sentinel2_100_patch\images\sentinel2_cems_0008.png,0.2,0.791948,utility_aware_20,0.769231,10.6556,0.047852,0.057681,27.0211,0.4141
99.49,196.8885,0.107067,6.191398,datasets\sentinel2_100_patch\images\sentinel2_cems_0008.png,0.3,0.783178,utility_aware_30,0.846154,11.5645,0.088867,0.106895,32.6939,0.5586
99.38,162.1539,0.179755,6.222649,datasets\sentinel2_100_patch\images\sentinel2_cems_0008.png,0.4,0.747906,utility_aware_40,1.0,12.5921,0.146484,0.178192,42.2189,0.659
99.29,140.7079,0.307648,6.57822,datasets\sentinel2_100_patch\images\sentinel2_cems_0008.png,0.5,0.709175,utility_aware_50,1.0,14.0028,0.227539,0.303506,50.6514,0.7463
99.21,126.3345,0.500593,6.501049,datasets\sentinel2_100_patch\images\sentinel2_cems_0008.png,0.6,0.67259,utility_aware_60,1.0,15.816,0.379883,0.497981,63.7822,0.811
99.14,116.3278,0.746278,6.645253,datasets\sentinel2_100_patch\images\sentinel2_cems_0008.png,0.7,0.654946,utility_aware_70,1.0,17.9834,0.594727,0.743501,80.6684,0.8544
99.1,110.5233,0.964803,6.687617,datasets\sentinel2_100_patch\images\sentinel2_cems_0008.png,0.8,0.659027,utility_aware_80,1.0,19.9084,0.899414,0.962552,96.8373,0.8827
99.02,102.1469,1.0,6.880183,datasets\sentinel2_100_patch\images\sentinel2_cems_0008.png,0.9,0.659999,utility_aware_90,1.0,20.1864,1.0,1.0,100.0,0.8887
99.02,102.4567,1.0,6.774831,datasets\sentinel2_100_patch\images\sentinel2_cems_0008.png,1.0,0.660893,utility_aware_100,1.0,20.2119,1.0,1.0,100.0,0.89
99.69,320.2622,0.147438,5.936456,datasets\sentinel2_100_patch\images\sentinel2_cems_0009.png,0.1,0.693489,utility_aware_10,1.0,15.5626,0.210714,0.146621,40.9371,0.4022
99.54,216.3052,0.112354,6.160459,datasets\sentinel2_100_patch\images\sentinel2_cems_0009.png,0.2,0.648797,utility_aware_20,1.0,16.146,0.039286,0.120699,37.301,0.5037
99.41,169.3145,0.090246,6.246397,datasets\sentinel2_100_patch\images\sentinel2_cems_0009.png,0.3,0.611745,utility_aware_30,0.0,16.8195,0.057143,0.096762,6.1165,0.572
99.3,141.9761,0.155557,6.251948,datasets\sentinel2_100_patch\images\sentinel2_cems_0009.png,0.4,0.571943,utility_aware_40,0.0,17.6208,0.160714,0.161496,11.0593,0.6359
99.19,124.007,0.256458,6.282435,datasets\sentinel2_100_patch\images\sentinel2_cems_0009.png,0.5,0.548294,utility_aware_50,0.0,18.4332,0.289286,0.260325,18.3577,0.6875
99.11,111.7866,0.37857,6.288868,datasets\sentinel2_100_patch\images\sentinel2_cems_0009.png,0.6,0.540933,utility_aware_60,0.0,19.1276,0.425,0.380467,27.0021,0.73
99.04,104.3063,0.528397,6.378784,datasets\sentinel2_100_patch\images\sentinel2_cems_0009.png,0.7,0.532015,utility_aware_70,0.0,19.9984,0.553571,0.528591,37.2434,0.781
99.01,100.838,0.807919,6.285991,datasets\sentinel2_100_patch\images\sentinel2_cems_0009.png,0.8,0.521317,utility_aware_80,0.0,21.7524,0.810714,0.803369,56.4913,0.8435
98.93,93.6959,1.0,6.418963,datasets\sentinel2_100_patch\images\sentinel2_cems_0009.png,0.9,0.519799,utility_aware_90,0.0,26.3765,1.0,1.0,70.0,0.8904
98.95,95.2575,1.0,6.38388,datasets\sentinel2_100_patch\images\sentinel2_cems_0009.png,1.0,0.518665,utility_aware_100,0.0,27.2702,1.0,1.0,70.0,0.895
99.75,400.9337,0.201742,6.195932,datasets\sentinel2_100_patch\images\sentinel2_cems_0010.png,0.1,0.808644,utility_aware_10,0.55,10.5248,0.139648,0.195253,29.8712,0.208
99.64,277.7697,0.429726,6.302796,datasets\sentinel2_100_patch\images\sentinel2_cems_0010.png,0.2,0.778061,utility_aware_20,0.7,11.7521,0.345703,0.409859,49.8432,0.3987
99.54,217.991,0.502622,6.428582,datasets\sentinel2_100_patch\images\sentinel2_cems_0010.png,0.3,0.773833,utility_aware_30,0.95,13.3532,0.480469,0.487465,63.1589,0.568
99.45,180.7851,0.739215,6.733216,datasets\sentinel2_100_patch\images\sentinel2_cems_0010.png,0.4,0.752784,utility_aware_40,1.0,15.0825,0.614258,0.726885,80.2489,0.694
99.35,153.0677,0.628399,6.810161,datasets\sentinel2_100_patch\images\sentinel2_cems_0010.png,0.5,0.73171,utility_aware_50,0.9,16.6054,0.435547,0.62193,68.93,0.765
99.25,133.0053,0.733402,6.858973,datasets\sentinel2_100_patch\images\sentinel2_cems_0010.png,0.6,0.71503,utility_aware_60,0.95,17.3618,0.543945,0.727693,77.8294,0.7907
99.16,119.2313,0.800849,7.007973,datasets\sentinel2_100_patch\images\sentinel2_cems_0010.png,0.7,0.704133,utility_aware_70,0.95,18.2568,0.646484,0.795657,82.912,0.8165
99.09,109.6618,0.8839,7.185014,datasets\sentinel2_100_patch\images\sentinel2_cems_0010.png,0.8,0.694054,utility_aware_80,0.9,19.0742,0.842773,0.879701,88.3778,0.8399
99.03,102.6574,0.877753,7.078927,datasets\sentinel2_100_patch\images\sentinel2_cems_0010.png,0.9,0.68934,utility_aware_90,0.9,20.1588,0.830078,0.874342,87.8977,0.8636
99.0,100.0891,0.976634,7.129288,datasets\sentinel2_100_patch\images\sentinel2_cems_0010.png,1.0,0.672567,utility_aware_100,0.95,21.053,1.0,0.961514,96.7956,0.8797
99.74,387.1195,0.25653,6.265626,datasets\sentinel2_100_patch\images\sentinel2_cems_0011.png,0.1,0.767476,utility_aware_10,1.0,11.4056,0.174805,0.258628,47.1818,0.3492
99.62,263.1963,0.564894,6.632014,datasets\sentinel2_100_patch\images\sentinel2_cems_0011.png,0.2,0.748029,utility_aware_20,0.653846,13.3276,0.451172,0.564465,58.0122,0.5303
99.51,204.7743,0.7601,6.620231,datasets\sentinel2_100_patch\images\sentinel2_cems_0011.png,0.3,0.732104,utility_aware_30,0.461538,15.3209,0.78125,0.770896,67.4806,0.648
99.42,171.322,0.882631,6.656011,datasets\sentinel2_100_patch\images\sentinel2_cems_0011.png,0.4,0.724804,utility_aware_40,0.538462,17.3034,1.0,0.889525,79.2496,0.7444
99.33,148.3079,1.0,6.721571,datasets\sentinel2_100_patch\images\sentinel2_cems_0011.png,0.5,0.716542,utility_aware_50,0.538462,18.6534,1.0,1.0,86.1538,0.7889
99.24,131.0595,1.0,6.701703,datasets\sentinel2_100_patch\images\sentinel2_cems_0011.png,0.6,0.700192,utility_aware_60,0.576923,19.7556,1.0,1.0,87.3077,0.822
99.15,117.2028,1.0,6.803646,datasets\sentinel2_100_patch\images\sentinel2_cems_0011.png,0.7,0.688343,utility_aware_70,0.461538,20.43,1.0,1.0,83.8462,0.84
99.08,108.1872,1.0,6.841792,datasets\sentinel2_100_patch\images\sentinel2_cems_0011.png,0.8,0.68136,utility_aware_80,0.461538,20.8209,1.0,1.0,83.8462,0.8508
99.02,101.7364,1.0,6.840905,datasets\sentinel2_100_patch\images\sentinel2_cems_0011.png,0.9,0.677203,utility_aware_90,0.538462,21.4527,1.0,1.0,86.1538,0.8618
98.99,98.8001,1.0,6.906287,datasets\sentinel2_100_patch\images\sentinel2_cems_0011.png,1.0,0.670189,utility_aware_100,0.461538,22.392,1.0,1.0,83.8462,0.8793
99.72,354.8083,0.114589,5.900323,datasets\sentinel2_100_patch\images\sentinel2_cems_0012.png,0.1,0.773264,utility_aware_10,0.727273,9.196,0.109375,0.115154,29.7986,0.1782
99.59,242.441,0.319025,6.274758,datasets\sentinel2_100_patch\images\sentinel2_cems_0012.png,0.2,0.736064,utility_aware_20,1.0,10.1772,0.322266,0.322234,52.4283,0.3315
99.48,190.8753,0.565746,6.322103,datasets\sentinel2_100_patch\images\sentinel2_cems_0012.png,0.3,0.713043,utility_aware_30,0.954545,11.3828,0.634766,0.579828,69.2104,0.4722
99.37,159.5853,0.838429,6.382678,datasets\sentinel2_100_patch\images\sentinel2_cems_0012.png,0.4,0.70026,utility_aware_40,0.863636,12.8817,1.0,0.847818,86.4026,0.5919
99.27,137.1835,1.0,6.523521,datasets\sentinel2_100_patch\images\sentinel2_cems_0012.png,0.5,0.680394,utility_aware_50,0.818182,14.6068,1.0,1.0,94.5455,0.6836
99.17,120.3256,1.0,6.51999,datasets\sentinel2_100_patch\images\sentinel2_cems_0012.png,0.6,0.659037,utility_aware_60,0.772727,15.9529,1.0,1.0,93.1818,0.7367
99.07,106.9985,1.0,6.786172,datasets\sentinel2_100_patch\images\sentinel2_cems_0012.png,0.7,0.642255,utility_aware_70,0.863636,17.2324,1.0,1.0,95.9091,0.7786
98.98,97.5757,1.0,7.022328,datasets\sentinel2_100_patch\images\sentinel2_cems_0012.png,0.8,0.630476,utility_aware_80,0.909091,19.1533,1.0,1.0,97.2727,0.8305
98.9,91.2657,1.0,6.849614,datasets\sentinel2_100_patch\images\sentinel2_cems_0012.png,0.9,0.618812,utility_aware_90,0.954545,20.9879,1.0,1.0,98.6364,0.8705
98.87,88.2065,1.0,6.793787,datasets\sentinel2_100_patch\images\sentinel2_cems_0012.png,1.0,0.625299,utility_aware_100,1.0,24.741,1.0,1.0,100.0,0.9208
99.73,370.3282,0.367893,6.243474,datasets\sentinel2_100_patch\images\sentinel2_cems_0013.png,0.1,0.793027,utility_aware_10,0.913043,12.2692,0.362305,0.37022,53.1345,0.4199
99.6,252.8525,0.589702,6.315572,datasets\sentinel2_100_patch\images\sentinel2_cems_0013.png,0.2,0.761725,utility_aware_20,0.913043,13.8898,0.704102,0.592122,69.8628,0.6084
99.49,197.0047,0.854256,6.43091,datasets\sentinel2_100_patch\images\sentinel2_cems_0013.png,0.3,0.744906,utility_aware_30,1.0,15.4264,1.0,0.854254,91.2553,0.7313
99.38,161.6238,0.829704,6.509761,datasets\sentinel2_100_patch\images\sentinel2_cems_0013.png,0.4,0.716617,utility_aware_40,1.0,16.5845,1.0,0.84813,90.1508,0.7964
99.27,137.241,0.883873,6.670822,datasets\sentinel2_100_patch\images\sentinel2_cems_0013.png,0.5,0.696621,utility_aware_50,1.0,17.6139,1.0,0.900382,93.3625,0.8324
99.16,119.5062,1.0,6.737552,datasets\sentinel2_100_patch\images\sentinel2_cems_0013.png,0.6,0.680535,utility_aware_60,0.826087,19.3205,1.0,1.0,94.7826,0.8685
99.07,107.3461,1.0,6.990032,datasets\sentinel2_100_patch\images\sentinel2_cems_0013.png,0.7,0.667525,utility_aware_70,0.913043,20.7893,1.0,1.0,97.3913,0.8946
98.98,97.9643,1.0,6.944391,datasets\sentinel2_100_patch\images\sentinel2_cems_0013.png,0.8,0.666142,utility_aware_80,0.826087,21.4377,1.0,1.0,94.7826,0.9074
98.91,91.7364,1.0,6.902696,datasets\sentinel2_100_patch\images\sentinel2_cems_0013.png,0.9,0.670395,utility_aware_90,0.73913,21.7769,1.0,1.0,92.1739,0.9148
98.89,89.9937,1.0,7.004958,datasets\sentinel2_100_patch\images\sentinel2_cems_0013.png,1.0,0.672489,utility_aware_100,0.956522,22.0061,1.0,1.0,98.6957,0.9203
99.69,320.9661,0.188574,6.171866,datasets\sentinel2_100_patch\images\sentinel2_cems_0014.png,0.1,0.71557,utility_aware_10,0.0,14.8642,0.019481,0.19296,11.597,0.2194
99.55,221.978,0.238605,6.43006,datasets\sentinel2_100_patch\images\sentinel2_cems_0014.png,0.2,0.677914,utility_aware_20,0.0,15.1658,0.029221,0.242803,14.6925,0.2692
99.43,175.6932,0.301133,6.573453,datasets\sentinel2_100_patch\images\sentinel2_cems_0014.png,0.3,0.650493,utility_aware_30,0.0,16.058,0.053571,0.307562,18.7323,0.3785
99.33,148.1785,0.414531,6.583256,datasets\sentinel2_100_patch\images\sentinel2_cems_0014.png,0.4,0.629226,utility_aware_40,1.0,17.7404,0.165584,0.433624,56.9096,0.5268
99.24,130.8462,0.426253,6.653723,datasets\sentinel2_100_patch\images\sentinel2_cems_0014.png,0.5,0.618621,utility_aware_50,1.0,18.0254,0.150974,0.445476,57.4694,0.5578
99.15,117.1137,0.491576,6.68505,datasets\sentinel2_100_patch\images\sentinel2_cems_0014.png,0.6,0.610366,utility_aware_60,1.0,18.476,0.159091,0.497532,61.2046,0.5953
99.07,107.5715,0.686524,6.730204,datasets\sentinel2_100_patch\images\sentinel2_cems_0014.png,0.7,0.599808,utility_aware_70,1.0,20.7374,0.26461,0.717922,74.4655,0.689
99.0,99.9927,0.643506,7.048283,datasets\sentinel2_100_patch\images\sentinel2_cems_0014.png,0.8,0.596607,utility_aware_80,1.0,21.5983,0.280844,0.683718,72.223,0.7179
98.93,93.3731,0.767618,7.032023,datasets\sentinel2_100_patch\images\sentinel2_cems_0014.png,0.9,0.599554,utility_aware_90,1.0,22.6583,0.313312,0.784607,79.53,0.7461
98.92,92.2729,1.0,7.176801,datasets\sentinel2_100_patch\images\sentinel2_cems_0014.png,1.0,0.609655,utility_aware_100,1.0,27.8033,1.0,1.0,100.0,0.7954
99.75,401.5152,0.307614,7.14462,datasets\sentinel2_100_patch\images\sentinel2_cems_0015.png,0.1,0.704129,utility_aware_10,1.0,10.9166,0.110957,0.288761,49.1893,0.1419
99.63,269.7825,0.454103,6.924718,datasets\sentinel2_100_patch\images\sentinel2_cems_0015.png,0.2,0.666963,utility_aware_20,1.0,12.002,0.350902,0.442851,60.5302,0.2834
99.52,209.4862,0.549703,6.963925,datasets\sentinel2_100_patch\images\sentinel2_cems_0015.png,0.3,0.645325,utility_aware_30,1.0,13.0362,0.39251,0.541847,66.7501,0.405
99.43,174.3943,0.656027,7.010552,datasets\sentinel2_100_patch\images\sentinel2_cems_0015.png,0.4,0.632355,utility_aware_40,1.0,13.9038,0.533981,0.648953,74.5599,0.4993
99.34,150.646,0.752302,7.44186,datasets\sentinel2_100_patch\images\sentinel2_cems_0015.png,0.5,0.626728,utility_aware_50,1.0,14.7638,0.632455,0.745261,81.3218,0.576
99.26,134.5799,0.807556,6.997928,datasets\sentinel2_100_patch\images\sentinel2_cems_0015.png,0.6,0.622011,utility_aware_60,1.0,15.8201,0.592233,0.800847,84.2415,0.6506
99.18,121.8136,0.824823,7.028822,datasets\sentinel2_100_patch\images\sentinel2_cems_0015.png,0.7,0.619617,utility_aware_70,1.0,16.6692,0.563107,0.820041,85.0248,0.7013
99.12,113.116,0.935313,7.088578,datasets\sentinel2_100_patch\images\sentinel2_cems_0015.png,0.8,0.619015,utility_aware_80,1.0,18.0582,0.909847,0.927273,95.0565,0.7533
99.06,106.7375,1.0,7.099903,datasets\sentinel2_100_patch\images\sentinel2_cems_0015.png,0.9,0.621055,utility_aware_90,1.0,18.9099,1.0,1.0,100.0,0.7843
99.05,105.4059,1.0,7.044,datasets\sentinel2_100_patch\images\sentinel2_cems_0015.png,1.0,0.628601,utility_aware_100,1.0,19.548,1.0,1.0,100.0,0.8022
99.7,330.2938,0.467211,5.989272,datasets\sentinel2_100_patch\images\sentinel2_cems_0016.png,0.1,0.678277,utility_aware_10,0.6,16.5267,1.0,0.484907,56.3866,0.4113
99.55,220.5073,0.562698,6.42548,datasets\sentinel2_100_patch\images\sentinel2_cems_0016.png,0.2,0.624082,utility_aware_20,1.0,17.3887,1.0,0.583012,74.1682,0.4936
99.42,172.0103,0.620426,6.487128,datasets\sentinel2_100_patch\images\sentinel2_cems_0016.png,0.3,0.611367,utility_aware_30,1.0,18.0506,1.0,0.64684,77.7538,0.5492
99.32,146.6132,0.645766,6.504081,datasets\sentinel2_100_patch\images\sentinel2_cems_0016.png,0.4,0.59843,utility_aware_40,1.0,18.8705,1.0,0.677213,79.3749,0.6045
99.23,129.2692,0.674636,6.85324,datasets\sentinel2_100_patch\images\sentinel2_cems_0016.png,0.5,0.588047,utility_aware_50,1.0,20.5482,1.0,0.711825,81.222,0.6712
99.14,115.996,0.655431,6.641249,datasets\sentinel2_100_patch\images\sentinel2_cems_0016.png,0.6,0.585017,utility_aware_60,1.0,20.9899,1.0,0.690752,80.0323,0.6934
99.06,106.198,0.622875,7.065962,datasets\sentinel2_100_patch\images\sentinel2_cems_0016.png,0.7,0.580875,utility_aware_70,1.0,21.6737,1.0,0.656085,78.0367,0.7215
98.99,98.7534,0.594297,7.246977,datasets\sentinel2_100_patch\images\sentinel2_cems_0016.png,0.8,0.578768,utility_aware_80,1.0,21.9434,0.95,0.623485,75.7416,0.7358
98.93,93.6516,0.592881,7.329762,datasets\sentinel2_100_patch\images\sentinel2_cems_0016.png,0.9,0.579793,utility_aware_90,1.0,22.8874,0.7,0.614836,73.0119,0.7669
98.93,93.5579,0.851461,7.095676,datasets\sentinel2_100_patch\images\sentinel2_cems_0016.png,1.0,0.594431,utility_aware_100,1.0,26.7549,0.8,0.874539,89.5492,0.8099
99.75,396.2509,0.252436,6.44816,datasets\sentinel2_100_patch\images\sentinel2_cems_0017.png,0.1,0.682227,utility_aware_10,1.0,11.4195,0.05957,0.241717,45.5275,0.1694
99.63,267.6821,0.30334,6.883946,datasets\sentinel2_100_patch\images\sentinel2_cems_0017.png,0.2,0.638182,utility_aware_20,1.0,12.2839,0.083984,0.292472,48.8229,0.2811
99.52,207.219,0.413844,6.742548,datasets\sentinel2_100_patch\images\sentinel2_cems_0017.png,0.3,0.618797,utility_aware_30,1.0,13.0383,0.144531,0.398088,55.9608,0.3798
99.42,171.6692,0.506474,6.980388,datasets\sentinel2_100_patch\images\sentinel2_cems_0017.png,0.4,0.609593,utility_aware_40,1.0,13.9486,0.271484,0.505147,63.0767,0.4779
99.34,151.1666,0.571072,6.940518,datasets\sentinel2_100_patch\images\sentinel2_cems_0017.png,0.5,0.602785,utility_aware_50,1.0,14.9428,0.30957,0.571275,67.3641,0.5638
99.26,134.9118,0.643433,7.034235,datasets\sentinel2_100_patch\images\sentinel2_cems_0017.png,0.6,0.591912,utility_aware_60,1.0,15.8304,0.335938,0.624569,71.5881,0.6341
99.19,123.333,0.694646,6.87551,datasets\sentinel2_100_patch\images\sentinel2_cems_0017.png,0.7,0.589053,utility_aware_70,1.0,16.7478,0.334961,0.675071,74.6369,0.6966
99.12,113.8779,0.80877,6.960462,datasets\sentinel2_100_patch\images\sentinel2_cems_0017.png,0.8,0.58428,utility_aware_80,1.0,18.1942,0.570312,0.795995,83.9738,0.7603
99.07,107.1328,0.807836,7.020454,datasets\sentinel2_100_patch\images\sentinel2_cems_0017.png,0.9,0.579189,utility_aware_90,1.0,19.0617,0.524414,0.791636,83.3903,0.7957
99.05,105.7107,0.992423,7.008136,datasets\sentinel2_100_patch\images\sentinel2_cems_0017.png,1.0,0.57982,utility_aware_100,1.0,19.808,0.924805,0.974106,98.4271,0.8163
99.69,321.8599,0.033811,5.832087,datasets\sentinel2_100_patch\images\sentinel2_cems_0018.png,0.1,0.752604,utility_aware_10,0.083333,12.2936,0.068627,0.034475,5.2282,0.1606
99.54,217.7379,0.183148,5.990013,datasets\sentinel2_100_patch\images\sentinel2_cems_0018.png,0.2,0.701259,utility_aware_20,0.5,13.4148,0.509804,0.18209,31.0658,0.3039
99.41,168.204,0.318367,6.296914,datasets\sentinel2_100_patch\images\sentinel2_cems_0018.png,0.3,0.66127,utility_aware_30,0.583333,14.325,0.833333,0.318095,44.9299,0.4006
99.29,140.2748,0.56716,6.584014,datasets\sentinel2_100_patch\images\sentinel2_cems_0018.png,0.4,0.629595,utility_aware_40,0.75,15.4924,0.980392,0.563451,66.2593,0.5042
99.17,120.8162,0.838885,6.57264,datasets\sentinel2_100_patch\images\sentinel2_cems_0018.png,0.5,0.602613,utility_aware_50,0.916667,17.0433,1.0,0.832152,87.6985,0.6111
99.06,106.6514,0.924214,6.660371,datasets\sentinel2_100_patch\images\sentinel2_cems_0018.png,0.6,0.583267,utility_aware_60,0.916667,17.5311,1.0,0.921753,92.9036,0.6422
98.96,95.9067,1.0,6.655337,datasets\sentinel2_100_patch\images\sentinel2_cems_0018.png,0.7,0.566174,utility_aware_70,0.916667,19.047,1.0,1.0,97.5,0.7106
98.87,88.4814,1.0,6.978707,datasets\sentinel2_100_patch\images\sentinel2_cems_0018.png,0.8,0.550188,utility_aware_80,0.916667,20.8896,1.0,1.0,97.5,0.7716
98.8,83.0779,1.0,7.121666,datasets\sentinel2_100_patch\images\sentinel2_cems_0018.png,0.9,0.540851,utility_aware_90,0.916667,22.788,1.0,1.0,97.5,0.8123
98.78,82.0634,1.0,7.249679,datasets\sentinel2_100_patch\images\sentinel2_cems_0018.png,1.0,0.535096,utility_aware_100,0.75,25.1112,1.0,1.0,92.5,0.8466
99.74,380.5315,0.807338,6.871542,datasets\sentinel2_100_patch\images\sentinel2_cems_0019.png,0.1,0.803812,utility_aware_10,1.0,14.6532,0.166992,0.777188,79.5072,0.4198
99.61,254.5899,0.780133,6.68018,datasets\sentinel2_100_patch\images\sentinel2_cems_0019.png,0.2,0.79148,utility_aware_20,1.0,15.2242,0.09082,0.74999,77.1133,0.5237
99.5,198.9366,0.844981,6.938358,datasets\sentinel2_100_patch\images\sentinel2_cems_0019.png,0.3,0.776366,utility_aware_30,1.0,15.9709,0.09375,0.813577,81.0083,0.601
99.4,167.5289,0.761594,6.799361,datasets\sentinel2_100_patch\images\sentinel2_cems_0019.png,0.4,0.766068,utility_aware_40,1.0,16.5978,0.045898,0.736027,75.6433,0.6572
99.31,145.5095,0.773161,6.832531,datasets\sentinel2_100_patch\images\sentinel2_cems_0019.png,0.5,0.754511,utility_aware_50,1.0,17.0224,0.066406,0.756413,76.7187,0.6867
99.24,130.8628,0.677631,6.885508,datasets\sentinel2_100_patch\images\sentinel2_cems_0019.png,0.6,0.746076,utility_aware_60,1.0,17.5481,0.038086,0.665667,70.7994,0.7196
99.16,119.1589,0.605926,7.062214,datasets\sentinel2_100_patch\images\sentinel2_cems_0019.png,0.7,0.735408,utility_aware_70,1.0,17.9178,0.020508,0.613095,66.704,0.7411
99.1,110.913,0.576596,6.978345,datasets\sentinel2_100_patch\images\sentinel2_cems_0019.png,0.8,0.723903,utility_aware_80,1.0,18.322,0.026367,0.582827,64.984,0.7677
99.05,104.7464,0.658728,7.01246,datasets\sentinel2_100_patch\images\sentinel2_cems_0019.png,0.9,0.709992,utility_aware_90,1.0,18.7745,0.087891,0.662244,70.4729,0.7949
99.0,100.0988,0.745328,6.966187,datasets\sentinel2_100_patch\images\sentinel2_cems_0019.png,1.0,0.690179,utility_aware_100,1.0,19.5342,0.158203,0.739148,76.1781,0.8303
99.76,423.8677,0.23101,6.341148,datasets\sentinel2_100_patch\images\sentinel2_cems_0020.png,0.1,0.835703,utility_aware_10,1.0,10.8778,0.057617,0.223333,44.2833,0.1591
99.65,282.7775,0.372882,6.574111,datasets\sentinel2_100_patch\images\sentinel2_cems_0020.png,0.2,0.809929,utility_aware_20,1.0,12.0664,0.166992,0.369578,53.9768,0.3328
99.55,221.8475,0.423301,6.555125,datasets\sentinel2_100_patch\images\sentinel2_cems_0020.png,0.3,0.783356,utility_aware_30,1.0,13.2754,0.173828,0.422563,57.1216,0.4861
99.47,187.2291,0.497258,6.666542,datasets\sentinel2_100_patch\images\sentinel2_cems_0020.png,0.4,0.781407,utility_aware_40,1.0,14.3423,0.168945,0.497022,61.5202,0.5896
99.38,162.5684,0.544685,6.637684,datasets\sentinel2_100_patch\images\sentinel2_cems_0020.png,0.5,0.756244,utility_aware_50,1.0,15.293,0.143555,0.545146,64.1258,0.6608
99.31,145.2414,0.590382,6.731649,datasets\sentinel2_100_patch\images\sentinel2_cems_0020.png,0.6,0.733707,utility_aware_60,1.0,16.2128,0.135742,0.593548,66.8436,0.7121
99.24,131.4526,0.609104,6.831549,datasets\sentinel2_100_patch\images\sentinel2_cems_0020.png,0.7,0.717522,utility_aware_70,1.0,17.0938,0.112305,0.614672,67.7806,0.748
99.17,119.7924,0.705645,6.913505,datasets\sentinel2_100_patch\images\sentinel2_cems_0020.png,0.8,0.710539,utility_aware_80,1.0,17.9273,0.147461,0.712138,73.9432,0.7776
99.1,111.2721,0.71148,7.432594,datasets\sentinel2_100_patch\images\sentinel2_cems_0020.png,0.9,0.703952,utility_aware_90,1.0,18.4505,0.148438,0.723655,74.4167,0.7915
99.07,107.5756,0.747263,7.214649,datasets\sentinel2_100_patch\images\sentinel2_cems_0020.png,1.0,0.707721,utility_aware_100,1.0,18.6882,0.188477,0.75526,76.8805,0.7966
99.72,362.4059,0.176567,6.000101,datasets\sentinel2_100_patch\images\sentinel2_cems_0021.png,0.1,0.771013,utility_aware_10,0.5,14.0084,0.069444,0.179872,26.3546,0.2293
99.59,244.7663,0.262383,6.094233,datasets\sentinel2_100_patch\images\sentinel2_cems_0021.png,0.2,0.732903,utility_aware_20,1.0,14.7211,0.12963,0.271585,47.2233,0.3512
99.47,189.1335,0.331258,6.191831,datasets\sentinel2_100_patch\images\sentinel2_cems_0021.png,0.3,0.703205,utility_aware_30,1.0,15.6513,0.152778,0.347008,51.7182,0.4575
99.37,157.9889,0.415701,6.382525,datasets\sentinel2_100_patch\images\sentinel2_cems_0021.png,0.4,0.676835,utility_aware_40,1.0,16.6461,0.12963,0.434688,56.6181,0.5441
99.27,136.7333,0.730512,6.467692,datasets\sentinel2_100_patch\images\sentinel2_cems_0021.png,0.5,0.667732,utility_aware_50,1.0,18.3799,0.731481,0.761645,81.7682,0.6332
99.18,121.3149,0.675113,6.6129,datasets\sentinel2_100_patch\images\sentinel2_cems_0021.png,0.6,0.660409,utility_aware_60,1.0,19.399,0.601852,0.711432,77.2517,0.6733
99.09,109.9538,0.627434,6.604374,datasets\sentinel2_100_patch\images\sentinel2_cems_0021.png,0.7,0.653372,utility_aware_70,1.0,20.4097,0.49537,0.664478,73.3406,0.7003
99.01,100.9925,0.915609,6.696674,datasets\sentinel2_100_patch\images\sentinel2_cems_0021.png,0.8,0.648191,utility_aware_80,1.0,21.4752,0.851852,0.950104,94.145,0.7193
98.95,95.0738,0.964726,6.690818,datasets\sentinel2_100_patch\images\sentinel2_cems_0021.png,0.9,0.649192,utility_aware_90,1.0,23.2888,1.0,0.99363,98.4616,0.7472
98.93,93.3141,1.0,6.617021,datasets\sentinel2_100_patch\images\sentinel2_cems_0021.png,1.0,0.645348,utility_aware_100,1.0,25.5199,1.0,1.0,100.0,0.7782
99.75,405.4163,0.128109,6.60782,datasets\sentinel2_100_patch\images\sentinel2_cems_0022.png,0.1,0.831868,utility_aware_10,0.5,10.6877,0.018555,0.128967,22.8893,0.1999
99.64,274.9885,0.24864,6.61002,datasets\sentinel2_100_patch\images\sentinel2_cems_0022.png,0.2,0.768545,utility_aware_20,1.0,12.0834,0.044922,0.243833,45.2715,0.4143
99.53,210.9156,0.368018,7.02085,datasets\sentinel2_100_patch\images\sentinel2_cems_0022.png,0.3,0.737295,utility_aware_30,1.0,13.2313,0.091797,0.352711,52.6929,0.5548
99.43,174.961,0.4797,7.178118,datasets\sentinel2_100_patch\images\sentinel2_cems_0022.png,0.4,0.716736,utility_aware_40,1.0,14.452,0.166992,0.472048,60.2989,0.6592
99.33,149.1967,0.635676,7.10966,datasets\sentinel2_100_patch\images\sentinel2_cems_0022.png,0.5,0.705174,utility_aware_50,1.0,15.6507,0.226562,0.616035,70.0133,0.731
99.24,131.1896,0.655743,7.257977,datasets\sentinel2_100_patch\images\sentinel2_cems_0022.png,0.6,0.69675,utility_aware_60,1.0,17.0855,0.201172,0.633783,70.9171,0.7918
99.15,117.6848,0.638091,7.358117,datasets\sentinel2_100_patch\images\sentinel2_cems_0022.png,0.7,0.688857,utility_aware_70,1.0,18.3982,0.163086,0.640405,69.9626,0.832
99.08,109.2338,0.735995,7.10893,datasets\sentinel2_100_patch\images\sentinel2_cems_0022.png,0.8,0.682092,utility_aware_80,1.0,19.3094,0.205078,0.720059,75.8918,0.8554
99.03,102.9605,0.718012,7.015443,datasets\sentinel2_100_patch\images\sentinel2_cems_0022.png,0.9,0.678542,utility_aware_90,1.0,19.8897,0.171875,0.706572,74.5707,0.8677
98.99,99.2946,0.805536,6.992196,datasets\sentinel2_100_patch\images\sentinel2_cems_0022.png,1.0,0.676675,utility_aware_100,1.0,20.1487,0.271484,0.796376,80.8638,0.8724
99.74,383.0086,0.053662,5.750125,datasets\sentinel2_100_patch\images\sentinel2_cems_0023.png,0.1,0.823889,utility_aware_10,0.107143,9.6261,0.051447,0.052293,6.9211,0.1214
99.61,257.9976,0.206475,6.003131,datasets\sentinel2_100_patch\images\sentinel2_cems_0023.png,0.2,0.757674,utility_aware_20,0.428571,10.4023,0.247588,0.19762,27.5444,0.2426
99.49,197.6865,0.35048,6.394614,datasets\sentinel2_100_patch\images\sentinel2_cems_0023.png,0.3,0.726104,utility_aware_30,0.75,11.4649,0.376206,0.340401,47.0893,0.3728
99.39,164.2815,0.567442,6.498622,datasets\sentinel2_100_patch\images\sentinel2_cems_0023.png,0.4,0.700769,utility_aware_40,0.857143,12.6839,0.836013,0.549746,67.767,0.4948
99.29,140.6455,0.754927,6.661387,datasets\sentinel2_100_patch\images\sentinel2_cems_0023.png,0.5,0.675434,utility_aware_50,0.964286,14.1417,1.0,0.738487,83.8954,0.6014
99.2,124.7693,0.883617,6.687171,datasets\sentinel2_100_patch\images\sentinel2_cems_0023.png,0.6,0.658982,utility_aware_60,0.928571,15.3813,1.0,0.874862,90.699,0.675
99.11,112.1138,1.0,6.697435,datasets\sentinel2_100_patch\images\sentinel2_cems_0023.png,0.7,0.656963,utility_aware_70,0.892857,17.3369,1.0,1.0,96.7857,0.7553
99.02,102.3761,1.0,6.732045,datasets\sentinel2_100_patch\images\sentinel2_cems_0023.png,0.8,0.65006,utility_aware_80,0.964286,18.8596,1.0,1.0,98.9286,0.8021
98.94,94.7643,1.0,7.037537,datasets\sentinel2_100_patch\images\sentinel2_cems_0023.png,0.9,0.642861,utility_aware_90,1.0,19.9445,1.0,1.0,100.0,0.8274
98.91,91.8402,1.0,7.16203,datasets\sentinel2_100_patch\images\sentinel2_cems_0023.png,1.0,0.642863,utility_aware_100,0.964286,23.0011,1.0,1.0,98.9286,0.8671
99.74,383.6823,0.25998,6.645182,datasets\sentinel2_100_patch\images\sentinel2_cems_0024.png,0.1,0.806334,utility_aware_10,0.619048,10.2228,0.207349,0.268172,36.4075,0.2192
99.61,255.3775,0.463294,6.592431,datasets\sentinel2_100_patch\images\sentinel2_cems_0024.png,0.2,0.772887,utility_aware_20,1.0,11.5944,0.519685,0.481165,63.3519,0.3632
99.49,197.9812,0.643444,7.038318,datasets\sentinel2_100_patch\images\sentinel2_cems_0024.png,0.3,0.765816,utility_aware_30,1.0,12.4237,0.884514,0.661749,77.8179,0.4405
99.4,165.5928,0.847591,7.133475,datasets\sentinel2_100_patch\images\sentinel2_cems_0024.png,0.4,0.759723,utility_aware_40,1.0,13.6371,1.0,0.868464,91.2729,0.5264
99.3,143.1533,0.920386,6.923801,datasets\sentinel2_100_patch\images\sentinel2_cems_0024.png,0.5,0.755889,utility_aware_50,0.904762,14.578,1.0,0.95802,93.1187,0.5804
99.21,126.1838,0.997886,6.689484,datasets\sentinel2_100_patch\images\sentinel2_cems_0024.png,0.6,0.746641,utility_aware_60,0.761905,16.0101,1.0,1.0,92.7726,0.6433
99.12,114.0358,1.0,6.76236,datasets\sentinel2_100_patch\images\sentinel2_cems_0024.png,0.7,0.736587,utility_aware_70,0.714286,17.5545,1.0,1.0,91.4286,0.6986
99.05,104.9827,1.0,6.824361,datasets\sentinel2_100_patch\images\sentinel2_cems_0024.png,0.8,0.726667,utility_aware_80,0.761905,18.452,1.0,1.0,92.8571,0.7306
98.99,99.2022,1.0,7.20065,datasets\sentinel2_100_patch\images\sentinel2_cems_0024.png,0.9,0.72001,utility_aware_90,0.761905,20.4395,1.0,1.0,92.8571,0.7789
98.96,96.053,1.0,7.423514,datasets\sentinel2_100_patch\images\sentinel2_cems_0024.png,1.0,0.727148,utility_aware_100,0.761905,22.9866,1.0,1.0,92.8571,0.8146
99.77,430.6991,0.318131,6.508164,datasets\sentinel2_100_patch\images\sentinel2_cems_0025.png,0.1,0.796996,utility_aware_10,1.0,13.1963,0.214844,0.31681,51.2099,0.4218
99.66,292.8254,0.466833,6.521182,datasets\sentinel2_100_patch\images\sentinel2_cems_0025.png,0.2,0.764298,utility_aware_20,1.0,14.7561,0.355469,0.470399,61.636,0.5764
99.56,225.2839,0.511616,6.636881,datasets\sentinel2_100_patch\images\sentinel2_cems_0025.png,0.3,0.742507,utility_aware_30,1.0,15.769,0.350586,0.51395,64.2495,0.652
99.46,184.8483,0.616298,6.848838,datasets\sentinel2_100_patch\images\sentinel2_cems_0025.png,0.4,0.722724,utility_aware_40,1.0,16.6433,0.408203,0.623536,71.2047,0.7014
99.37,158.4829,0.636046,6.931408,datasets\sentinel2_100_patch\images\sentinel2_cems_0025.png,0.5,0.711691,utility_aware_50,1.0,17.3919,0.366211,0.64255,71.9549,0.7333
99.29,140.0146,0.636038,7.100524,datasets\sentinel2_100_patch\images\sentinel2_cems_0025.png,0.6,0.707476,utility_aware_60,1.0,17.8711,0.344727,0.643571,71.7602,0.7518
99.21,126.528,0.647531,7.047627,datasets\sentinel2_100_patch\images\sentinel2_cems_0025.png,0.7,0.698646,utility_aware_70,1.0,18.2404,0.353516,0.657583,72.5881,0.7663
99.15,117.4254,0.671009,7.338041,datasets\sentinel2_100_patch\images\sentinel2_cems_0025.png,0.8,0.693313,utility_aware_80,0.928571,18.5265,0.369141,0.680355,71.996,0.7788
99.1,110.9496,0.621194,7.101507,datasets\sentinel2_100_patch\images\sentinel2_cems_0025.png,0.9,0.691003,utility_aware_90,0.857143,18.8248,0.31543,0.632427,66.3649,0.7909
99.06,106.5007,0.731839,7.208192,datasets\sentinel2_100_patch\images\sentinel2_cems_0025.png,1.0,0.685434,utility_aware_100,0.928571,19.1264,0.439453,0.743725,76.3997,0.8035
99.75,397.3691,1.0,6.751936,datasets\sentinel2_100_patch\images\sentinel2_cems_0026.png,0.1,0.868849,utility_aware_10,1.0,9.6063,1.0,1.0,100.0,0.0926
99.63,268.4877,1.0,6.835301,datasets\sentinel2_100_patch\images\sentinel2_cems_0026.png,0.2,0.85665,utility_aware_20,1.0,9.8147,1.0,1.0,100.0,0.127
99.52,209.8109,1.0,6.897278,datasets\sentinel2_100_patch\images\sentinel2_cems_0026.png,0.3,0.858686,utility_aware_30,1.0,10.0484,1.0,1.0,100.0,0.1245
99.43,173.9463,1.0,6.977941,datasets\sentinel2_100_patch\images\sentinel2_cems_0026.png,0.4,0.855573,utility_aware_40,1.0,10.7634,1.0,1.0,100.0,0.1383
99.34,150.6869,1.0,6.946554,datasets\sentinel2_100_patch\images\sentinel2_cems_0026.png,0.5,0.856241,utility_aware_50,1.0,11.2656,1.0,1.0,100.0,0.1505
99.25,133.0673,1.0,7.065588,datasets\sentinel2_100_patch\images\sentinel2_cems_0026.png,0.6,0.847479,utility_aware_60,1.0,12.1378,1.0,1.0,100.0,0.1814
99.17,120.0541,1.0,6.868445,datasets\sentinel2_100_patch\images\sentinel2_cems_0026.png,0.7,0.833628,utility_aware_70,1.0,13.0179,1.0,1.0,100.0,0.2394
99.09,110.3001,1.0,6.822844,datasets\sentinel2_100_patch\images\sentinel2_cems_0026.png,0.8,0.808997,utility_aware_80,1.0,14.4187,1.0,1.0,100.0,0.3597
99.02,102.247,1.0,6.771047,datasets\sentinel2_100_patch\images\sentinel2_cems_0026.png,0.9,0.77483,utility_aware_90,1.0,16.2334,1.0,1.0,100.0,0.5112
98.98,97.6939,1.0,6.919302,datasets\sentinel2_100_patch\images\sentinel2_cems_0026.png,1.0,0.726508,utility_aware_100,1.0,22.0417,1.0,1.0,100.0,0.8121
99.77,441.8951,0.967327,6.345134,datasets\sentinel2_100_patch\images\sentinel2_cems_0027.png,0.1,0.853168,utility_aware_10,1.0,12.3598,0.555664,0.938177,93.0133,0.3756
99.67,302.0272,1.0,6.523258,datasets\sentinel2_100_patch\images\sentinel2_cems_0027.png,0.2,0.843828,utility_aware_20,1.0,12.8101,0.804688,0.997294,97.9928,0.503
99.57,230.0185,1.0,6.744778,datasets\sentinel2_100_patch\images\sentinel2_cems_0027.png,0.3,0.83089,utility_aware_30,1.0,13.2556,1.0,1.0,100.0,0.5821
99.47,189.4815,1.0,6.733473,datasets\sentinel2_100_patch\images\sentinel2_cems_0027.png,0.4,0.818296,utility_aware_40,1.0,13.6747,1.0,1.0,100.0,0.6405
99.38,162.3768,1.0,6.791001,datasets\sentinel2_100_patch\images\sentinel2_cems_0027.png,0.5,0.806701,utility_aware_50,1.0,14.3444,1.0,1.0,100.0,0.6897
99.3,143.4576,1.0,7.037656,datasets\sentinel2_100_patch\images\sentinel2_cems_0027.png,0.6,0.795677,utility_aware_60,1.0,15.2588,0.901367,1.0,99.0137,0.7253
99.23,129.0845,0.998765,7.14125,datasets\sentinel2_100_patch\images\sentinel2_cems_0027.png,0.7,0.77138,utility_aware_70,1.0,15.9256,0.841797,1.0,98.3686,0.7397
99.14,116.9473,0.987123,7.407408,datasets\sentinel2_100_patch\images\sentinel2_cems_0027.png,0.8,0.747552,utility_aware_80,1.0,16.9157,1.0,1.0,99.4849,0.7529
99.08,108.3568,0.861061,6.953806,datasets\sentinel2_100_patch\images\sentinel2_cems_0027.png,0.9,0.720379,utility_aware_90,1.0,17.8375,0.666992,0.877778,88.6679,0.7772
99.05,105.6025,0.851017,6.995302,datasets\sentinel2_100_patch\images\sentinel2_cems_0027.png,1.0,0.718249,utility_aware_100,1.0,18.7572,0.606445,0.854149,87.1881,0.8166
99.77,425.6854,0.139365,6.457459,datasets\sentinel2_100_patch\images\sentinel2_cems_0028.png,0.1,0.733593,utility_aware_10,1.0,10.9801,0.015625,0.142067,38.5722,0.2301
99.65,287.3826,0.250061,6.740189,datasets\sentinel2_100_patch\images\sentinel2_cems_0028.png,0.2,0.707234,utility_aware_20,1.0,11.9615,0.038086,0.25221,45.4275,0.3779
99.55,224.6196,0.326622,6.7468,datasets\sentinel2_100_patch\images\sentinel2_cems_0028.png,0.3,0.699678,utility_aware_30,1.0,12.9849,0.042969,0.330137,50.0973,0.4998
99.46,186.2616,0.383058,6.821867,datasets\sentinel2_100_patch\images\sentinel2_cems_0028.png,0.4,0.691331,utility_aware_40,1.0,13.9084,0.030273,0.387377,53.3726,0.5855
99.38,160.258,0.498673,7.009894,datasets\sentinel2_100_patch\images\sentinel2_cems_0028.png,0.5,0.682687,utility_aware_50,1.0,14.916,0.092773,0.503779,60.9502,0.6539
99.3,141.928,0.496983,6.898597,datasets\sentinel2_100_patch\images\sentinel2_cems_0028.png,0.6,0.677862,utility_aware_60,1.0,15.8369,0.041992,0.50994,60.498,0.7043
99.22,128.9413,0.575193,7.028042,datasets\sentinel2_100_patch\images\sentinel2_cems_0028.png,0.7,0.673339,utility_aware_70,1.0,16.7443,0.110352,0.588029,65.8718,0.7444
99.17,120.0053,0.630744,7.13819,datasets\sentinel2_100_patch\images\sentinel2_cems_0028.png,0.8,0.668527,utility_aware_80,1.0,17.6683,0.142578,0.633785,69.3312,0.7763
99.12,113.3692,0.581499,7.128315,datasets\sentinel2_100_patch\images\sentinel2_cems_0028.png,0.9,0.673906,utility_aware_90,1.0,18.2049,0.079102,0.600138,66.0537,0.7891
99.1,111.3914,0.644,7.171474,datasets\sentinel2_100_patch\images\sentinel2_cems_0028.png,1.0,0.694708,utility_aware_100,1.0,18.5337,0.12793,0.667323,70.3858,0.7843
99.73,377.1732,0.038784,6.041944,datasets\sentinel2_100_patch\images\sentinel2_cems_0029.png,0.1,0.775644,utility_aware_10,0.08,11.9202,0.079498,0.039534,5.537,0.2444
99.61,255.5891,0.093491,6.107959,datasets\sentinel2_100_patch\images\sentinel2_cems_0029.png,0.2,0.743663,utility_aware_20,0.36,12.2072,0.209205,0.095722,18.5461,0.3093
99.5,200.0908,0.1868,6.172448,datasets\sentinel2_100_patch\images\sentinel2_cems_0029.png,0.3,0.728001,utility_aware_30,0.64,12.7804,0.372385,0.186097,34.1178,0.3809
99.4,166.4804,0.332069,6.299367,datasets\sentinel2_100_patch\images\sentinel2_cems_0029.png,0.4,0.715352,utility_aware_40,1.0,13.3417,0.728033,0.329828,57.1597,0.4391
99.3,143.8397,0.521024,6.390713,datasets\sentinel2_100_patch\images\sentinel2_cems_0029.png,0.5,0.705259,utility_aware_50,1.0,14.2622,1.0,0.517596,71.1929,0.5048
99.22,127.4988,0.728368,6.436927,datasets\sentinel2_100_patch\images\sentinel2_cems_0029.png,0.6,0.694262,utility_aware_60,1.0,15.4364,1.0,0.720698,83.5487,0.5769
99.13,115.4999,0.931741,6.543924,datasets\sentinel2_100_patch\images\sentinel2_cems_0029.png,0.7,0.690536,utility_aware_70,1.0,16.6982,1.0,0.925119,95.772,0.6354
99.06,106.2572,1.0,6.710635,datasets\sentinel2_100_patch\images\sentinel2_cems_0029.png,0.8,0.678015,utility_aware_80,1.0,18.7151,1.0,1.0,100.0,0.7053
98.98,98.104,1.0,6.840915,datasets\sentinel2_100_patch\images\sentinel2_cems_0029.png,0.9,0.675653,utility_aware_90,1.0,20.5795,1.0,1.0,100.0,0.7585
98.94,94.6334,1.0,6.87601,datasets\sentinel2_100_patch\images\sentinel2_cems_0029.png,1.0,0.684808,utility_aware_100,1.0,22.557,1.0,1.0,100.0,0.7877
99.74,377.4874,0.338738,6.063548,datasets\sentinel2_100_patch\images\sentinel2_cems_0030.png,0.1,0.799872,utility_aware_10,0.5,10.27,0.304762,0.335543,38.308,0.1882
99.6,250.9583,0.532212,6.315973,datasets\sentinel2_100_patch\images\sentinel2_cems_0030.png,0.2,0.774103,utility_aware_20,1.0,11.3875,0.504762,0.532965,66.9954,0.3318
99.49,195.4213,0.659374,6.431058,datasets\sentinel2_100_patch\images\sentinel2_cems_0030.png,0.3,0.761272,utility_aware_30,1.0,12.4761,0.822222,0.663575,77.8687,0.4522
99.39,162.9982,0.732308,6.53794,datasets\sentinel2_100_patch\images\sentinel2_cems_0030.png,0.4,0.755934,utility_aware_40,0.892857,13.378,1.0,0.748198,81.042,0.5299
99.29,141.115,0.90611,6.725863,datasets\sentinel2_100_patch\images\sentinel2_cems_0030.png,0.5,0.746076,utility_aware_50,0.821429,13.984,1.0,0.914942,89.1861,0.5752
99.2,124.4407,0.994137,6.695984,datasets\sentinel2_100_patch\images\sentinel2_cems_0030.png,0.6,0.736706,utility_aware_60,0.821429,14.9972,1.0,1.0,94.4083,0.6311
99.11,112.9391,1.0,6.756442,datasets\sentinel2_100_patch\images\sentinel2_cems_0030.png,0.7,0.730709,utility_aware_70,1.0,15.9526,1.0,1.0,100.0,0.6766
99.04,103.8797,1.0,6.8512,datasets\sentinel2_100_patch\images\sentinel2_cems_0030.png,0.8,0.714238,utility_aware_80,0.928571,16.8502,1.0,1.0,97.8571,0.7097
98.97,96.8887,1.0,6.791844,datasets\sentinel2_100_patch\images\sentinel2_cems_0030.png,0.9,0.696674,utility_aware_90,0.892857,18.1288,1.0,1.0,96.7857,0.751
98.93,93.0898,1.0,6.87536,datasets\sentinel2_100_patch\images\sentinel2_cems_0030.png,1.0,0.688993,utility_aware_100,0.892857,23.2992,1.0,1.0,96.7857,0.8455
99.76,416.0393,0.248474,6.380851,datasets\sentinel2_100_patch\images\sentinel2_cems_0031.png,0.1,0.755182,utility_aware_10,0.7,11.8327,0.202629,0.249557,37.9564,0.298
99.64,280.7083,0.376554,6.60889,datasets\sentinel2_100_patch\images\sentinel2_cems_0031.png,0.2,0.733787,utility_aware_20,0.766667,13.5382,0.393209,0.378895,49.5722,0.5193
99.54,219.1704,0.471234,6.60369,datasets\sentinel2_100_patch\images\sentinel2_cems_0031.png,0.3,0.709473,utility_aware_30,0.8,14.8236,0.481928,0.473569,57.14,0.6432
99.45,180.9695,0.57337,6.636107,datasets\sentinel2_100_patch\images\sentinel2_cems_0031.png,0.4,0.70077,utility_aware_40,0.866667,15.904,0.677985,0.572341,67.1615,0.7176
99.36,156.7573,0.650643,6.901689,datasets\sentinel2_100_patch\images\sentinel2_cems_0031.png,0.5,0.690506,utility_aware_50,0.866667,16.7409,0.768894,0.659214,72.8989,0.7599
99.27,137.7134,0.746041,7.059724,datasets\sentinel2_100_patch\images\sentinel2_cems_0031.png,0.6,0.684591,utility_aware_60,0.933333,17.4977,0.841183,0.754984,81.3532,0.7891
99.2,125.0224,0.762933,7.258251,datasets\sentinel2_100_patch\images\sentinel2_cems_0031.png,0.7,0.674205,utility_aware_70,0.866667,18.1661,0.798467,0.771124,79.9245,0.8115
99.14,115.928,0.872618,7.488226,datasets\sentinel2_100_patch\images\sentinel2_cems_0031.png,0.8,0.672954,utility_aware_80,0.866667,18.86,0.958379,0.88567,88.2019,0.8285
99.09,110.0122,0.85601,7.285053,datasets\sentinel2_100_patch\images\sentinel2_cems_0031.png,0.9,0.673864,utility_aware_90,0.766667,19.2812,0.860898,0.871481,83.279,0.837
99.07,108.008,0.845278,7.139318,datasets\sentinel2_100_patch\images\sentinel2_cems_0031.png,1.0,0.685352,utility_aware_100,0.766667,19.6438,0.757941,0.866063,81.7118,0.8399
99.77,426.4907,0.188037,6.346573,datasets\sentinel2_100_patch\images\sentinel2_cems_0032.png,0.1,0.770671,utility_aware_10,1.0,10.5654,0.133789,0.188503,42.6294,0.2709
99.65,286.7783,0.299245,6.548087,datasets\sentinel2_100_patch\images\sentinel2_cems_0032.png,0.2,0.731819,utility_aware_20,1.0,11.7598,0.149414,0.289531,49.2546,0.4394
99.56,224.8566,0.384923,6.786673,datasets\sentinel2_100_patch\images\sentinel2_cems_0032.png,0.3,0.708183,utility_aware_30,1.0,13.004,0.145508,0.373172,54.3154,0.5656
99.46,184.1307,0.50515,7.068415,datasets\sentinel2_100_patch\images\sentinel2_cems_0032.png,0.4,0.700552,utility_aware_40,1.0,14.0988,0.246094,0.499812,62.6632,0.6509
99.37,158.7889,0.574135,6.831896,datasets\sentinel2_100_patch\images\sentinel2_cems_0032.png,0.5,0.69769,utility_aware_50,1.0,15.3098,0.272461,0.569679,67.0836,0.7191
99.29,140.397,0.621211,6.975325,datasets\sentinel2_100_patch\images\sentinel2_cems_0032.png,0.6,0.696356,utility_aware_60,1.0,16.4149,0.272461,0.617794,69.9289,0.7666
99.21,127.1863,0.732787,6.983368,datasets\sentinel2_100_patch\images\sentinel2_cems_0032.png,0.7,0.69349,utility_aware_70,1.0,17.5877,0.421875,0.739511,78.3204,0.8062
99.15,117.1577,0.790004,7.067907,datasets\sentinel2_100_patch\images\sentinel2_cems_0032.png,0.8,0.687659,utility_aware_80,1.0,18.5172,0.491211,0.798813,82.4885,0.8295
99.09,109.7897,0.776198,7.137584,datasets\sentinel2_100_patch\images\sentinel2_cems_0032.png,0.9,0.68569,utility_aware_90,1.0,19.0706,0.413086,0.777605,80.7309,0.8405
99.06,106.6037,0.77483,7.108337,datasets\sentinel2_100_patch\images\sentinel2_cems_0032.png,1.0,0.703514,utility_aware_100,1.0,19.5345,0.319336,0.786157,79.9097,0.8448
99.73,374.7648,0.210207,6.074914,datasets\sentinel2_100_patch\images\sentinel2_cems_0033.png,0.1,0.787951,utility_aware_10,0.666667,9.8581,0.146919,0.201822,33.9139,0.1302
99.6,251.6579,0.361559,6.212552,datasets\sentinel2_100_patch\images\sentinel2_cems_0033.png,0.2,0.745905,utility_aware_20,1.0,11.0274,0.334123,0.357768,54.9589,0.2708
99.48,194.1569,0.48553,6.626552,datasets\sentinel2_100_patch\images\sentinel2_cems_0033.png,0.3,0.7322,utility_aware_30,1.0,12.159,0.514218,0.487901,64.3214,0.386
99.38,161.7097,0.60936,6.60919,datasets\sentinel2_100_patch\images\sentinel2_cems_0033.png,0.4,0.727969,utility_aware_40,1.0,13.162,0.684834,0.6163,73.5487,0.4719
99.29,140.2554,0.696731,6.693423,datasets\sentinel2_100_patch\images\sentinel2_cems_0033.png,0.5,0.723285,utility_aware_50,1.0,13.9661,0.947867,0.708756,81.523,0.5327
99.19,123.5991,0.781182,7.103967,datasets\sentinel2_100_patch\images\sentinel2_cems_0033.png,0.6,0.714731,utility_aware_60,1.0,15.0356,1.0,0.795821,87.1637,0.5986
99.1,111.6503,0.835071,6.635777,datasets\sentinel2_100_patch\images\sentinel2_cems_0033.png,0.7,0.711963,utility_aware_70,1.0,16.2923,1.0,0.850192,90.4067,0.6643
99.03,103.1179,0.87103,6.90732,datasets\sentinel2_100_patch\images\sentinel2_cems_0033.png,0.8,0.712416,utility_aware_80,1.0,17.2707,1.0,0.887605,92.5933,0.7076
98.96,96.4681,0.960596,6.782726,datasets\sentinel2_100_patch\images\sentinel2_cems_0033.png,0.9,0.698456,utility_aware_90,1.0,19.8518,1.0,0.982602,98.0759,0.7817
98.92,92.8649,1.0,6.808872,datasets\sentinel2_100_patch\images\sentinel2_cems_0033.png,1.0,0.696966,utility_aware_100,1.0,24.08,1.0,1.0,100.0,0.8396
99.75,393.2264,1.0,6.401098,datasets\sentinel2_100_patch\images\sentinel2_cems_0034.png,0.1,0.904662,utility_aware_10,1.0,10.2573,1.0,1.0,100.0,0.1365
99.62,263.5453,1.0,6.725,datasets\sentinel2_100_patch\images\sentinel2_cems_0034.png,0.2,0.875164,utility_aware_20,1.0,10.5587,1.0,1.0,100.0,0.1672
99.51,203.2768,1.0,6.886647,datasets\sentinel2_100_patch\images\sentinel2_cems_0034.png,0.3,0.872771,utility_aware_30,1.0,10.9363,1.0,1.0,100.0,0.1988
99.41,169.8316,1.0,6.9238,datasets\sentinel2_100_patch\images\sentinel2_cems_0034.png,0.4,0.878676,utility_aware_40,1.0,11.3463,1.0,1.0,100.0,0.2067
99.32,146.6251,1.0,6.928887,datasets\sentinel2_100_patch\images\sentinel2_cems_0034.png,0.5,0.879443,utility_aware_50,1.0,11.9185,1.0,1.0,100.0,0.224
99.23,129.9099,1.0,6.883742,datasets\sentinel2_100_patch\images\sentinel2_cems_0034.png,0.6,0.870841,utility_aware_60,1.0,12.6175,1.0,1.0,100.0,0.2367
99.15,117.2638,1.0,7.270358,datasets\sentinel2_100_patch\images\sentinel2_cems_0034.png,0.7,0.863479,utility_aware_70,1.0,13.5232,1.0,1.0,100.0,0.2771
99.07,107.6895,1.0,6.776554,datasets\sentinel2_100_patch\images\sentinel2_cems_0034.png,0.8,0.840292,utility_aware_80,1.0,14.7437,1.0,1.0,100.0,0.354
99.01,100.8648,1.0,6.728971,datasets\sentinel2_100_patch\images\sentinel2_cems_0034.png,0.9,0.801836,utility_aware_90,1.0,16.6913,1.0,1.0,100.0,0.5028
98.97,97.1004,1.0,6.866864,datasets\sentinel2_100_patch\images\sentinel2_cems_0034.png,1.0,0.762645,utility_aware_100,1.0,22.4692,1.0,1.0,100.0,0.8094
99.77,437.5329,1.0,6.344548,datasets\sentinel2_100_patch\images\sentinel2_cems_0035.png,0.1,0.886807,utility_aware_10,0.857143,12.7563,0.783203,1.0,93.5463,0.3603
99.66,291.337,1.0,6.601083,datasets\sentinel2_100_patch\images\sentinel2_cems_0035.png,0.2,0.86768,utility_aware_20,1.0,13.7051,1.0,1.0,100.0,0.4942
99.55,224.2884,1.0,6.558238,datasets\sentinel2_100_patch\images\sentinel2_cems_0035.png,0.3,0.865608,utility_aware_30,1.0,14.2061,1.0,1.0,100.0,0.5704
99.46,185.1771,1.0,7.228224,datasets\sentinel2_100_patch\images\sentinel2_cems_0035.png,0.4,0.86215,utility_aware_40,1.0,14.77,1.0,1.0,100.0,0.6209
99.37,158.9669,1.0,6.75222,datasets\sentinel2_100_patch\images\sentinel2_cems_0035.png,0.5,0.843361,utility_aware_50,1.0,15.2967,1.0,1.0,100.0,0.6619
99.29,141.0112,1.0,7.016916,datasets\sentinel2_100_patch\images\sentinel2_cems_0035.png,0.6,0.825333,utility_aware_60,1.0,15.8893,1.0,1.0,100.0,0.6898
99.21,126.9397,1.0,7.163115,datasets\sentinel2_100_patch\images\sentinel2_cems_0035.png,0.7,0.796423,utility_aware_70,1.0,16.5928,1.0,1.0,100.0,0.7191
99.14,116.5348,1.0,7.264259,datasets\sentinel2_100_patch\images\sentinel2_cems_0035.png,0.8,0.768052,utility_aware_80,1.0,17.4322,1.0,1.0,100.0,0.74
99.08,108.5189,0.950405,7.00683,datasets\sentinel2_100_patch\images\sentinel2_cems_0035.png,0.9,0.737086,utility_aware_90,1.0,18.0925,1.0,0.954212,97.1004,0.7602
99.04,104.6291,0.920946,6.92214,datasets\sentinel2_100_patch\images\sentinel2_cems_0035.png,1.0,0.729661,utility_aware_100,1.0,19.1272,0.820312,0.928601,93.613,0.8085
99.77,435.4015,0.219208,6.3079,datasets\sentinel2_100_patch\images\sentinel2_cems_0036.png,0.1,0.804824,utility_aware_10,1.0,11.0292,0.106445,0.220482,44.2424,0.2868
99.66,291.775,0.359022,6.492374,datasets\sentinel2_100_patch\images\sentinel2_cems_0036.png,0.2,0.76766,utility_aware_20,1.0,12.2654,0.200195,0.360477,53.5724,0.4671
99.55,223.8122,0.400675,6.409551,datasets\sentinel2_100_patch\images\sentinel2_cems_0036.png,0.3,0.740421,utility_aware_30,1.0,13.5865,0.204102,0.397548,56.019,0.6136
99.46,184.8853,0.474086,6.609842,datasets\sentinel2_100_patch\images\sentinel2_cems_0036.png,0.4,0.708436,utility_aware_40,1.0,14.9776,0.199219,0.467225,60.3001,0.7165
99.37,159.4511,0.514429,6.714328,datasets\sentinel2_100_patch\images\sentinel2_cems_0036.png,0.5,0.696489,utility_aware_50,1.0,16.3603,0.182617,0.510996,62.6232,0.7861
99.29,140.7369,0.520751,6.807819,datasets\sentinel2_100_patch\images\sentinel2_cems_0036.png,0.6,0.681746,utility_aware_60,1.0,17.5002,0.155273,0.534314,63.069,0.8252
99.22,128.3658,0.618846,7.06448,datasets\sentinel2_100_patch\images\sentinel2_cems_0036.png,0.7,0.677324,utility_aware_70,1.0,18.1834,0.212891,0.635662,69.596,0.8429
99.15,118.0883,0.698406,6.85695,datasets\sentinel2_100_patch\images\sentinel2_cems_0036.png,0.8,0.664792,utility_aware_80,1.0,19.0265,0.279297,0.692919,74.5876,0.8603
99.1,111.4621,0.689112,6.962214,datasets\sentinel2_100_patch\images\sentinel2_cems_0036.png,0.9,0.660256,utility_aware_90,1.0,19.5002,0.251953,0.686291,73.8098,0.8691
99.08,108.9911,0.734309,7.274628,datasets\sentinel2_100_patch\images\sentinel2_cems_0036.png,1.0,0.678319,utility_aware_100,1.0,19.8352,0.242188,0.742352,76.6413,0.8714
99.73,371.649,0.026649,5.968151,datasets\sentinel2_100_patch\images\sentinel2_cems_0037.png,0.1,0.820602,utility_aware_10,0.08,11.3169,0.015625,0.029012,4.2025,0.2172
99.61,254.5997,0.100249,6.021794,datasets\sentinel2_100_patch\images\sentinel2_cems_0037.png,0.2,0.781127,utility_aware_20,0.32,11.7385,0.148438,0.101533,17.125,0.3144
99.49,196.6519,0.211277,6.150167,datasets\sentinel2_100_patch\images\sentinel2_cems_0037.png,0.3,0.749582,utility_aware_30,0.68,12.4321,0.333333,0.210763,36.3997,0.4095
99.39,163.6382,0.382958,6.2244,datasets\sentinel2_100_patch\images\sentinel2_cems_0037.png,0.4,0.733747,utility_aware_40,0.88,13.4484,0.601562,0.37877,55.3094,0.5132
99.29,141.5852,0.601748,6.447986,datasets\sentinel2_100_patch\images\sentinel2_cems_0037.png,0.5,0.711842,utility_aware_50,0.92,14.7424,1.0,0.59371,73.5441,0.6119
99.2,124.7415,0.839191,6.307562,datasets\sentinel2_100_patch\images\sentinel2_cems_0037.png,0.6,0.704175,utility_aware_60,0.92,16.409,1.0,0.827561,87.7189,0.6998
99.12,113.2088,1.0,6.430559,datasets\sentinel2_100_patch\images\sentinel2_cems_0037.png,0.7,0.688013,utility_aware_70,0.96,18.0684,1.0,0.992359,98.6472,0.7627
99.03,103.2122,1.0,6.529793,datasets\sentinel2_100_patch\images\sentinel2_cems_0037.png,0.8,0.680329,utility_aware_80,0.88,19.2118,1.0,1.0,96.4,0.7968
98.95,95.0882,1.0,6.907816,datasets\sentinel2_100_patch\images\sentinel2_cems_0037.png,0.9,0.677564,utility_aware_90,0.92,20.9044,1.0,1.0,97.6,0.8344
98.92,92.4035,1.0,6.892823,datasets\sentinel2_100_patch\images\sentinel2_cems_0037.png,1.0,0.685985,utility_aware_100,0.92,22.8275,1.0,1.0,97.6,0.8611
99.74,378.3571,0.391628,6.201299,datasets\sentinel2_100_patch\images\sentinel2_cems_0038.png,0.1,0.80034,utility_aware_10,0.69697,10.5375,0.329596,0.38719,47.614,0.362
99.6,252.5265,0.557646,6.539235,datasets\sentinel2_100_patch\images\sentinel2_cems_0038.png,0.2,0.770146,utility_aware_20,0.606061,11.7001,0.571749,0.554673,57.2986,0.4882
99.5,198.498,0.683799,6.59932,datasets\sentinel2_100_patch\images\sentinel2_cems_0038.png,0.3,0.757907,utility_aware_30,0.727273,12.676,0.800448,0.680851,70.7916,0.5703
99.39,163.7079,0.991721,6.518327,datasets\sentinel2_100_patch\images\sentinel2_cems_0038.png,0.4,0.749971,utility_aware_40,0.454545,13.9736,1.0,0.994507,83.1953,0.6456
99.29,141.5081,1.0,6.810221,datasets\sentinel2_100_patch\images\sentinel2_cems_0038.png,0.5,0.740828,utility_aware_50,0.484848,15.0642,1.0,1.0,84.5455,0.6968
99.2,124.6664,1.0,7.019497,datasets\sentinel2_100_patch\images\sentinel2_cems_0038.png,0.6,0.730411,utility_aware_60,0.484848,16.503,1.0,1.0,84.5455,0.7532
99.11,112.7728,1.0,7.138124,datasets\sentinel2_100_patch\images\sentinel2_cems_0038.png,0.7,0.712857,utility_aware_70,0.363636,17.3181,1.0,1.0,80.9091,0.7806
99.03,103.2784,1.0,7.307062,datasets\sentinel2_100_patch\images\sentinel2_cems_0038.png,0.8,0.701225,utility_aware_80,0.333333,18.1602,1.0,1.0,80.0,0.8055
98.97,97.0163,1.0,7.10331,datasets\sentinel2_100_patch\images\sentinel2_cems_0038.png,0.9,0.690356,utility_aware_90,0.424242,19.5147,1.0,1.0,82.7273,0.8369
98.92,93.0115,1.0,7.034476,datasets\sentinel2_100_patch\images\sentinel2_cems_0038.png,1.0,0.671946,utility_aware_100,0.575758,22.1056,1.0,1.0,87.2727,0.8798
99.76,411.3881,0.291046,6.419082,datasets\sentinel2_100_patch\images\sentinel2_cems_0039.png,0.1,0.752726,utility_aware_10,0.75,11.8282,0.34773,0.291975,43.4586,0.3503
99.64,278.1692,0.452434,6.391866,datasets\sentinel2_100_patch\images\sentinel2_cems_0039.png,0.2,0.716539,utility_aware_20,0.678571,13.2864,0.609081,0.453088,53.6071,0.5456
99.54,216.1217,0.580051,6.505012,datasets\sentinel2_100_patch\images\sentinel2_cems_0039.png,0.3,0.68988,utility_aware_30,0.642857,14.4743,0.710963,0.578675,61.1709,0.6598
99.43,175.6277,0.67524,6.64219,datasets\sentinel2_100_patch\images\sentinel2_cems_0039.png,0.4,0.673955,utility_aware_40,0.714286,15.6913,0.817276,0.674015,70.0912,0.7403
99.34,151.5755,0.786535,6.810783,datasets\sentinel2_100_patch\images\sentinel2_cems_0039.png,0.5,0.660337,utility_aware_50,0.785714,16.8451,0.951274,0.791405,80.3737,0.7964
99.25,133.225,0.919264,7.461685,datasets\sentinel2_100_patch\images\sentinel2_cems_0039.png,0.6,0.654424,utility_aware_60,0.785714,18.0311,1.0,0.903755,88.4171,0.8377
99.17,120.1528,0.949549,6.975508,datasets\sentinel2_100_patch\images\sentinel2_cems_0039.png,0.7,0.646844,utility_aware_70,0.75,18.9477,1.0,0.946383,89.4096,0.8625
99.1,110.9352,0.992855,6.845025,datasets\sentinel2_100_patch\images\sentinel2_cems_0039.png,0.8,0.637905,utility_aware_80,0.785714,19.5777,1.0,0.995344,93.1925,0.8758
99.05,104.9475,0.987315,7.265123,datasets\sentinel2_100_patch\images\sentinel2_cems_0039.png,0.9,0.631829,utility_aware_90,0.75,20.0904,1.0,0.981305,91.6187,0.8846
99.03,103.253,1.0,7.398233,datasets\sentinel2_100_patch\images\sentinel2_cems_0039.png,1.0,0.645067,utility_aware_100,0.821429,20.4846,1.0,1.0,94.6429,0.889
99.76,422.1535,1.0,6.883148,datasets\sentinel2_100_patch\images\sentinel2_cems_0040.png,0.1,0.83812,utility_aware_10,0.928571,12.3645,1.0,1.0,97.8571,0.2851
99.64,275.517,1.0,6.863178,datasets\sentinel2_100_patch\images\sentinel2_cems_0040.png,0.2,0.824814,utility_aware_20,1.0,12.5463,1.0,1.0,100.0,0.3606
99.53,212.5388,1.0,6.907046,datasets\sentinel2_100_patch\images\sentinel2_cems_0040.png,0.3,0.814961,utility_aware_30,1.0,12.7689,1.0,1.0,100.0,0.3994
99.43,175.1785,1.0,6.915496,datasets\sentinel2_100_patch\images\sentinel2_cems_0040.png,0.4,0.815996,utility_aware_40,1.0,13.0799,1.0,1.0,100.0,0.4204
99.33,149.8314,1.0,6.962084,datasets\sentinel2_100_patch\images\sentinel2_cems_0040.png,0.5,0.80362,utility_aware_50,0.857143,13.4897,1.0,1.0,95.7143,0.4422
99.25,132.6494,1.0,6.960218,datasets\sentinel2_100_patch\images\sentinel2_cems_0040.png,0.6,0.80679,utility_aware_60,0.678571,13.9596,1.0,1.0,90.3571,0.466
99.16,119.3681,1.0,6.928824,datasets\sentinel2_100_patch\images\sentinel2_cems_0040.png,0.7,0.80169,utility_aware_70,0.821429,14.6205,1.0,1.0,94.6429,0.5017
99.09,109.3592,1.0,6.852252,datasets\sentinel2_100_patch\images\sentinel2_cems_0040.png,0.8,0.779601,utility_aware_80,1.0,15.6396,1.0,1.0,100.0,0.5604
99.02,102.0826,1.0,6.77398,datasets\sentinel2_100_patch\images\sentinel2_cems_0040.png,0.9,0.755295,utility_aware_90,1.0,17.2627,1.0,1.0,100.0,0.6492
98.98,98.2961,1.0,6.880692,datasets\sentinel2_100_patch\images\sentinel2_cems_0040.png,1.0,0.703655,utility_aware_100,0.785714,21.2718,1.0,1.0,93.5714,0.8182
99.77,439.5614,0.357832,6.395246,datasets\sentinel2_100_patch\images\sentinel2_cems_0041.png,0.1,0.739338,utility_aware_10,1.0,11.9316,0.326172,0.358208,54.7392,0.3916
99.66,291.3372,0.63365,6.761303,datasets\sentinel2_100_patch\images\sentinel2_cems_0041.png,0.2,0.71301,utility_aware_20,1.0,13.1412,0.608398,0.63768,74.1836,0.5265
99.55,222.1352,0.612619,6.98052,datasets\sentinel2_100_patch\images\sentinel2_cems_0041.png,0.3,0.709749,utility_aware_30,1.0,14.182,0.537109,0.617715,72.2302,0.6129
99.46,183.8337,0.724719,6.784223,datasets\sentinel2_100_patch\images\sentinel2_cems_0041.png,0.4,0.702919,utility_aware_40,1.0,15.0213,0.8125,0.729969,81.7131,0.6707
99.37,158.0757,0.824625,6.779279,datasets\sentinel2_100_patch\images\sentinel2_cems_0041.png,0.5,0.69761,utility_aware_50,1.0,15.7719,0.985352,0.828405,89.4066,0.7129
99.28,138.5849,0.800157,6.781058,datasets\sentinel2_100_patch\images\sentinel2_cems_0041.png,0.6,0.692151,utility_aware_60,1.0,16.4351,0.850586,0.805633,86.6248,0.7427
99.2,124.9107,0.869114,6.791191,datasets\sentinel2_100_patch\images\sentinel2_cems_0041.png,0.7,0.681615,utility_aware_70,1.0,17.0205,0.988281,0.89002,92.4478,0.7625
99.13,114.3846,0.879453,6.956798,datasets\sentinel2_100_patch\images\sentinel2_cems_0041.png,0.8,0.671028,utility_aware_80,1.0,17.5986,0.902344,0.890811,92.0178,0.7786
99.06,106.9013,0.876373,7.193881,datasets\sentinel2_100_patch\images\sentinel2_cems_0041.png,0.9,0.667592,utility_aware_90,1.0,18.1123,0.925781,0.886363,92.04,0.7908
99.03,103.2664,0.9185,7.110444,datasets\sentinel2_100_patch\images\sentinel2_cems_0041.png,1.0,0.690011,utility_aware_100,1.0,18.9304,0.821289,0.915666,93.2662,0.8174
99.76,423.5705,0.170352,6.829563,datasets\sentinel2_100_patch\images\sentinel2_cems_0042.png,0.1,0.744157,utility_aware_10,1.0,10.5558,0.057617,0.169124,40.7727,0.236
99.65,283.1792,0.305734,6.671726,datasets\sentinel2_100_patch\images\sentinel2_cems_0042.png,0.2,0.706459,utility_aware_20,1.0,11.7063,0.140625,0.301827,49.6721,0.4181
99.54,218.6469,0.352543,6.852691,datasets\sentinel2_100_patch\images\sentinel2_cems_0042.png,0.3,0.688832,utility_aware_30,1.0,12.8966,0.046875,0.349271,51.5559,0.5454
99.45,180.8016,0.465158,6.85853,datasets\sentinel2_100_patch\images\sentinel2_cems_0042.png,0.4,0.682289,utility_aware_40,1.0,14.0061,0.099609,0.460152,58.8055,0.6407
99.36,156.5753,0.529004,6.860388,datasets\sentinel2_100_patch\images\sentinel2_cems_0042.png,0.5,0.678927,utility_aware_50,1.0,15.2458,0.091797,0.527684,62.6318,0.7167
99.28,139.55,0.587263,6.89915,datasets\sentinel2_100_patch\images\sentinel2_cems_0042.png,0.6,0.674391,utility_aware_60,1.0,16.2614,0.116211,0.585427,66.3612,0.7648
99.21,126.1018,0.612469,7.021898,datasets\sentinel2_100_patch\images\sentinel2_cems_0042.png,0.7,0.673004,utility_aware_70,1.0,17.226,0.113281,0.612046,67.8725,0.7995
99.14,116.6485,0.637459,7.107891,datasets\sentinel2_100_patch\images\sentinel2_cems_0042.png,0.8,0.675615,utility_aware_80,1.0,18.0694,0.106445,0.638289,69.3286,0.8227
99.1,110.9184,0.655116,7.022918,datasets\sentinel2_100_patch\images\sentinel2_cems_0042.png,0.9,0.675983,utility_aware_90,1.0,18.6664,0.091797,0.658794,70.2985,0.8349
99.08,109.1248,0.72351,7.244653,datasets\sentinel2_100_patch\images\sentinel2_cems_0042.png,1.0,0.686525,utility_aware_100,1.0,18.9943,0.124023,0.730304,74.7867,0.8397
99.72,359.9421,0.038761,5.973802,datasets\sentinel2_100_patch\images\sentinel2_cems_0043.png,0.1,0.791834,utility_aware_10,0.035714,11.2701,0.037037,0.040419,3.8006,0.121
99.59,242.0446,0.150976,6.563423,datasets\sentinel2_100_patch\images\sentinel2_cems_0043.png,0.2,0.761642,utility_aware_20,0.357143,12.2897,0.148148,0.150878,21.2523,0.2497
99.47,188.5223,0.31356,6.288728,datasets\sentinel2_100_patch\images\sentinel2_cems_0043.png,0.3,0.733595,utility_aware_30,0.714286,13.1979,0.308642,0.312202,43.3014,0.3637
99.35,154.7546,0.560018,6.562303,datasets\sentinel2_100_patch\images\sentinel2_cems_0043.png,0.4,0.706465,utility_aware_40,0.857143,14.552,0.62963,0.556824,65.5478,0.4888
99.25,133.4188,0.732874,6.59586,datasets\sentinel2_100_patch\images\sentinel2_cems_0043.png,0.5,0.703938,utility_aware_50,0.821429,15.3779,0.901235,0.73077,77.5856,0.553
99.15,117.6276,0.948492,6.720888,datasets\sentinel2_100_patch\images\sentinel2_cems_0043.png,0.6,0.690698,utility_aware_60,0.821429,16.7961,1.0,0.948288,91.5483,0.6415
99.06,106.5917,1.0,6.667782,datasets\sentinel2_100_patch\images\sentinel2_cems_0043.png,0.7,0.679673,utility_aware_70,0.785714,18.4868,1.0,1.0,93.5714,0.7198
98.98,97.9485,1.0,6.849126,datasets\sentinel2_100_patch\images\sentinel2_cems_0043.png,0.8,0.669762,utility_aware_80,0.785714,20.3793,1.0,1.0,93.5714,0.7783
98.91,91.5833,1.0,6.981772,datasets\sentinel2_100_patch\images\sentinel2_cems_0043.png,0.9,0.670874,utility_aware_90,0.75,22.2308,1.0,1.0,92.5,0.8146
98.88,89.4859,1.0,6.797,datasets\sentinel2_100_patch\images\sentinel2_cems_0043.png,1.0,0.675301,utility_aware_100,0.678571,23.9787,1.0,1.0,90.3571,0.8353
99.76,422.5169,1.0,6.927336,datasets\sentinel2_100_patch\images\sentinel2_cems_0044.png,0.1,0.867344,utility_aware_10,1.0,10.0548,1.0,1.0,100.0,0.112
99.64,278.1433,1.0,6.666309,datasets\sentinel2_100_patch\images\sentinel2_cems_0044.png,0.2,0.834995,utility_aware_20,1.0,10.1696,1.0,1.0,100.0,0.1256
99.53,213.6075,1.0,6.739491,datasets\sentinel2_100_patch\images\sentinel2_cems_0044.png,0.3,0.823308,utility_aware_30,1.0,10.3175,1.0,1.0,100.0,0.1136
99.43,174.6932,1.0,6.833727,datasets\sentinel2_100_patch\images\sentinel2_cems_0044.png,0.4,0.8191,utility_aware_40,1.0,10.5307,1.0,1.0,100.0,0.1078
99.34,150.4734,1.0,7.032777,datasets\sentinel2_100_patch\images\sentinel2_cems_0044.png,0.5,0.818263,utility_aware_50,1.0,10.9209,1.0,1.0,100.0,0.1299
99.24,131.8492,1.0,7.256886,datasets\sentinel2_100_patch\images\sentinel2_cems_0044.png,0.6,0.812416,utility_aware_60,1.0,11.4644,1.0,1.0,100.0,0.1731
99.16,118.461,1.0,7.145557,datasets\sentinel2_100_patch\images\sentinel2_cems_0044.png,0.7,0.808919,utility_aware_70,1.0,12.286,1.0,1.0,100.0,0.2439
99.08,108.3092,1.0,7.987992,datasets\sentinel2_100_patch\images\sentinel2_cems_0044.png,0.8,0.804248,utility_aware_80,1.0,13.4008,1.0,1.0,100.0,0.3512
99.01,100.6133,1.0,6.935015,datasets\sentinel2_100_patch\images\sentinel2_cems_0044.png,0.9,0.774395,utility_aware_90,1.0,15.2789,1.0,1.0,100.0,0.5197
98.97,97.4325,1.0,6.916278,datasets\sentinel2_100_patch\images\sentinel2_cems_0044.png,1.0,0.718705,utility_aware_100,1.0,21.6869,1.0,1.0,100.0,0.8354
99.77,429.2428,0.679588,6.369148,datasets\sentinel2_100_patch\images\sentinel2_cems_0045.png,0.1,0.774929,utility_aware_10,1.0,11.9172,0.40625,0.671118,74.6684,0.3676
99.66,292.5022,0.835784,6.758051,datasets\sentinel2_100_patch\images\sentinel2_cems_0045.png,0.2,0.760117,utility_aware_20,1.0,13.3518,0.767578,0.834073,87.7886,0.539
99.55,224.009,0.90132,6.867587,datasets\sentinel2_100_patch\images\sentinel2_cems_0045.png,0.3,0.757194,utility_aware_30,1.0,14.5548,1.0,0.89342,93.9212,0.6268
99.46,183.6389,0.987033,6.63996,datasets\sentinel2_100_patch\images\sentinel2_cems_0045.png,0.4,0.75312,utility_aware_40,1.0,15.5141,1.0,0.98473,99.1759,0.6789
99.36,156.7059,1.0,7.088794,datasets\sentinel2_100_patch\images\sentinel2_cems_0045.png,0.5,0.748539,utility_aware_50,1.0,16.4011,1.0,1.0,100.0,0.7202
99.27,137.6441,1.0,6.655597,datasets\sentinel2_100_patch\images\sentinel2_cems_0045.png,0.6,0.736001,utility_aware_60,1.0,16.985,1.0,1.0,100.0,0.7462
99.19,123.3282,0.996991,6.749545,datasets\sentinel2_100_patch\images\sentinel2_cems_0045.png,0.7,0.718984,utility_aware_70,1.0,17.5691,1.0,1.0,99.8796,0.768
99.11,112.4072,0.992997,6.849294,datasets\sentinel2_100_patch\images\sentinel2_cems_0045.png,0.8,0.712772,utility_aware_80,1.0,18.1445,1.0,0.997891,99.6777,0.7858
99.04,104.5533,0.966207,6.731453,datasets\sentinel2_100_patch\images\sentinel2_cems_0045.png,0.9,0.702071,utility_aware_90,1.0,18.5447,1.0,0.967908,98.0065,0.801
99.01,101.4814,0.966905,6.800302,datasets\sentinel2_100_patch\images\sentinel2_cems_0045.png,1.0,0.701441,utility_aware_100,1.0,19.3849,1.0,0.965852,97.9932,0.8373
99.77,431.0985,0.52731,7.204059,datasets\sentinel2_100_patch\images\sentinel2_cems_0046.png,0.1,0.845601,utility_aware_10,1.0,12.1058,0.146484,0.519766,62.9526,0.3042
99.66,290.8204,0.608277,6.282163,datasets\sentinel2_100_patch\images\sentinel2_cems_0046.png,0.2,0.830349,utility_aware_20,1.0,13.1182,0.147461,0.598768,67.781,0.4822
99.56,225.6713,0.61656,6.547128,datasets\sentinel2_100_patch\images\sentinel2_cems_0046.png,0.3,0.819442,utility_aware_30,1.0,14.0819,0.143555,0.599593,68.0898,0.6035
99.46,184.7177,0.691333,6.533986,datasets\sentinel2_100_patch\images\sentinel2_cems_0046.png,0.4,0.777518,utility_aware_40,1.0,15.1987,0.175781,0.674027,72.8917,0.6867
99.37,158.0733,0.662382,7.09045,datasets\sentinel2_100_patch\images\sentinel2_cems_0046.png,0.5,0.753139,utility_aware_50,1.0,16.2893,0.166992,0.64283,71.0218,0.7448
99.27,137.2732,0.682574,6.861799,datasets\sentinel2_100_patch\images\sentinel2_cems_0046.png,0.6,0.72736,utility_aware_60,1.0,17.3361,0.152344,0.66513,72.129,0.7851
99.19,123.0934,0.758225,6.904645,datasets\sentinel2_100_patch\images\sentinel2_cems_0046.png,0.7,0.716203,utility_aware_70,1.0,18.2893,0.262695,0.750629,77.9685,0.8134
99.12,113.2279,0.906906,7.482228,datasets\sentinel2_100_patch\images\sentinel2_cems_0046.png,0.8,0.704272,utility_aware_80,1.0,19.1091,0.545898,0.888602,89.5072,0.8355
99.06,105.9248,0.970802,7.165694,datasets\sentinel2_100_patch\images\sentinel2_cems_0046.png,0.9,0.691789,utility_aware_90,1.0,19.7392,0.742188,0.964727,95.5485,0.855
99.03,103.1119,1.0,7.008352,datasets\sentinel2_100_patch\images\sentinel2_cems_0046.png,1.0,0.667718,utility_aware_100,1.0,19.8256,1.0,1.0,100.0,0.8699
99.75,407.6348,1.0,7.387212,datasets\sentinel2_100_patch\images\sentinel2_cems_0047.png,0.1,0.842922,utility_aware_10,1.0,8.7738,1.0,1.0,100.0,0.0195
99.63,270.5985,1.0,6.595439,datasets\sentinel2_100_patch\images\sentinel2_cems_0047.png,0.2,0.829953,utility_aware_20,1.0,8.8781,1.0,1.0,100.0,-0.051
99.52,207.3672,1.0,7.15724,datasets\sentinel2_100_patch\images\sentinel2_cems_0047.png,0.3,0.826202,utility_aware_30,1.0,9.0111,1.0,1.0,100.0,-0.0953
99.42,171.109,1.0,6.750126,datasets\sentinel2_100_patch\images\sentinel2_cems_0047.png,0.4,0.823139,utility_aware_40,1.0,9.2586,1.0,1.0,100.0,-0.0972
99.32,147.3708,1.0,6.723844,datasets\sentinel2_100_patch\images\sentinel2_cems_0047.png,0.5,0.82695,utility_aware_50,1.0,9.6028,1.0,1.0,100.0,-0.0834
99.23,130.0942,1.0,6.76911,datasets\sentinel2_100_patch\images\sentinel2_cems_0047.png,0.6,0.812468,utility_aware_60,1.0,10.0916,1.0,1.0,100.0,-0.0239
99.15,117.3761,1.0,7.033126,datasets\sentinel2_100_patch\images\sentinel2_cems_0047.png,0.7,0.795435,utility_aware_70,1.0,10.8066,1.0,1.0,100.0,0.0669
99.07,107.2441,1.0,6.783102,datasets\sentinel2_100_patch\images\sentinel2_cems_0047.png,0.8,0.771461,utility_aware_80,1.0,11.9948,1.0,1.0,100.0,0.2174
99.0,100.4577,1.0,6.946073,datasets\sentinel2_100_patch\images\sentinel2_cems_0047.png,0.9,0.733593,utility_aware_90,1.0,14.0604,1.0,1.0,100.0,0.4224
98.95,95.4734,1.0,6.78832,datasets\sentinel2_100_patch\images\sentinel2_cems_0047.png,1.0,0.691728,utility_aware_100,1.0,21.7207,1.0,1.0,100.0,0.8652
99.76,421.3789,0.376705,6.599849,datasets\sentinel2_100_patch\images\sentinel2_cems_0048.png,0.1,0.743648,utility_aware_10,0.962963,11.763,0.325195,0.375833,54.7257,0.3214
99.65,284.3907,0.530927,6.473052,datasets\sentinel2_100_patch\images\sentinel2_cems_0048.png,0.2,0.711013,utility_aware_20,0.925926,12.8342,0.566406,0.530329,65.2855,0.4589
99.54,218.5383,0.657258,6.6719,datasets\sentinel2_100_patch\images\sentinel2_cems_0048.png,0.3,0.694234,utility_aware_30,0.814815,13.7297,0.732422,0.652326,71.1055,0.5484
99.45,182.204,0.799908,6.72773,datasets\sentinel2_100_patch\images\sentinel2_cems_0048.png,0.4,0.683896,utility_aware_40,0.851852,14.6561,0.962891,0.790683,82.9944,0.6217
99.36,156.0256,0.897711,6.818752,datasets\sentinel2_100_patch\images\sentinel2_cems_0048.png,0.5,0.672358,utility_aware_50,1.0,15.7666,1.0,0.895974,93.8279,0.6857
99.27,137.6168,0.915311,7.176646,datasets\sentinel2_100_patch\images\sentinel2_cems_0048.png,0.6,0.668095,utility_aware_60,1.0,16.821,1.0,0.915581,94.9241,0.7335
99.19,123.8067,0.92466,7.026487,datasets\sentinel2_100_patch\images\sentinel2_cems_0048.png,0.7,0.660095,utility_aware_70,0.888889,17.7984,1.0,0.92949,92.2429,0.7688
99.12,113.3898,0.872779,7.32075,datasets\sentinel2_100_patch\images\sentinel2_cems_0048.png,0.8,0.647551,utility_aware_80,0.888889,18.52,0.84082,0.880179,87.5896,0.7902
99.06,106.1483,0.82498,6.87468,datasets\sentinel2_100_patch\images\sentinel2_cems_0048.png,0.9,0.634663,utility_aware_90,0.925926,18.9048,0.758789,0.832491,85.0147,0.8019
99.04,103.7555,0.940735,6.747075,datasets\sentinel2_100_patch\images\sentinel2_cems_0048.png,1.0,0.6564,utility_aware_100,0.962963,19.5082,0.907227,0.953436,94.6593,0.8174
99.74,390.7817,1.0,6.224833,datasets\sentinel2_100_patch\images\sentinel2_cems_0049.png,0.1,0.871194,utility_aware_10,0.764706,12.3056,0.706055,1.0,90.0017,0.4114
99.62,260.5806,1.0,6.476855,datasets\sentinel2_100_patch\images\sentinel2_cems_0049.png,0.2,0.840695,utility_aware_20,0.705882,13.077,1.0,1.0,91.1765,0.4925
99.5,201.6003,1.0,6.626674,datasets\sentinel2_100_patch\images\sentinel2_cems_0049.png,0.3,0.814977,utility_aware_30,0.794118,13.9754,1.0,1.0,93.8235,0.5496
99.4,167.8225,1.0,6.636928,datasets\sentinel2_100_patch\images\sentinel2_cems_0049.png,0.4,0.806064,utility_aware_40,0.941176,14.4902,1.0,1.0,98.2353,0.5857
99.31,144.7229,1.0,6.612931,datasets\sentinel2_100_patch\images\sentinel2_cems_0049.png,0.5,0.792524,utility_aware_50,0.941176,15.9536,1.0,1.0,98.2353,0.6404
99.22,128.3859,1.0,6.637638,datasets\sentinel2_100_patch\images\sentinel2_cems_0049.png,0.6,0.774904,utility_aware_60,0.764706,16.9376,1.0,1.0,92.9412,0.6823
99.13,115.5265,1.0,6.943413,datasets\sentinel2_100_patch\images\sentinel2_cems_0049.png,0.7,0.761822,utility_aware_70,0.735294,17.6855,1.0,1.0,92.0588,0.7126
99.06,106.5768,1.0,6.449029,datasets\sentinel2_100_patch\images\sentinel2_cems_0049.png,0.8,0.739926,utility_aware_80,0.705882,18.3674,1.0,1.0,91.1765,0.7374
99.0,99.8831,1.0,6.704898,datasets\sentinel2_100_patch\images\sentinel2_cems_0049.png,0.9,0.720436,utility_aware_90,0.647059,18.9172,1.0,1.0,89.4118,0.753
98.97,97.2627,1.0,7.917888,datasets\sentinel2_100_patch\images\sentinel2_cems_0049.png,1.0,0.70125,utility_aware_100,0.735294,22.2822,1.0,1.0,92.0588,0.8149
99.77,431.5147,0.205338,6.582717,datasets\sentinel2_100_patch\images\sentinel2_cems_0050.png,0.1,0.793329,utility_aware_10,0.6,10.8378,0.100586,0.197957,31.1785,0.2331
99.65,288.3812,0.291042,6.450104,datasets\sentinel2_100_patch\images\sentinel2_cems_0050.png,0.2,0.754563,utility_aware_20,0.5,11.8521,0.185547,0.279396,34.0851,0.3928
99.55,223.2029,0.406253,6.789152,datasets\sentinel2_100_patch\images\sentinel2_cems_0050.png,0.3,0.730747,utility_aware_30,0.9,12.8577,0.265625,0.400912,53.9246,0.5214
99.46,184.6255,0.499494,6.600576,datasets\sentinel2_100_patch\images\sentinel2_cems_0050.png,0.4,0.724496,utility_aware_40,0.95,13.9542,0.362305,0.480235,61.7075,0.6259
99.37,158.8626,0.572807,6.878275,datasets\sentinel2_100_patch\images\sentinel2_cems_0050.png,0.5,0.717264,utility_aware_50,0.9,14.9066,0.444336,0.554108,65.4378,0.6944
99.29,140.2731,0.657958,7.004536,datasets\sentinel2_100_patch\images\sentinel2_cems_0050.png,0.6,0.697242,utility_aware_60,0.7,15.9607,0.504883,0.639541,65.158,0.7476
99.21,125.7931,0.643802,7.400284,datasets\sentinel2_100_patch\images\sentinel2_cems_0050.png,0.7,0.682683,utility_aware_70,0.75,17.3901,0.473633,0.642008,65.8286,0.8039
99.14,115.7267,0.581788,7.471016,datasets\sentinel2_100_patch\images\sentinel2_cems_0050.png,0.8,0.675532,utility_aware_80,0.9,18.8887,0.170898,0.588284,63.7462,0.8429
99.09,109.7699,0.71608,7.327643,datasets\sentinel2_100_patch\images\sentinel2_cems_0050.png,0.9,0.673397,utility_aware_90,0.85,19.5017,0.445312,0.704538,72.6871,0.8558
99.07,107.4454,0.816744,7.678914,datasets\sentinel2_100_patch\images\sentinel2_cems_0050.png,1.0,0.679355,utility_aware_100,0.75,19.7526,0.481445,0.810077,76.1857,0.8619
99.74,384.8225,0.073593,6.346979,datasets\sentinel2_100_patch\images\sentinel2_cems_0051.png,0.1,0.78339,utility_aware_10,0.428571,9.0274,0.091405,0.071735,18.1496,0.109
99.62,260.1592,0.166202,6.743028,datasets\sentinel2_100_patch\images\sentinel2_cems_0051.png,0.2,0.75344,utility_aware_20,0.428571,9.5696,0.196453,0.163989,24.7495,0.1922
99.5,201.9939,0.367167,7.117612,datasets\sentinel2_100_patch\images\sentinel2_cems_0051.png,0.3,0.739422,utility_aware_30,0.714286,10.499,0.398363,0.358694,47.2728,0.3094
99.41,169.1972,0.592333,7.092,datasets\sentinel2_100_patch\images\sentinel2_cems_0051.png,0.4,0.727928,utility_aware_40,0.619048,11.4476,0.682128,0.577259,60.6312,0.4209
99.32,146.6992,0.859158,6.910279,datasets\sentinel2_100_patch\images\sentinel2_cems_0051.png,0.5,0.721553,utility_aware_50,0.809524,12.9324,1.0,0.837518,85.4024,0.5413
99.23,129.8399,1.0,6.611318,datasets\sentinel2_100_patch\images\sentinel2_cems_0051.png,0.6,0.727058,utility_aware_60,0.761905,14.4284,1.0,1.0,92.8571,0.6413
99.15,117.6471,1.0,6.84969,datasets\sentinel2_100_patch\images\sentinel2_cems_0051.png,0.7,0.723824,utility_aware_70,0.904762,16.3068,1.0,1.0,97.1429,0.7322
99.07,107.3634,1.0,6.662049,datasets\sentinel2_100_patch\images\sentinel2_cems_0051.png,0.8,0.711207,utility_aware_80,0.809524,18.7571,1.0,1.0,94.2857,0.8106
98.99,99.0974,1.0,7.432304,datasets\sentinel2_100_patch\images\sentinel2_cems_0051.png,0.9,0.699202,utility_aware_90,0.857143,20.6252,1.0,1.0,95.7143,0.8482
98.96,96.436,1.0,6.783132,datasets\sentinel2_100_patch\images\sentinel2_cems_0051.png,1.0,0.691374,utility_aware_100,0.761905,21.9073,1.0,1.0,92.8571,0.8651
99.73,370.8394,0.207394,6.329849,datasets\sentinel2_100_patch\images\sentinel2_cems_0052.png,0.1,0.739567,utility_aware_10,0.588235,10.7669,0.169661,0.197762,31.5947,0.2489
99.59,244.9456,0.441788,6.895634,datasets\sentinel2_100_patch\images\sentinel2_cems_0052.png,0.2,0.695226,utility_aware_20,1.0,12.0035,0.449102,0.429019,60.7429,0.4017
99.48,191.7811,0.66931,6.65207,datasets\sentinel2_100_patch\images\sentinel2_cems_0052.png,0.3,0.675299,utility_aware_30,1.0,13.1569,0.734531,0.65899,77.2975,0.4995
99.37,158.947,0.742213,6.552802,datasets\sentinel2_100_patch\images\sentinel2_cems_0052.png,0.4,0.659433,utility_aware_40,0.941176,14.869,1.0,0.750964,82.9431,0.6096
99.27,137.1493,0.924357,6.523141,datasets\sentinel2_100_patch\images\sentinel2_cems_0052.png,0.5,0.646075,utility_aware_50,1.0,16.6013,1.0,0.933559,95.6455,0.694
99.18,122.4163,1.0,6.85827,datasets\sentinel2_100_patch\images\sentinel2_cems_0052.png,0.6,0.638361,utility_aware_60,1.0,18.0612,1.0,1.0,100.0,0.7529
99.1,111.1199,1.0,6.453252,datasets\sentinel2_100_patch\images\sentinel2_cems_0052.png,0.7,0.631516,utility_aware_70,1.0,19.2596,1.0,1.0,100.0,0.7946
99.02,102.2808,1.0,6.776858,datasets\sentinel2_100_patch\images\sentinel2_cems_0052.png,0.8,0.619921,utility_aware_80,1.0,21.3163,1.0,1.0,100.0,0.8405
98.95,95.4425,1.0,6.792333,datasets\sentinel2_100_patch\images\sentinel2_cems_0052.png,0.9,0.618702,utility_aware_90,1.0,22.9959,1.0,1.0,100.0,0.8655
98.9,91.1817,1.0,7.051479,datasets\sentinel2_100_patch\images\sentinel2_cems_0052.png,1.0,0.624896,utility_aware_100,1.0,23.81,1.0,1.0,100.0,0.8784
99.76,409.3789,0.282108,6.32708,datasets\sentinel2_100_patch\images\sentinel2_cems_0053.png,0.1,0.77718,utility_aware_10,0.866667,12.5803,0.220703,0.281852,45.1284,0.3946
99.64,276.5644,0.406721,6.401783,datasets\sentinel2_100_patch\images\sentinel2_cems_0053.png,0.2,0.746816,utility_aware_20,1.0,14.2851,0.399414,0.415229,58.5676,0.5929
99.53,213.9166,0.503846,6.773656,datasets\sentinel2_100_patch\images\sentinel2_cems_0053.png,0.3,0.735896,utility_aware_30,1.0,15.6761,0.424805,0.506093,64.5237,0.7021
99.44,178.342,0.659864,6.288172,datasets\sentinel2_100_patch\images\sentinel2_cems_0053.png,0.4,0.728856,utility_aware_40,1.0,16.9645,0.669922,0.655236,76.1985,0.7705
99.35,152.7894,0.781328,7.093964,datasets\sentinel2_100_patch\images\sentinel2_cems_0053.png,0.5,0.702489,utility_aware_50,1.0,17.7864,0.714844,0.774292,83.8874,0.8061
99.25,134.2083,0.809489,6.821094,datasets\sentinel2_100_patch\images\sentinel2_cems_0053.png,0.6,0.681058,utility_aware_60,1.0,18.5237,0.705078,0.805099,85.5323,0.8318
99.18,121.937,0.846726,7.372184,datasets\sentinel2_100_patch\images\sentinel2_cems_0053.png,0.7,0.662409,utility_aware_70,1.0,18.9695,0.741211,0.842802,88.1372,0.8443
99.12,113.2325,0.865868,7.061134,datasets\sentinel2_100_patch\images\sentinel2_cems_0053.png,0.8,0.646932,utility_aware_80,1.0,19.4422,0.758789,0.867484,89.5723,0.8541
99.05,105.5507,0.875841,6.920284,datasets\sentinel2_100_patch\images\sentinel2_cems_0053.png,0.9,0.636781,utility_aware_90,1.0,19.7899,0.749023,0.881339,90.1507,0.8607
99.01,100.8226,0.910712,6.900501,datasets\sentinel2_100_patch\images\sentinel2_cems_0053.png,1.0,0.625705,utility_aware_100,1.0,19.95,0.84668,0.917912,93.2535,0.8685
99.75,407.4503,0.208376,6.189945,datasets\sentinel2_100_patch\images\sentinel2_cems_0054.png,0.1,0.863096,utility_aware_10,0.692308,10.6113,0.155273,0.203111,34.7192,0.2444
99.63,273.7372,0.326796,6.859239,datasets\sentinel2_100_patch\images\sentinel2_cems_0054.png,0.2,0.820518,utility_aware_20,0.769231,11.6185,0.213867,0.322917,44.7458,0.4143
99.53,212.7694,0.455934,7.01271,datasets\sentinel2_100_patch\images\sentinel2_cems_0054.png,0.3,0.806219,utility_aware_30,0.769231,12.6683,0.326172,0.453026,53.6365,0.5396
99.43,176.566,0.568832,6.686394,datasets\sentinel2_100_patch\images\sentinel2_cems_0054.png,0.4,0.798789,utility_aware_40,0.769231,13.4592,0.419922,0.555462,61.1387,0.6079
99.33,149.4954,0.611055,6.64092,datasets\sentinel2_100_patch\images\sentinel2_cems_0054.png,0.5,0.783525,utility_aware_50,0.923077,13.984,0.418945,0.59589,68.2418,0.6449
99.24,131.3074,0.824507,7.188493,datasets\sentinel2_100_patch\images\sentinel2_cems_0054.png,0.6,0.77336,utility_aware_60,0.769231,14.467,0.532227,0.806693,77.5133,0.6765
99.17,119.8942,0.798048,6.773271,datasets\sentinel2_100_patch\images\sentinel2_cems_0054.png,0.7,0.768826,utility_aware_70,0.692308,15.1022,0.482422,0.784613,73.2077,0.7132
99.11,112.2773,0.922633,7.006372,datasets\sentinel2_100_patch\images\sentinel2_cems_0054.png,0.8,0.772636,utility_aware_80,0.769231,16.2124,0.581055,0.914141,84.0756,0.7698
99.06,106.1451,0.924852,6.609229,datasets\sentinel2_100_patch\images\sentinel2_cems_0054.png,0.9,0.753016,utility_aware_90,0.769231,18.699,0.620117,0.915634,84.5848,0.8586
99.01,101.4605,0.858624,7.127772,datasets\sentinel2_100_patch\images\sentinel2_cems_0054.png,1.0,0.733188,utility_aware_100,0.846154,20.1523,0.623047,0.859101,83.142,0.8726
99.72,362.1742,0.075388,5.552266,datasets\sentinel2_100_patch\images\sentinel2_cems_0055.png,0.1,0.785599,utility_aware_10,0.545455,13.1306,0.160839,0.076704,22.5216,0.3476
99.6,248.218,0.219811,6.126717,datasets\sentinel2_100_patch\images\sentinel2_cems_0055.png,0.2,0.750324,utility_aware_20,1.0,14.36,0.479021,0.222016,48.023,0.4901
99.48,192.3457,0.394723,6.168019,datasets\sentinel2_100_patch\images\sentinel2_cems_0055.png,0.3,0.719911,utility_aware_30,1.0,15.3706,0.898601,0.397138,62.7177,0.5637
99.38,160.9915,0.549853,6.406611,datasets\sentinel2_100_patch\images\sentinel2_cems_0055.png,0.4,0.697591,utility_aware_40,0.636364,15.9467,1.0,0.55523,62.1896,0.6021
99.28,139.7831,0.659613,6.477612,datasets\sentinel2_100_patch\images\sentinel2_cems_0055.png,0.5,0.677854,utility_aware_50,0.727273,16.4197,1.0,0.664158,71.4859,0.6285
99.19,123.2453,0.709565,6.669079,datasets\sentinel2_100_patch\images\sentinel2_cems_0055.png,0.6,0.663266,utility_aware_60,0.727273,16.3782,1.0,0.715135,74.5035,0.6348
99.11,112.871,0.75808,6.395988,datasets\sentinel2_100_patch\images\sentinel2_cems_0055.png,0.7,0.6594,utility_aware_70,0.818182,16.2677,1.0,0.764378,80.1562,0.6422
99.04,104.4677,0.840882,6.264489,datasets\sentinel2_100_patch\images\sentinel2_cems_0055.png,0.8,0.657299,utility_aware_80,0.818182,16.601,1.0,0.841142,85.0036,0.67
99.0,99.7403,0.881042,6.684567,datasets\sentinel2_100_patch\images\sentinel2_cems_0055.png,0.9,0.656984,utility_aware_90,0.818182,16.5396,1.0,0.879393,87.375,0.6854
98.97,96.8987,1.0,6.785763,datasets\sentinel2_100_patch\images\sentinel2_cems_0055.png,1.0,0.635334,utility_aware_100,0.727273,24.9676,1.0,1.0,91.8182,0.8737
99.73,366.4096,0.054951,6.449219,datasets\sentinel2_100_patch\images\sentinel2_cems_0056.png,0.1,0.776843,utility_aware_10,0.611111,11.2012,0.045898,0.05641,22.1186,0.3121
99.6,252.273,0.14411,6.27239,datasets\sentinel2_100_patch\images\sentinel2_cems_0056.png,0.2,0.683136,utility_aware_20,0.888889,12.396,0.117188,0.149229,36.5875,0.505
99.5,198.4839,0.276049,6.180404,datasets\sentinel2_100_patch\images\sentinel2_cems_0056.png,0.3,0.644057,utility_aware_30,1.0,14.0406,0.211914,0.279868,48.7584,0.6602
99.4,165.5335,0.427622,6.10079,datasets\sentinel2_100_patch\images\sentinel2_cems_0056.png,0.4,0.613745,utility_aware_40,1.0,15.8411,0.303711,0.429752,58.737,0.7692
99.31,144.7765,0.600085,6.521272,datasets\sentinel2_100_patch\images\sentinel2_cems_0056.png,0.5,0.586167,utility_aware_50,1.0,17.997,0.446289,0.600222,70.4707,0.8444
99.25,132.5659,0.791963,6.459826,datasets\sentinel2_100_patch\images\sentinel2_cems_0056.png,0.6,0.570749,utility_aware_60,1.0,20.0143,0.628906,0.790216,83.7719,0.8774
99.19,124.1196,0.953081,6.239672,datasets\sentinel2_100_patch\images\sentinel2_cems_0056.png,0.7,0.57236,utility_aware_70,1.0,21.1235,0.831055,0.953145,95.4967,0.8876
99.11,112.8738,0.961057,6.404262,datasets\sentinel2_100_patch\images\sentinel2_cems_0056.png,0.8,0.577565,utility_aware_80,1.0,21.1175,0.811523,0.957202,95.7016,0.8883
99.08,108.6915,0.961255,6.449439,datasets\sentinel2_100_patch\images\sentinel2_cems_0056.png,0.9,0.580215,utility_aware_90,1.0,21.1123,0.806641,0.956349,95.6436,0.8881
99.1,110.6218,0.961835,6.356637,datasets\sentinel2_100_patch\images\sentinel2_cems_0056.png,1.0,0.580773,utility_aware_100,1.0,21.0974,0.805664,0.956027,95.6506,0.8878
99.7,328.5028,0.061466,5.680127,datasets\sentinel2_100_patch\images\sentinel2_cems_0057.png,0.1,0.609077,utility_aware_10,0.296296,12.8152,0.080851,0.060806,13.3722,0.2971
99.55,223.878,0.154673,6.03682,datasets\sentinel2_100_patch\images\sentinel2_cems_0057.png,0.2,0.581159,utility_aware_20,0.555556,13.6985,0.197872,0.151835,27.869,0.4409
99.43,176.0015,0.316,5.661967,datasets\sentinel2_100_patch\images\sentinel2_cems_0057.png,0.3,0.568294,utility_aware_30,0.777778,14.84,0.389362,0.307909,46.0251,0.5711
99.32,148.105,0.538858,5.559437,datasets\sentinel2_100_patch\images\sentinel2_cems_0057.png,0.4,0.558324,utility_aware_40,0.962963,16.3341,0.674468,0.52269,67.6417,0.6914
99.23,129.0907,0.778423,6.364457,datasets\sentinel2_100_patch\images\sentinel2_cems_0057.png,0.5,0.550765,utility_aware_50,0.962963,18.1596,1.0,0.754576,85.1173,0.7868
99.15,117.0374,0.979668,5.9401,datasets\sentinel2_100_patch\images\sentinel2_cems_0057.png,0.6,0.539667,utility_aware_60,0.962963,20.2837,1.0,0.951743,97.1105,0.8534
99.09,110.0743,1.0,6.046208,datasets\sentinel2_100_patch\images\sentinel2_cems_0057.png,0.7,0.52424,utility_aware_70,0.962963,23.8355,1.0,1.0,98.8889,0.9039
99.03,103.0368,1.0,6.484452,datasets\sentinel2_100_patch\images\sentinel2_cems_0057.png,0.8,0.528517,utility_aware_80,0.925926,24.227,1.0,1.0,97.7778,0.9082
99.0,99.5549,1.0,6.512695,datasets\sentinel2_100_patch\images\sentinel2_cems_0057.png,0.9,0.527726,utility_aware_90,0.925926,24.2696,1.0,1.0,97.7778,0.9075
99.02,101.7448,1.0,6.385803,datasets\sentinel2_100_patch\images\sentinel2_cems_0057.png,1.0,0.526913,utility_aware_100,0.925926,24.2944,1.0,1.0,97.7778,0.9068
99.76,416.2806,1.0,6.549649,datasets\sentinel2_100_patch\images\sentinel2_cems_0058.png,0.1,0.969757,utility_aware_10,1.0,12.5285,1.0,1.0,100.0,0.4286
99.64,279.2222,1.0,6.466658,datasets\sentinel2_100_patch\images\sentinel2_cems_0058.png,0.2,0.95567,utility_aware_20,1.0,12.922,1.0,1.0,100.0,0.5263
99.54,215.647,1.0,6.62518,datasets\sentinel2_100_patch\images\sentinel2_cems_0058.png,0.3,0.949104,utility_aware_30,1.0,13.4379,1.0,1.0,100.0,0.5781
99.44,178.9453,1.0,7.006996,datasets\sentinel2_100_patch\images\sentinel2_cems_0058.png,0.4,0.93016,utility_aware_40,1.0,14.5171,1.0,1.0,100.0,0.6195
99.35,153.9935,1.0,6.834124,datasets\sentinel2_100_patch\images\sentinel2_cems_0058.png,0.5,0.909462,utility_aware_50,1.0,15.2839,1.0,1.0,100.0,0.6464
99.26,135.9557,1.0,7.077156,datasets\sentinel2_100_patch\images\sentinel2_cems_0058.png,0.6,0.889878,utility_aware_60,1.0,16.3414,1.0,1.0,100.0,0.6653
99.18,122.6587,1.0,7.192254,datasets\sentinel2_100_patch\images\sentinel2_cems_0058.png,0.7,0.85885,utility_aware_70,1.0,16.9109,1.0,1.0,100.0,0.6726
99.11,112.4313,1.0,6.621145,datasets\sentinel2_100_patch\images\sentinel2_cems_0058.png,0.8,0.819085,utility_aware_80,1.0,17.7266,1.0,1.0,100.0,0.687
99.05,105.049,0.993716,6.586944,datasets\sentinel2_100_patch\images\sentinel2_cems_0058.png,0.9,0.769219,utility_aware_90,1.0,19.0523,1.0,0.99367,99.622,0.7173
99.01,100.8091,1.0,6.996039,datasets\sentinel2_100_patch\images\sentinel2_cems_0058.png,1.0,0.748582,utility_aware_100,1.0,21.7084,1.0,1.0,100.0,0.7814
99.77,426.0143,0.883983,6.79014,datasets\sentinel2_100_patch\images\sentinel2_cems_0059.png,0.1,0.889934,utility_aware_10,1.0,12.5677,0.243164,0.871779,85.2265,0.2081
99.65,282.9332,0.998097,6.996859,datasets\sentinel2_100_patch\images\sentinel2_cems_0059.png,0.2,0.889036,utility_aware_20,1.0,13.2291,0.490234,0.967759,94.1814,0.3748
99.54,219.7469,1.0,6.52144,datasets\sentinel2_100_patch\images\sentinel2_cems_0059.png,0.3,0.879928,utility_aware_30,1.0,13.9441,0.520508,0.991673,95.0385,0.4981
99.45,182.7638,1.0,7.194671,datasets\sentinel2_100_patch\images\sentinel2_cems_0059.png,0.4,0.873054,utility_aware_40,1.0,14.5737,0.515625,1.0,95.1563,0.5818
99.36,157.0529,0.923354,7.108867,datasets\sentinel2_100_patch\images\sentinel2_cems_0059.png,0.5,0.865175,utility_aware_50,1.0,15.3039,0.271484,0.905522,87.7594,0.6431
99.28,139.1594,0.851638,7.228082,datasets\sentinel2_100_patch\images\sentinel2_cems_0059.png,0.6,0.858807,utility_aware_60,1.0,16.1176,0.208008,0.857983,83.3053,0.6889
99.21,126.0333,0.80083,7.045786,datasets\sentinel2_100_patch\images\sentinel2_cems_0059.png,0.7,0.845059,utility_aware_70,1.0,16.9842,0.15332,0.806686,79.7001,0.7222
99.14,116.3139,0.802131,6.869644,datasets\sentinel2_100_patch\images\sentinel2_cems_0059.png,0.8,0.82719,utility_aware_80,1.0,17.898,0.158203,0.81172,79.9017,0.7524
99.07,108.0449,0.746015,7.299084,datasets\sentinel2_100_patch\images\sentinel2_cems_0059.png,0.9,0.804295,utility_aware_90,1.0,18.6644,0.139648,0.760486,76.4468,0.7761
99.05,104.8213,0.782789,6.948347,datasets\sentinel2_100_patch\images\sentinel2_cems_0059.png,1.0,0.776667,utility_aware_100,1.0,19.1445,0.240234,0.794001,79.5939,0.7969
99.76,415.9408,0.170313,6.408466,datasets\sentinel2_100_patch\images\sentinel2_cems_0060.png,0.1,0.808229,utility_aware_10,1.0,9.3251,0.048828,0.168877,40.6784,0.1248
99.65,286.2367,0.328372,6.582243,datasets\sentinel2_100_patch\images\sentinel2_cems_0060.png,0.2,0.776818,utility_aware_20,1.0,10.4374,0.168945,0.32544,51.3331,0.2984
99.55,222.3051,0.445778,6.684018,datasets\sentinel2_100_patch\images\sentinel2_cems_0060.png,0.3,0.766757,utility_aware_30,1.0,11.5413,0.246094,0.441087,59.1138,0.4398
99.46,185.4288,0.50841,6.794482,datasets\sentinel2_100_patch\images\sentinel2_cems_0060.png,0.4,0.757098,utility_aware_40,1.0,12.9391,0.147461,0.507424,61.9595,0.56
99.38,160.2552,0.639644,7.005654,datasets\sentinel2_100_patch\images\sentinel2_cems_0060.png,0.5,0.750353,utility_aware_50,1.0,14.244,0.338867,0.642978,71.834,0.6486
99.3,141.9139,0.690796,7.10168,datasets\sentinel2_100_patch\images\sentinel2_cems_0060.png,0.6,0.759283,utility_aware_60,1.0,15.4995,0.248047,0.686762,73.8476,0.7118
99.22,128.1137,0.731754,6.932438,datasets\sentinel2_100_patch\images\sentinel2_cems_0060.png,0.7,0.761313,utility_aware_70,1.0,16.8815,0.251953,0.726347,76.3166,0.7625
99.15,117.2933,0.820345,6.776176,datasets\sentinel2_100_patch\images\sentinel2_cems_0060.png,0.8,0.753027,utility_aware_80,1.0,17.9977,0.382812,0.827667,83.1952,0.7951
99.09,109.3202,0.830799,6.763776,datasets\sentinel2_100_patch\images\sentinel2_cems_0060.png,0.9,0.755877,utility_aware_90,1.0,18.8394,0.381836,0.836289,83.7761,0.8159
99.05,105.5283,0.859025,7.04305,datasets\sentinel2_100_patch\images\sentinel2_cems_0060.png,1.0,0.76695,utility_aware_100,1.0,19.531,0.433594,0.861859,85.9341,0.8296
99.75,398.4787,0.617232,6.526466,datasets\sentinel2_100_patch\images\sentinel2_cems_0061.png,0.1,0.892279,utility_aware_10,1.0,10.0733,0.210379,0.613058,69.0542,0.1712
99.62,265.9622,0.795861,6.786118,datasets\sentinel2_100_patch\images\sentinel2_cems_0061.png,0.2,0.859746,utility_aware_20,1.0,10.9902,0.451613,0.776585,81.8823,0.3074
99.51,205.3378,0.839807,7.12882,datasets\sentinel2_100_patch\images\sentinel2_cems_0061.png,0.3,0.843678,utility_aware_30,1.0,11.9799,0.772791,0.822502,87.7702,0.4313
99.42,172.1168,1.0,7.107051,datasets\sentinel2_100_patch\images\sentinel2_cems_0061.png,0.4,0.84321,utility_aware_40,1.0,12.7739,1.0,1.0,100.0,0.516
99.33,148.6117,1.0,7.496723,datasets\sentinel2_100_patch\images\sentinel2_cems_0061.png,0.5,0.840359,utility_aware_50,1.0,13.6923,1.0,1.0,100.0,0.5882
99.24,131.6,1.0,7.590183,datasets\sentinel2_100_patch\images\sentinel2_cems_0061.png,0.6,0.820688,utility_aware_60,1.0,15.4947,1.0,1.0,100.0,0.6698
99.16,119.4434,1.0,7.792714,datasets\sentinel2_100_patch\images\sentinel2_cems_0061.png,0.7,0.799859,utility_aware_70,1.0,16.7436,1.0,1.0,100.0,0.7191
99.09,109.4058,1.0,6.967948,datasets\sentinel2_100_patch\images\sentinel2_cems_0061.png,0.8,0.78489,utility_aware_80,1.0,17.6602,1.0,1.0,100.0,0.7483
99.02,101.644,1.0,6.988691,datasets\sentinel2_100_patch\images\sentinel2_cems_0061.png,0.9,0.762214,utility_aware_90,1.0,19.7613,1.0,1.0,100.0,0.7908
98.98,98.1789,1.0,7.239763,datasets\sentinel2_100_patch\images\sentinel2_cems_0061.png,1.0,0.748584,utility_aware_100,1.0,22.7667,1.0,1.0,100.0,0.8278
99.74,380.112,0.394994,6.118622,datasets\sentinel2_100_patch\images\sentinel2_cems_0062.png,0.1,0.782899,utility_aware_10,1.0,12.0313,1.0,0.414009,64.0799,0.2339
99.61,258.1344,0.458953,6.887338,datasets\sentinel2_100_patch\images\sentinel2_cems_0062.png,0.2,0.759541,utility_aware_20,1.0,13.1708,0.736842,0.479992,65.3264,0.3676
99.49,198.004,0.635044,6.451464,datasets\sentinel2_100_patch\images\sentinel2_cems_0062.png,0.3,0.740176,utility_aware_30,1.0,14.2358,1.0,0.669311,78.788,0.4533
99.4,165.7228,0.764095,6.57513,datasets\sentinel2_100_patch\images\sentinel2_cems_0062.png,0.4,0.717036,utility_aware_40,1.0,15.5762,1.0,0.801524,86.5943,0.5358
99.3,142.9825,0.799058,6.489323,datasets\sentinel2_100_patch\images\sentinel2_cems_0062.png,0.5,0.705597,utility_aware_50,1.0,16.4235,1.0,0.84048,88.7719,0.577
99.21,127.2716,0.827636,6.908703,datasets\sentinel2_100_patch\images\sentinel2_cems_0062.png,0.6,0.693687,utility_aware_60,1.0,17.791,1.0,0.874343,90.5923,0.625
99.12,114.1381,0.977823,6.875256,datasets\sentinel2_100_patch\images\sentinel2_cems_0062.png,0.7,0.682365,utility_aware_70,1.0,19.2742,1.0,1.0,99.1129,0.671
99.04,103.6603,0.937596,6.961666,datasets\sentinel2_100_patch\images\sentinel2_cems_0062.png,0.8,0.684812,utility_aware_80,1.0,21.1074,1.0,0.986405,97.2319,0.7185
98.97,96.9047,0.959004,7.084449,datasets\sentinel2_100_patch\images\sentinel2_cems_0062.png,0.9,0.688166,utility_aware_90,1.0,22.5242,1.0,1.0,98.3601,0.7567
98.95,94.9945,1.0,6.924046,datasets\sentinel2_100_patch\images\sentinel2_cems_0062.png,1.0,0.690932,utility_aware_100,1.0,23.5526,1.0,1.0,100.0,0.7889
99.75,399.4698,1.0,6.533235,datasets\sentinel2_100_patch\images\sentinel2_cems_0063.png,0.1,0.868251,utility_aware_10,1.0,13.0563,0.185547,1.0,91.8555,0.1983
99.62,266.3132,0.998237,6.619492,datasets\sentinel2_100_patch\images\sentinel2_cems_0063.png,0.2,0.86935,utility_aware_20,1.0,13.4981,0.21875,0.95518,91.2206,0.3184
99.52,207.445,1.0,6.448571,datasets\sentinel2_100_patch\images\sentinel2_cems_0063.png,0.3,0.878783,utility_aware_30,1.0,14.0468,0.521484,1.0,95.2148,0.4375
99.42,172.7241,1.0,6.697805,datasets\sentinel2_100_patch\images\sentinel2_cems_0063.png,0.4,0.858541,utility_aware_40,1.0,14.5934,0.760742,1.0,97.6074,0.5203
99.34,151.0992,1.0,6.731992,datasets\sentinel2_100_patch\images\sentinel2_cems_0063.png,0.5,0.847933,utility_aware_50,1.0,15.244,0.972656,1.0,99.7266,0.5973
99.26,134.6358,1.0,6.948527,datasets\sentinel2_100_patch\images\sentinel2_cems_0063.png,0.6,0.83269,utility_aware_60,1.0,16.0325,1.0,1.0,100.0,0.6622
99.18,121.849,1.0,7.03424,datasets\sentinel2_100_patch\images\sentinel2_cems_0063.png,0.7,0.81705,utility_aware_70,1.0,17.0591,1.0,1.0,100.0,0.7243
99.11,112.7561,0.985347,6.718345,datasets\sentinel2_100_patch\images\sentinel2_cems_0063.png,0.8,0.803319,utility_aware_80,1.0,18.1505,0.816406,0.977549,97.1289,0.7717
99.06,106.0987,0.836208,7.346641,datasets\sentinel2_100_patch\images\sentinel2_cems_0063.png,0.9,0.776124,utility_aware_90,1.0,19.4218,0.383789,0.850456,84.2953,0.8163
99.04,104.1778,0.692814,7.551788,datasets\sentinel2_100_patch\images\sentinel2_cems_0063.png,1.0,0.748026,utility_aware_100,1.0,20.215,0.141602,0.705903,73.2467,0.8396
99.72,353.9567,0.03103,5.727928,datasets\sentinel2_100_patch\images\sentinel2_cems_0064.png,0.1,0.681165,utility_aware_10,0.25,11.7628,0.010742,0.032738,9.5034,0.2602
99.59,245.7307,0.137471,6.042161,datasets\sentinel2_100_patch\images\sentinel2_cems_0064.png,0.2,0.61412,utility_aware_20,1.0,13.3561,0.063477,0.138221,38.8981,0.5238
99.48,193.2168,0.299234,6.048882,datasets\sentinel2_100_patch\images\sentinel2_cems_0064.png,0.3,0.588741,utility_aware_30,1.0,15.0782,0.165039,0.29784,49.5766,0.6971
99.39,162.938,0.463669,6.182245,datasets\sentinel2_100_patch\images\sentinel2_cems_0064.png,0.4,0.571087,utility_aware_40,1.0,16.6823,0.263672,0.466231,60.5081,0.7842
99.3,142.9207,0.643918,6.405521,datasets\sentinel2_100_patch\images\sentinel2_cems_0064.png,0.5,0.548627,utility_aware_50,1.0,18.3645,0.385742,0.645584,72.5258,0.8391
99.25,134.1971,0.84712,6.402374,datasets\sentinel2_100_patch\images\sentinel2_cems_0064.png,0.6,0.538999,utility_aware_60,1.0,19.9123,0.547852,0.847117,86.3056,0.867
99.19,122.9864,0.890837,6.299577,datasets\sentinel2_100_patch\images\sentinel2_cems_0064.png,0.7,0.530472,utility_aware_70,1.0,20.185,0.602539,0.88987,89.4562,0.8698
99.13,114.9952,0.895312,6.397014,datasets\sentinel2_100_patch\images\sentinel2_cems_0064.png,0.8,0.533771,utility_aware_80,1.0,20.2375,0.608398,0.894331,89.7831,0.8704
99.12,114.0231,0.897261,6.639455,datasets\sentinel2_100_patch\images\sentinel2_cems_0064.png,0.9,0.538074,utility_aware_90,1.0,20.2759,0.613281,0.896137,89.946,0.8702
99.15,116.9899,0.899518,6.629137,datasets\sentinel2_100_patch\images\sentinel2_cems_0064.png,1.0,0.526949,utility_aware_100,1.0,20.2916,0.620117,0.898341,90.1487,0.8698
99.71,339.9117,0.051383,6.214905,datasets\sentinel2_100_patch\images\sentinel2_cems_0065.png,0.1,0.576215,utility_aware_10,0.357143,12.873,0.049423,0.052465,14.3131,0.314
99.57,231.879,0.158611,5.811398,datasets\sentinel2_100_patch\images\sentinel2_cems_0065.png,0.2,0.535156,utility_aware_20,1.0,14.0294,0.177924,0.158295,41.2896,0.4905
99.44,179.7635,0.31763,6.499957,datasets\sentinel2_100_patch\images\sentinel2_cems_0065.png,0.3,0.523877,utility_aware_30,1.0,15.3793,0.313015,0.311784,52.071,0.6295
99.34,151.5675,0.521564,5.889438,datasets\sentinel2_100_patch\images\sentinel2_cems_0065.png,0.4,0.510613,utility_aware_40,1.0,16.7748,0.540362,0.508516,66.4365,0.7293
99.24,132.2987,0.749001,5.824039,datasets\sentinel2_100_patch\images\sentinel2_cems_0065.png,0.5,0.499468,utility_aware_50,1.0,18.7317,0.784185,0.730515,82.4122,0.8136
99.17,121.068,0.964053,6.388689,datasets\sentinel2_100_patch\images\sentinel2_cems_0065.png,0.6,0.480738,utility_aware_60,1.0,22.1366,0.996705,0.94699,97.469,0.8812
99.12,113.0064,1.0,6.567696,datasets\sentinel2_100_patch\images\sentinel2_cems_0065.png,0.7,0.481248,utility_aware_70,1.0,22.6766,1.0,0.988184,99.7637,0.888
99.08,108.7999,1.0,6.187424,datasets\sentinel2_100_patch\images\sentinel2_cems_0065.png,0.8,0.480717,utility_aware_80,1.0,22.7079,1.0,0.988478,99.7696,0.8887
99.06,106.2129,1.0,6.555377,datasets\sentinel2_100_patch\images\sentinel2_cems_0065.png,0.9,0.480956,utility_aware_90,1.0,22.7262,1.0,0.988168,99.7634,0.8884
99.1,110.8114,1.0,6.319887,datasets\sentinel2_100_patch\images\sentinel2_cems_0065.png,1.0,0.480585,utility_aware_100,1.0,22.7393,1.0,0.988142,99.7628,0.8877
99.76,416.5122,0.285434,6.543319,datasets\sentinel2_100_patch\images\sentinel2_cems_0066.png,0.1,0.805866,utility_aware_10,1.0,10.206,0.196078,0.285371,49.0856,0.2441
99.64,280.341,0.543507,6.52598,datasets\sentinel2_100_patch\images\sentinel2_cems_0066.png,0.2,0.795483,utility_aware_20,1.0,11.2221,0.447884,0.548244,67.184,0.3597
99.54,216.7794,0.649856,6.544745,datasets\sentinel2_100_patch\images\sentinel2_cems_0066.png,0.3,0.804702,utility_aware_30,1.0,12.1177,0.607843,0.658482,75.2423,0.4358
99.44,179.4149,0.729815,6.587892,datasets\sentinel2_100_patch\images\sentinel2_cems_0066.png,0.4,0.799141,utility_aware_40,1.0,13.204,0.764706,0.748185,81.8034,0.5057
99.35,154.3394,0.774021,6.730438,datasets\sentinel2_100_patch\images\sentinel2_cems_0066.png,0.5,0.79877,utility_aware_50,1.0,13.9257,0.836945,0.794612,85.2225,0.5469
99.27,137.2456,0.849888,6.767746,datasets\sentinel2_100_patch\images\sentinel2_cems_0066.png,0.6,0.790152,utility_aware_60,0.913043,14.7556,0.931889,0.878699,88.2797,0.5864
99.19,123.7907,0.897271,6.665862,datasets\sentinel2_100_patch\images\sentinel2_cems_0066.png,0.7,0.783591,utility_aware_70,1.0,15.3459,0.993808,0.928253,94.394,0.6124
99.12,113.422,1.0,6.919525,datasets\sentinel2_100_patch\images\sentinel2_cems_0066.png,0.8,0.765498,utility_aware_80,1.0,16.507,1.0,1.0,100.0,0.652
99.06,105.9154,0.957161,6.704947,datasets\sentinel2_100_patch\images\sentinel2_cems_0066.png,0.9,0.756837,utility_aware_90,1.0,17.0943,1.0,0.994832,98.1831,0.6719
99.02,102.1553,1.0,7.086211,datasets\sentinel2_100_patch\images\sentinel2_cems_0066.png,1.0,0.779891,utility_aware_100,1.0,21.7649,1.0,1.0,100.0,0.7412
99.77,426.8549,1.0,6.796916,datasets\sentinel2_100_patch\images\sentinel2_cems_0067.png,0.1,0.910461,utility_aware_10,1.0,13.0892,0.782227,1.0,97.8223,0.2959
99.65,289.8347,1.0,6.857541,datasets\sentinel2_100_patch\images\sentinel2_cems_0067.png,0.2,0.893484,utility_aware_20,1.0,13.967,1.0,1.0,100.0,0.4437
99.55,221.8264,1.0,7.172355,datasets\sentinel2_100_patch\images\sentinel2_cems_0067.png,0.3,0.881359,utility_aware_30,1.0,14.4523,1.0,1.0,100.0,0.5413
99.45,182.8824,1.0,6.978914,datasets\sentinel2_100_patch\images\sentinel2_cems_0067.png,0.4,0.876424,utility_aware_40,1.0,15.2856,1.0,1.0,100.0,0.5894
99.37,158.223,1.0,7.208157,datasets\sentinel2_100_patch\images\sentinel2_cems_0067.png,0.5,0.87121,utility_aware_50,1.0,16.0225,1.0,1.0,100.0,0.6263
99.28,138.1778,1.0,6.876899,datasets\sentinel2_100_patch\images\sentinel2_cems_0067.png,0.6,0.864156,utility_aware_60,1.0,16.6005,1.0,1.0,100.0,0.6541
99.2,124.514,1.0,7.226791,datasets\sentinel2_100_patch\images\sentinel2_cems_0067.png,0.7,0.856599,utility_aware_70,1.0,17.3704,0.948242,1.0,99.4824,0.6869
99.13,115.1042,0.996918,7.597497,datasets\sentinel2_100_patch\images\sentinel2_cems_0067.png,0.8,0.841469,utility_aware_80,1.0,18.0119,0.673828,0.995401,96.523,0.7121
99.07,107.7431,0.999761,6.917812,datasets\sentinel2_100_patch\images\sentinel2_cems_0067.png,0.9,0.822716,utility_aware_90,1.0,18.6835,0.916992,1.0,99.1604,0.7388
99.06,105.9824,1.0,6.688326,datasets\sentinel2_100_patch\images\sentinel2_cems_0067.png,1.0,0.817074,utility_aware_100,1.0,19.1003,1.0,1.0,100.0,0.7642
99.75,393.3235,0.212564,6.352672,datasets\sentinel2_100_patch\images\sentinel2_cems_0068.png,0.1,0.770772,utility_aware_10,1.0,12.129,0.143555,0.210121,44.1405,0.3148
99.63,269.0651,0.380469,6.564838,datasets\sentinel2_100_patch\images\sentinel2_cems_0068.png,0.2,0.742889,utility_aware_20,1.0,14.1796,0.321289,0.375089,55.9334,0.5683
99.52,207.3426,0.544719,6.752336,datasets\sentinel2_100_patch\images\sentinel2_cems_0068.png,0.3,0.716531,utility_aware_30,1.0,15.6445,0.629883,0.544517,68.9779,0.6942
99.42,172.6543,0.620998,7.084864,datasets\sentinel2_100_patch\images\sentinel2_cems_0068.png,0.4,0.697068,utility_aware_40,1.0,16.6661,0.62793,0.619933,73.5179,0.7532
99.33,149.0399,0.710658,6.617118,datasets\sentinel2_100_patch\images\sentinel2_cems_0068.png,0.5,0.680435,utility_aware_50,1.0,17.497,0.783203,0.709371,80.4458,0.7888
99.24,132.3153,0.776661,7.15574,datasets\sentinel2_100_patch\images\sentinel2_cems_0068.png,0.6,0.666902,utility_aware_60,1.0,18.3727,0.810547,0.779654,84.765,0.8162
99.17,119.9326,0.914564,7.181528,datasets\sentinel2_100_patch\images\sentinel2_cems_0068.png,0.7,0.654804,utility_aware_70,1.0,19.2656,0.983398,0.90068,94.4301,0.8388
99.09,110.2895,0.902038,6.71069,datasets\sentinel2_100_patch\images\sentinel2_cems_0068.png,0.8,0.635528,utility_aware_80,1.0,19.9892,0.922852,0.892115,93.1523,0.8546
99.04,104.2852,0.957381,6.889013,datasets\sentinel2_100_patch\images\sentinel2_cems_0068.png,0.9,0.628273,utility_aware_90,1.0,20.8868,0.972656,0.955207,97.1259,0.8723
99.02,102.5226,0.981657,7.457214,datasets\sentinel2_100_patch\images\sentinel2_cems_0068.png,1.0,0.630189,utility_aware_100,1.0,21.3711,1.0,0.982637,98.919,0.8829
99.72,354.4004,0.088061,6.162566,datasets\sentinel2_100_patch\images\sentinel2_cems_0069.png,0.1,0.802038,utility_aware_10,0.571429,10.7065,0.096115,0.088235,23.3912,0.1848
99.58,237.2476,0.230569,6.200473,datasets\sentinel2_100_patch\images\sentinel2_cems_0069.png,0.2,0.762508,utility_aware_20,1.0,11.4439,0.302658,0.231724,46.8838,0.2994
99.46,186.0195,0.40043,6.177387,datasets\sentinel2_100_patch\images\sentinel2_cems_0069.png,0.3,0.736185,utility_aware_30,1.0,12.1054,0.599182,0.40011,60.0112,0.3857
99.35,153.2754,0.590545,6.906159,datasets\sentinel2_100_patch\images\sentinel2_cems_0069.png,0.4,0.712307,utility_aware_40,1.0,13.2828,0.817996,0.585515,73.5121,0.4934
99.24,132.0334,0.727024,6.522231,datasets\sentinel2_100_patch\images\sentinel2_cems_0069.png,0.5,0.696309,utility_aware_50,1.0,14.1751,0.924335,0.721165,82.7476,0.5604
99.14,116.855,0.809889,6.67474,datasets\sentinel2_100_patch\images\sentinel2_cems_0069.png,0.6,0.680394,utility_aware_60,1.0,14.9237,0.95501,0.806393,88.0735,0.6092
99.06,106.088,0.818794,6.873669,datasets\sentinel2_100_patch\images\sentinel2_cems_0069.png,0.7,0.668957,utility_aware_70,1.0,15.8235,0.936605,0.820579,88.5294,0.6604
98.96,96.1954,0.8712,7.008928,datasets\sentinel2_100_patch\images\sentinel2_cems_0069.png,0.8,0.638444,utility_aware_80,1.0,18.3447,0.887526,0.879607,91.3154,0.7641
98.89,89.8618,0.867271,6.420656,datasets\sentinel2_100_patch\images\sentinel2_cems_0069.png,0.9,0.62415,utility_aware_90,1.0,21.6529,0.773006,0.885287,90.1267,0.8414
98.86,87.9267,1.0,6.891392,datasets\sentinel2_100_patch\images\sentinel2_cems_0069.png,1.0,0.625432,utility_aware_100,1.0,25.2859,0.94274,1.0,99.4274,0.8801
99.72,357.6889,0.094546,6.268456,datasets\sentinel2_100_patch\images\sentinel2_cems_0070.png,0.1,0.833388,utility_aware_10,0.461538,11.2007,0.107417,0.097301,20.6482,0.1862
99.59,243.3282,0.219651,6.194852,datasets\sentinel2_100_patch\images\sentinel2_cems_0070.png,0.2,0.784205,utility_aware_20,1.0,12.0366,0.296675,0.22779,46.3086,0.3044
99.47,187.1325,0.393295,6.439167,datasets\sentinel2_100_patch\images\sentinel2_cems_0070.png,0.3,0.7503,utility_aware_30,1.0,13.365,0.547315,0.403615,59.2773,0.4291
99.35,154.2794,0.532456,6.853975,datasets\sentinel2_100_patch\images\sentinel2_cems_0070.png,0.4,0.710648,utility_aware_40,1.0,14.3511,0.647059,0.546977,68.7084,0.506
99.25,134.0475,0.612161,6.47193,datasets\sentinel2_100_patch\images\sentinel2_cems_0070.png,0.5,0.689703,utility_aware_50,1.0,15.2761,0.7289,0.634418,74.4638,0.5733
99.16,119.5213,0.618358,6.553132,datasets\sentinel2_100_patch\images\sentinel2_cems_0070.png,0.6,0.681519,utility_aware_60,1.0,15.6025,0.734015,0.645386,74.9822,0.6
99.09,109.626,0.787353,6.477332,datasets\sentinel2_100_patch\images\sentinel2_cems_0070.png,0.7,0.658203,utility_aware_70,1.0,17.1077,0.913043,0.820233,87.0292,0.6748
99.0,100.0825,0.816107,8.482457,datasets\sentinel2_100_patch\images\sentinel2_cems_0070.png,0.8,0.640117,utility_aware_80,1.0,19.9508,0.953964,0.857868,89.3413,0.7618
98.93,93.4946,0.909843,6.465508,datasets\sentinel2_100_patch\images\sentinel2_cems_0070.png,0.9,0.639862,utility_aware_90,1.0,23.173,0.956522,0.937584,94.7106,0.8148
98.91,91.8427,1.0,6.719814,datasets\sentinel2_100_patch\images\sentinel2_cems_0070.png,1.0,0.649826,utility_aware_100,1.0,25.5264,1.0,1.0,100.0,0.845
99.76,413.7203,0.213284,6.096114,datasets\sentinel2_100_patch\images\sentinel2_cems_0071.png,0.1,0.847656,utility_aware_10,0.636364,10.1313,0.15332,0.211327,33.382,0.2364
99.65,283.1268,0.320851,6.575621,datasets\sentinel2_100_patch\images\sentinel2_cems_0071.png,0.2,0.794397,utility_aware_20,0.681818,11.1691,0.191406,0.311087,41.4244,0.3931
99.54,215.7779,0.450878,6.777344,datasets\sentinel2_100_patch\images\sentinel2_cems_0071.png,0.3,0.746572,utility_aware_30,0.863636,12.3999,0.255859,0.437141,55.2456,0.5055
99.44,177.8525,0.604076,6.868676,datasets\sentinel2_100_patch\images\sentinel2_cems_0071.png,0.4,0.723219,utility_aware_40,1.0,13.2795,0.551758,0.580928,71.2992,0.5663
99.34,151.6751,0.73337,6.451277,datasets\sentinel2_100_patch\images\sentinel2_cems_0071.png,0.5,0.712799,utility_aware_50,0.954545,14.2506,0.81543,0.719568,80.5168,0.6225
99.26,134.5957,0.852483,6.777339,datasets\sentinel2_100_patch\images\sentinel2_cems_0071.png,0.6,0.704423,utility_aware_60,1.0,15.168,0.885742,0.848522,89.9272,0.6699
99.18,121.8941,1.0,6.650492,datasets\sentinel2_100_patch\images\sentinel2_cems_0071.png,0.7,0.702754,utility_aware_70,1.0,16.2085,1.0,1.0,100.0,0.7128
99.11,112.7269,1.0,6.802905,datasets\sentinel2_100_patch\images\sentinel2_cems_0071.png,0.8,0.699088,utility_aware_80,0.818182,17.8272,1.0,1.0,94.5455,0.7645
99.05,105.6523,1.0,7.20598,datasets\sentinel2_100_patch\images\sentinel2_cems_0071.png,0.9,0.704592,utility_aware_90,0.772727,19.1853,1.0,1.0,93.1818,0.8108
99.03,103.1446,1.0,7.229517,datasets\sentinel2_100_patch\images\sentinel2_cems_0071.png,1.0,0.705718,utility_aware_100,0.772727,20.8703,0.975586,1.0,92.9377,0.8561
99.76,418.9993,1.0,6.517572,datasets\sentinel2_100_patch\images\sentinel2_cems_0072.png,0.1,0.885194,utility_aware_10,1.0,12.1595,0.385742,1.0,93.8574,0.1765
99.65,284.2541,1.0,6.379701,datasets\sentinel2_100_patch\images\sentinel2_cems_0072.png,0.2,0.863916,utility_aware_20,1.0,12.7031,0.455078,1.0,94.5508,0.2929
99.54,219.4529,1.0,7.125566,datasets\sentinel2_100_patch\images\sentinel2_cems_0072.png,0.3,0.837788,utility_aware_30,1.0,13.2438,0.482422,1.0,94.8242,0.3764
99.45,182.8774,1.0,7.722385,datasets\sentinel2_100_patch\images\sentinel2_cems_0072.png,0.4,0.820546,utility_aware_40,1.0,13.913,0.419922,1.0,94.1992,0.46
99.36,156.9238,0.990906,7.08541,datasets\sentinel2_100_patch\images\sentinel2_cems_0072.png,0.5,0.813911,utility_aware_50,1.0,14.4286,0.263672,0.973704,91.747,0.5327
99.29,140.0421,1.0,7.150959,datasets\sentinel2_100_patch\images\sentinel2_cems_0072.png,0.6,0.804026,utility_aware_60,1.0,15.0609,0.558594,1.0,95.5859,0.6032
99.2,125.4428,1.0,6.895414,datasets\sentinel2_100_patch\images\sentinel2_cems_0072.png,0.7,0.790427,utility_aware_70,1.0,15.8537,1.0,1.0,100.0,0.668
99.13,114.6002,1.0,7.412328,datasets\sentinel2_100_patch\images\sentinel2_cems_0072.png,0.8,0.776321,utility_aware_80,1.0,16.9963,0.938477,1.0,99.3848,0.7404
99.07,107.583,1.0,6.778422,datasets\sentinel2_100_patch\images\sentinel2_cems_0072.png,0.9,0.76172,utility_aware_90,1.0,18.6392,1.0,1.0,100.0,0.8066
99.04,104.5777,1.0,7.195992,datasets\sentinel2_100_patch\images\sentinel2_cems_0072.png,1.0,0.745851,utility_aware_100,1.0,20.3619,0.822266,1.0,98.2227,0.8516
99.72,356.9636,0.267266,5.730495,datasets\sentinel2_100_patch\images\sentinel2_cems_0073.png,0.1,0.79218,utility_aware_10,0.5,11.7151,0.958333,0.272371,40.7214,0.2197
99.58,237.227,0.412269,6.187309,datasets\sentinel2_100_patch\images\sentinel2_cems_0073.png,0.2,0.743337,utility_aware_20,0.714286,12.6873,1.0,0.429042,56.5002,0.3355
99.46,185.1572,0.450061,6.161589,datasets\sentinel2_100_patch\images\sentinel2_cems_0073.png,0.3,0.722745,utility_aware_30,0.714286,13.4553,1.0,0.473093,58.8929,0.4152
99.36,155.6896,0.545942,6.5454,datasets\sentinel2_100_patch\images\sentinel2_cems_0073.png,0.4,0.701548,utility_aware_40,1.0,14.3763,1.0,0.578995,73.4176,0.5
99.26,135.6146,0.568554,6.45068,datasets\sentinel2_100_patch\images\sentinel2_cems_0073.png,0.5,0.686765,utility_aware_50,1.0,14.8547,1.0,0.595069,74.6435,0.5438
99.17,121.0749,0.665467,7.00812,datasets\sentinel2_100_patch\images\sentinel2_cems_0073.png,0.6,0.672014,utility_aware_60,1.0,15.6592,1.0,0.713931,80.8973,0.5988
99.1,111.2624,0.752447,7.133307,datasets\sentinel2_100_patch\images\sentinel2_cems_0073.png,0.7,0.665903,utility_aware_70,1.0,15.902,1.0,0.79602,86.0183,0.6139
99.02,102.4051,0.760056,6.74696,datasets\sentinel2_100_patch\images\sentinel2_cems_0073.png,0.8,0.65586,utility_aware_80,1.0,17.5232,1.0,0.807409,86.5504,0.6875
98.95,95.1857,0.899224,7.158048,datasets\sentinel2_100_patch\images\sentinel2_cems_0073.png,0.9,0.6533,utility_aware_90,1.0,19.3601,1.0,0.950111,94.9712,0.743
98.92,92.3692,1.0,7.035253,datasets\sentinel2_100_patch\images\sentinel2_cems_0073.png,1.0,0.650091,utility_aware_100,1.0,24.9451,1.0,1.0,100.0,0.816
99.77,431.388,0.235463,6.555627,datasets\sentinel2_100_patch\images\sentinel2_cems_0074.png,0.1,0.835868,utility_aware_10,0.941176,10.7714,0.154297,0.23173,43.8314,0.1997
99.66,292.4447,0.389357,6.173217,datasets\sentinel2_100_patch\images\sentinel2_cems_0074.png,0.2,0.790232,utility_aware_20,1.0,12.147,0.365234,0.390592,57.0385,0.3917
99.56,225.8628,0.547544,6.977226,datasets\sentinel2_100_patch\images\sentinel2_cems_0074.png,0.3,0.776375,utility_aware_30,0.764706,13.5745,0.669922,0.553781,62.6178,0.5424
99.46,186.657,0.640305,7.049675,datasets\sentinel2_100_patch\images\sentinel2_cems_0074.png,0.4,0.769064,utility_aware_40,1.0,15.3409,0.657227,0.641893,75.0223,0.6608
99.37,159.0918,0.70513,6.880905,datasets\sentinel2_100_patch\images\sentinel2_cems_0074.png,0.5,0.757565,utility_aware_50,0.882353,16.6564,0.681641,0.715032,75.7928,0.7215
99.29,141.4149,0.902622,7.443084,datasets\sentinel2_100_patch\images\sentinel2_cems_0074.png,0.6,0.74823,utility_aware_60,0.941176,17.7477,0.84668,0.903314,90.8732,0.7573
99.21,127.1636,0.940912,7.273957,datasets\sentinel2_100_patch\images\sentinel2_cems_0074.png,0.7,0.743592,utility_aware_70,1.0,18.6068,0.847656,0.938534,94.8837,0.7848
99.15,117.0127,0.986207,7.227373,datasets\sentinel2_100_patch\images\sentinel2_cems_0074.png,0.8,0.742426,utility_aware_80,1.0,19.3597,0.904297,0.985044,98.1921,0.8031
99.07,107.847,0.995421,6.779862,datasets\sentinel2_100_patch\images\sentinel2_cems_0074.png,0.9,0.736788,utility_aware_90,0.882353,19.7464,0.941406,0.996272,95.6269,0.8157
99.05,104.9841,0.973985,7.040064,datasets\sentinel2_100_patch\images\sentinel2_cems_0074.png,1.0,0.740441,utility_aware_100,1.0,20.0765,0.970703,0.980462,98.2757,0.8237
99.74,383.0334,0.301379,6.671033,datasets\sentinel2_100_patch\images\sentinel2_cems_0075.png,0.1,0.785346,utility_aware_10,1.0,9.1423,0.178711,0.299848,49.8392,0.2171
99.61,257.3282,0.499407,6.6077,datasets\sentinel2_100_patch\images\sentinel2_cems_0075.png,0.2,0.777947,utility_aware_20,0.913043,10.2771,0.435547,0.503168,61.7864,0.3488
99.51,202.227,0.609454,6.462097,datasets\sentinel2_100_patch\images\sentinel2_cems_0075.png,0.3,0.780869,utility_aware_30,0.434783,11.3824,0.71875,0.621572,57.0406,0.4401
99.4,167.7305,0.932486,6.573168,datasets\sentinel2_100_patch\images\sentinel2_cems_0075.png,0.4,0.773518,utility_aware_40,0.347826,13.2905,1.0,0.951042,76.755,0.5461
99.31,144.9507,1.0,6.638657,datasets\sentinel2_100_patch\images\sentinel2_cems_0075.png,0.5,0.775244,utility_aware_50,0.565217,14.0817,1.0,1.0,86.9565,0.5814
99.22,128.4236,0.943666,6.741073,datasets\sentinel2_100_patch\images\sentinel2_cems_0075.png,0.6,0.760411,utility_aware_60,0.695652,16.0048,1.0,0.962526,87.8667,0.6539
99.13,115.2554,0.886706,6.468334,datasets\sentinel2_100_patch\images\sentinel2_cems_0075.png,0.7,0.748674,utility_aware_70,0.73913,17.4416,1.0,0.910561,85.8534,0.7014
99.05,105.2975,0.838618,6.662012,datasets\sentinel2_100_patch\images\sentinel2_cems_0075.png,0.8,0.741965,utility_aware_80,0.695652,19.494,0.982422,0.868815,81.6148,0.7565
98.98,98.24,0.916977,6.592061,datasets\sentinel2_100_patch\images\sentinel2_cems_0075.png,0.9,0.73704,utility_aware_90,0.695652,21.0117,1.0,0.947453,86.4977,0.7876
98.96,96.0932,0.950638,6.942492,datasets\sentinel2_100_patch\images\sentinel2_cems_0075.png,1.0,0.734554,utility_aware_100,0.826087,22.8938,1.0,0.97728,92.3537,0.8115
99.74,378.7524,0.547977,6.614313,datasets\sentinel2_100_patch\images\sentinel2_cems_0076.png,0.1,0.937164,utility_aware_10,0.774194,11.9715,0.224609,0.537614,58.1433,0.4509
99.61,255.7023,0.743406,6.765812,datasets\sentinel2_100_patch\images\sentinel2_cems_0076.png,0.2,0.89444,utility_aware_20,0.645161,13.117,0.490234,0.74377,68.8688,0.5496
99.5,200.7541,0.894044,6.896924,datasets\sentinel2_100_patch\images\sentinel2_cems_0076.png,0.3,0.876638,utility_aware_30,0.677419,13.9565,0.818359,0.893823,82.1444,0.6073
99.4,167.7382,0.956667,6.589118,datasets\sentinel2_100_patch\images\sentinel2_cems_0076.png,0.4,0.864627,utility_aware_40,0.677419,14.9248,0.994141,0.958717,87.705,0.6524
99.31,145.2389,1.0,7.112071,datasets\sentinel2_100_patch\images\sentinel2_cems_0076.png,0.5,0.85128,utility_aware_50,0.83871,15.435,1.0,1.0,95.1613,0.6771
99.22,128.8798,1.0,7.289586,datasets\sentinel2_100_patch\images\sentinel2_cems_0076.png,0.6,0.842873,utility_aware_60,0.83871,15.8759,1.0,1.0,95.1613,0.6998
99.14,115.9808,1.0,7.057656,datasets\sentinel2_100_patch\images\sentinel2_cems_0076.png,0.7,0.824644,utility_aware_70,0.870968,16.2598,1.0,1.0,96.129,0.7135
99.06,106.397,1.0,6.769,datasets\sentinel2_100_patch\images\sentinel2_cems_0076.png,0.8,0.794926,utility_aware_80,0.774194,17.9012,1.0,1.0,93.2258,0.7568
98.99,99.2431,1.0,7.360757,datasets\sentinel2_100_patch\images\sentinel2_cems_0076.png,0.9,0.768706,utility_aware_90,0.774194,18.2054,1.0,1.0,93.2258,0.757
98.97,96.7228,1.0,7.632004,datasets\sentinel2_100_patch\images\sentinel2_cems_0076.png,1.0,0.714404,utility_aware_100,0.741935,23.6314,1.0,1.0,92.2581,0.8531
99.77,430.2689,0.88238,7.16331,datasets\sentinel2_100_patch\images\sentinel2_cems_0077.png,0.1,0.852916,utility_aware_10,0.923077,13.5299,0.443359,0.852102,84.4631,0.4466
99.66,290.1513,1.0,6.68613,datasets\sentinel2_100_patch\images\sentinel2_cems_0077.png,0.2,0.835002,utility_aware_20,1.0,14.3591,0.612305,0.976173,95.6465,0.5979
99.56,226.4042,0.993225,6.744584,datasets\sentinel2_100_patch\images\sentinel2_cems_0077.png,0.3,0.826453,utility_aware_30,1.0,14.9577,0.384766,0.957668,92.73,0.6887
99.46,185.8607,0.98323,6.522831,datasets\sentinel2_100_patch\images\sentinel2_cems_0077.png,0.4,0.806282,utility_aware_40,1.0,15.5134,0.257812,0.954714,91.0016,0.7361
99.37,159.1049,0.84754,7.451058,datasets\sentinel2_100_patch\images\sentinel2_cems_0077.png,0.5,0.786574,utility_aware_50,1.0,16.8875,0.060547,0.827542,81.0579,0.786
99.29,140.8419,0.846161,7.146138,datasets\sentinel2_100_patch\images\sentinel2_cems_0077.png,0.6,0.76905,utility_aware_60,1.0,17.783,0.060547,0.847851,81.4089,0.8011
99.21,127.256,0.860599,6.586152,datasets\sentinel2_100_patch\images\sentinel2_cems_0077.png,0.7,0.745248,utility_aware_70,1.0,18.4021,0.164062,0.867968,83.4239,0.8101
99.14,116.7625,1.0,7.257053,datasets\sentinel2_100_patch\images\sentinel2_cems_0077.png,0.8,0.727972,utility_aware_80,1.0,19.0037,1.0,1.0,100.0,0.8173
99.09,109.7068,1.0,6.901316,datasets\sentinel2_100_patch\images\sentinel2_cems_0077.png,0.9,0.706439,utility_aware_90,1.0,19.684,1.0,1.0,100.0,0.8317
99.06,106.1283,1.0,7.320558,datasets\sentinel2_100_patch\images\sentinel2_cems_0077.png,1.0,0.690981,utility_aware_100,1.0,20.8111,1.0,1.0,100.0,0.8685
99.76,411.0453,0.244604,6.499294,datasets\sentinel2_100_patch\images\sentinel2_cems_0078.png,0.1,0.738283,utility_aware_10,1.0,10.3085,0.092773,0.243265,45.5772,0.1954
99.64,278.2339,0.416316,6.681144,datasets\sentinel2_100_patch\images\sentinel2_cems_0078.png,0.2,0.729486,utility_aware_20,1.0,11.7015,0.314453,0.406063,57.9184,0.3837
99.54,215.8408,0.576592,6.548922,datasets\sentinel2_100_patch\images\sentinel2_cems_0078.png,0.3,0.734892,utility_aware_30,1.0,13.4352,0.597656,0.572472,70.4897,0.5617
99.45,180.4714,0.696497,6.583049,datasets\sentinel2_100_patch\images\sentinel2_cems_0078.png,0.4,0.724777,utility_aware_40,1.0,15.1423,0.859375,0.697874,80.4111,0.6769
99.36,155.6856,0.751539,6.80211,datasets\sentinel2_100_patch\images\sentinel2_cems_0078.png,0.5,0.71928,utility_aware_50,1.0,16.6836,0.84375,0.751318,83.5254,0.7495
99.27,137.9268,0.798442,6.373297,datasets\sentinel2_100_patch\images\sentinel2_cems_0078.png,0.6,0.717212,utility_aware_60,1.0,17.7889,0.924805,0.800608,87.1979,0.7911
99.21,125.9813,0.809671,6.571118,datasets\sentinel2_100_patch\images\sentinel2_cems_0078.png,0.7,0.705574,utility_aware_70,1.0,18.5292,0.828125,0.810484,86.8778,0.8144
99.14,116.3585,0.950334,7.114224,datasets\sentinel2_100_patch\images\sentinel2_cems_0078.png,0.8,0.68979,utility_aware_80,1.0,19.0699,1.0,0.949377,97.0009,0.8269
99.08,108.8923,1.0,6.991288,datasets\sentinel2_100_patch\images\sentinel2_cems_0078.png,0.9,0.683542,utility_aware_90,1.0,19.7179,1.0,1.0,100.0,0.8398
99.04,103.9019,1.0,7.200803,datasets\sentinel2_100_patch\images\sentinel2_cems_0078.png,1.0,0.692575,utility_aware_100,1.0,20.1513,1.0,1.0,100.0,0.8501
99.74,385.0994,0.122359,6.579619,datasets\sentinel2_100_patch\images\sentinel2_cems_0079.png,0.1,0.760735,utility_aware_10,0.678571,8.9205,0.100629,0.121379,28.6854,0.1574
99.61,256.9729,0.330151,6.698399,datasets\sentinel2_100_patch\images\sentinel2_cems_0079.png,0.2,0.732016,utility_aware_20,1.0,9.9376,0.268344,0.322121,52.3319,0.286
99.5,201.2892,0.461484,7.151881,datasets\sentinel2_100_patch\images\sentinel2_cems_0079.png,0.3,0.734586,utility_aware_30,1.0,11.0563,0.47065,0.459571,62.3573,0.3906
99.4,166.3909,0.62524,6.58487,datasets\sentinel2_100_patch\images\sentinel2_cems_0079.png,0.4,0.737915,utility_aware_40,0.75,12.0685,0.753669,0.625275,67.5518,0.4711
99.3,143.1716,0.765572,6.556887,datasets\sentinel2_100_patch\images\sentinel2_cems_0079.png,0.5,0.74261,utility_aware_50,1.0,12.9743,1.0,0.769797,86.0188,0.5303
99.22,127.4147,0.905617,6.869715,datasets\sentinel2_100_patch\images\sentinel2_cems_0079.png,0.6,0.742667,utility_aware_60,1.0,13.8529,1.0,0.912045,94.4656,0.5833
99.14,116.3856,0.967277,6.547732,datasets\sentinel2_100_patch\images\sentinel2_cems_0079.png,0.7,0.74062,utility_aware_70,1.0,14.518,1.0,0.986012,98.4113,0.6225
99.07,107.849,1.0,6.831213,datasets\sentinel2_100_patch\images\sentinel2_cems_0079.png,0.8,0.738492,utility_aware_80,1.0,15.0265,1.0,1.0,100.0,0.6534
99.0,100.4424,1.0,6.86004,datasets\sentinel2_100_patch\images\sentinel2_cems_0079.png,0.9,0.738934,utility_aware_90,1.0,15.3208,1.0,1.0,100.0,0.6697
98.95,95.3236,1.0,6.815164,datasets\sentinel2_100_patch\images\sentinel2_cems_0079.png,1.0,0.702921,utility_aware_100,0.821429,23.3164,1.0,1.0,94.6429,0.8423
99.73,375.7669,0.271898,6.25521,datasets\sentinel2_100_patch\images\sentinel2_cems_0080.png,0.1,0.758109,utility_aware_10,0.709677,10.2193,0.151367,0.269386,39.0676,0.2947
99.6,251.6716,0.472738,7.451461,datasets\sentinel2_100_patch\images\sentinel2_cems_0080.png,0.2,0.723544,utility_aware_20,0.645161,11.7003,0.351562,0.477618,51.3323,0.4297
99.49,195.5232,0.652546,6.483736,datasets\sentinel2_100_patch\images\sentinel2_cems_0080.png,0.3,0.717442,utility_aware_30,0.580645,13.0792,0.586914,0.659325,62.5768,0.5248
99.39,162.7311,0.715599,6.733176,datasets\sentinel2_100_patch\images\sentinel2_cems_0080.png,0.4,0.70303,utility_aware_40,0.483871,14.8811,0.749023,0.730072,65.2318,0.6153
99.3,141.8692,0.8171,7.235564,datasets\sentinel2_100_patch\images\sentinel2_cems_0080.png,0.5,0.706047,utility_aware_50,0.516129,16.4849,1.0,0.839165,74.9512,0.6794
99.2,124.824,0.913238,7.219984,datasets\sentinel2_100_patch\images\sentinel2_cems_0080.png,0.6,0.702813,utility_aware_60,0.548387,18.1498,1.0,0.94289,81.8389,0.7346
99.12,113.0585,0.978394,7.032786,datasets\sentinel2_100_patch\images\sentinel2_cems_0080.png,0.7,0.707711,utility_aware_70,0.612903,19.739,1.0,1.0,87.5228,0.7804
99.04,103.9723,0.991461,7.38084,datasets\sentinel2_100_patch\images\sentinel2_cems_0080.png,0.8,0.70825,utility_aware_80,0.580645,21.1804,1.0,1.0,87.0778,0.8159
98.97,97.3064,1.0,7.16665,datasets\sentinel2_100_patch\images\sentinel2_cems_0080.png,0.9,0.713528,utility_aware_90,0.580645,22.0724,1.0,1.0,87.4194,0.8338
98.94,94.3004,1.0,7.217546,datasets\sentinel2_100_patch\images\sentinel2_cems_0080.png,1.0,0.723155,utility_aware_100,0.580645,23.5161,1.0,1.0,87.4194,0.8529
99.76,425.0278,0.267495,6.2929,datasets\sentinel2_100_patch\images\sentinel2_cems_0081.png,0.1,0.791773,utility_aware_10,0.85,11.079,0.262695,0.262795,44.0827,0.3072
99.65,287.1299,0.439233,6.575012,datasets\sentinel2_100_patch\images\sentinel2_cems_0081.png,0.2,0.75088,utility_aware_20,1.0,12.6135,0.431641,0.435562,60.597,0.4929
99.55,223.4581,0.572743,6.334163,datasets\sentinel2_100_patch\images\sentinel2_cems_0081.png,0.3,0.736618,utility_aware_30,1.0,14.0972,0.541016,0.569061,69.7011,0.6292
99.46,185.2894,0.684936,6.862406,datasets\sentinel2_100_patch\images\sentinel2_cems_0081.png,0.4,0.737551,utility_aware_40,1.0,15.3257,0.693359,0.682693,77.9849,0.7121
99.37,158.8194,0.795899,6.634911,datasets\sentinel2_100_patch\images\sentinel2_cems_0081.png,0.5,0.727782,utility_aware_50,1.0,16.2463,0.75,0.792276,85.1815,0.7574
99.28,139.7016,0.797097,7.171515,datasets\sentinel2_100_patch\images\sentinel2_cems_0081.png,0.6,0.719535,utility_aware_60,1.0,17.2789,0.637695,0.795297,84.1668,0.791
99.21,126.3172,0.97845,7.370637,datasets\sentinel2_100_patch\images\sentinel2_cems_0081.png,0.7,0.710634,utility_aware_70,1.0,18.3012,0.90918,0.97608,97.7514,0.815
99.13,115.0907,0.990212,7.117728,datasets\sentinel2_100_patch\images\sentinel2_cems_0081.png,0.8,0.714855,utility_aware_80,1.0,19.4371,0.950195,0.990609,98.9226,0.8379
99.07,107.0985,0.998631,7.541806,datasets\sentinel2_100_patch\images\sentinel2_cems_0081.png,0.9,0.724449,utility_aware_90,1.0,20.0705,0.980469,0.99293,99.6085,0.8514
99.04,103.921,1.0,6.954524,datasets\sentinel2_100_patch\images\sentinel2_cems_0081.png,1.0,0.732867,utility_aware_100,0.9,20.3712,1.0,1.0,97.0,0.858
99.74,382.9068,0.338505,6.217262,datasets\sentinel2_100_patch\images\sentinel2_cems_0082.png,0.1,0.789543,utility_aware_10,0.6,9.301,0.10951,0.336555,39.3664,0.1477
99.61,257.5239,0.555811,7.076307,datasets\sentinel2_100_patch\images\sentinel2_cems_0082.png,0.2,0.758914,utility_aware_20,1.0,10.3374,0.360231,0.554994,66.9346,0.3083
99.5,200.0899,0.749198,6.891219,datasets\sentinel2_100_patch\images\sentinel2_cems_0082.png,0.3,0.756039,utility_aware_30,1.0,11.6013,0.746398,0.750988,82.4517,0.4585
99.4,167.3556,0.959255,6.394656,datasets\sentinel2_100_patch\images\sentinel2_cems_0082.png,0.4,0.766139,utility_aware_40,1.0,12.7644,1.0,0.962602,97.6222,0.5623
99.31,145.5247,1.0,7.080824,datasets\sentinel2_100_patch\images\sentinel2_cems_0082.png,0.5,0.769025,utility_aware_50,1.0,14.3309,1.0,1.0,100.0,0.6574
99.23,130.0608,1.0,7.16088,datasets\sentinel2_100_patch\images\sentinel2_cems_0082.png,0.6,0.76116,utility_aware_60,1.0,16.0631,1.0,1.0,100.0,0.7283
99.14,115.8965,1.0,6.98626,datasets\sentinel2_100_patch\images\sentinel2_cems_0082.png,0.7,0.745064,utility_aware_70,0.95,17.7974,1.0,1.0,98.5,0.7825
99.05,105.6697,1.0,6.679832,datasets\sentinel2_100_patch\images\sentinel2_cems_0082.png,0.8,0.728563,utility_aware_80,0.9,19.6892,1.0,1.0,97.0,0.8256
98.98,97.8037,1.0,7.108416,datasets\sentinel2_100_patch\images\sentinel2_cems_0082.png,0.9,0.719086,utility_aware_90,0.8,21.4419,1.0,1.0,94.0,0.8532
98.94,94.1659,1.0,7.184264,datasets\sentinel2_100_patch\images\sentinel2_cems_0082.png,1.0,0.723888,utility_aware_100,0.7,23.0735,1.0,1.0,91.0,0.8706
99.76,413.3625,0.293579,7.035876,datasets\sentinel2_100_patch\images\sentinel2_cems_0083.png,0.1,0.787359,utility_aware_10,0.538462,10.0586,0.136719,0.283504,34.9343,0.1743
99.65,282.2768,0.383089,6.688797,datasets\sentinel2_100_patch\images\sentinel2_cems_0083.png,0.2,0.748935,utility_aware_20,0.923077,11.3167,0.291016,0.376782,53.4616,0.3688
99.54,219.7505,0.493225,6.526382,datasets\sentinel2_100_patch\images\sentinel2_cems_0083.png,0.3,0.73392,utility_aware_30,0.846154,12.6937,0.449219,0.499247,59.5908,0.5399
99.45,182.6758,0.613899,7.080792,datasets\sentinel2_100_patch\images\sentinel2_cems_0083.png,0.4,0.728744,utility_aware_40,1.0,14.6869,0.541992,0.621729,72.4105,0.6949
99.37,158.2227,0.701073,7.118404,datasets\sentinel2_100_patch\images\sentinel2_cems_0083.png,0.5,0.722067,utility_aware_50,1.0,16.7349,0.505859,0.711014,77.3218,0.7934
99.28,138.511,0.825191,6.357378,datasets\sentinel2_100_patch\images\sentinel2_cems_0083.png,0.6,0.715328,utility_aware_60,1.0,17.8717,0.853516,0.8233,88.0088,0.8296
99.19,123.7971,0.9328,6.850968,datasets\sentinel2_100_patch\images\sentinel2_cems_0083.png,0.7,0.687718,utility_aware_70,1.0,18.7177,1.0,0.930247,95.917,0.8511
99.11,112.8229,0.965851,7.358109,datasets\sentinel2_100_patch\images\sentinel2_cems_0083.png,0.8,0.679245,utility_aware_80,1.0,19.3859,1.0,0.966148,97.957,0.8641
99.05,105.5586,0.973551,7.301198,datasets\sentinel2_100_patch\images\sentinel2_cems_0083.png,0.9,0.677694,utility_aware_90,1.0,19.797,1.0,0.977497,98.492,0.8716
99.03,103.2303,1.0,7.320667,datasets\sentinel2_100_patch\images\sentinel2_cems_0083.png,1.0,0.687531,utility_aware_100,1.0,20.3311,1.0,1.0,100.0,0.8793
99.74,391.0601,1.0,6.68784,datasets\sentinel2_100_patch\images\sentinel2_cems_0084.png,0.1,0.906217,utility_aware_10,1.0,10.6226,1.0,1.0,100.0,0.1458
99.62,264.655,1.0,7.159658,datasets\sentinel2_100_patch\images\sentinel2_cems_0084.png,0.2,0.887173,utility_aware_20,1.0,10.874,1.0,1.0,100.0,0.1791
99.52,206.5815,1.0,6.949827,datasets\sentinel2_100_patch\images\sentinel2_cems_0084.png,0.3,0.888005,utility_aware_30,1.0,11.2048,1.0,1.0,100.0,0.1857
99.42,171.8549,1.0,7.700559,datasets\sentinel2_100_patch\images\sentinel2_cems_0084.png,0.4,0.894125,utility_aware_40,1.0,11.8263,1.0,1.0,100.0,0.1922
99.32,147.6673,1.0,6.99906,datasets\sentinel2_100_patch\images\sentinel2_cems_0084.png,0.5,0.899024,utility_aware_50,1.0,12.3628,1.0,1.0,100.0,0.2229
99.24,130.872,1.0,6.902316,datasets\sentinel2_100_patch\images\sentinel2_cems_0084.png,0.6,0.89508,utility_aware_60,1.0,13.2116,1.0,1.0,100.0,0.2528
99.16,118.5031,1.0,6.905578,datasets\sentinel2_100_patch\images\sentinel2_cems_0084.png,0.7,0.876315,utility_aware_70,1.0,14.4612,1.0,1.0,100.0,0.299
99.08,108.6278,1.0,7.106484,datasets\sentinel2_100_patch\images\sentinel2_cems_0084.png,0.8,0.845936,utility_aware_80,1.0,15.9456,1.0,1.0,100.0,0.407
99.01,101.0875,1.0,6.990056,datasets\sentinel2_100_patch\images\sentinel2_cems_0084.png,0.9,0.808473,utility_aware_90,1.0,17.9488,1.0,1.0,100.0,0.5757
98.99,98.6446,1.0,6.917353,datasets\sentinel2_100_patch\images\sentinel2_cems_0084.png,1.0,0.765212,utility_aware_100,0.631579,22.2147,1.0,1.0,88.9474,0.7921
99.78,452.454,0.182774,6.205502,datasets\sentinel2_100_patch\images\sentinel2_cems_0085.png,0.1,0.82559,utility_aware_10,1.0,9.6855,0.165039,0.180038,42.5621,0.1869
99.67,306.2156,0.323229,6.894549,datasets\sentinel2_100_patch\images\sentinel2_cems_0085.png,0.2,0.797197,utility_aware_20,0.615385,10.5812,0.420898,0.318162,41.9629,0.3221
99.57,233.1415,0.476403,6.426733,datasets\sentinel2_100_patch\images\sentinel2_cems_0085.png,0.3,0.741059,utility_aware_30,1.0,11.6554,0.697266,0.472972,65.4882,0.4488
99.48,191.0039,0.611263,6.66832,datasets\sentinel2_100_patch\images\sentinel2_cems_0085.png,0.4,0.727096,utility_aware_40,1.0,12.7599,0.852539,0.603682,75.0496,0.5444
99.39,163.7702,0.712126,6.805306,datasets\sentinel2_100_patch\images\sentinel2_cems_0085.png,0.5,0.728597,utility_aware_50,1.0,13.8547,0.981445,0.714155,82.5826,0.6211
99.3,142.7488,0.813205,7.208614,datasets\sentinel2_100_patch\images\sentinel2_cems_0085.png,0.6,0.733721,utility_aware_60,1.0,15.0782,1.0,0.809422,88.7166,0.6877
99.22,127.7049,0.877209,6.743587,datasets\sentinel2_100_patch\images\sentinel2_cems_0085.png,0.7,0.731466,utility_aware_70,1.0,16.3622,1.0,0.874517,92.5787,0.7382
99.14,116.5707,0.985248,6.980926,datasets\sentinel2_100_patch\images\sentinel2_cems_0085.png,0.8,0.726469,utility_aware_80,1.0,17.7035,1.0,0.983259,99.0751,0.7769
99.08,109.11,0.967527,7.067804,datasets\sentinel2_100_patch\images\sentinel2_cems_0085.png,0.9,0.732421,utility_aware_90,1.0,18.8806,1.0,0.971265,98.1264,0.8013
99.06,106.3598,1.0,7.09636,datasets\sentinel2_100_patch\images\sentinel2_cems_0085.png,1.0,0.752039,utility_aware_100,0.923077,19.7375,1.0,1.0,97.6923,0.8132
99.77,429.1044,0.880194,6.7178,datasets\sentinel2_100_patch\images\sentinel2_cems_0086.png,0.1,0.810099,utility_aware_10,1.0,13.8496,0.385742,0.846231,85.9898,0.3399
99.66,293.4101,0.900575,6.623905,datasets\sentinel2_100_patch\images\sentinel2_cems_0086.png,0.2,0.806998,utility_aware_20,1.0,14.2825,0.399414,0.823577,86.4887,0.4934
99.56,227.2207,1.0,6.804472,datasets\sentinel2_100_patch\images\sentinel2_cems_0086.png,0.3,0.81091,utility_aware_30,1.0,14.6903,1.0,1.0,100.0,0.5761
99.47,187.6577,1.0,7.665054,datasets\sentinel2_100_patch\images\sentinel2_cems_0086.png,0.4,0.808868,utility_aware_40,1.0,15.1217,1.0,1.0,100.0,0.6247
99.38,161.7669,1.0,6.97202,datasets\sentinel2_100_patch\images\sentinel2_cems_0086.png,0.5,0.808259,utility_aware_50,1.0,15.4835,1.0,1.0,100.0,0.6576
99.3,143.2737,1.0,7.172181,datasets\sentinel2_100_patch\images\sentinel2_cems_0086.png,0.6,0.803481,utility_aware_60,1.0,15.9749,1.0,1.0,100.0,0.6726
99.23,129.2394,1.0,7.310336,datasets\sentinel2_100_patch\images\sentinel2_cems_0086.png,0.7,0.793347,utility_aware_70,1.0,16.885,0.955078,1.0,99.5508,0.6891
99.16,118.6866,1.0,7.192775,datasets\sentinel2_100_patch\images\sentinel2_cems_0086.png,0.8,0.77516,utility_aware_80,1.0,17.8761,1.0,1.0,100.0,0.6988
99.1,111.3761,1.0,6.957187,datasets\sentinel2_100_patch\images\sentinel2_cems_0086.png,0.9,0.758554,utility_aware_90,1.0,18.8933,1.0,1.0,100.0,0.72
99.08,108.7137,1.0,7.224252,datasets\sentinel2_100_patch\images\sentinel2_cems_0086.png,1.0,0.758895,utility_aware_100,1.0,19.6757,1.0,1.0,100.0,0.7653
99.74,384.5817,0.207357,6.923224,datasets\sentinel2_100_patch\images\sentinel2_cems_0087.png,0.1,0.78974,utility_aware_10,1.0,8.7448,0.12207,0.20577,43.6304,0.1227
99.61,258.1539,0.359627,6.541076,datasets\sentinel2_100_patch\images\sentinel2_cems_0087.png,0.2,0.77667,utility_aware_20,1.0,9.5278,0.301758,0.356505,54.5327,0.2052
99.51,202.8421,0.506903,6.752537,datasets\sentinel2_100_patch\images\sentinel2_cems_0087.png,0.3,0.782304,utility_aware_30,1.0,10.1639,0.501953,0.500708,65.3098,0.2647
99.4,166.9988,0.698554,6.964202,datasets\sentinel2_100_patch\images\sentinel2_cems_0087.png,0.4,0.793741,utility_aware_40,1.0,10.9966,0.710938,0.692912,78.9098,0.3283
99.31,145.1814,0.793047,6.820407,datasets\sentinel2_100_patch\images\sentinel2_cems_0087.png,0.5,0.790997,utility_aware_50,1.0,11.887,0.859375,0.808184,86.4793,0.3868
99.22,128.315,0.786324,7.068728,datasets\sentinel2_100_patch\images\sentinel2_cems_0087.png,0.6,0.774927,utility_aware_60,1.0,13.1957,0.847656,0.796128,85.8521,0.4596
99.14,115.7925,0.884828,6.596656,datasets\sentinel2_100_patch\images\sentinel2_cems_0087.png,0.7,0.768886,utility_aware_70,1.0,14.1418,0.952148,0.891892,92.7525,0.511
99.06,106.5518,0.89317,6.65606,datasets\sentinel2_100_patch\images\sentinel2_cems_0087.png,0.8,0.759386,utility_aware_80,1.0,14.4652,0.936523,0.901969,93.1314,0.5286
99.0,100.1316,0.864364,7.059514,datasets\sentinel2_100_patch\images\sentinel2_cems_0087.png,0.9,0.741051,utility_aware_90,1.0,15.7285,0.860352,0.88142,90.8065,0.5843
98.98,97.9301,1.0,7.08964,datasets\sentinel2_100_patch\images\sentinel2_cems_0087.png,1.0,0.732445,utility_aware_100,1.0,22.3528,1.0,1.0,100.0,0.7475
99.76,414.2557,0.295811,6.308178,datasets\sentinel2_100_patch\images\sentinel2_cems_0088.png,0.1,0.8213,utility_aware_10,0.954545,12.2585,0.207031,0.297713,48.4934,0.3587
99.65,284.0791,0.45296,6.409029,datasets\sentinel2_100_patch\images\sentinel2_cems_0088.png,0.2,0.80067,utility_aware_20,0.772727,13.9995,0.412109,0.447276,54.3668,0.561
99.55,222.0634,0.567851,6.481658,datasets\sentinel2_100_patch\images\sentinel2_cems_0088.png,0.3,0.774045,utility_aware_30,1.0,15.7638,0.553711,0.569422,69.6396,0.7043
99.45,182.6289,0.818584,6.646019,datasets\sentinel2_100_patch\images\sentinel2_cems_0088.png,0.4,0.770541,utility_aware_40,1.0,17.7334,0.821289,0.83094,87.5751,0.791
99.36,155.951,0.976864,6.613091,datasets\sentinel2_100_patch\images\sentinel2_cems_0088.png,0.5,0.757418,utility_aware_50,1.0,19.1743,0.952148,0.958694,97.7699,0.8351
99.27,137.6444,1.0,7.380201,datasets\sentinel2_100_patch\images\sentinel2_cems_0088.png,0.6,0.749791,utility_aware_60,0.954545,20.1516,1.0,1.0,98.6364,0.8549
99.19,123.9469,1.0,6.812295,datasets\sentinel2_100_patch\images\sentinel2_cems_0088.png,0.7,0.740717,utility_aware_70,0.863636,20.58,1.0,1.0,95.9091,0.8662
99.12,113.7816,1.0,6.727481,datasets\sentinel2_100_patch\images\sentinel2_cems_0088.png,0.8,0.736914,utility_aware_80,0.772727,20.9293,1.0,1.0,93.1818,0.876
99.06,106.0125,1.0,6.81122,datasets\sentinel2_100_patch\images\sentinel2_cems_0088.png,0.9,0.729384,utility_aware_90,0.681818,21.209,1.0,1.0,90.4545,0.883
99.04,104.4128,1.0,6.65743,datasets\sentinel2_100_patch\images\sentinel2_cems_0088.png,1.0,0.726663,utility_aware_100,0.636364,21.3213,1.0,1.0,89.0909,0.8893
99.74,380.2958,0.459187,6.293698,datasets\sentinel2_100_patch\images\sentinel2_cems_0089.png,0.1,0.793769,utility_aware_10,1.0,12.1713,0.216893,0.452613,59.5887,0.4612
99.61,259.301,0.456285,6.412177,datasets\sentinel2_100_patch\images\sentinel2_cems_0089.png,0.2,0.771677,utility_aware_20,1.0,14.5645,0.345151,0.460637,60.9156,0.617
99.51,202.5046,0.5414,6.602224,datasets\sentinel2_100_patch\images\sentinel2_cems_0089.png,0.3,0.758271,utility_aware_30,1.0,16.1,0.530761,0.543195,67.8275,0.6937
99.41,169.4122,0.612481,6.753778,datasets\sentinel2_100_patch\images\sentinel2_cems_0089.png,0.4,0.758234,utility_aware_40,1.0,17.3095,0.624609,0.620935,73.164,0.7416
99.32,147.1942,0.689266,6.747991,datasets\sentinel2_100_patch\images\sentinel2_cems_0089.png,0.5,0.758798,utility_aware_50,1.0,18.3606,0.75391,0.69386,78.987,0.775
99.24,130.8353,0.738948,6.718046,datasets\sentinel2_100_patch\images\sentinel2_cems_0089.png,0.6,0.759404,utility_aware_60,1.0,19.0641,0.82586,0.747713,82.7708,0.7953
99.16,118.4862,0.784905,6.989448,datasets\sentinel2_100_patch\images\sentinel2_cems_0089.png,0.7,0.75408,utility_aware_70,1.0,19.4927,0.865485,0.788663,85.8243,0.8103
99.08,108.3116,0.837493,7.124282,datasets\sentinel2_100_patch\images\sentinel2_cems_0089.png,0.8,0.746967,utility_aware_80,1.0,19.8298,0.909281,0.842393,89.4404,0.8211
99.02,101.9342,0.844732,7.216445,datasets\sentinel2_100_patch\images\sentinel2_cems_0089.png,0.9,0.743216,utility_aware_90,1.0,20.1867,0.907195,0.851037,89.882,0.8308
99.0,100.1232,0.886226,6.696696,datasets\sentinel2_100_patch\images\sentinel2_cems_0089.png,1.0,0.743139,utility_aware_100,1.0,20.3592,0.944734,0.892212,92.7406,0.8354
99.77,429.9199,0.253982,6.52347,datasets\sentinel2_100_patch\images\sentinel2_cems_0090.png,0.1,0.792779,utility_aware_10,1.0,11.145,0.197266,0.252151,47.175,0.2632
99.65,285.9829,0.454528,7.409694,datasets\sentinel2_100_patch\images\sentinel2_cems_0090.png,0.2,0.74575,utility_aware_20,1.0,12.6183,0.369141,0.452419,60.9209,0.4511
99.55,221.3014,0.633216,6.740571,datasets\sentinel2_100_patch\images\sentinel2_cems_0090.png,0.3,0.739528,utility_aware_30,1.0,14.5333,0.683594,0.623005,74.6247,0.6012
99.46,183.8847,0.698064,6.850251,datasets\sentinel2_100_patch\images\sentinel2_cems_0090.png,0.4,0.737987,utility_aware_40,1.0,16.0087,0.672852,0.691517,78.4814,0.6833
99.37,157.5023,0.749486,7.165281,datasets\sentinel2_100_patch\images\sentinel2_cems_0090.png,0.5,0.735227,utility_aware_50,1.0,16.9659,0.672852,0.744846,81.6049,0.7294
99.28,138.1632,0.828621,7.128793,datasets\sentinel2_100_patch\images\sentinel2_cems_0090.png,0.6,0.731387,utility_aware_60,1.0,17.7906,0.888672,0.831022,88.652,0.7622
99.2,124.7593,0.936062,6.710342,datasets\sentinel2_100_patch\images\sentinel2_cems_0090.png,0.7,0.731314,utility_aware_70,1.0,18.4627,1.0,0.939143,96.2253,0.7872
99.13,114.7071,0.938132,6.525982,datasets\sentinel2_100_patch\images\sentinel2_cems_0090.png,0.8,0.72969,utility_aware_80,1.0,19.1665,0.936523,0.939696,95.6844,0.8087
99.07,107.9559,1.0,7.147382,datasets\sentinel2_100_patch\images\sentinel2_cems_0090.png,0.9,0.726465,utility_aware_90,1.0,19.868,1.0,1.0,100.0,0.8284
99.06,105.8851,1.0,7.011565,datasets\sentinel2_100_patch\images\sentinel2_cems_0090.png,1.0,0.72686,utility_aware_100,1.0,20.3531,1.0,1.0,100.0,0.8406
99.73,376.8859,0.371037,6.716188,datasets\sentinel2_100_patch\images\sentinel2_cems_0091.png,0.1,0.78668,utility_aware_10,1.0,10.9669,0.34349,0.374111,55.7586,0.2683
99.6,252.4425,0.599765,6.876441,datasets\sentinel2_100_patch\images\sentinel2_cems_0091.png,0.2,0.77628,utility_aware_20,1.0,12.3721,0.789474,0.606914,74.0236,0.4086
99.49,194.3275,1.0,6.961051,datasets\sentinel2_100_patch\images\sentinel2_cems_0091.png,0.3,0.756911,utility_aware_30,1.0,14.6535,1.0,1.0,100.0,0.5322
99.38,161.0042,1.0,6.705632,datasets\sentinel2_100_patch\images\sentinel2_cems_0091.png,0.4,0.735834,utility_aware_40,1.0,16.1234,1.0,1.0,100.0,0.6064
99.28,138.1461,1.0,7.219904,datasets\sentinel2_100_patch\images\sentinel2_cems_0091.png,0.5,0.725182,utility_aware_50,1.0,17.048,1.0,1.0,100.0,0.6475
99.19,123.0577,1.0,7.113908,datasets\sentinel2_100_patch\images\sentinel2_cems_0091.png,0.6,0.717098,utility_aware_60,1.0,18.2488,1.0,1.0,100.0,0.6982
99.1,111.4722,1.0,7.064206,datasets\sentinel2_100_patch\images\sentinel2_cems_0091.png,0.7,0.70972,utility_aware_70,1.0,19.5738,1.0,1.0,100.0,0.7372
99.02,102.3676,1.0,6.920306,datasets\sentinel2_100_patch\images\sentinel2_cems_0091.png,0.8,0.704181,utility_aware_80,1.0,20.4585,1.0,1.0,100.0,0.7602
98.96,96.4285,1.0,6.624959,datasets\sentinel2_100_patch\images\sentinel2_cems_0091.png,0.9,0.700357,utility_aware_90,1.0,20.8612,1.0,1.0,100.0,0.7722
98.94,94.5544,1.0,7.012226,datasets\sentinel2_100_patch\images\sentinel2_cems_0091.png,1.0,0.709764,utility_aware_100,1.0,23.1503,1.0,1.0,100.0,0.812
99.77,438.6892,0.923914,6.78858,datasets\sentinel2_100_patch\images\sentinel2_cems_0092.png,0.1,0.87495,utility_aware_10,0.0,13.1453,0.295898,0.920559,58.3267,0.1952
99.66,296.9214,0.921023,6.886603,datasets\sentinel2_100_patch\images\sentinel2_cems_0092.png,0.2,0.878108,utility_aware_20,0.0,13.4967,0.319336,0.906716,58.1686,0.2968
99.56,229.3718,1.0,7.369874,datasets\sentinel2_100_patch\images\sentinel2_cems_0092.png,0.3,0.87885,utility_aware_30,0.0,13.8989,1.0,1.0,70.0,0.3729
99.47,189.8998,1.0,7.436811,datasets\sentinel2_100_patch\images\sentinel2_cems_0092.png,0.4,0.876418,utility_aware_40,0.0,14.3221,0.795898,1.0,67.959,0.4207
99.39,164.214,0.994593,7.868374,datasets\sentinel2_100_patch\images\sentinel2_cems_0092.png,0.5,0.87146,utility_aware_50,0.0,14.9571,0.766602,1.0,67.4497,0.4699
99.31,145.6659,0.940524,7.120885,datasets\sentinel2_100_patch\images\sentinel2_cems_0092.png,0.6,0.851573,utility_aware_60,0.0,15.5212,0.586914,0.966634,62.8228,0.5029
99.24,131.5798,0.951585,7.246558,datasets\sentinel2_100_patch\images\sentinel2_cems_0092.png,0.7,0.838292,utility_aware_70,0.0,16.0658,0.77832,0.968907,65.2247,0.5364
99.18,121.4066,0.933566,6.889029,datasets\sentinel2_100_patch\images\sentinel2_cems_0092.png,0.8,0.817746,utility_aware_80,0.0,16.6022,0.853516,0.962481,65.1274,0.5783
99.12,113.8523,0.942415,7.360517,datasets\sentinel2_100_patch\images\sentinel2_cems_0092.png,0.9,0.799221,utility_aware_90,0.0,17.0952,0.958984,0.981081,66.908,0.6159
99.1,111.3455,0.97223,7.427161,datasets\sentinel2_100_patch\images\sentinel2_cems_0092.png,1.0,0.78725,utility_aware_100,0.0,17.539,1.0,0.996489,68.819,0.6506
99.76,421.5471,0.654913,6.65014,datasets\sentinel2_100_patch\images\sentinel2_cems_0093.png,0.1,0.92572,utility_aware_10,1.0,10.9996,0.262332,0.641007,71.64,0.1759
99.65,281.7414,0.95967,7.180176,datasets\sentinel2_100_patch\images\sentinel2_cems_0093.png,0.2,0.904261,utility_aware_20,1.0,12.1943,0.843049,0.942592,95.6691,0.2812
99.54,218.3521,0.939869,7.14228,datasets\sentinel2_100_patch\images\sentinel2_cems_0093.png,0.3,0.887209,utility_aware_30,1.0,13.0381,1.0,0.937971,96.3542,0.3607
99.45,181.3039,0.928708,7.000604,datasets\sentinel2_100_patch\images\sentinel2_cems_0093.png,0.4,0.867554,utility_aware_40,1.0,13.9257,1.0,0.928809,95.7245,0.42
99.36,156.6669,1.0,7.189132,datasets\sentinel2_100_patch\images\sentinel2_cems_0093.png,0.5,0.847516,utility_aware_50,1.0,15.5664,1.0,1.0,100.0,0.4798
99.27,137.7698,1.0,7.612546,datasets\sentinel2_100_patch\images\sentinel2_cems_0093.png,0.6,0.828481,utility_aware_60,1.0,16.0427,1.0,1.0,100.0,0.507
99.2,124.9951,1.0,7.044662,datasets\sentinel2_100_patch\images\sentinel2_cems_0093.png,0.7,0.810996,utility_aware_70,1.0,16.6794,1.0,1.0,100.0,0.5347
99.13,114.9674,1.0,7.10061,datasets\sentinel2_100_patch\images\sentinel2_cems_0093.png,0.8,0.793754,utility_aware_80,1.0,17.5962,1.0,1.0,100.0,0.5592
99.07,108.0224,0.982884,7.713984,datasets\sentinel2_100_patch\images\sentinel2_cems_0093.png,0.9,0.778502,utility_aware_90,1.0,18.3841,1.0,1.0,99.3153,0.5834
99.04,104.2228,1.0,7.524193,datasets\sentinel2_100_patch\images\sentinel2_cems_0093.png,1.0,0.782487,utility_aware_100,1.0,20.9133,1.0,1.0,100.0,0.6286
99.74,391.2099,0.146428,6.781906,datasets\sentinel2_100_patch\images\sentinel2_cems_0094.png,0.1,0.780036,utility_aware_10,0.533333,10.7548,0.095652,0.146235,25.7383,0.1182
99.62,266.4497,0.293089,6.885586,datasets\sentinel2_100_patch\images\sentinel2_cems_0094.png,0.2,0.747421,utility_aware_20,1.0,11.591,0.35,0.287339,50.9704,0.2339
99.51,205.3923,0.415387,6.878788,datasets\sentinel2_100_patch\images\sentinel2_cems_0094.png,0.3,0.730374,utility_aware_30,1.0,12.966,0.504348,0.417494,60.0088,0.3768
99.42,171.4504,0.590672,6.694544,datasets\sentinel2_100_patch\images\sentinel2_cems_0094.png,0.4,0.723765,utility_aware_40,1.0,13.6762,0.726087,0.59649,72.8176,0.4439
99.32,147.3269,0.665858,6.954874,datasets\sentinel2_100_patch\images\sentinel2_cems_0094.png,0.5,0.712945,utility_aware_50,1.0,14.5444,0.776087,0.670487,77.8049,0.5099
99.23,129.5089,0.762727,6.917597,datasets\sentinel2_100_patch\images\sentinel2_cems_0094.png,0.6,0.719155,utility_aware_60,1.0,17.7184,0.806522,0.787728,84.3289,0.641
99.15,117.2577,0.698338,6.84983,datasets\sentinel2_100_patch\images\sentinel2_cems_0094.png,0.7,0.719363,utility_aware_70,1.0,18.9819,0.654348,0.719798,78.873,0.6745
99.08,108.1673,0.730089,7.542073,datasets\sentinel2_100_patch\images\sentinel2_cems_0094.png,0.8,0.725363,utility_aware_80,1.0,20.5913,0.595652,0.756703,80.2941,0.7011
99.02,101.5365,0.743414,7.717618,datasets\sentinel2_100_patch\images\sentinel2_cems_0094.png,0.9,0.731623,utility_aware_90,1.0,21.6517,0.584783,0.769058,80.9656,0.7142
98.99,99.3985,0.983949,6.968638,datasets\sentinel2_100_patch\images\sentinel2_cems_0094.png,1.0,0.738583,utility_aware_100,1.0,22.4674,0.847826,1.0,97.8362,0.7257
99.77,435.5137,0.199755,6.606093,datasets\sentinel2_100_patch\images\sentinel2_cems_0095.png,0.1,0.809235,utility_aware_10,1.0,10.5772,0.074219,0.197591,42.6842,0.186
99.66,291.9175,0.328571,7.017228,datasets\sentinel2_100_patch\images\sentinel2_cems_0095.png,0.2,0.770488,utility_aware_20,1.0,11.3679,0.183594,0.329636,51.5715,0.2991
99.56,226.6905,0.411478,6.662137,datasets\sentinel2_100_patch\images\sentinel2_cems_0095.png,0.3,0.737892,utility_aware_30,1.0,12.1272,0.183594,0.41142,56.5234,0.3906
99.47,188.2193,0.541783,7.099788,datasets\sentinel2_100_patch\images\sentinel2_cems_0095.png,0.4,0.724334,utility_aware_40,1.0,13.0403,0.338867,0.54679,65.9958,0.4714
99.38,160.7859,0.660096,6.499284,datasets\sentinel2_100_patch\images\sentinel2_cems_0095.png,0.5,0.720537,utility_aware_50,1.0,13.8562,0.402344,0.679586,74.019,0.5324
99.3,141.9741,0.670556,6.991801,datasets\sentinel2_100_patch\images\sentinel2_cems_0095.png,0.6,0.712616,utility_aware_60,1.0,14.7635,0.354492,0.702311,74.4134,0.5912
99.22,128.342,0.802013,7.539419,datasets\sentinel2_100_patch\images\sentinel2_cems_0095.png,0.7,0.71836,utility_aware_70,1.0,15.7783,0.433594,0.820474,82.8259,0.6485
99.15,117.2537,0.827025,7.440809,datasets\sentinel2_100_patch\images\sentinel2_cems_0095.png,0.8,0.722554,utility_aware_80,1.0,16.6934,0.410156,0.847606,84.1347,0.6896
99.09,109.8642,0.808922,6.891891,datasets\sentinel2_100_patch\images\sentinel2_cems_0095.png,0.9,0.730254,utility_aware_90,1.0,17.6141,0.361328,0.833764,82.6454,0.7215
99.07,107.3859,0.739385,6.956978,datasets\sentinel2_100_patch\images\sentinel2_cems_0095.png,1.0,0.744888,utility_aware_100,1.0,18.1518,0.31543,0.784446,78.4186,0.7338
99.68,312.5969,0.331668,6.049722,datasets\sentinel2_100_patch\images\sentinel2_cems_0096.png,0.1,0.686703,utility_aware_10,1.0,14.7953,0.278027,0.332022,52.6874,0.2514
99.52,208.9455,0.396981,7.013636,datasets\sentinel2_100_patch\images\sentinel2_cems_0096.png,0.2,0.623519,utility_aware_20,1.0,17.2864,0.408072,0.405187,58.0637,0.522
99.38,160.5444,0.415148,6.533708,datasets\sentinel2_100_patch\images\sentinel2_cems_0096.png,0.3,0.590427,utility_aware_30,1.0,19.0601,0.38565,0.425912,58.9806,0.6434
99.25,133.1678,0.577874,6.49123,datasets\sentinel2_100_patch\images\sentinel2_cems_0096.png,0.4,0.578643,utility_aware_40,1.0,19.7575,0.636771,0.60282,71.5391,0.6795
99.14,116.5573,0.66638,7.350567,datasets\sentinel2_100_patch\images\sentinel2_cems_0096.png,0.5,0.568365,utility_aware_50,1.0,20.3503,0.623318,0.691781,76.724,0.7054
99.05,105.0752,0.677801,7.590396,datasets\sentinel2_100_patch\images\sentinel2_cems_0096.png,0.6,0.567302,utility_aware_60,1.0,21.4812,0.605381,0.701085,77.1876,0.746
98.96,96.4116,0.775202,7.446409,datasets\sentinel2_100_patch\images\sentinel2_cems_0096.png,0.7,0.562251,utility_aware_70,1.0,22.9674,0.672646,0.811492,83.9644,0.7809
98.9,90.6933,0.807258,6.951404,datasets\sentinel2_100_patch\images\sentinel2_cems_0096.png,0.8,0.562335,utility_aware_80,1.0,23.9225,0.820628,0.834489,87.1864,0.8035
98.84,86.189,0.916683,7.008116,datasets\sentinel2_100_patch\images\sentinel2_cems_0096.png,0.9,0.558043,utility_aware_90,1.0,24.0976,0.932735,0.943476,94.8642,0.8138
98.85,86.8221,1.0,6.767978,datasets\sentinel2_100_patch\images\sentinel2_cems_0096.png,1.0,0.559478,utility_aware_100,1.0,27.4662,1.0,1.0,100.0,0.8539
99.74,384.9603,0.328881,6.511038,datasets\sentinel2_100_patch\images\sentinel2_cems_0097.png,0.1,0.714422,utility_aware_10,1.0,13.9137,0.189453,0.3145,51.3398,0.4283
99.61,258.6846,0.4026,6.523541,datasets\sentinel2_100_patch\images\sentinel2_cems_0097.png,0.2,0.667394,utility_aware_20,1.0,15.8629,0.280273,0.400936,56.9255,0.6529
99.5,198.716,0.530743,6.370224,datasets\sentinel2_100_patch\images\sentinel2_cems_0097.png,0.3,0.658126,utility_aware_30,1.0,17.1146,0.394531,0.514446,65.464,0.7455
99.4,166.9286,0.588325,6.903986,datasets\sentinel2_100_patch\images\sentinel2_cems_0097.png,0.4,0.646672,utility_aware_40,1.0,17.795,0.391602,0.570668,68.8624,0.785
99.32,146.6223,0.815451,6.460793,datasets\sentinel2_100_patch\images\sentinel2_cems_0097.png,0.5,0.640295,utility_aware_50,1.0,18.4524,0.612305,0.797023,84.6815,0.8174
99.25,133.1483,0.825558,7.251124,datasets\sentinel2_100_patch\images\sentinel2_cems_0097.png,0.6,0.632208,utility_aware_60,1.0,18.9775,0.585938,0.801751,84.9167,0.8383
99.19,123.4145,0.82955,7.02866,datasets\sentinel2_100_patch\images\sentinel2_cems_0097.png,0.7,0.629805,utility_aware_70,1.0,19.6264,0.551758,0.806925,84.8381,0.8595
99.13,114.8155,0.790876,7.359002,datasets\sentinel2_100_patch\images\sentinel2_cems_0097.png,0.8,0.627161,utility_aware_80,1.0,19.922,0.5,0.768722,82.0095,0.8673
99.07,107.7558,0.848088,7.385457,datasets\sentinel2_100_patch\images\sentinel2_cems_0097.png,0.9,0.628044,utility_aware_90,1.0,20.1372,0.591797,0.825647,86.3544,0.8721
99.05,105.1491,0.997276,7.657974,datasets\sentinel2_100_patch\images\sentinel2_cems_0097.png,1.0,0.619892,utility_aware_100,1.0,20.3795,0.902344,0.968026,98.275,0.8784
99.6,250.301,0.259274,5.53044,datasets\sentinel2_100_patch\images\sentinel2_cems_0098.png,0.1,0.613689,utility_aware_10,0.25,17.9346,0.179104,0.316456,25.9911,0.7754
99.41,168.3679,0.238361,6.172632,datasets\sentinel2_100_patch\images\sentinel2_cems_0098.png,0.2,0.43557,utility_aware_20,1.0,20.6106,0.38806,0.244228,48.2996,0.7997
99.25,133.5143,0.520133,6.027488,datasets\sentinel2_100_patch\images\sentinel2_cems_0098.png,0.3,0.385194,utility_aware_30,1.0,24.76,0.522388,0.519244,66.4141,0.8897
99.11,112.3993,0.656593,5.873413,datasets\sentinel2_100_patch\images\sentinel2_cems_0098.png,0.4,0.366822,utility_aware_40,1.0,26.4818,0.671642,0.654094,76.062,0.9116
98.99,98.7474,0.746738,6.058284,datasets\sentinel2_100_patch\images\sentinel2_cems_0098.png,0.5,0.354938,utility_aware_50,1.0,27.9972,0.820896,0.745578,82.99,0.9254
98.89,89.9874,0.793981,6.386469,datasets\sentinel2_100_patch\images\sentinel2_cems_0098.png,0.6,0.354885,utility_aware_60,1.0,28.5953,0.880597,0.792867,86.4226,0.9302
98.81,84.0975,0.816335,5.803488,datasets\sentinel2_100_patch\images\sentinel2_cems_0098.png,0.7,0.355535,utility_aware_70,1.0,28.6127,0.895522,0.815543,87.9195,0.9322
98.75,80.1674,0.876853,6.099088,datasets\sentinel2_100_patch\images\sentinel2_cems_0098.png,0.8,0.361652,utility_aware_80,1.0,29.766,0.970149,0.875579,92.2872,0.9395
98.73,78.8554,0.926856,6.12656,datasets\sentinel2_100_patch\images\sentinel2_cems_0098.png,0.9,0.363811,utility_aware_90,1.0,30.5605,1.0,0.925235,95.5789,0.9445
98.76,80.9397,0.954567,5.823854,datasets\sentinel2_100_patch\images\sentinel2_cems_0098.png,1.0,0.367072,utility_aware_100,1.0,30.8455,1.0,0.95277,97.2381,0.9461
99.7,331.7886,0.254567,5.349567,datasets\sentinel2_100_patch\images\sentinel2_cems_0099.png,0.1,0.668948,utility_aware_10,0.95,12.9218,0.235714,0.242888,45.8976,0.3667
99.56,228.4148,0.792315,6.459698,datasets\sentinel2_100_patch\images\sentinel2_cems_0099.png,0.2,0.636428,utility_aware_20,0.95,18.4513,0.890476,0.746861,84.0346,0.8397
99.41,170.3979,1.0,6.113027,datasets\sentinel2_100_patch\images\sentinel2_cems_0099.png,0.3,0.60796,utility_aware_30,1.0,20.6192,1.0,0.941679,98.8336,0.911
99.27,137.5976,1.0,6.292618,datasets\sentinel2_100_patch\images\sentinel2_cems_0099.png,0.4,0.576109,utility_aware_40,1.0,21.4203,1.0,1.0,100.0,0.9275
99.17,120.1363,1.0,7.167442,datasets\sentinel2_100_patch\images\sentinel2_cems_0099.png,0.5,0.5686,utility_aware_50,1.0,21.7568,1.0,1.0,100.0,0.9331
99.08,109.0433,1.0,6.573943,datasets\sentinel2_100_patch\images\sentinel2_cems_0099.png,0.6,0.560229,utility_aware_60,1.0,22.1105,1.0,1.0,100.0,0.9392
99.0,100.1968,1.0,6.622895,datasets\sentinel2_100_patch\images\sentinel2_cems_0099.png,0.7,0.55587,utility_aware_70,1.0,22.432,1.0,1.0,100.0,0.9446
98.94,93.9897,1.0,6.745205,datasets\sentinel2_100_patch\images\sentinel2_cems_0099.png,0.8,0.548129,utility_aware_80,1.0,22.8003,1.0,1.0,100.0,0.9504
98.89,90.4283,1.0,7.051886,datasets\sentinel2_100_patch\images\sentinel2_cems_0099.png,0.9,0.543639,utility_aware_90,1.0,23.1477,1.0,1.0,100.0,0.9559
98.91,91.6767,1.0,7.203329,datasets\sentinel2_100_patch\images\sentinel2_cems_0099.png,1.0,0.541882,utility_aware_100,1.0,23.3983,1.0,1.0,100.0,0.9602
