bandwidth_saved_percent,compression_ratio,detector_retention,image,image_index,inference_latency_ms,keep_ratio,lpips,object_retention,psnr,region_preservation,relevance_retention,semantic_token_count,semantic_utility_score,ssim,total_token_count,variant
98.8,83.3584,0.759731,datasets\sentinel2_500_patch\images\sentinel2_patch_00000.png,1,920.3664,0.8,0.549751,1.0,19.7499,0.480892,0.774574,3277,80.6896,0.7815,4096,full_detail_aware
98.8,83.3584,0.813528,datasets\sentinel2_500_patch\images\sentinel2_patch_00000.png,1,584.8866,0.8,0.552831,1.0,19.4111,0.519108,0.820771,3277,84.1476,0.7709,4096,without_detail_term
98.78,82.2166,1.0,datasets\sentinel2_500_patch\images\sentinel2_patch_00001.png,2,542.7008,0.8,0.513505,1.0,20.0283,1.0,1.0,3277,100.0,0.8076,4096,full_detail_aware
98.78,82.2989,1.0,datasets\sentinel2_500_patch\images\sentinel2_patch_00001.png,2,531.7211,0.8,0.514469,1.0,19.8512,1.0,1.0,3277,100.0,0.8022,4096,without_detail_term
98.78,82.1244,1.0,datasets\sentinel2_500_patch\images\sentinel2_patch_00002.png,3,519.1655,0.8,0.519217,1.0,19.6234,1.0,1.0,3277,100.0,0.7962,4096,full_detail_aware
98.78,82.1244,1.0,datasets\sentinel2_500_patch\images\sentinel2_patch_00002.png,3,535.7781,0.8,0.521384,1.0,19.3883,1.0,1.0,3277,100.0,0.7886,4096,without_detail_term
98.8,83.426,0.719897,datasets\sentinel2_500_patch\images\sentinel2_patch_00003.png,4,524.2491,0.8,0.553296,1.0,19.6734,0.472574,0.736404,3277,78.2497,0.7598,4096,full_detail_aware
98.81,83.9534,0.722991,datasets\sentinel2_500_patch\images\sentinel2_patch_00003.png,4,537.6319,0.8,0.554603,1.0,19.2938,0.481013,0.736042,3277,78.4506,0.7471,4096,without_detail_term
98.81,84.1512,0.723723,datasets\sentinel2_500_patch\images\sentinel2_patch_00004.png,5,527.4955,0.8,0.57509,1.0,19.3461,0.481481,0.737035,3277,78.5044,0.7449,4096,full_detail_aware
98.81,84.0618,0.722322,datasets\sentinel2_500_patch\images\sentinel2_patch_00004.png,5,535.5847,0.8,0.576555,1.0,19.15,0.489712,0.735167,3277,78.4933,0.738,4096,without_detail_term
98.88,89.303,1.0,datasets\sentinel2_500_patch\images\sentinel2_patch_00005.png,6,522.0052,0.8,0.6145,1.0,20.275,0.865234,1.0,3277,98.6523,0.9125,4096,full_detail_aware
98.89,89.804,1.0,datasets\sentinel2_500_patch\images\sentinel2_patch_00005.png,6,540.5228,0.8,0.617245,1.0,20.1902,0.875977,1.0,3277,98.7598,0.9107,4096,without_detail_term
98.89,90.1965,0.784525,datasets\sentinel2_500_patch\images\sentinel2_patch_00006.png,7,541.9229,0.8,0.636768,0.896552,19.5226,0.234375,0.791113,3277,76.4436,0.9139,4096,full_detail_aware
98.89,90.2861,0.787898,datasets\sentinel2_500_patch\images\sentinel2_patch_00006.png,7,551.6489,0.8,0.640881,0.896552,19.4917,0.236328,0.794166,3277,76.6591,0.9128,4096,without_detail_term
98.89,89.7938,0.792381,datasets\sentinel2_500_patch\images\sentinel2_patch_00007.png,8,536.5302,0.8,0.638942,0.83871,19.5917,0.299805,0.797573,3277,75.806,0.9149,4096,full_detail_aware
98.89,89.9906,0.79593,datasets\sentinel2_500_patch\images\sentinel2_patch_00007.png,8,539.4407,0.8,0.641172,0.967742,19.5426,0.305664,0.801029,3277,79.9467,0.9139,4096,without_detail_term
98.88,89.4061,1.0,datasets\sentinel2_500_patch\images\sentinel2_patch_00008.png,9,548.9111,0.8,0.618934,0.96875,20.6415,0.813477,1.0,3277,97.1973,0.9015,4096,full_detail_aware
98.89,89.7468,1.0,datasets\sentinel2_500_patch\images\sentinel2_patch_00008.png,9,540.9054,0.8,0.621009,0.96875,20.5707,0.814453,1.0,3277,97.207,0.9,4096,without_detail_term
98.88,89.0381,1.0,datasets\sentinel2_500_patch\images\sentinel2_patch_00009.png,10,559.2413,0.8,0.632323,0.944444,20.9804,0.78418,1.0,3277,96.1751,0.91,4096,full_detail_aware
98.88,89.1631,1.0,datasets\sentinel2_500_patch\images\sentinel2_patch_00009.png,10,568.6046,0.8,0.629439,0.944444,20.8858,0.769531,1.0,3277,96.0286,0.9082,4096,without_detail_term
98.91,91.8907,0.712637,datasets\sentinel2_500_patch\images\sentinel2_patch_00010.png,11,563.6049,0.8,0.468152,1.0,28.9028,1.0,0.727293,3277,83.0514,0.9167,4096,full_detail_aware
98.91,92.1388,0.711015,datasets\sentinel2_500_patch\images\sentinel2_patch_00010.png,11,563.2915,0.8,0.468544,1.0,28.8854,1.0,0.725608,3277,82.9528,0.9165,4096,without_detail_term
98.94,93.9821,0.54565,datasets\sentinel2_500_patch\images\sentinel2_patch_00011.png,12,522.5215,0.8,0.515524,1.0,28.0135,0.402685,0.553135,3277,66.9156,0.906,4096,full_detail_aware
98.93,93.8293,0.545983,datasets\sentinel2_500_patch\images\sentinel2_patch_00011.png,12,519.5519,0.8,0.517025,1.0,28.0138,0.404362,0.553483,3277,66.9526,0.9061,4096,without_detail_term
98.88,88.9207,0.701257,datasets\sentinel2_500_patch\images\sentinel2_patch_00012.png,13,536.7049,0.8,0.438792,1.0,29.5026,0.851964,0.708906,3277,80.7481,0.9931,4096,full_detail_aware
98.88,88.9692,0.701469,datasets\sentinel2_500_patch\images\sentinel2_patch_00012.png,13,554.3187,0.8,0.438928,1.0,29.4995,0.851964,0.709094,3277,80.7603,0.9931,4096,without_detail_term
98.85,86.7631,0.738395,datasets\sentinel2_500_patch\images\sentinel2_patch_00013.png,14,563.2806,0.8,0.431277,0.8,29.1703,0.858228,0.746968,3277,77.0574,0.9934,4096,full_detail_aware
98.85,86.7863,0.740975,datasets\sentinel2_500_patch\images\sentinel2_patch_00013.png,14,513.8327,0.8,0.431027,0.8,29.1843,0.858228,0.749593,3277,77.2131,0.9935,4096,without_detail_term
98.86,87.7204,0.845896,datasets\sentinel2_500_patch\images\sentinel2_patch_00014.png,15,564.7509,0.8,0.518771,1.0,27.0677,1.0,0.847101,3277,90.7779,0.9234,4096,full_detail_aware
98.86,87.4871,0.842106,datasets\sentinel2_500_patch\images\sentinel2_patch_00014.png,15,524.0589,0.8,0.518999,1.0,27.0226,1.0,0.84331,3277,90.5505,0.9229,4096,without_detail_term
98.91,91.764,0.586531,datasets\sentinel2_500_patch\images\sentinel2_patch_00015.png,16,547.4405,0.8,0.496147,1.0,28.028,0.369565,0.60639,3277,69.2847,0.9218,4096,full_detail_aware
98.91,91.8128,0.583818,datasets\sentinel2_500_patch\images\sentinel2_patch_00015.png,16,544.3914,0.8,0.496702,1.0,28.0125,0.369565,0.603569,3277,69.1197,0.9215,4096,without_detail_term
98.92,92.367,0.594336,datasets\sentinel2_500_patch\images\sentinel2_patch_00016.png,17,522.2147,0.8,0.488952,1.0,28.3089,0.272727,0.61434,3277,68.7875,0.9183,4096,full_detail_aware
98.91,92.143,0.624412,datasets\sentinel2_500_patch\images\sentinel2_patch_00016.png,17,581.4205,0.8,0.488759,1.0,28.4352,0.295455,0.645801,3277,70.847,0.92,4096,without_detail_term
98.87,88.2739,1.0,datasets\sentinel2_500_patch\images\sentinel2_patch_00017.png,18,590.3271,0.8,0.525533,1.0,21.7729,0.984375,1.0,3277,99.8438,0.8521,4096,full_detail_aware
98.87,88.199,1.0,datasets\sentinel2_500_patch\images\sentinel2_patch_00017.png,18,583.4512,0.8,0.525123,1.0,21.7524,0.984375,1.0,3277,99.8438,0.8512,4096,without_detail_term
98.85,86.9955,0.98751,datasets\sentinel2_500_patch\images\sentinel2_patch_00018.png,19,557.6348,0.8,0.545642,1.0,20.4882,0.850877,0.951495,3277,97.0391,0.8272,4096,full_detail_aware
98.85,87.1394,0.97797,datasets\sentinel2_500_patch\images\sentinel2_patch_00018.png,19,637.3348,0.8,0.545962,1.0,20.4654,0.850877,0.942183,3277,96.4713,0.8264,4096,without_detail_term
98.89,90.2109,1.0,datasets\sentinel2_500_patch\images\sentinel2_patch_00019.png,20,633.2013,0.8,0.514616,0.714286,25.9201,1.0,1.0,3277,91.4286,0.9772,4096,full_detail_aware
98.89,90.3343,1.0,datasets\sentinel2_500_patch\images\sentinel2_patch_00019.png,20,565.5863,0.8,0.516553,0.714286,25.8606,1.0,1.0,3277,91.4286,0.9768,4096,without_detail_term
98.89,90.1738,1.0,datasets\sentinel2_500_patch\images\sentinel2_patch_00020.png,21,623.2095,0.8,0.509827,0.571429,26.7388,1.0,1.0,3277,87.1429,0.9831,4096,full_detail_aware
98.89,90.1119,1.0,datasets\sentinel2_500_patch\images\sentinel2_patch_00020.png,21,631.1543,0.8,0.510612,0.571429,26.726,1.0,1.0,3277,87.1429,0.983,4096,without_detail_term
98.84,85.857,1.0,datasets\sentinel2_500_patch\images\sentinel2_patch_00021.png,22,601.8612,0.8,0.527083,0.761905,23.5509,1.0,1.0,3277,92.8571,0.9105,4096,full_detail_aware
98.83,85.7568,1.0,datasets\sentinel2_500_patch\images\sentinel2_patch_00021.png,22,534.8731,0.8,0.527113,0.761905,23.3997,1.0,1.0,3277,92.8571,0.9084,4096,without_detail_term
98.89,90.1287,1.0,datasets\sentinel2_500_patch\images\sentinel2_patch_00022.png,23,622.4486,0.8,0.548905,1.0,20.4838,1.0,1.0,3277,100.0,0.8319,4096,full_detail_aware
98.89,90.1865,1.0,datasets\sentinel2_500_patch\images\sentinel2_patch_00022.png,23,637.4944,0.8,0.54969,1.0,20.4574,1.0,1.0,3277,100.0,0.8313,4096,without_detail_term
98.89,90.0572,1.0,datasets\sentinel2_500_patch\images\sentinel2_patch_00023.png,24,730.6022,0.8,0.559014,1.0,19.9368,1.0,1.0,3277,100.0,0.8088,4096,full_detail_aware
98.89,90.2894,1.0,datasets\sentinel2_500_patch\images\sentinel2_patch_00023.png,24,623.0305,0.8,0.559044,1.0,19.8892,1.0,1.0,3277,100.0,0.8074,4096,without_detail_term
98.93,93.8738,0.865717,datasets\sentinel2_500_patch\images\sentinel2_patch_00024.png,25,610.6922,0.8,0.526002,0.0,26.6691,0.278396,0.853937,3277,54.4914,0.8056,4096,full_detail_aware
98.93,93.8344,0.845511,datasets\sentinel2_500_patch\images\sentinel2_patch_00024.png,25,528.6401,0.8,0.526937,0.0,26.1828,0.280624,0.833817,3277,53.303,0.8009,4096,without_detail_term
98.93,93.7561,1.0,datasets\sentinel2_500_patch\images\sentinel2_patch_00025.png,26,635.8773,0.8,0.558559,1.0,24.6068,1.0,1.0,3277,100.0,0.8009,4096,full_detail_aware
98.93,93.3887,1.0,datasets\sentinel2_500_patch\images\sentinel2_patch_00025.png,26,603.3897,0.8,0.559555,1.0,24.5767,1.0,1.0,3277,100.0,0.801,4096,without_detail_term
98.92,92.7259,1.0,datasets\sentinel2_500_patch\images\sentinel2_patch_00026.png,27,550.785,0.8,0.555908,1.0,25.4164,1.0,1.0,3277,100.0,0.8103,4096,full_detail_aware
98.92,92.7449,1.0,datasets\sentinel2_500_patch\images\sentinel2_patch_00026.png,27,615.8665,0.8,0.555043,1.0,25.3626,1.0,1.0,3277,100.0,0.8092,4096,without_detail_term
98.95,94.9981,0.930042,datasets\sentinel2_500_patch\images\sentinel2_patch_00027.png,28,550.794,0.8,0.535316,0.0,25.2794,0.233786,0.928191,3277,58.1033,0.7994,4096,full_detail_aware
98.95,94.8569,0.932219,datasets\sentinel2_500_patch\images\sentinel2_patch_00027.png,28,588.2903,0.8,0.536715,0.0,25.2584,0.239819,0.930456,3277,58.2961,0.7986,4096,without_detail_term
98.94,93.9341,0.938204,datasets\sentinel2_500_patch\images\sentinel2_patch_00028.png,29,635.159,0.8,0.536328,0.0,25.4731,0.347701,0.937851,3277,59.7622,0.8015,4096,full_detail_aware
98.93,93.6608,0.919563,datasets\sentinel2_500_patch\images\sentinel2_patch_00028.png,29,608.8212,0.8,0.535634,0.0,25.2805,0.346264,0.918786,3277,58.6209,0.7983,4096,without_detail_term
98.97,97.5375,0.786143,datasets\sentinel2_500_patch\images\sentinel2_patch_00029.png,30,617.1085,0.8,0.567239,1.0,27.6815,0.533333,0.767351,3277,82.1261,0.8067,4096,full_detail_aware
98.97,97.0989,0.782123,datasets\sentinel2_500_patch\images\sentinel2_patch_00029.png,30,613.4675,0.8,0.569361,1.0,27.6307,0.533333,0.763321,3277,81.8847,0.8054,4096,without_detail_term
98.97,97.2067,0.700275,datasets\sentinel2_500_patch\images\sentinel2_patch_00030.png,31,700.5595,0.8,0.564166,1.0,27.2024,0.538462,0.707715,3277,77.5499,0.7985,4096,full_detail_aware
98.98,97.5986,0.698125,datasets\sentinel2_500_patch\images\sentinel2_patch_00030.png,31,609.8797,0.8,0.563936,1.0,27.3208,0.538462,0.705595,3277,77.4215,0.7992,4096,without_detail_term
98.97,97.4345,0.717389,datasets\sentinel2_500_patch\images\sentinel2_patch_00031.png,32,593.7461,0.8,0.567416,1.0,27.8788,0.576923,0.722313,3277,78.911,0.813,4096,full_detail_aware
98.97,97.2241,0.6456,datasets\sentinel2_500_patch\images\sentinel2_patch_00031.png,32,624.3577,0.8,0.56705,1.0,27.8382,0.538462,0.630284,3277,73.8143,0.8124,4096,without_detail_term
99.02,102.2362,0.843571,datasets\sentinel2_500_patch\images\sentinel2_patch_00032.png,33,592.08,0.8,0.662821,1.0,18.6143,0.577148,0.842948,3277,86.3733,0.8045,4096,full_detail_aware
99.03,102.7241,0.769876,datasets\sentinel2_500_patch\images\sentinel2_patch_00032.png,33,608.1435,0.8,0.663719,1.0,18.5374,0.517578,0.768655,3277,81.3439,0.8012,4096,without_detail_term
99.04,103.8162,0.698938,datasets\sentinel2_500_patch\images\sentinel2_patch_00033.png,34,564.5494,0.8,0.709249,1.0,18.4857,0.413086,0.693199,3277,75.9524,0.8107,4096,full_detail_aware
99.04,103.9403,0.682603,datasets\sentinel2_500_patch\images\sentinel2_patch_00033.png,34,594.3771,0.8,0.707941,1.0,18.4259,0.405273,0.677026,3277,74.8974,0.8088,4096,without_detail_term
99.03,103.2048,0.724248,datasets\sentinel2_500_patch\images\sentinel2_patch_00034.png,35,608.7705,0.8,0.710107,1.0,18.3296,0.407227,0.707047,3277,77.1831,0.8188,4096,full_detail_aware
99.04,103.7375,0.779751,datasets\sentinel2_500_patch\images\sentinel2_patch_00034.png,35,571.1739,0.8,0.707947,1.0,18.3213,0.456055,0.76265,3277,81.0036,0.8172,4096,without_detail_term
99.03,102.721,0.747197,datasets\sentinel2_500_patch\images\sentinel2_patch_00035.png,36,628.3564,0.8,0.665738,1.0,18.7752,0.460938,0.749745,3277,79.4922,0.7928,4096,full_detail_aware
99.03,103.193,0.747976,datasets\sentinel2_500_patch\images\sentinel2_patch_00035.png,36,625.7791,0.8,0.665449,1.0,18.7183,0.470703,0.750254,3277,79.6312,0.7906,4096,without_detail_term
99.03,102.7942,0.760442,datasets\sentinel2_500_patch\images\sentinel2_patch_00036.png,37,583.3355,0.8,0.661572,1.0,18.4929,0.500977,0.759278,3277,80.613,0.8047,4096,full_detail_aware
99.03,102.6518,0.76744,datasets\sentinel2_500_patch\images\sentinel2_patch_00036.png,37,595.7771,0.8,0.663261,1.0,18.4379,0.506836,0.76611,3277,81.0882,0.8023,4096,without_detail_term
99.06,106.1697,0.769841,datasets\sentinel2_500_patch\images\sentinel2_patch_00037.png,38,629.7026,0.8,0.736784,1.0,18.1222,0.391602,0.768903,3277,80.0877,0.7848,4096,full_detail_aware
99.07,106.9562,0.742835,datasets\sentinel2_500_patch\images\sentinel2_patch_00037.png,38,624.2448,0.8,0.736902,1.0,18.0299,0.385742,0.753142,3277,78.6336,0.7804,4096,without_detail_term
99.05,105.503,0.877133,datasets\sentinel2_500_patch\images\sentinel2_patch_00038.png,39,613.4541,0.8,0.744608,1.0,17.8973,0.672852,0.883409,3277,89.482,0.7824,4096,full_detail_aware
99.05,105.5668,0.872299,datasets\sentinel2_500_patch\images\sentinel2_patch_00038.png,39,648.6274,0.8,0.742989,1.0,17.6408,0.672852,0.878208,3277,89.1846,0.7706,4096,without_detail_term
99.05,105.6993,0.830944,datasets\sentinel2_500_patch\images\sentinel2_patch_00039.png,40,595.0303,0.8,0.74039,1.0,18.1293,0.567383,0.841529,3277,85.7422,0.7783,4096,full_detail_aware
99.06,105.9158,0.821345,datasets\sentinel2_500_patch\images\sentinel2_patch_00039.png,40,616.3327,0.8,0.739688,1.0,18.0902,0.570312,0.842097,3277,85.3989,0.7768,4096,without_detail_term
98.88,89.5306,1.0,datasets\sentinel2_500_patch\images\sentinel2_patch_00040.png,41,564.6072,0.8,0.570691,0.863636,21.4745,1.0,1.0,3277,95.9091,0.9512,4096,full_detail_aware
98.88,89.4559,1.0,datasets\sentinel2_500_patch\images\sentinel2_patch_00040.png,41,600.5528,0.8,0.572485,0.863636,21.4805,1.0,1.0,3277,95.9091,0.9513,4096,without_detail_term
98.98,97.6315,0.916108,datasets\sentinel2_500_patch\images\sentinel2_patch_00041.png,42,581.6414,0.8,0.523885,0.75,22.6485,0.870117,0.893343,3277,85.7123,0.9528,4096,full_detail_aware
98.97,97.2355,0.915596,datasets\sentinel2_500_patch\images\sentinel2_patch_00041.png,42,544.0474,0.8,0.523843,0.729167,22.6561,0.870117,0.892609,3277,85.0522,0.9529,4096,without_detail_term
98.91,91.5584,1.0,datasets\sentinel2_500_patch\images\sentinel2_patch_00042.png,43,630.6988,0.8,0.556538,0.904762,21.6627,1.0,1.0,3277,97.1429,0.9548,4096,full_detail_aware
98.91,91.4996,1.0,datasets\sentinel2_500_patch\images\sentinel2_patch_00042.png,43,558.8185,0.8,0.557168,0.904762,21.6601,1.0,1.0,3277,97.1429,0.9548,4096,without_detail_term
98.86,87.6987,0.987998,datasets\sentinel2_500_patch\images\sentinel2_patch_00043.png,44,583.5087,0.8,0.57901,1.0,21.2659,0.845703,0.970173,3277,97.3804,0.9376,4096,full_detail_aware
98.86,87.8755,0.987838,datasets\sentinel2_500_patch\images\sentinel2_patch_00043.png,44,536.9413,0.8,0.580051,1.0,21.2717,0.841797,0.970112,3277,97.3337,0.9375,4096,without_detail_term
98.89,90.3963,0.926407,datasets\sentinel2_500_patch\images\sentinel2_patch_00044.png,45,610.4521,0.8,0.631623,1.0,19.0285,0.439453,0.931192,3277,90.0746,0.9153,4096,full_detail_aware
98.89,90.3239,0.964136,datasets\sentinel2_500_patch\images\sentinel2_patch_00044.png,45,572.3664,0.8,0.634814,1.0,19.0145,0.505859,0.968656,3277,92.9971,0.9151,4096,without_detail_term
98.86,87.3393,1.0,datasets\sentinel2_500_patch\images\sentinel2_patch_00045.png,46,567.2371,0.8,0.395385,0.672131,24.7331,1.0,1.0,3277,90.1639,0.9456,4096,full_detail_aware
98.86,87.3946,1.0,datasets\sentinel2_500_patch\images\sentinel2_patch_00045.png,46,560.0221,0.8,0.395164,0.672131,24.734,1.0,1.0,3277,90.1639,0.9456,4096,without_detail_term
99.01,100.6556,1.0,datasets\sentinel2_500_patch\images\sentinel2_patch_00046.png,47,530.2993,0.8,0.326028,0.638298,26.7895,1.0,1.0,3277,89.1489,0.9535,4096,full_detail_aware
99.01,100.6288,1.0,datasets\sentinel2_500_patch\images\sentinel2_patch_00046.png,47,499.0106,0.8,0.326125,0.638298,26.7881,1.0,1.0,3277,89.1489,0.9535,4096,without_detail_term
98.87,88.6586,1.0,datasets\sentinel2_500_patch\images\sentinel2_patch_00047.png,48,562.8556,0.8,0.393466,0.716667,25.1336,0.940499,1.0,3277,90.905,0.9469,4096,full_detail_aware
98.87,88.6013,1.0,datasets\sentinel2_500_patch\images\sentinel2_patch_00047.png,48,535.7721,0.8,0.393382,0.716667,25.1345,0.940499,1.0,3277,90.905,0.947,4096,without_detail_term
98.85,86.9932,0.913113,datasets\sentinel2_500_patch\images\sentinel2_patch_00048.png,49,522.1283,0.8,0.436265,0.730769,22.4156,0.813901,0.894653,3277,84.4797,0.9125,4096,full_detail_aware
98.85,86.9395,0.912751,datasets\sentinel2_500_patch\images\sentinel2_patch_00048.png,49,543.8156,0.8,0.436655,0.730769,22.4172,0.811659,0.894293,3277,84.4356,0.9126,4096,without_detail_term
98.87,88.4771,0.847728,datasets\sentinel2_500_patch\images\sentinel2_patch_00049.png,50,517.7824,0.8,0.553624,0.673077,22.397,0.614371,0.840375,3277,77.0527,0.8912,4096,full_detail_aware
98.87,88.6513,0.846758,datasets\sentinel2_500_patch\images\sentinel2_patch_00049.png,50,580.7691,0.8,0.554396,0.673077,22.3424,0.611976,0.839405,3277,76.9705,0.8901,4096,without_detail_term
98.95,95.627,1.0,datasets\sentinel2_500_patch\images\sentinel2_patch_00050.png,51,619.9777,0.8,0.717159,1.0,18.4761,1.0,1.0,3277,100.0,0.8656,4096,full_detail_aware
98.96,95.7526,1.0,datasets\sentinel2_500_patch\images\sentinel2_patch_00050.png,51,625.1037,0.8,0.71841,1.0,18.2924,1.0,1.0,3277,100.0,0.8616,4096,without_detail_term
99.01,100.5319,0.908899,datasets\sentinel2_500_patch\images\sentinel2_patch_00051.png,52,580.6135,0.8,0.657515,1.0,19.9762,0.722656,0.912188,3277,91.8263,0.9002,4096,full_detail_aware
99.0,100.1872,0.907453,datasets\sentinel2_500_patch\images\sentinel2_patch_00051.png,52,578.7827,0.8,0.656193,1.0,19.9787,0.720703,0.910713,3277,91.7194,0.9003,4096,without_detail_term
98.96,96.2045,1.0,datasets\sentinel2_500_patch\images\sentinel2_patch_00052.png,53,622.9398,0.8,0.723244,1.0,19.2794,1.0,1.0,3277,100.0,0.8773,4096,full_detail_aware
98.96,96.386,0.869598,datasets\sentinel2_500_patch\images\sentinel2_patch_00052.png,53,570.4113,0.8,0.724129,1.0,19.1416,0.845703,0.872355,3277,90.688,0.8745,4096,without_detail_term
99.0,99.6908,1.0,datasets\sentinel2_500_patch\images\sentinel2_patch_00053.png,54,570.1006,0.8,0.591773,1.0,20.767,1.0,1.0,3277,100.0,0.9167,4096,full_detail_aware
99.0,99.7525,1.0,datasets\sentinel2_500_patch\images\sentinel2_patch_00053.png,54,558.7325,0.8,0.591718,1.0,20.7673,1.0,1.0,3277,100.0,0.9167,4096,without_detail_term
98.98,98.0891,0.799083,datasets\sentinel2_500_patch\images\sentinel2_patch_00054.png,55,603.5125,0.8,0.694118,1.0,19.142,0.700195,0.791039,3277,84.786,0.8877,4096,full_detail_aware
98.99,98.5771,0.80574,datasets\sentinel2_500_patch\images\sentinel2_patch_00054.png,55,574.8306,0.8,0.695359,1.0,19.0335,0.692383,0.79764,3277,85.1062,0.8806,4096,without_detail_term
98.91,91.359,0.661561,datasets\sentinel2_500_patch\images\sentinel2_patch_00055.png,56,584.2074,0.8,0.572449,1.0,19.8468,0.223404,0.657666,3277,71.8498,0.7551,4096,full_detail_aware
98.91,91.3953,0.618754,datasets\sentinel2_500_patch\images\sentinel2_patch_00055.png,56,612.6544,0.8,0.578403,1.0,19.3754,0.223404,0.615103,3277,69.2863,0.7396,4096,without_detail_term
98.97,97.2847,0.703527,datasets\sentinel2_500_patch\images\sentinel2_patch_00056.png,57,555.7837,0.8,0.501032,1.0,21.8881,0.406897,0.705076,3277,76.3116,0.8657,4096,full_detail_aware
98.97,97.1787,0.710614,datasets\sentinel2_500_patch\images\sentinel2_patch_00056.png,57,579.7288,0.8,0.501157,1.0,21.9558,0.406897,0.712066,3277,76.7348,0.8671,4096,without_detail_term
98.89,89.7749,0.885739,datasets\sentinel2_500_patch\images\sentinel2_patch_00057.png,58,592.7361,0.8,0.54643,0.0,24.5506,0.243902,0.88695,3277,55.6076,0.8267,4096,full_detail_aware
98.88,89.4763,0.868376,datasets\sentinel2_500_patch\images\sentinel2_patch_00057.png,58,565.4763,0.8,0.546571,0.0,24.4919,0.235772,0.869406,3277,54.4809,0.8303,4096,without_detail_term
98.95,95.5648,0.845044,datasets\sentinel2_500_patch\images\sentinel2_patch_00058.png,59,533.0523,0.8,0.459656,1.0,23.6939,0.844444,0.844463,3277,89.1355,0.8919,4096,full_detail_aware
98.95,95.5001,0.845044,datasets\sentinel2_500_patch\images\sentinel2_patch_00058.png,59,550.7814,0.8,0.459656,1.0,23.6939,0.844444,0.844463,3277,89.1355,0.8919,4096,without_detail_term
98.92,92.9335,0.640738,datasets\sentinel2_500_patch\images\sentinel2_patch_00059.png,60,579.1162,0.8,0.559892,0.0,18.1999,0.577114,0.638459,3277,44.1698,0.6876,4096,full_detail_aware
98.92,92.5981,0.647449,datasets\sentinel2_500_patch\images\sentinel2_patch_00059.png,60,580.26,0.8,0.558587,0.0,18.2849,0.58209,0.645131,3277,44.6214,0.6917,4096,without_detail_term
98.93,93.0789,1.0,datasets\sentinel2_500_patch\images\sentinel2_patch_00060.png,61,624.0688,0.8,0.663173,1.0,22.4746,1.0,1.0,3277,100.0,0.8757,4096,full_detail_aware
98.92,92.9829,1.0,datasets\sentinel2_500_patch\images\sentinel2_patch_00060.png,61,631.5874,0.8,0.664232,1.0,22.6169,1.0,1.0,3277,100.0,0.8787,4096,without_detail_term
98.96,95.958,0.764806,datasets\sentinel2_500_patch\images\sentinel2_patch_00061.png,62,640.8696,0.8,0.64498,0.913043,20.3665,0.640625,0.766202,3277,79.7138,0.8896,4096,full_detail_aware
98.95,95.5894,0.7657,datasets\sentinel2_500_patch\images\sentinel2_patch_00061.png,62,649.3292,0.8,0.645555,0.956522,20.3299,0.669922,0.78029,3277,81.6287,0.8887,4096,without_detail_term
98.96,96.2235,1.0,datasets\sentinel2_500_patch\images\sentinel2_patch_00062.png,63,583.7704,0.8,0.697112,1.0,19.8442,1.0,1.0,3277,100.0,0.9181,4096,full_detail_aware
98.96,96.0224,1.0,datasets\sentinel2_500_patch\images\sentinel2_patch_00062.png,63,640.3222,0.8,0.698498,1.0,19.8564,1.0,1.0,3277,100.0,0.9184,4096,without_detail_term
98.93,93.6026,0.965764,datasets\sentinel2_500_patch\images\sentinel2_patch_00063.png,64,635.6784,0.8,0.668212,0.727273,21.9877,0.947236,0.956052,3277,89.0421,0.9125,4096,full_detail_aware
98.93,93.8347,0.957513,datasets\sentinel2_500_patch\images\sentinel2_patch_00063.png,64,662.6289,0.8,0.671585,0.727273,21.9286,0.948492,0.948471,3277,88.5731,0.9114,4096,without_detail_term
98.93,93.3348,1.0,datasets\sentinel2_500_patch\images\sentinel2_patch_00064.png,65,611.6844,0.8,0.666411,1.0,21.6143,0.997552,1.0,3277,99.9755,0.9057,4096,full_detail_aware
98.93,93.354,1.0,datasets\sentinel2_500_patch\images\sentinel2_patch_00064.png,65,643.6356,0.8,0.66695,1.0,21.6387,0.988984,1.0,3277,99.8898,0.9058,4096,without_detail_term
98.91,91.5365,1.0,datasets\sentinel2_500_patch\images\sentinel2_patch_00065.png,66,669.8673,0.8,0.649384,1.0,21.3449,1.0,1.0,3277,100.0,0.8645,4096,full_detail_aware
98.91,91.669,1.0,datasets\sentinel2_500_patch\images\sentinel2_patch_00065.png,66,570.6343,0.8,0.648818,1.0,21.3945,1.0,1.0,3277,100.0,0.8663,4096,without_detail_term
98.93,93.3148,1.0,datasets\sentinel2_500_patch\images\sentinel2_patch_00066.png,67,638.0177,0.8,0.678349,0.916667,22.7206,1.0,1.0,3277,97.5,0.8749,4096,full_detail_aware
98.93,93.3148,1.0,datasets\sentinel2_500_patch\images\sentinel2_patch_00066.png,67,590.6805,0.8,0.681986,0.916667,22.7249,1.0,1.0,3277,97.5,0.8762,4096,without_detail_term
98.94,94.7058,1.0,datasets\sentinel2_500_patch\images\sentinel2_patch_00067.png,68,676.3253,0.8,0.677653,0.789474,21.7164,1.0,1.0,3277,93.6842,0.8931,4096,full_detail_aware
98.94,94.6284,1.0,datasets\sentinel2_500_patch\images\sentinel2_patch_00067.png,68,624.0159,0.8,0.679764,0.736842,21.6278,1.0,1.0,3277,92.1053,0.8923,4096,without_detail_term
98.98,97.72,0.7586,datasets\sentinel2_500_patch\images\sentinel2_patch_00068.png,69,648.0629,0.8,0.574215,0.85,17.3185,1.0,0.782262,3277,81.4893,0.7312,4096,full_detail_aware
98.98,97.9788,0.758006,datasets\sentinel2_500_patch\images\sentinel2_patch_00068.png,69,577.1491,0.8,0.575613,0.85,17.1082,1.0,0.780431,3277,81.4289,0.7246,4096,without_detail_term
99.04,103.7089,1.0,datasets\sentinel2_500_patch\images\sentinel2_patch_00069.png,70,593.3053,0.8,0.595885,1.0,21.9355,1.0,1.0,3277,100.0,0.9027,4096,full_detail_aware
99.04,103.7296,1.0,datasets\sentinel2_500_patch\images\sentinel2_patch_00069.png,70,663.8262,0.8,0.596874,1.0,21.7822,1.0,1.0,3277,100.0,0.8995,4096,without_detail_term
99.05,105.7343,1.0,datasets\sentinel2_500_patch\images\sentinel2_patch_00070.png,71,592.0187,0.8,0.638933,0.5,21.897,1.0,1.0,3277,85.0,0.9267,4096,full_detail_aware
99.05,105.6902,1.0,datasets\sentinel2_500_patch\images\sentinel2_patch_00070.png,71,581.1755,0.8,0.640487,0.5,21.8914,1.0,1.0,3277,85.0,0.9269,4096,without_detail_term
99.0,99.6454,1.0,datasets\sentinel2_500_patch\images\sentinel2_patch_00071.png,72,569.2407,0.8,0.595908,0.692308,21.3588,1.0,1.0,3277,90.7692,0.8769,4096,full_detail_aware
99.0,100.0537,1.0,datasets\sentinel2_500_patch\images\sentinel2_patch_00071.png,72,651.5568,0.8,0.595948,0.692308,21.3908,1.0,1.0,3277,90.7692,0.8765,4096,without_detail_term
99.0,100.1703,1.0,datasets\sentinel2_500_patch\images\sentinel2_patch_00072.png,73,659.1104,0.8,0.602831,0.807692,20.2212,1.0,1.0,3277,94.2308,0.8597,4096,full_detail_aware
99.0,100.2115,1.0,datasets\sentinel2_500_patch\images\sentinel2_patch_00072.png,73,679.1019,0.8,0.6043,0.769231,20.2015,1.0,1.0,3277,93.0769,0.8584,4096,without_detail_term
98.98,97.5687,1.0,datasets\sentinel2_500_patch\images\sentinel2_patch_00073.png,74,602.6019,0.8,0.555426,1.0,22.7041,1.0,1.0,3277,100.0,0.8569,4096,full_detail_aware
98.97,97.2079,1.0,datasets\sentinel2_500_patch\images\sentinel2_patch_00073.png,74,585.0945,0.8,0.557225,1.0,22.5751,1.0,1.0,3277,100.0,0.8559,4096,without_detail_term
98.99,98.5589,0.792966,datasets\sentinel2_500_patch\images\sentinel2_patch_00074.png,75,577.4558,0.8,0.590599,0.866667,18.6122,1.0,0.84186,3277,84.5558,0.7814,4096,full_detail_aware
98.99,98.639,0.786872,datasets\sentinel2_500_patch\images\sentinel2_patch_00074.png,75,626.0442,0.8,0.591008,0.866667,18.4555,1.0,0.835243,3277,84.1797,0.7763,4096,without_detail_term
99.01,101.4995,1.0,datasets\sentinel2_500_patch\images\sentinel2_patch_00075.png,76,570.1057,0.8,0.627643,0.882353,20.1312,1.0,1.0,3277,96.4706,0.8488,4096,full_detail_aware
99.01,101.107,1.0,datasets\sentinel2_500_patch\images\sentinel2_patch_00075.png,76,615.6289,0.8,0.629084,0.764706,19.8465,1.0,1.0,3277,92.9412,0.844,4096,without_detail_term
98.95,94.9005,0.969602,datasets\sentinel2_500_patch\images\sentinel2_patch_00076.png,77,618.5678,0.8,0.597037,0.611111,19.071,1.0,0.986373,3277,86.8449,0.8075,4096,full_detail_aware
98.95,94.8271,1.0,datasets\sentinel2_500_patch\images\sentinel2_patch_00076.png,77,627.7768,0.8,0.597502,0.583333,19.0627,1.0,1.0,3277,87.5,0.8068,4096,without_detail_term
98.97,97.0908,1.0,datasets\sentinel2_500_patch\images\sentinel2_patch_00077.png,78,579.5616,0.8,0.613913,0.833333,17.5619,1.0,1.0,3277,95.0,0.7888,4096,full_detail_aware
98.97,97.2248,1.0,datasets\sentinel2_500_patch\images\sentinel2_patch_00077.png,78,628.703,0.8,0.613236,0.833333,17.5085,1.0,1.0,3277,95.0,0.7872,4096,without_detail_term
98.94,94.2566,1.0,datasets\sentinel2_500_patch\images\sentinel2_patch_00078.png,79,548.5821,0.8,0.593304,0.65,19.2085,1.0,1.0,3277,89.5,0.8363,4096,full_detail_aware
98.94,94.3663,1.0,datasets\sentinel2_500_patch\images\sentinel2_patch_00078.png,79,556.1321,0.8,0.597884,0.75,18.6447,1.0,1.0,3277,92.5,0.8228,4096,without_detail_term
98.97,97.4932,1.0,datasets\sentinel2_500_patch\images\sentinel2_patch_00079.png,80,605.1044,0.8,0.684271,1.0,13.5887,1.0,1.0,3277,100.0,0.5159,4096,full_detail_aware
98.97,97.3789,1.0,datasets\sentinel2_500_patch\images\sentinel2_patch_00079.png,80,576.209,0.8,0.682665,1.0,13.5589,1.0,1.0,3277,100.0,0.5105,4096,without_detail_term
98.97,97.1597,1.0,datasets\sentinel2_500_patch\images\sentinel2_patch_00080.png,81,599.6371,0.8,0.639615,0.892857,16.5987,1.0,1.0,3277,96.7857,0.7581,4096,full_detail_aware
98.97,97.2356,1.0,datasets\sentinel2_500_patch\images\sentinel2_patch_00080.png,81,563.7667,0.8,0.64059,0.892857,16.5941,1.0,1.0,3277,96.7857,0.7577,4096,without_detail_term
98.93,93.2692,1.0,datasets\sentinel2_500_patch\images\sentinel2_patch_00081.png,82,609.4611,0.8,0.574448,0.666667,18.6326,1.0,1.0,3277,90.0,0.8093,4096,full_detail_aware
98.93,93.2511,1.0,datasets\sentinel2_500_patch\images\sentinel2_patch_00081.png,82,614.5944,0.8,0.576027,0.666667,18.6549,1.0,1.0,3277,90.0,0.8091,4096,without_detail_term
98.93,93.5633,1.0,datasets\sentinel2_500_patch\images\sentinel2_patch_00082.png,83,631.1594,0.8,0.570023,0.916667,19.3752,1.0,1.0,3277,97.5,0.8614,4096,full_detail_aware
98.93,93.817,1.0,datasets\sentinel2_500_patch\images\sentinel2_patch_00082.png,83,709.6138,0.8,0.569483,0.916667,19.378,1.0,1.0,3277,97.5,0.8609,4096,without_detail_term
98.88,89.6687,0.971764,datasets\sentinel2_500_patch\images\sentinel2_patch_00083.png,84,645.6005,0.8,0.676829,0.928571,20.7522,0.925373,0.966285,3277,95.3071,0.8943,4096,full_detail_aware
98.89,89.9502,0.974523,datasets\sentinel2_500_patch\images\sentinel2_patch_00083.png,84,608.0448,0.8,0.674981,0.964286,20.7616,0.927505,0.968856,3277,96.5617,0.8942,4096,without_detail_term
98.89,90.2279,1.0,datasets\sentinel2_500_patch\images\sentinel2_patch_00084.png,85,692.5516,0.8,0.675798,0.8,20.6402,1.0,1.0,3277,94.0,0.8956,4096,full_detail_aware
98.89,90.0513,1.0,datasets\sentinel2_500_patch\images\sentinel2_patch_00084.png,85,656.6621,0.8,0.678053,0.8,20.786,1.0,1.0,3277,94.0,0.8976,4096,without_detail_term
98.89,90.1587,0.98567,datasets\sentinel2_500_patch\images\sentinel2_patch_00085.png,86,628.1207,0.8,0.671716,0.62963,19.2729,1.0,0.944269,3277,87.2011,0.8894,4096,full_detail_aware
98.89,90.1944,0.981169,datasets\sentinel2_500_patch\images\sentinel2_patch_00085.png,86,629.3479,0.8,0.671491,0.666667,19.1821,1.0,0.941513,3277,88.077,0.887,4096,without_detail_term
98.92,92.8537,0.985132,datasets\sentinel2_500_patch\images\sentinel2_patch_00086.png,87,629.4329,0.8,0.631729,0.545455,20.1901,1.0,0.977151,3277,85.3119,0.9259,4096,full_detail_aware
98.92,92.7029,0.979175,datasets\sentinel2_500_patch\images\sentinel2_patch_00086.png,87,630.6093,0.8,0.632262,0.545455,20.2163,1.0,0.972139,3277,84.9734,0.9265,4096,without_detail_term
98.89,89.799,1.0,datasets\sentinel2_500_patch\images\sentinel2_patch_00087.png,88,593.1705,0.8,0.696535,0.857143,21.9353,1.0,1.0,3277,95.7143,0.915,4096,full_detail_aware
98.88,89.4864,1.0,datasets\sentinel2_500_patch\images\sentinel2_patch_00087.png,88,646.8197,0.8,0.697864,0.857143,22.042,1.0,1.0,3277,95.7143,0.9159,4096,without_detail_term
98.87,88.801,0.968235,datasets\sentinel2_500_patch\images\sentinel2_patch_00088.png,89,645.7737,0.8,0.632755,0.666667,22.2191,1.0,0.944093,3277,87.6112,0.9201,4096,full_detail_aware
98.88,88.9772,0.993946,datasets\sentinel2_500_patch\images\sentinel2_patch_00088.png,89,704.7042,0.8,0.631941,0.666667,22.1129,1.0,0.970613,3277,89.1701,0.9189,4096,without_detail_term
98.91,91.3348,0.905335,datasets\sentinel2_500_patch\images\sentinel2_patch_00089.png,90,650.2348,0.8,0.581567,0.882353,21.9299,1.0,0.906217,3277,90.8084,0.9293,4096,full_detail_aware
98.91,91.3534,0.941845,datasets\sentinel2_500_patch\images\sentinel2_patch_00089.png,90,610.8737,0.8,0.581816,0.941176,21.8467,1.0,0.942618,3277,94.7615,0.9281,4096,without_detail_term
98.94,94.2051,0.562128,datasets\sentinel2_500_patch\images\sentinel2_patch_00090.png,91,648.5351,0.8,0.544664,1.0,23.6231,0.167969,0.578203,3277,65.7288,0.8036,4096,full_detail_aware
98.94,94.0148,0.547844,datasets\sentinel2_500_patch\images\sentinel2_patch_00090.png,91,652.3404,0.8,0.546507,1.0,23.1711,0.15918,0.563616,3277,64.7779,0.7962,4096,without_detail_term
98.91,91.649,0.897513,datasets\sentinel2_500_patch\images\sentinel2_patch_00091.png,92,618.2333,0.8,0.522439,1.0,22.5057,0.616822,0.905567,3277,90.1801,0.7849,4096,full_detail_aware
98.9,91.1571,0.866599,datasets\sentinel2_500_patch\images\sentinel2_patch_00091.png,92,563.8845,0.8,0.522651,1.0,22.315,0.579439,0.87589,3277,87.9762,0.7797,4096,without_detail_term
98.92,92.1909,0.818951,datasets\sentinel2_500_patch\images\sentinel2_patch_00092.png,93,680.8975,0.8,0.535752,1.0,23.7404,0.390244,0.855143,3277,83.7634,0.7952,4096,full_detail_aware
98.91,92.0337,0.834395,datasets\sentinel2_500_patch\images\sentinel2_patch_00092.png,93,678.5755,0.8,0.536541,1.0,23.6985,0.439024,0.871367,3277,85.1934,0.7953,4096,without_detail_term
98.92,92.428,0.550448,datasets\sentinel2_500_patch\images\sentinel2_patch_00093.png,94,639.1834,0.8,0.557723,0.0,22.1752,0.136364,0.600366,3277,35.3889,0.7672,4096,full_detail_aware
98.92,92.4085,0.546749,datasets\sentinel2_500_patch\images\sentinel2_patch_00093.png,94,612.4669,0.8,0.557368,0.0,22.0654,0.140909,0.596263,3277,35.2043,0.7646,4096,without_detail_term
98.93,93.4379,0.458365,datasets\sentinel2_500_patch\images\sentinel2_patch_00094.png,95,658.4622,0.8,0.555026,0.0,21.7253,0.098081,0.485463,3277,29.0247,0.7682,4096,full_detail_aware
98.93,93.2992,0.460138,datasets\sentinel2_500_patch\images\sentinel2_patch_00094.png,95,649.7126,0.8,0.555462,0.0,21.8382,0.098081,0.487495,3277,29.1362,0.7709,4096,without_detail_term
98.9,90.7777,0.928548,datasets\sentinel2_500_patch\images\sentinel2_patch_00095.png,96,646.9085,0.8,0.520306,1.0,25.5828,0.512821,0.968471,3277,91.6396,0.8293,4096,full_detail_aware
98.9,90.934,0.927573,datasets\sentinel2_500_patch\images\sentinel2_patch_00095.png,96,608.0854,0.8,0.519966,1.0,25.1947,0.525641,0.966612,3277,91.6916,0.8255,4096,without_detail_term
98.93,93.3253,0.53537,datasets\sentinel2_500_patch\images\sentinel2_patch_00096.png,97,634.0615,0.8,0.550409,1.0,23.3293,0.148148,0.561502,3277,64.1263,0.7874,4096,full_detail_aware
98.92,92.9201,0.532373,datasets\sentinel2_500_patch\images\sentinel2_patch_00096.png,97,609.4909,0.8,0.551836,1.0,24.0229,0.148148,0.56031,3277,63.9826,0.7978,4096,without_detail_term
98.93,93.0835,0.50628,datasets\sentinel2_500_patch\images\sentinel2_patch_00097.png,98,639.6532,0.8,0.560671,1.0,22.0932,0.063174,0.531393,3277,61.5108,0.7531,4096,full_detail_aware
98.93,93.2051,0.479998,datasets\sentinel2_500_patch\images\sentinel2_patch_00097.png,98,689.1058,0.8,0.560713,1.0,21.8291,0.047766,0.504131,3277,59.7602,0.7483,4096,without_detail_term
98.98,98.3811,0.895999,datasets\sentinel2_500_patch\images\sentinel2_patch_00098.png,99,638.0508,0.8,0.643558,1.0,20.7482,0.783105,0.868356,3277,91.0381,0.8694,4096,full_detail_aware
98.99,98.9167,0.907879,datasets\sentinel2_500_patch\images\sentinel2_patch_00098.png,99,685.2754,0.8,0.641994,1.0,20.6912,0.817352,0.882167,3277,92.132,0.8677,4096,without_detail_term
99.06,106.0038,0.887556,datasets\sentinel2_500_patch\images\sentinel2_patch_00099.png,100,635.5296,0.8,0.617106,1.0,20.1025,1.0,0.855014,3277,92.6025,0.8531,4096,full_detail_aware
99.06,105.8683,0.94104,datasets\sentinel2_500_patch\images\sentinel2_patch_00099.png,100,675.8249,0.8,0.617142,1.0,20.0581,1.0,0.907658,3277,95.7947,0.8516,4096,without_detail_term
99.02,101.5554,0.768158,datasets\sentinel2_500_patch\images\sentinel2_patch_00100.png,101,679.5808,0.8,0.633309,1.0,19.2577,0.544944,0.729666,3277,80.7691,0.8217,4096,full_detail_aware
99.01,101.3902,0.900763,datasets\sentinel2_500_patch\images\sentinel2_patch_00100.png,101,653.6654,0.8,0.633921,1.0,19.0151,0.769663,0.848629,3277,90.6997,0.8138,4096,without_detail_term
98.98,98.442,0.807299,datasets\sentinel2_500_patch\images\sentinel2_patch_00101.png,102,680.2211,0.8,0.65685,1.0,18.7029,0.591797,0.798817,3277,84.1863,0.8453,4096,full_detail_aware
98.99,98.6929,0.832852,datasets\sentinel2_500_patch\images\sentinel2_patch_00101.png,102,663.4694,0.8,0.654318,1.0,18.6605,0.621094,0.823733,3277,85.9997,0.8443,4096,without_detail_term
98.99,98.7741,0.885016,datasets\sentinel2_500_patch\images\sentinel2_patch_00102.png,103,657.0615,0.8,0.665024,1.0,19.2916,0.72168,0.892103,3277,90.4595,0.863,4096,full_detail_aware
98.99,98.6196,0.892432,datasets\sentinel2_500_patch\images\sentinel2_patch_00102.png,103,635.8955,0.8,0.666056,1.0,19.3041,0.725586,0.897399,3277,90.9011,0.8625,4096,without_detail_term
99.02,101.6687,0.879958,datasets\sentinel2_500_patch\images\sentinel2_patch_00103.png,104,655.8363,0.8,0.613874,1.0,19.5219,0.877525,0.859996,3277,91.1735,0.85,4096,full_detail_aware
99.02,101.6477,0.906632,datasets\sentinel2_500_patch\images\sentinel2_patch_00103.png,104,605.5552,0.8,0.612513,1.0,19.4663,0.941919,0.888716,3277,93.4588,0.8473,4096,without_detail_term
98.99,99.2556,0.972957,datasets\sentinel2_500_patch\images\sentinel2_patch_00104.png,105,635.2796,0.8,0.626349,1.0,19.9211,1.0,0.957199,3277,98.0623,0.8536,4096,full_detail_aware
99.0,99.5343,0.987186,datasets\sentinel2_500_patch\images\sentinel2_patch_00104.png,105,612.3756,0.8,0.628307,1.0,19.7187,1.0,0.970873,3277,98.9049,0.8484,4096,without_detail_term
98.96,96.5033,1.0,datasets\sentinel2_500_patch\images\sentinel2_patch_00105.png,106,581.801,0.8,0.664404,1.0,20.124,1.0,1.0,3277,100.0,0.856,4096,full_detail_aware
98.96,96.5408,0.995384,datasets\sentinel2_500_patch\images\sentinel2_patch_00105.png,106,626.8988,0.8,0.663014,1.0,20.0097,1.0,0.971028,3277,99.2359,0.8518,4096,without_detail_term
98.94,94.3407,0.513709,datasets\sentinel2_500_patch\images\sentinel2_patch_00106.png,107,620.5386,0.8,0.568293,1.0,22.8644,0.080395,0.539503,3277,62.1424,0.8169,4096,full_detail_aware
98.95,94.8778,0.509912,datasets\sentinel2_500_patch\images\sentinel2_patch_00106.png,107,559.7535,0.8,0.569416,1.0,22.5309,0.088858,0.535486,3277,61.9948,0.8092,4096,without_detail_term
98.9,90.6902,0.662012,datasets\sentinel2_500_patch\images\sentinel2_patch_00107.png,108,656.1159,0.8,0.518141,1.0,22.8074,0.247706,0.68594,3277,72.6763,0.8109,4096,full_detail_aware
98.9,90.5805,0.65258,datasets\sentinel2_500_patch\images\sentinel2_patch_00107.png,108,638.1676,0.8,0.51695,1.0,22.6615,0.243119,0.676234,3277,72.0591,0.8081,4096,without_detail_term
98.89,90.2025,0.853046,datasets\sentinel2_500_patch\images\sentinel2_patch_00108.png,109,632.9814,0.8,0.514601,1.0,21.666,1.0,0.865386,3277,91.4295,0.8446,4096,full_detail_aware
98.89,90.0178,0.845843,datasets\sentinel2_500_patch\images\sentinel2_patch_00108.png,109,636.7047,0.8,0.515469,1.0,21.7324,1.0,0.858769,3277,91.0091,0.8461,4096,without_detail_term
98.89,90.1641,0.876925,datasets\sentinel2_500_patch\images\sentinel2_patch_00109.png,110,603.0328,0.8,0.509135,0.5,22.2544,1.0,0.889034,3277,77.8577,0.8632,4096,full_detail_aware
98.89,90.1268,0.878575,datasets\sentinel2_500_patch\images\sentinel2_patch_00109.png,110,581.3879,0.8,0.510109,0.5,22.1997,1.0,0.890472,3277,77.9524,0.862,4096,without_detail_term
98.89,90.1959,0.909673,datasets\sentinel2_500_patch\images\sentinel2_patch_00110.png,111,607.0915,0.8,0.513351,0.6,22.361,1.0,0.921199,3277,82.8109,0.8627,4096,full_detail_aware
98.89,90.2521,0.907354,datasets\sentinel2_500_patch\images\sentinel2_patch_00110.png,111,612.8201,0.8,0.513977,0.6,22.3103,1.0,0.918781,3277,82.6698,0.8613,4096,without_detail_term
98.89,90.2143,1.0,datasets\sentinel2_500_patch\images\sentinel2_patch_00111.png,112,645.9361,0.8,0.473391,1.0,26.1064,1.0,1.0,3277,100.0,0.857,4096,full_detail_aware
98.89,90.4465,1.0,datasets\sentinel2_500_patch\images\sentinel2_patch_00111.png,112,603.5084,0.8,0.473147,1.0,25.7425,1.0,1.0,3277,100.0,0.8544,4096,without_detail_term
98.87,88.8096,0.586987,datasets\sentinel2_500_patch\images\sentinel2_patch_00112.png,113,630.9226,0.8,0.505535,1.0,27.1273,0.098976,0.604031,3277,66.5499,0.8577,4096,full_detail_aware
98.87,88.8282,0.582686,datasets\sentinel2_500_patch\images\sentinel2_patch_00112.png,113,678.2374,0.8,0.505671,1.0,27.1226,0.102389,0.599314,3277,66.3176,0.8599,4096,without_detail_term
98.91,91.8743,0.718232,datasets\sentinel2_500_patch\images\sentinel2_patch_00113.png,114,599.1775,0.8,0.531121,0.0,26.3233,0.343008,0.742034,3277,47.0,0.8233,4096,full_detail_aware
98.91,91.8934,0.786373,datasets\sentinel2_500_patch\images\sentinel2_patch_00113.png,114,630.6685,0.8,0.530289,0.0,26.1744,0.379947,0.815747,3277,51.5693,0.8235,4096,without_detail_term
98.93,93.4613,0.958259,datasets\sentinel2_500_patch\images\sentinel2_patch_00114.png,115,649.1569,0.8,0.616785,1.0,20.7938,1.0,0.924161,3277,96.8136,0.908,4096,full_detail_aware
98.93,93.7542,0.960016,datasets\sentinel2_500_patch\images\sentinel2_patch_00114.png,115,615.3735,0.8,0.617254,1.0,20.7923,1.0,0.926208,3277,96.9248,0.9074,4096,without_detail_term
99.03,103.3691,0.960907,datasets\sentinel2_500_patch\images\sentinel2_patch_00115.png,116,611.4084,0.8,0.582629,1.0,19.7975,0.900901,0.906221,3277,95.5697,0.8675,4096,full_detail_aware
99.03,103.4126,0.946272,datasets\sentinel2_500_patch\images\sentinel2_patch_00115.png,116,618.0022,0.8,0.583502,1.0,19.7657,0.891892,0.892415,3277,94.6181,0.8665,4096,without_detail_term
99.03,102.739,0.736026,datasets\sentinel2_500_patch\images\sentinel2_patch_00116.png,117,623.0895,0.8,0.600164,1.0,19.2819,0.5,0.717855,3277,78.7982,0.8557,4096,full_detail_aware
99.03,102.8269,0.728618,datasets\sentinel2_500_patch\images\sentinel2_patch_00116.png,117,612.0346,0.8,0.60135,1.0,19.7948,0.449219,0.706342,3277,77.7637,0.8713,4096,without_detail_term
99.02,102.3972,0.940001,datasets\sentinel2_500_patch\images\sentinel2_patch_00117.png,118,611.3527,0.8,0.604421,1.0,18.7765,0.883832,0.891661,3277,94.2716,0.8268,4096,full_detail_aware
99.03,102.9957,0.72138,datasets\sentinel2_500_patch\images\sentinel2_patch_00117.png,118,676.2816,0.8,0.606023,1.0,19.3387,0.461078,0.700579,3277,77.4776,0.8494,4096,without_detail_term
99.03,102.9732,0.715212,datasets\sentinel2_500_patch\images\sentinel2_patch_00118.png,119,659.9816,0.8,0.610931,1.0,18.9435,0.420984,0.695742,3277,76.7332,0.8327,4096,full_detail_aware
99.03,102.9288,0.688493,datasets\sentinel2_500_patch\images\sentinel2_patch_00118.png,119,671.7088,0.8,0.611291,1.0,19.2716,0.335492,0.67004,3277,74.2954,0.8459,4096,without_detail_term
99.03,102.782,0.685878,datasets\sentinel2_500_patch\images\sentinel2_patch_00119.png,120,641.2004,0.8,0.558703,1.0,20.7319,0.368164,0.667924,3277,74.4753,0.8591,4096,full_detail_aware
99.03,103.0951,0.621759,datasets\sentinel2_500_patch\images\sentinel2_patch_00119.png,120,671.1542,0.8,0.556952,1.0,20.5574,0.232422,0.601948,3277,69.2335,0.8542,4096,without_detail_term
98.99,99.3698,0.823961,datasets\sentinel2_500_patch\images\sentinel2_patch_00120.png,121,614.4317,0.8,0.587848,1.0,20.9575,0.71558,0.811476,3277,86.3438,0.8853,4096,full_detail_aware
98.99,99.2659,0.828167,datasets\sentinel2_500_patch\images\sentinel2_patch_00120.png,121,644.2522,0.8,0.587611,1.0,21.0973,0.717391,0.818585,3277,86.6723,0.8869,4096,without_detail_term
99.0,100.3591,0.947379,datasets\sentinel2_500_patch\images\sentinel2_patch_00121.png,122,628.3026,0.8,0.604754,1.0,19.7878,0.743363,0.929862,3277,93.926,0.852,4096,full_detail_aware
99.0,100.2768,0.943059,datasets\sentinel2_500_patch\images\sentinel2_patch_00121.png,122,684.286,0.8,0.606458,1.0,19.7163,0.735777,0.925738,3277,93.5949,0.8494,4096,without_detail_term
98.87,88.727,1.0,datasets\sentinel2_500_patch\images\sentinel2_patch_00122.png,123,616.5375,0.8,0.559852,1.0,19.542,1.0,1.0,3277,100.0,0.7344,4096,full_detail_aware
98.87,88.1457,1.0,datasets\sentinel2_500_patch\images\sentinel2_patch_00122.png,123,636.4414,0.8,0.561373,1.0,19.4933,1.0,1.0,3277,100.0,0.7342,4096,without_detail_term
98.88,89.0946,1.0,datasets\sentinel2_500_patch\images\sentinel2_patch_00123.png,124,606.3875,0.8,0.557801,0.947368,19.1554,1.0,1.0,3277,98.4211,0.7515,4096,full_detail_aware
98.87,88.7608,1.0,datasets\sentinel2_500_patch\images\sentinel2_patch_00123.png,124,600.981,0.8,0.557558,0.947368,19.1986,1.0,1.0,3277,98.4211,0.7532,4096,without_detail_term
98.88,89.2322,1.0,datasets\sentinel2_500_patch\images\sentinel2_patch_00124.png,125,559.1041,0.8,0.544013,1.0,20.7175,0.88601,1.0,3277,98.8601,0.7713,4096,full_detail_aware
98.87,88.3756,1.0,datasets\sentinel2_500_patch\images\sentinel2_patch_00124.png,125,602.8279,0.8,0.547534,1.0,20.8776,0.906736,1.0,3277,99.0674,0.7745,4096,without_detail_term
98.86,87.6378,1.0,datasets\sentinel2_500_patch\images\sentinel2_patch_00125.png,126,605.0056,0.8,0.541845,1.0,20.2725,1.0,1.0,3277,100.0,0.7689,4096,full_detail_aware
98.86,87.6207,1.0,datasets\sentinel2_500_patch\images\sentinel2_patch_00125.png,126,613.045,0.8,0.543085,1.0,20.1262,1.0,1.0,3277,100.0,0.7651,4096,without_detail_term
98.86,87.66,1.0,datasets\sentinel2_500_patch\images\sentinel2_patch_00126.png,127,592.9183,0.8,0.548808,1.0,21.0419,1.0,1.0,3277,100.0,0.7739,4096,full_detail_aware
98.85,87.0717,1.0,datasets\sentinel2_500_patch\images\sentinel2_patch_00126.png,127,626.685,0.8,0.551677,1.0,21.081,1.0,1.0,3277,100.0,0.7721,4096,without_detail_term
99.03,103.478,0.663315,datasets\sentinel2_500_patch\images\sentinel2_patch_00127.png,128,602.5124,0.8,0.717395,1.0,18.5529,0.041992,0.669776,3277,70.348,0.7778,4096,full_detail_aware
99.05,105.0843,0.653004,datasets\sentinel2_500_patch\images\sentinel2_patch_00127.png,128,657.1331,0.8,0.717647,1.0,18.3736,0.043945,0.658749,3277,69.7346,0.7668,4096,without_detail_term
99.03,103.0713,0.663895,datasets\sentinel2_500_patch\images\sentinel2_patch_00128.png,129,630.6429,0.8,0.706583,1.0,18.4532,0.09082,0.672857,3277,70.9211,0.7975,4096,full_detail_aware
99.03,103.5169,0.643651,datasets\sentinel2_500_patch\images\sentinel2_patch_00128.png,129,586.6145,0.8,0.712498,1.0,18.2209,0.068359,0.652754,3277,69.4847,0.7852,4096,without_detail_term
99.02,101.8808,0.732759,datasets\sentinel2_500_patch\images\sentinel2_patch_00129.png,130,671.2653,0.8,0.700651,1.0,18.9392,0.113281,0.719857,3277,74.8403,0.7942,4096,full_detail_aware
99.03,102.9311,0.723058,datasets\sentinel2_500_patch\images\sentinel2_patch_00129.png,130,624.2197,0.8,0.702499,1.0,18.7044,0.114258,0.709066,3277,74.2462,0.7848,4096,without_detail_term
99.03,103.2537,0.618986,datasets\sentinel2_500_patch\images\sentinel2_patch_00130.png,131,622.1246,0.8,0.709317,1.0,18.3381,0.035156,0.624566,3277,67.6023,0.7817,4096,full_detail_aware
99.04,104.0452,0.628346,datasets\sentinel2_500_patch\images\sentinel2_patch_00130.png,131,638.1258,0.8,0.713185,1.0,18.1296,0.039062,0.63271,3277,68.1786,0.7701,4096,without_detail_term
99.02,102.4465,0.609334,datasets\sentinel2_500_patch\images\sentinel2_patch_00131.png,132,596.7145,0.8,0.70454,1.0,18.9169,0.037109,0.611339,3277,66.9712,0.7762,4096,full_detail_aware
99.03,103.4876,0.61314,datasets\sentinel2_500_patch\images\sentinel2_patch_00131.png,132,578.4105,0.8,0.701728,1.0,18.7478,0.040039,0.614457,3277,67.2151,0.7688,4096,without_detail_term
99.01,100.6984,0.805469,datasets\sentinel2_500_patch\images\sentinel2_patch_00132.png,133,649.6105,0.8,0.733238,0.647059,19.8708,0.375977,0.780269,3277,70.9957,0.8221,4096,full_detail_aware
99.01,100.6172,0.806468,datasets\sentinel2_500_patch\images\sentinel2_patch_00132.png,133,587.6133,0.8,0.731477,0.705882,19.8833,0.37793,0.781337,3277,72.8412,0.8225,4096,without_detail_term
99.03,103.1054,0.779934,datasets\sentinel2_500_patch\images\sentinel2_patch_00133.png,134,612.8883,0.8,0.697364,1.0,18.6241,0.504883,0.786578,3277,81.9778,0.8005,4096,full_detail_aware
99.03,103.3988,0.786181,datasets\sentinel2_500_patch\images\sentinel2_patch_00133.png,134,625.3553,0.8,0.698341,1.0,18.5599,0.538086,0.793785,3277,82.7038,0.7969,4096,without_detail_term
98.99,98.6304,0.991265,datasets\sentinel2_500_patch\images\sentinel2_patch_00134.png,135,662.8705,0.8,0.733839,1.0,18.323,0.609391,0.985133,3277,95.4472,0.8363,4096,full_detail_aware
98.99,98.5536,0.999474,datasets\sentinel2_500_patch\images\sentinel2_patch_00134.png,135,635.114,0.8,0.73448,1.0,18.3166,0.66034,0.995869,3277,96.4997,0.8368,4096,without_detail_term
99.0,99.6905,0.897432,datasets\sentinel2_500_patch\images\sentinel2_patch_00135.png,136,621.1749,0.8,0.631151,1.0,19.7455,0.884766,0.877087,3277,92.2867,0.8857,4096,full_detail_aware
99.0,99.6304,0.902923,datasets\sentinel2_500_patch\images\sentinel2_patch_00135.png,136,610.2397,0.8,0.63391,1.0,19.6109,0.915039,0.881986,3277,92.907,0.882,4096,without_detail_term
99.03,103.0045,0.948099,datasets\sentinel2_500_patch\images\sentinel2_patch_00136.png,137,609.6589,0.8,0.739264,1.0,17.733,0.495117,0.95708,3277,92.0167,0.813,4096,full_detail_aware
99.03,103.0249,0.93998,datasets\sentinel2_500_patch\images\sentinel2_patch_00136.png,137,635.8518,0.8,0.738551,1.0,17.6943,0.460938,0.947013,3277,91.1488,0.8117,4096,without_detail_term
98.99,98.683,1.0,datasets\sentinel2_500_patch\images\sentinel2_patch_00137.png,138,621.2095,0.8,0.770255,1.0,18.7845,0.59375,0.997667,3277,95.8908,0.8511,4096,full_detail_aware
98.99,99.1675,1.0,datasets\sentinel2_500_patch\images\sentinel2_patch_00137.png,138,594.8719,0.8,0.772558,1.0,18.7562,0.615234,1.0,3277,96.1523,0.8511,4096,without_detail_term
98.99,98.8754,0.924006,datasets\sentinel2_500_patch\images\sentinel2_patch_00138.png,139,595.1798,0.8,0.677675,1.0,17.0951,0.988281,0.914679,3277,95.1366,0.8062,4096,full_detail_aware
98.99,98.8375,0.926985,datasets\sentinel2_500_patch\images\sentinel2_patch_00138.png,139,637.9467,0.8,0.676824,1.0,17.1685,0.99707,0.917598,3277,95.4021,0.8078,4096,without_detail_term
99.01,101.1819,0.783823,datasets\sentinel2_500_patch\images\sentinel2_patch_00139.png,140,608.1922,0.8,0.721084,1.0,19.6591,0.395508,0.762862,3277,80.5652,0.8467,4096,full_detail_aware
99.01,101.1819,0.78429,datasets\sentinel2_500_patch\images\sentinel2_patch_00139.png,140,683.0516,0.8,0.720276,1.0,19.6256,0.400391,0.763308,3277,80.6417,0.8458,4096,without_detail_term
98.95,95.4582,0.623221,datasets\sentinel2_500_patch\images\sentinel2_patch_00140.png,141,595.2727,0.8,0.637105,1.0,22.376,0.339161,0.654676,3277,71.414,0.7656,4096,full_detail_aware
98.95,95.2062,0.631439,datasets\sentinel2_500_patch\images\sentinel2_patch_00140.png,141,613.991,0.8,0.637212,1.0,22.4591,0.342657,0.663036,3277,71.9449,0.7641,4096,without_detail_term
98.94,94.1424,1.0,datasets\sentinel2_500_patch\images\sentinel2_patch_00141.png,142,611.9066,0.8,0.571529,1.0,23.4531,0.541516,0.997205,3277,95.3593,0.7908,4096,full_detail_aware
98.93,93.718,1.0,datasets\sentinel2_500_patch\images\sentinel2_patch_00141.png,142,589.1342,0.8,0.570457,1.0,24.1682,0.617329,1.0,3277,96.1733,0.7979,4096,without_detail_term
98.95,95.2329,0.624152,datasets\sentinel2_500_patch\images\sentinel2_patch_00142.png,143,661.0293,0.8,0.558128,1.0,21.9038,0.299259,0.640028,3277,70.7592,0.7927,4096,full_detail_aware
98.94,94.4948,0.727674,datasets\sentinel2_500_patch\images\sentinel2_patch_00142.png,143,620.9098,0.8,0.56107,1.0,22.2401,0.362963,0.747093,3277,77.6785,0.7983,4096,without_detail_term
98.91,91.9611,1.0,datasets\sentinel2_500_patch\images\sentinel2_patch_00143.png,144,630.5775,0.8,0.509537,1.0,26.299,1.0,1.0,3277,100.0,0.884,4096,full_detail_aware
98.91,91.7217,1.0,datasets\sentinel2_500_patch\images\sentinel2_patch_00143.png,144,642.1541,0.8,0.510669,1.0,26.2197,1.0,1.0,3277,100.0,0.8829,4096,without_detail_term
98.95,95.5694,0.918068,datasets\sentinel2_500_patch\images\sentinel2_patch_00144.png,145,616.311,0.8,0.580031,0.958333,22.947,0.595745,0.930549,3277,90.0411,0.7689,4096,full_detail_aware
98.95,95.1676,0.998158,datasets\sentinel2_500_patch\images\sentinel2_patch_00144.png,145,645.0391,0.8,0.579804,1.0,22.6274,0.641844,1.0,3277,96.3448,0.7633,4096,without_detail_term
98.94,94.5493,0.678939,datasets\sentinel2_500_patch\images\sentinel2_patch_00145.png,146,606.0803,0.8,0.601677,1.0,22.1605,0.436242,0.700224,3277,75.5245,0.794,4096,full_detail_aware
98.94,94.6811,0.673033,datasets\sentinel2_500_patch\images\sentinel2_patch_00145.png,146,568.6908,0.8,0.601843,1.0,21.8084,0.431208,0.694262,3277,75.1187,0.7882,4096,without_detail_term
98.95,95.0064,0.716712,datasets\sentinel2_500_patch\images\sentinel2_patch_00146.png,147,679.3352,0.8,0.560805,1.0,21.8658,0.42328,0.74505,3277,77.8023,0.7885,4096,full_detail_aware
98.95,94.8221,0.753795,datasets\sentinel2_500_patch\images\sentinel2_patch_00146.png,147,615.2164,0.8,0.560672,1.0,21.9877,0.470899,0.77525,3277,80.3658,0.7891,4096,without_detail_term
98.92,92.9745,0.954358,datasets\sentinel2_500_patch\images\sentinel2_patch_00147.png,148,570.6883,0.8,0.607023,1.0,23.6439,0.851133,0.985837,3277,96.4024,0.7678,4096,full_detail_aware
98.93,93.047,0.961334,datasets\sentinel2_500_patch\images\sentinel2_patch_00147.png,148,627.7387,0.8,0.607046,1.0,23.7468,0.89644,0.992494,3277,97.2676,0.7705,4096,without_detail_term
98.97,96.9938,0.954892,datasets\sentinel2_500_patch\images\sentinel2_patch_00148.png,149,645.2698,0.8,0.685308,1.0,19.276,0.893555,0.978911,3277,96.7095,0.866,4096,full_detail_aware
98.97,97.3733,0.945042,datasets\sentinel2_500_patch\images\sentinel2_patch_00148.png,149,658.07,0.8,0.688327,1.0,19.2709,0.863281,0.968563,3277,95.8058,0.8654,4096,without_detail_term
98.93,93.7932,0.69416,datasets\sentinel2_500_patch\images\sentinel2_patch_00149.png,150,584.1074,0.8,0.71002,1.0,19.9408,0.208008,0.705146,3277,73.9494,0.8372,4096,full_detail_aware
98.93,93.738,0.855599,datasets\sentinel2_500_patch\images\sentinel2_patch_00149.png,150,644.0994,0.8,0.701162,1.0,19.8882,0.329102,0.867508,3277,84.8651,0.8354,4096,without_detail_term
98.95,95.1566,0.797811,datasets\sentinel2_500_patch\images\sentinel2_patch_00150.png,151,643.8716,0.8,0.669385,0.652174,19.3815,0.52832,0.7931,3277,72.6228,0.8601,4096,full_detail_aware
98.95,95.5324,0.798832,datasets\sentinel2_500_patch\images\sentinel2_patch_00150.png,151,683.362,0.8,0.666002,0.652174,19.2207,0.536133,0.794232,3277,72.7645,0.8528,4096,without_detail_term
98.95,95.6407,0.715545,datasets\sentinel2_500_patch\images\sentinel2_patch_00151.png,152,610.8993,0.8,0.64772,0.761905,19.4319,0.397461,0.711148,3277,69.6765,0.8684,4096,full_detail_aware
98.96,95.8124,0.706892,datasets\sentinel2_500_patch\images\sentinel2_patch_00151.png,152,578.0508,0.8,0.651229,0.809524,19.599,0.359375,0.704616,3277,70.2475,0.8667,4096,without_detail_term
98.94,94.783,0.851239,datasets\sentinel2_500_patch\images\sentinel2_patch_00152.png,153,589.6497,0.8,0.647066,1.0,18.7805,0.545898,0.850045,3277,86.5094,0.8768,4096,full_detail_aware
98.95,95.0294,0.846854,datasets\sentinel2_500_patch\images\sentinel2_patch_00152.png,153,573.4006,0.8,0.646679,1.0,18.8375,0.53125,0.844102,3277,86.0687,0.8766,4096,without_detail_term
99.0,99.8672,0.776947,datasets\sentinel2_500_patch\images\sentinel2_patch_00153.png,154,586.6416,0.8,0.727975,1.0,18.9293,0.458008,0.782047,3277,81.2989,0.8786,4096,full_detail_aware
99.01,100.9955,0.797458,datasets\sentinel2_500_patch\images\sentinel2_patch_00153.png,154,623.2282,0.8,0.730045,1.0,19.0591,0.519531,0.803518,3277,83.164,0.8799,4096,without_detail_term
98.99,99.2547,0.721066,datasets\sentinel2_500_patch\images\sentinel2_patch_00154.png,155,637.659,0.8,0.739024,1.0,18.9527,0.260742,0.704576,3277,75.5416,0.8647,4096,full_detail_aware
98.99,99.2347,0.664783,datasets\sentinel2_500_patch\images\sentinel2_patch_00154.png,155,648.2723,0.8,0.740294,1.0,18.8471,0.212891,0.649079,3277,71.7018,0.8602,4096,without_detail_term
99.01,100.7168,1.0,datasets\sentinel2_500_patch\images\sentinel2_patch_00155.png,156,595.1287,0.8,0.701985,0.25,16.1404,1.0,1.0,3277,77.5,0.5151,4096,full_detail_aware
99.01,100.8527,1.0,datasets\sentinel2_500_patch\images\sentinel2_patch_00155.png,156,583.6645,0.8,0.703917,0.291667,16.0456,1.0,1.0,3277,78.75,0.514,4096,without_detail_term
98.95,95.2128,1.0,datasets\sentinel2_500_patch\images\sentinel2_patch_00156.png,157,573.3756,0.8,0.592664,0.740741,18.9995,1.0,1.0,3277,92.2222,0.7832,4096,full_detail_aware
98.95,95.1584,1.0,datasets\sentinel2_500_patch\images\sentinel2_patch_00156.png,157,565.1027,0.8,0.592466,0.814815,19.1181,1.0,1.0,3277,94.4444,0.7875,4096,without_detail_term
98.96,96.3102,1.0,datasets\sentinel2_500_patch\images\sentinel2_patch_00157.png,158,663.954,0.8,0.673818,1.0,18.5947,1.0,1.0,3277,100.0,0.7543,4096,full_detail_aware
98.96,96.2003,1.0,datasets\sentinel2_500_patch\images\sentinel2_patch_00157.png,158,604.4002,0.8,0.670344,1.0,18.667,1.0,1.0,3277,100.0,0.7548,4096,without_detail_term
98.95,95.2672,1.0,datasets\sentinel2_500_patch\images\sentinel2_patch_00158.png,159,590.5208,0.8,0.667795,1.0,18.6164,1.0,1.0,3277,100.0,0.7495,4096,full_detail_aware
98.95,95.3946,1.0,datasets\sentinel2_500_patch\images\sentinel2_patch_00158.png,159,570.1283,0.8,0.668389,1.0,18.6989,1.0,1.0,3277,100.0,0.751,4096,without_detail_term
98.97,97.2841,1.0,datasets\sentinel2_500_patch\images\sentinel2_patch_00159.png,160,570.4802,0.8,0.585663,1.0,19.5513,1.0,1.0,3277,100.0,0.8461,4096,full_detail_aware
98.97,97.341,1.0,datasets\sentinel2_500_patch\images\sentinel2_patch_00159.png,160,589.0769,0.8,0.584336,1.0,19.4202,1.0,1.0,3277,100.0,0.8437,4096,without_detail_term
99.02,102.2514,1.0,datasets\sentinel2_500_patch\images\sentinel2_patch_00160.png,161,547.1408,0.8,0.658747,1.0,19.4979,1.0,1.0,3277,100.0,0.8444,4096,full_detail_aware
99.02,101.8926,1.0,datasets\sentinel2_500_patch\images\sentinel2_patch_00160.png,161,651.7539,0.8,0.659308,1.0,19.4423,1.0,1.0,3277,100.0,0.8429,4096,without_detail_term
99.01,100.6508,1.0,datasets\sentinel2_500_patch\images\sentinel2_patch_00161.png,162,579.1798,0.8,0.67119,1.0,18.4841,1.0,1.0,3277,100.0,0.7896,4096,full_detail_aware
99.0,100.0467,1.0,datasets\sentinel2_500_patch\images\sentinel2_patch_00161.png,162,614.4173,0.8,0.669335,1.0,18.6726,1.0,1.0,3277,100.0,0.7942,4096,without_detail_term
98.94,94.6153,1.0,datasets\sentinel2_500_patch\images\sentinel2_patch_00162.png,163,592.4015,0.8,0.573422,0.9,19.3889,1.0,1.0,3277,97.0,0.8051,4096,full_detail_aware
98.94,94.5432,1.0,datasets\sentinel2_500_patch\images\sentinel2_patch_00162.png,163,630.9935,0.8,0.574448,0.9,18.9783,1.0,1.0,3277,97.0,0.7954,4096,without_detail_term
98.94,94.0023,1.0,datasets\sentinel2_500_patch\images\sentinel2_patch_00163.png,164,635.8231,0.8,0.58379,1.0,19.2491,1.0,1.0,3277,100.0,0.7805,4096,full_detail_aware
98.93,93.6493,1.0,datasets\sentinel2_500_patch\images\sentinel2_patch_00163.png,164,574.0338,0.8,0.588045,1.0,18.6382,1.0,1.0,3277,100.0,0.7647,4096,without_detail_term
98.93,93.1668,0.966276,datasets\sentinel2_500_patch\images\sentinel2_patch_00164.png,165,632.3211,0.8,0.579707,0.826087,20.466,1.0,0.978743,3277,93.0085,0.7963,4096,full_detail_aware
98.93,93.475,1.0,datasets\sentinel2_500_patch\images\sentinel2_patch_00164.png,165,639.8905,0.8,0.584832,0.913043,19.9082,1.0,1.0,3277,97.3913,0.7811,4096,without_detail_term
98.92,92.9442,1.0,datasets\sentinel2_500_patch\images\sentinel2_patch_00165.png,166,615.739,0.8,0.593928,0.757576,21.2085,1.0,1.0,3277,92.7273,0.7848,4096,full_detail_aware
98.92,92.7285,1.0,datasets\sentinel2_500_patch\images\sentinel2_patch_00165.png,166,626.5917,0.8,0.595507,0.757576,21.0501,1.0,1.0,3277,92.7273,0.7789,4096,without_detail_term
98.94,94.7639,1.0,datasets\sentinel2_500_patch\images\sentinel2_patch_00166.png,167,591.4985,0.8,0.636855,0.888889,20.5504,1.0,1.0,3277,96.6667,0.7722,4096,full_detail_aware
98.94,94.7456,1.0,datasets\sentinel2_500_patch\images\sentinel2_patch_00166.png,167,561.4573,0.8,0.640312,0.833333,20.1776,1.0,1.0,3277,95.0,0.7599,4096,without_detail_term
98.95,94.8868,1.0,datasets\sentinel2_500_patch\images\sentinel2_patch_00167.png,168,614.953,0.8,0.550941,1.0,20.8375,1.0,1.0,3277,100.0,0.8683,4096,full_detail_aware
98.94,94.558,1.0,datasets\sentinel2_500_patch\images\sentinel2_patch_00167.png,168,559.1373,0.8,0.552016,0.954545,20.8421,1.0,1.0,3277,98.6364,0.8685,4096,without_detail_term
98.94,94.5605,1.0,datasets\sentinel2_500_patch\images\sentinel2_patch_00168.png,169,555.8288,0.8,0.551223,0.714286,20.371,1.0,1.0,3277,91.4286,0.8348,4096,full_detail_aware
98.94,94.6149,1.0,datasets\sentinel2_500_patch\images\sentinel2_patch_00168.png,169,628.251,0.8,0.554635,0.666667,19.7072,1.0,1.0,3277,90.0,0.8206,4096,without_detail_term
98.92,92.763,1.0,datasets\sentinel2_500_patch\images\sentinel2_patch_00169.png,170,612.4394,0.8,0.560396,0.761905,21.4687,1.0,1.0,3277,92.8571,0.8394,4096,full_detail_aware
98.92,92.4656,1.0,datasets\sentinel2_500_patch\images\sentinel2_patch_00169.png,170,638.6928,0.8,0.565458,0.761905,20.7329,1.0,1.0,3277,92.8571,0.8212,4096,without_detail_term
98.93,93.6022,0.759635,datasets\sentinel2_500_patch\images\sentinel2_patch_00170.png,171,583.4604,0.8,0.617991,1.0,20.0759,0.702148,0.766085,3277,82.7286,0.8751,4096,full_detail_aware
98.93,93.8571,0.792624,datasets\sentinel2_500_patch\images\sentinel2_patch_00170.png,171,580.7922,0.8,0.618694,1.0,19.9869,0.766602,0.799187,3277,85.3547,0.873,4096,without_detail_term
98.92,92.4122,0.815576,datasets\sentinel2_500_patch\images\sentinel2_patch_00171.png,172,595.2957,0.8,0.611211,1.0,18.8713,0.81543,0.817817,3277,87.1337,0.8464,4096,full_detail_aware
98.92,92.3767,0.787364,datasets\sentinel2_500_patch\images\sentinel2_patch_00171.png,172,582.3165,0.8,0.614633,1.0,18.9275,0.761719,0.792877,3277,84.9693,0.8471,4096,without_detail_term
98.91,91.6858,0.911266,datasets\sentinel2_500_patch\images\sentinel2_patch_00172.png,173,628.4363,0.8,0.613361,0.846154,20.1252,0.98176,0.934797,3277,90.3488,0.8326,4096,full_detail_aware
98.91,92.0997,0.9325,datasets\sentinel2_500_patch\images\sentinel2_patch_00172.png,173,575.0134,0.8,0.615758,0.884615,19.9021,1.0,0.955364,3277,92.9458,0.8232,4096,without_detail_term
98.9,91.1445,1.0,datasets\sentinel2_500_patch\images\sentinel2_patch_00173.png,174,611.2914,0.8,0.628244,0.925926,20.6274,1.0,1.0,3277,97.7778,0.8257,4096,full_detail_aware
98.91,91.5167,1.0,datasets\sentinel2_500_patch\images\sentinel2_patch_00173.png,174,621.4847,0.8,0.629243,0.962963,20.4884,1.0,1.0,3277,98.8889,0.819,4096,without_detail_term
98.93,93.2962,1.0,datasets\sentinel2_500_patch\images\sentinel2_patch_00174.png,175,615.3695,0.8,0.644802,0.962963,20.1589,1.0,1.0,3277,98.8889,0.8067,4096,full_detail_aware
98.93,93.3145,1.0,datasets\sentinel2_500_patch\images\sentinel2_patch_00174.png,175,593.7441,0.8,0.645339,1.0,20.17,1.0,1.0,3277,100.0,0.8043,4096,without_detail_term
98.93,93.88,0.845547,datasets\sentinel2_500_patch\images\sentinel2_patch_00175.png,176,594.4698,0.8,0.623766,0.666667,20.3265,0.847656,0.861173,3277,79.5219,0.9079,4096,full_detail_aware
98.94,94.0105,0.849075,datasets\sentinel2_500_patch\images\sentinel2_patch_00175.png,176,602.2324,0.8,0.622493,0.666667,20.2961,0.855469,0.863319,3277,79.7841,0.9079,4096,without_detail_term
98.94,93.9538,0.785886,datasets\sentinel2_500_patch\images\sentinel2_patch_00176.png,177,657.6636,0.8,0.610162,1.0,19.9024,0.71875,0.801903,3277,84.661,0.8836,4096,full_detail_aware
98.94,94.7516,0.786986,datasets\sentinel2_500_patch\images\sentinel2_patch_00176.png,177,639.0055,0.8,0.611259,0.941176,19.8618,0.72168,0.80346,3277,83.0007,0.8828,4096,without_detail_term
98.91,91.8936,0.887015,datasets\sentinel2_500_patch\images\sentinel2_patch_00177.png,178,629.5595,0.8,0.602474,1.0,20.2842,0.966797,0.905375,3277,93.2561,0.865,4096,full_detail_aware
98.91,91.8228,0.821595,datasets\sentinel2_500_patch\images\sentinel2_patch_00177.png,178,626.3098,0.8,0.609376,1.0,20.1636,0.880859,0.840679,3277,88.486,0.8601,4096,without_detail_term
98.93,93.7155,1.0,datasets\sentinel2_500_patch\images\sentinel2_patch_00178.png,179,578.21,0.8,0.650588,0.806452,15.7706,1.0,1.0,3277,94.1935,0.5912,4096,full_detail_aware
98.94,94.057,1.0,datasets\sentinel2_500_patch\images\sentinel2_patch_00178.png,179,589.4002,0.8,0.648171,0.774194,15.7662,1.0,1.0,3277,93.2258,0.5896,4096,without_detail_term
98.95,95.0332,1.0,datasets\sentinel2_500_patch\images\sentinel2_patch_00179.png,180,572.6105,0.8,0.538218,1.0,20.1183,1.0,1.0,3277,100.0,0.7873,4096,full_detail_aware
98.95,95.4493,1.0,datasets\sentinel2_500_patch\images\sentinel2_patch_00179.png,180,582.7337,0.8,0.540594,1.0,19.6806,1.0,1.0,3277,100.0,0.7735,4096,without_detail_term
98.96,96.4128,1.0,datasets\sentinel2_500_patch\images\sentinel2_patch_00180.png,181,581.5657,0.8,0.629416,1.0,16.6883,1.0,1.0,3277,100.0,0.5709,4096,full_detail_aware
98.96,96.3573,1.0,datasets\sentinel2_500_patch\images\sentinel2_patch_00180.png,181,665.337,0.8,0.630708,1.0,16.6893,1.0,1.0,3277,100.0,0.5685,4096,without_detail_term
98.94,93.9059,1.0,datasets\sentinel2_500_patch\images\sentinel2_patch_00181.png,182,655.7322,0.8,0.598897,1.0,18.9952,1.0,1.0,3277,100.0,0.7838,4096,full_detail_aware
98.94,94.3141,1.0,datasets\sentinel2_500_patch\images\sentinel2_patch_00181.png,182,569.743,0.8,0.605139,0.96,18.1681,1.0,1.0,3277,98.8,0.762,4096,without_detail_term
98.93,93.6403,0.975591,datasets\sentinel2_500_patch\images\sentinel2_patch_00182.png,183,625.2657,0.8,0.552723,0.677419,19.4777,1.0,0.980008,3277,88.9464,0.7676,4096,full_detail_aware
98.94,93.9075,0.969543,datasets\sentinel2_500_patch\images\sentinel2_patch_00182.png,183,619.3776,0.8,0.55354,0.677419,19.3809,1.0,0.974647,3277,88.5972,0.766,4096,without_detail_term
98.95,95.4874,1.0,datasets\sentinel2_500_patch\images\sentinel2_patch_00183.png,184,574.5334,0.8,0.652188,0.487179,14.1195,1.0,1.0,3277,84.6154,0.361,4096,full_detail_aware
98.95,95.667,1.0,datasets\sentinel2_500_patch\images\sentinel2_patch_00183.png,184,698.1048,0.8,0.651972,0.589744,14.0247,1.0,1.0,3277,87.6923,0.3519,4096,without_detail_term
98.96,95.7477,1.0,datasets\sentinel2_500_patch\images\sentinel2_patch_00184.png,185,609.4347,0.8,0.548561,0.5625,19.8383,1.0,1.0,3277,86.875,0.853,4096,full_detail_aware
98.96,96.0828,1.0,datasets\sentinel2_500_patch\images\sentinel2_patch_00184.png,185,677.822,0.8,0.549946,0.53125,19.9478,1.0,1.0,3277,85.9375,0.8556,4096,without_detail_term
98.91,91.7771,1.0,datasets\sentinel2_500_patch\images\sentinel2_patch_00185.png,186,664.8205,0.8,0.561414,0.647059,18.6742,1.0,1.0,3277,89.4118,0.8054,4096,full_detail_aware
98.91,92.1426,1.0,datasets\sentinel2_500_patch\images\sentinel2_patch_00185.png,186,637.2364,0.8,0.569327,0.705882,18.1232,1.0,1.0,3277,91.1765,0.7927,4096,without_detail_term
98.91,91.9677,0.961086,datasets\sentinel2_500_patch\images\sentinel2_patch_00186.png,187,628.0416,0.8,0.630482,0.5625,20.17,1.0,0.959781,3277,84.5141,0.9156,4096,full_detail_aware
98.91,91.8219,0.961049,datasets\sentinel2_500_patch\images\sentinel2_patch_00186.png,187,683.7135,0.8,0.633473,0.5625,20.1234,1.0,0.959672,3277,84.5104,0.9144,4096,without_detail_term
98.89,90.2534,0.909476,datasets\sentinel2_500_patch\images\sentinel2_patch_00187.png,188,616.5715,0.8,0.579773,1.0,18.9339,0.755859,0.921267,3277,92.363,0.817,4096,full_detail_aware
98.89,90.4779,0.869037,datasets\sentinel2_500_patch\images\sentinel2_patch_00187.png,188,677.3036,0.8,0.580863,1.0,18.8424,0.692383,0.878333,3277,89.252,0.8105,4096,without_detail_term
98.92,92.569,1.0,datasets\sentinel2_500_patch\images\sentinel2_patch_00188.png,189,644.0003,0.8,0.624728,1.0,17.5373,1.0,1.0,3277,100.0,0.7566,4096,full_detail_aware
98.92,92.9161,1.0,datasets\sentinel2_500_patch\images\sentinel2_patch_00188.png,189,729.2555,0.8,0.631155,1.0,17.441,1.0,1.0,3277,100.0,0.7457,4096,without_detail_term
98.91,92.1593,1.0,datasets\sentinel2_500_patch\images\sentinel2_patch_00189.png,190,661.1456,0.8,0.5664,0.777778,20.2396,1.0,1.0,3277,93.3333,0.8618,4096,full_detail_aware
98.92,92.4126,1.0,datasets\sentinel2_500_patch\images\sentinel2_patch_00189.png,190,649.6606,0.8,0.56087,0.814815,20.0711,1.0,1.0,3277,94.4444,0.8587,4096,without_detail_term
98.93,93.5949,0.766887,datasets\sentinel2_500_patch\images\sentinel2_patch_00190.png,191,599.0459,0.8,0.573995,0.7,20.5795,0.533626,0.774588,3277,72.5035,0.835,4096,full_detail_aware
98.93,93.8776,0.76316,datasets\sentinel2_500_patch\images\sentinel2_patch_00190.png,191,627.5115,0.8,0.571917,0.8,20.4221,0.549708,0.769827,3277,75.42,0.8328,4096,without_detail_term
98.9,91.2675,1.0,datasets\sentinel2_500_patch\images\sentinel2_patch_00191.png,192,604.8666,0.8,0.687398,1.0,11.9381,1.0,1.0,3277,100.0,0.3378,4096,full_detail_aware
98.9,91.0934,1.0,datasets\sentinel2_500_patch\images\sentinel2_patch_00191.png,192,597.8753,0.8,0.690511,1.0,11.8484,1.0,1.0,3277,100.0,0.3279,4096,without_detail_term
98.9,90.9385,0.939227,datasets\sentinel2_500_patch\images\sentinel2_patch_00192.png,193,600.4298,0.8,0.60836,0.483871,20.0272,0.859375,0.934377,3277,79.3665,0.9122,4096,full_detail_aware
98.9,90.8315,0.93055,datasets\sentinel2_500_patch\images\sentinel2_patch_00192.png,193,584.8671,0.8,0.610065,0.483871,20.4128,0.851562,0.930692,3277,78.8676,0.9201,4096,without_detail_term
98.9,90.7221,0.819283,datasets\sentinel2_500_patch\images\sentinel2_patch_00193.png,194,637.5846,0.8,0.607669,0.631579,21.1976,0.552156,0.808438,3277,73.409,0.9233,4096,full_detail_aware
98.9,90.6322,0.821729,datasets\sentinel2_500_patch\images\sentinel2_patch_00193.png,194,588.775,0.8,0.60891,0.631579,21.19,0.554937,0.810714,3277,73.5802,0.9229,4096,without_detail_term
98.98,98.2737,0.546392,datasets\sentinel2_500_patch\images\sentinel2_patch_00194.png,195,654.0134,0.8,0.652174,1.0,18.9858,0.052734,0.554684,3277,63.4767,0.8257,4096,full_detail_aware
98.98,98.5059,0.505327,datasets\sentinel2_500_patch\images\sentinel2_patch_00194.png,195,589.4566,0.8,0.655243,1.0,19.0212,0.037109,0.516522,3277,60.9146,0.824,4096,without_detail_term
98.96,95.7231,0.900795,datasets\sentinel2_500_patch\images\sentinel2_patch_00195.png,196,599.4533,0.8,0.674048,1.0,18.7332,0.616211,0.913677,3277,90.4674,0.8219,4096,full_detail_aware
98.96,96.4511,0.896984,datasets\sentinel2_500_patch\images\sentinel2_patch_00195.png,196,595.3232,0.8,0.674568,1.0,18.8163,0.748047,0.905572,3277,91.4713,0.8207,4096,without_detail_term
98.96,96.4474,0.719363,datasets\sentinel2_500_patch\images\sentinel2_patch_00196.png,197,614.0092,0.8,0.630975,1.0,19.2636,0.345703,0.720167,3277,76.6349,0.857,4096,full_detail_aware
98.96,96.2596,0.719505,datasets\sentinel2_500_patch\images\sentinel2_patch_00196.png,197,595.3342,0.8,0.631903,1.0,19.2669,0.345703,0.721088,3277,76.659,0.857,4096,without_detail_term
98.99,98.9576,0.709993,datasets\sentinel2_500_patch\images\sentinel2_patch_00197.png,198,591.7966,0.8,0.601106,1.0,19.3894,0.454102,0.72053,3277,77.3514,0.8454,4096,full_detail_aware
98.99,99.1668,0.70483,datasets\sentinel2_500_patch\images\sentinel2_patch_00197.png,198,586.0208,0.8,0.601178,1.0,19.3827,0.455078,0.715086,3277,77.0457,0.8444,4096,without_detail_term
99.01,101.0783,0.671185,datasets\sentinel2_500_patch\images\sentinel2_patch_00198.png,199,622.1424,0.8,0.624107,1.0,21.7217,0.292969,0.664856,3277,73.0742,0.9002,4096,full_detail_aware
99.01,100.9455,0.673001,datasets\sentinel2_500_patch\images\sentinel2_patch_00198.png,199,622.4854,0.8,0.625642,1.0,21.6958,0.301758,0.675551,3277,73.4486,0.8996,4096,without_detail_term
98.95,95.5195,0.827507,datasets\sentinel2_500_patch\images\sentinel2_patch_00199.png,200,645.7986,0.8,0.693564,1.0,18.3188,0.370117,0.851208,3277,83.8256,0.7994,4096,full_detail_aware
98.96,95.72,0.793347,datasets\sentinel2_500_patch\images\sentinel2_patch_00199.png,200,609.8159,0.8,0.698304,1.0,18.2766,0.329102,0.817607,3277,81.377,0.7966,4096,without_detail_term
98.96,96.2372,0.618836,datasets\sentinel2_500_patch\images\sentinel2_patch_00200.png,201,623.1541,0.8,0.634034,1.0,18.974,0.094727,0.631032,3277,68.3213,0.8199,4096,full_detail_aware
98.96,96.2744,0.613015,datasets\sentinel2_500_patch\images\sentinel2_patch_00200.png,201,615.4376,0.8,0.634143,1.0,18.9111,0.094727,0.626855,3277,68.0049,0.8181,4096,without_detail_term
98.98,98.3518,0.639236,datasets\sentinel2_500_patch\images\sentinel2_patch_00201.png,202,619.4681,0.8,0.647745,1.0,20.0544,0.163086,0.624366,3277,69.6876,0.8851,4096,full_detail_aware
98.98,98.2527,0.620465,datasets\sentinel2_500_patch\images\sentinel2_patch_00201.png,202,614.437,0.8,0.648167,1.0,20.04,0.15918,0.609293,3277,68.5963,0.8841,4096,without_detail_term
98.94,94.6977,1.0,datasets\sentinel2_500_patch\images\sentinel2_patch_00202.png,203,598.4738,0.8,0.587974,1.0,19.816,1.0,1.0,3277,100.0,0.7724,4096,full_detail_aware
98.94,94.3274,1.0,datasets\sentinel2_500_patch\images\sentinel2_patch_00202.png,203,596.7806,0.8,0.589049,1.0,19.9254,1.0,1.0,3277,100.0,0.7753,4096,without_detail_term
98.95,95.1246,1.0,datasets\sentinel2_500_patch\images\sentinel2_patch_00203.png,204,619.5061,0.8,0.581796,0.84375,20.0488,1.0,1.0,3277,95.3125,0.7817,4096,full_detail_aware
98.95,95.2143,1.0,datasets\sentinel2_500_patch\images\sentinel2_patch_00203.png,204,621.3606,0.8,0.586902,0.84375,19.5667,1.0,1.0,3277,95.3125,0.7687,4096,without_detail_term
98.94,94.3419,1.0,datasets\sentinel2_500_patch\images\sentinel2_patch_00204.png,205,603.5711,0.8,0.566557,1.0,19.8148,1.0,1.0,3277,100.0,0.8041,4096,full_detail_aware
98.94,94.2701,1.0,datasets\sentinel2_500_patch\images\sentinel2_patch_00204.png,205,595.0481,0.8,0.565959,1.0,19.787,1.0,1.0,3277,100.0,0.8025,4096,without_detail_term
98.88,89.4308,1.0,datasets\sentinel2_500_patch\images\sentinel2_patch_00205.png,206,600.172,0.8,0.530189,1.0,20.6748,0.619497,1.0,3277,96.195,0.7861,4096,full_detail_aware
98.88,89.4837,1.0,datasets\sentinel2_500_patch\images\sentinel2_patch_00205.png,206,608.7924,0.8,0.530088,1.0,20.99,0.606918,1.0,3277,96.0692,0.7923,4096,without_detail_term
98.9,90.64,1.0,datasets\sentinel2_500_patch\images\sentinel2_patch_00206.png,207,613.3773,0.8,0.570469,1.0,20.2261,1.0,1.0,3277,100.0,0.8111,4096,full_detail_aware
98.9,90.8795,1.0,datasets\sentinel2_500_patch\images\sentinel2_patch_00206.png,207,609.2366,0.8,0.572098,1.0,20.0514,1.0,1.0,3277,100.0,0.8048,4096,without_detail_term
98.97,96.6297,1.0,datasets\sentinel2_500_patch\images\sentinel2_patch_00207.png,208,584.6114,0.8,0.594549,1.0,19.8969,1.0,1.0,3277,100.0,0.7584,4096,full_detail_aware
98.97,96.7756,1.0,datasets\sentinel2_500_patch\images\sentinel2_patch_00207.png,208,574.1601,0.8,0.594798,1.0,19.7761,1.0,1.0,3277,100.0,0.757,4096,without_detail_term
98.95,95.5697,1.0,datasets\sentinel2_500_patch\images\sentinel2_patch_00208.png,209,562.3935,0.8,0.565082,1.0,19.231,1.0,1.0,3277,100.0,0.7524,4096,full_detail_aware
98.95,95.2077,1.0,datasets\sentinel2_500_patch\images\sentinel2_patch_00208.png,209,596.2111,0.8,0.565905,1.0,19.2076,1.0,1.0,3277,100.0,0.7494,4096,without_detail_term
98.91,91.557,1.0,datasets\sentinel2_500_patch\images\sentinel2_patch_00209.png,210,568.8879,0.8,0.570214,1.0,20.7261,1.0,1.0,3277,100.0,0.8264,4096,full_detail_aware
98.9,91.2491,1.0,datasets\sentinel2_500_patch\images\sentinel2_patch_00209.png,210,601.9925,0.8,0.569282,1.0,21.1986,1.0,1.0,3277,100.0,0.8365,4096,without_detail_term
98.93,93.4678,0.90995,datasets\sentinel2_500_patch\images\sentinel2_patch_00210.png,211,575.8654,0.8,0.591757,0.757576,17.625,0.90035,0.923187,3277,86.5925,0.7436,4096,full_detail_aware
98.93,93.7321,0.917732,datasets\sentinel2_500_patch\images\sentinel2_patch_00210.png,211,587.0345,0.8,0.592605,0.787879,17.5908,0.898601,0.930523,3277,87.9421,0.7426,4096,without_detail_term
98.91,91.7496,1.0,datasets\sentinel2_500_patch\images\sentinel2_patch_00211.png,212,580.3516,0.8,0.564185,1.0,20.7923,1.0,1.0,3277,100.0,0.808,4096,full_detail_aware
98.91,91.7496,1.0,datasets\sentinel2_500_patch\images\sentinel2_patch_00211.png,212,605.2727,0.8,0.566725,1.0,19.8049,1.0,1.0,3277,100.0,0.781,4096,without_detail_term
98.92,92.3857,0.968934,datasets\sentinel2_500_patch\images\sentinel2_patch_00212.png,213,619.0878,0.8,0.566425,0.857143,20.7638,1.0,0.975143,3277,93.9745,0.8279,4096,full_detail_aware
98.92,92.7337,1.0,datasets\sentinel2_500_patch\images\sentinel2_patch_00212.png,213,589.0034,0.8,0.572589,0.892857,20.0488,1.0,1.0,3277,96.7857,0.8095,4096,without_detail_term
98.89,90.0274,1.0,datasets\sentinel2_500_patch\images\sentinel2_patch_00213.png,214,573.7889,0.8,0.545237,1.0,19.5157,1.0,1.0,3277,100.0,0.7859,4096,full_detail_aware
98.89,90.0951,1.0,datasets\sentinel2_500_patch\images\sentinel2_patch_00213.png,214,586.7468,0.8,0.54731,1.0,19.4088,1.0,1.0,3277,100.0,0.7824,4096,without_detail_term
98.89,89.6969,1.0,datasets\sentinel2_500_patch\images\sentinel2_patch_00214.png,215,573.3352,0.8,0.548496,0.742857,19.032,1.0,1.0,3277,92.2857,0.7832,4096,full_detail_aware
98.88,89.5289,1.0,datasets\sentinel2_500_patch\images\sentinel2_patch_00214.png,215,578.1732,0.8,0.550738,0.771429,19.142,1.0,1.0,3277,93.1429,0.7874,4096,without_detail_term
98.95,95.4026,0.971301,datasets\sentinel2_500_patch\images\sentinel2_patch_00215.png,216,553.6152,0.8,0.582872,0.612903,19.4683,1.0,0.981749,3277,86.8741,0.7842,4096,full_detail_aware
98.95,95.2755,0.976568,datasets\sentinel2_500_patch\images\sentinel2_patch_00215.png,216,556.1161,0.8,0.583188,0.612903,19.2861,1.0,0.98598,3277,87.1694,0.7787,4096,without_detail_term
98.94,94.5839,1.0,datasets\sentinel2_500_patch\images\sentinel2_patch_00216.png,217,576.8434,0.8,0.569798,0.96,19.7914,1.0,1.0,3277,98.8,0.7977,4096,full_detail_aware
98.95,94.8145,1.0,datasets\sentinel2_500_patch\images\sentinel2_patch_00216.png,217,583.9437,0.8,0.576048,1.0,19.1064,1.0,1.0,3277,100.0,0.7788,4096,without_detail_term
98.93,93.0522,1.0,datasets\sentinel2_500_patch\images\sentinel2_patch_00217.png,218,582.0344,0.8,0.596691,0.666667,19.1296,1.0,1.0,3277,90.0,0.816,4096,full_detail_aware
98.92,93.0002,1.0,datasets\sentinel2_500_patch\images\sentinel2_patch_00217.png,218,574.8979,0.8,0.599582,0.666667,19.0557,1.0,1.0,3277,90.0,0.8148,4096,without_detail_term
98.93,93.3936,0.831463,datasets\sentinel2_500_patch\images\sentinel2_patch_00218.png,219,585.7039,0.8,0.61493,1.0,19.4671,0.733983,0.837151,3277,87.3413,0.8596,4096,full_detail_aware
98.93,93.5017,0.947445,datasets\sentinel2_500_patch\images\sentinel2_patch_00218.png,219,583.4741,0.8,0.614691,1.0,19.5114,0.924791,0.953109,3277,96.2079,0.8609,4096,without_detail_term
98.9,90.5848,0.874192,datasets\sentinel2_500_patch\images\sentinel2_patch_00219.png,220,580.6472,0.8,0.599941,1.0,19.7536,1.0,0.892082,3277,92.8093,0.8577,4096,full_detail_aware
98.9,90.8283,0.884191,datasets\sentinel2_500_patch\images\sentinel2_patch_00219.png,220,582.1223,0.8,0.601005,1.0,19.7634,1.0,0.902546,3277,93.4186,0.8555,4096,without_detail_term
98.91,91.7329,0.929897,datasets\sentinel2_500_patch\images\sentinel2_patch_00220.png,221,588.9124,0.8,0.624965,1.0,19.3891,0.894531,0.937656,3277,94.8943,0.8699,4096,full_detail_aware
98.91,91.6097,0.961586,datasets\sentinel2_500_patch\images\sentinel2_patch_00220.png,221,598.7436,0.8,0.628927,1.0,19.3181,0.979492,0.967526,3277,97.6089,0.8696,4096,without_detail_term
98.93,93.0498,0.937031,datasets\sentinel2_500_patch\images\sentinel2_patch_00221.png,222,585.5199,0.8,0.591309,0.758621,20.0892,1.0,0.929878,3277,88.8374,0.8564,4096,full_detail_aware
98.93,93.0313,0.963842,datasets\sentinel2_500_patch\images\sentinel2_patch_00221.png,222,596.8275,0.8,0.589427,0.827586,20.1277,1.0,0.956409,3277,92.5094,0.8555,4096,without_detail_term
98.93,93.5315,0.944101,datasets\sentinel2_500_patch\images\sentinel2_patch_00222.png,223,613.2427,0.8,0.566469,0.676471,20.0774,0.873371,0.960293,3277,85.9977,0.8729,4096,full_detail_aware
98.93,93.4937,0.965312,datasets\sentinel2_500_patch\images\sentinel2_patch_00222.png,223,617.6251,0.8,0.568014,0.647059,20.02,0.873371,0.978032,3277,86.3186,0.8717,4096,without_detail_term
98.94,94.7576,0.797963,datasets\sentinel2_500_patch\images\sentinel2_patch_00223.png,224,602.2427,0.8,0.616277,1.0,19.3517,0.839844,0.796276,3277,86.2425,0.8557,4096,full_detail_aware
98.94,94.4996,0.815067,datasets\sentinel2_500_patch\images\sentinel2_patch_00223.png,224,598.5293,0.8,0.620162,1.0,19.4553,0.878906,0.814094,3277,87.6736,0.8558,4096,without_detail_term
98.93,93.7435,0.98485,datasets\sentinel2_500_patch\images\sentinel2_patch_00224.png,225,583.4366,0.8,0.613898,1.0,18.881,1.0,0.978833,3277,98.9707,0.8547,4096,full_detail_aware
98.93,93.5279,0.951371,datasets\sentinel2_500_patch\images\sentinel2_patch_00224.png,225,585.4031,0.8,0.613912,1.0,18.9541,1.0,0.947388,3277,97.0026,0.855,4096,without_detail_term
98.94,94.5889,1.0,datasets\sentinel2_500_patch\images\sentinel2_patch_00225.png,226,590.5051,0.8,0.60938,0.896552,20.0323,1.0,1.0,3277,96.8966,0.882,4096,full_detail_aware
98.94,94.3488,0.984465,datasets\sentinel2_500_patch\images\sentinel2_patch_00225.png,226,645.1761,0.8,0.609035,0.931034,20.0383,0.991776,0.970249,3277,96.6324,0.8823,4096,without_detail_term
98.96,96.1697,0.890755,datasets\sentinel2_500_patch\images\sentinel2_patch_00226.png,227,598.3324,0.8,0.660455,1.0,18.5987,0.945312,0.91759,3277,93.4351,0.8098,4096,full_detail_aware
98.96,96.484,0.93991,datasets\sentinel2_500_patch\images\sentinel2_patch_00226.png,227,585.7858,0.8,0.663373,1.0,18.5513,1.0,0.970359,3277,97.0036,0.8079,4096,without_detail_term
98.96,95.7396,0.895551,datasets\sentinel2_500_patch\images\sentinel2_patch_00227.png,228,591.6966,0.8,0.694161,1.0,18.2249,0.683594,0.90434,3277,90.7448,0.7834,4096,full_detail_aware
98.96,96.3195,0.829801,datasets\sentinel2_500_patch\images\sentinel2_patch_00227.png,228,600.9904,0.8,0.704132,1.0,18.07,0.515625,0.838417,3277,85.1166,0.7783,4096,without_detail_term
98.98,97.9397,0.714144,datasets\sentinel2_500_patch\images\sentinel2_patch_00228.png,229,592.9249,0.8,0.687209,1.0,19.1598,0.366211,0.740169,3277,77.0313,0.8378,4096,full_detail_aware
98.98,98.1964,0.709455,datasets\sentinel2_500_patch\images\sentinel2_patch_00228.png,229,589.1677,0.8,0.688246,1.0,19.3861,0.353516,0.735552,3277,76.6244,0.8416,4096,without_detail_term
98.96,96.1615,0.64837,datasets\sentinel2_500_patch\images\sentinel2_patch_00229.png,230,598.1015,0.8,0.642527,1.0,20.3739,0.248047,0.657249,3277,71.5603,0.85,4096,full_detail_aware
98.96,95.9704,0.658012,datasets\sentinel2_500_patch\images\sentinel2_patch_00229.png,230,606.5093,0.8,0.645077,1.0,20.351,0.199219,0.667285,3277,71.6583,0.849,4096,without_detail_term
98.97,97.4354,0.944035,datasets\sentinel2_500_patch\images\sentinel2_patch_00230.png,231,626.1774,0.8,0.633526,1.0,19.9375,1.0,0.939587,3277,96.5532,0.8637,4096,full_detail_aware
98.97,97.1687,0.979582,datasets\sentinel2_500_patch\images\sentinel2_patch_00230.png,231,587.7171,0.8,0.632765,1.0,20.0485,1.0,0.975192,3277,98.6871,0.864,4096,without_detail_term
98.96,95.8541,1.0,datasets\sentinel2_500_patch\images\sentinel2_patch_00231.png,232,625.3778,0.8,0.663825,1.0,19.716,1.0,1.0,3277,100.0,0.8202,4096,full_detail_aware
98.96,95.9474,1.0,datasets\sentinel2_500_patch\images\sentinel2_patch_00231.png,232,584.297,0.8,0.668395,1.0,19.6612,1.0,1.0,3277,100.0,0.8162,4096,without_detail_term
98.95,94.9988,0.78053,datasets\sentinel2_500_patch\images\sentinel2_patch_00232.png,233,637.6261,0.8,0.660756,1.0,18.9157,0.581055,0.811774,3277,83.2672,0.8046,4096,full_detail_aware
98.95,95.2385,0.798148,datasets\sentinel2_500_patch\images\sentinel2_patch_00232.png,233,603.1341,0.8,0.664305,1.0,18.7197,0.62793,0.829668,3277,84.7986,0.7962,4096,without_detail_term
98.98,97.7751,0.740437,datasets\sentinel2_500_patch\images\sentinel2_patch_00233.png,234,606.3162,0.8,0.643479,1.0,19.206,0.472656,0.763486,3277,79.6138,0.8474,4096,full_detail_aware
98.98,97.9841,0.800418,datasets\sentinel2_500_patch\images\sentinel2_patch_00233.png,234,593.6857,0.8,0.647776,1.0,19.2343,0.576172,0.825348,3277,84.2854,0.8479,4096,without_detail_term
98.97,97.0883,1.0,datasets\sentinel2_500_patch\images\sentinel2_patch_00234.png,235,608.7244,0.8,0.611262,1.0,19.6429,1.0,1.0,3277,100.0,0.7704,4096,full_detail_aware
98.97,97.2341,1.0,datasets\sentinel2_500_patch\images\sentinel2_patch_00234.png,235,568.4079,0.8,0.618832,1.0,18.8682,1.0,1.0,3277,100.0,0.7463,4096,without_detail_term
98.96,96.3993,1.0,datasets\sentinel2_500_patch\images\sentinel2_patch_00235.png,236,579.1998,0.8,0.649595,1.0,18.2847,1.0,1.0,3277,100.0,0.7554,4096,full_detail_aware
98.96,96.4928,1.0,datasets\sentinel2_500_patch\images\sentinel2_patch_00235.png,236,565.5086,0.8,0.655665,1.0,17.671,1.0,1.0,3277,100.0,0.7323,4096,without_detail_term
98.95,95.3349,1.0,datasets\sentinel2_500_patch\images\sentinel2_patch_00236.png,237,614.8649,0.8,0.646771,1.0,19.6988,1.0,1.0,3277,100.0,0.7869,4096,full_detail_aware
98.95,94.9644,1.0,datasets\sentinel2_500_patch\images\sentinel2_patch_00236.png,237,598.5988,0.8,0.648972,1.0,19.2307,1.0,1.0,3277,100.0,0.778,4096,without_detail_term
98.9,91.0494,1.0,datasets\sentinel2_500_patch\images\sentinel2_patch_00237.png,238,616.8103,0.8,0.588622,1.0,19.9439,1.0,1.0,3277,100.0,0.7858,4096,full_detail_aware
98.9,91.1347,1.0,datasets\sentinel2_500_patch\images\sentinel2_patch_00237.png,238,887.2783,0.8,0.587298,1.0,20.0313,1.0,1.0,3277,100.0,0.7882,4096,without_detail_term
98.88,88.9362,1.0,datasets\sentinel2_500_patch\images\sentinel2_patch_00238.png,239,729.0026,0.8,0.543939,0.76,21.9739,0.927438,1.0,3277,92.0744,0.8261,4096,full_detail_aware
98.88,88.9362,1.0,datasets\sentinel2_500_patch\images\sentinel2_patch_00238.png,239,745.3579,0.8,0.546461,0.8,21.7495,0.927438,1.0,3277,93.2744,0.8217,4096,without_detail_term
98.95,95.6385,1.0,datasets\sentinel2_500_patch\images\sentinel2_patch_00239.png,240,627.3268,0.8,0.595092,0.941176,19.8178,1.0,1.0,3277,98.2353,0.7635,4096,full_detail_aware
98.95,95.4014,1.0,datasets\sentinel2_500_patch\images\sentinel2_patch_00239.png,240,735.6106,0.8,0.597248,0.911765,19.8255,1.0,1.0,3277,97.3529,0.7614,4096,without_detail_term
98.95,95.5232,1.0,datasets\sentinel2_500_patch\images\sentinel2_patch_00240.png,241,635.2104,0.8,0.605406,1.0,18.0028,1.0,1.0,3277,100.0,0.7195,4096,full_detail_aware
98.96,95.9642,1.0,datasets\sentinel2_500_patch\images\sentinel2_patch_00240.png,241,672.4706,0.8,0.606972,1.0,18.0116,1.0,1.0,3277,100.0,0.7179,4096,without_detail_term
98.96,96.3579,1.0,datasets\sentinel2_500_patch\images\sentinel2_patch_00241.png,242,672.4207,0.8,0.592623,1.0,18.5464,1.0,1.0,3277,100.0,0.7662,4096,full_detail_aware
98.96,96.34,1.0,datasets\sentinel2_500_patch\images\sentinel2_patch_00241.png,242,724.9638,0.8,0.591606,1.0,18.7923,1.0,1.0,3277,100.0,0.7726,4096,without_detail_term
98.95,95.4945,1.0,datasets\sentinel2_500_patch\images\sentinel2_patch_00242.png,243,628.0154,0.8,0.630706,0.571429,19.3297,1.0,1.0,3277,87.1429,0.7582,4096,full_detail_aware
98.95,95.6796,1.0,datasets\sentinel2_500_patch\images\sentinel2_patch_00242.png,243,726.6061,0.8,0.633857,0.571429,19.1522,1.0,1.0,3277,87.1429,0.7471,4096,without_detail_term
99.05,104.936,1.0,datasets\sentinel2_500_patch\images\sentinel2_patch_00243.png,244,730.5743,0.8,0.727991,0.961538,17.6291,1.0,1.0,3277,98.8462,0.6866,4096,full_detail_aware
99.05,104.9163,1.0,datasets\sentinel2_500_patch\images\sentinel2_patch_00243.png,244,734.4265,0.8,0.727898,1.0,17.307,1.0,1.0,3277,100.0,0.6799,4096,without_detail_term
99.01,100.8716,1.0,datasets\sentinel2_500_patch\images\sentinel2_patch_00244.png,245,685.4288,0.8,0.718179,0.857143,15.7068,1.0,1.0,3277,95.7143,0.4984,4096,full_detail_aware
99.01,100.7575,1.0,datasets\sentinel2_500_patch\images\sentinel2_patch_00244.png,245,697.4891,0.8,0.721778,0.828571,15.5329,1.0,1.0,3277,94.8571,0.4878,4096,without_detail_term
98.91,91.8373,1.0,datasets\sentinel2_500_patch\images\sentinel2_patch_00245.png,246,693.3736,0.8,0.659106,0.962963,16.8032,1.0,1.0,3277,98.8889,0.5385,4096,full_detail_aware
98.91,91.8021,1.0,datasets\sentinel2_500_patch\images\sentinel2_patch_00245.png,246,780.1343,0.8,0.661679,1.0,16.658,1.0,1.0,3277,100.0,0.5428,4096,without_detail_term
98.96,95.9037,1.0,datasets\sentinel2_500_patch\images\sentinel2_patch_00246.png,247,752.7536,0.8,0.668506,1.0,15.3586,1.0,1.0,3277,100.0,0.5448,4096,full_detail_aware
98.96,95.9602,1.0,datasets\sentinel2_500_patch\images\sentinel2_patch_00246.png,247,621.095,0.8,0.674461,1.0,15.0796,1.0,1.0,3277,100.0,0.5328,4096,without_detail_term
98.94,94.5831,1.0,datasets\sentinel2_500_patch\images\sentinel2_patch_00247.png,248,664.2987,0.8,0.650685,1.0,19.3125,1.0,1.0,3277,100.0,0.7541,4096,full_detail_aware
98.95,94.8276,1.0,datasets\sentinel2_500_patch\images\sentinel2_patch_00247.png,248,747.2833,0.8,0.65649,0.967742,18.8268,1.0,1.0,3277,99.0323,0.7451,4096,without_detail_term
98.98,97.6147,1.0,datasets\sentinel2_500_patch\images\sentinel2_patch_00248.png,249,901.5113,0.8,0.666079,0.666667,17.0358,1.0,1.0,3277,90.0,0.6216,4096,full_detail_aware
98.98,97.7074,1.0,datasets\sentinel2_500_patch\images\sentinel2_patch_00248.png,249,819.3791,0.8,0.66873,0.722222,16.8219,1.0,1.0,3277,91.6667,0.609,4096,without_detail_term
98.92,92.6511,1.0,datasets\sentinel2_500_patch\images\sentinel2_patch_00249.png,250,752.3783,0.8,0.644946,0.758621,15.6078,1.0,1.0,3277,92.7586,0.4939,4096,full_detail_aware
98.92,92.7393,1.0,datasets\sentinel2_500_patch\images\sentinel2_patch_00249.png,250,904.9757,0.8,0.651431,0.62069,15.3961,1.0,1.0,3277,88.6207,0.4773,4096,without_detail_term
98.9,90.9064,1.0,datasets\sentinel2_500_patch\images\sentinel2_patch_00250.png,251,929.1252,0.8,0.644673,0.777778,18.1747,1.0,1.0,3277,93.3333,0.7907,4096,full_detail_aware
98.91,91.7128,1.0,datasets\sentinel2_500_patch\images\sentinel2_patch_00250.png,251,830.6112,0.8,0.650006,0.851852,18.2763,1.0,1.0,3277,95.5556,0.7952,4096,without_detail_term
98.97,97.0034,1.0,datasets\sentinel2_500_patch\images\sentinel2_patch_00251.png,252,697.8254,0.8,0.72999,1.0,16.7635,1.0,1.0,3277,100.0,0.7411,4096,full_detail_aware
98.97,97.0943,1.0,datasets\sentinel2_500_patch\images\sentinel2_patch_00251.png,252,724.3956,0.8,0.72808,1.0,16.5759,1.0,1.0,3277,100.0,0.7318,4096,without_detail_term
98.95,95.2643,1.0,datasets\sentinel2_500_patch\images\sentinel2_patch_00252.png,253,679.2036,0.8,0.783014,1.0,13.094,1.0,1.0,3277,100.0,0.3694,4096,full_detail_aware
98.95,95.0316,1.0,datasets\sentinel2_500_patch\images\sentinel2_patch_00252.png,253,758.15,0.8,0.784859,1.0,12.9153,1.0,1.0,3277,100.0,0.3462,4096,without_detail_term
98.89,90.2533,0.966347,datasets\sentinel2_500_patch\images\sentinel2_patch_00253.png,254,798.5788,0.8,0.712748,1.0,12.3375,0.147461,1.0,3277,90.1285,0.1706,4096,full_detail_aware
98.89,90.4509,0.83248,datasets\sentinel2_500_patch\images\sentinel2_patch_00253.png,254,735.2044,0.8,0.714627,1.0,12.2056,0.010742,0.890041,3277,81.2074,0.1606,4096,without_detail_term
98.92,92.4478,0.944423,datasets\sentinel2_500_patch\images\sentinel2_patch_00254.png,255,785.0717,0.8,0.703656,1.0,12.9584,0.039062,0.987071,3277,87.9089,0.3896,4096,full_detail_aware
98.92,92.7644,0.940865,datasets\sentinel2_500_patch\images\sentinel2_patch_00254.png,255,769.3129,0.8,0.709387,1.0,12.8254,0.03125,0.981718,3277,87.5815,0.363,4096,without_detail_term
98.91,92.1351,0.966185,datasets\sentinel2_500_patch\images\sentinel2_patch_00255.png,256,790.1681,0.8,0.647162,1.0,18.7104,1.0,0.977686,3277,98.2011,0.7964,4096,full_detail_aware
98.92,92.3795,0.975353,datasets\sentinel2_500_patch\images\sentinel2_patch_00255.png,256,789.6518,0.8,0.648049,1.0,18.6982,1.0,0.987253,3277,98.7592,0.7962,4096,without_detail_term
98.92,92.849,1.0,datasets\sentinel2_500_patch\images\sentinel2_patch_00256.png,257,868.7751,0.8,0.735644,0.78125,12.05,1.0,1.0,3277,93.4375,0.3116,4096,full_detail_aware
98.93,93.0454,1.0,datasets\sentinel2_500_patch\images\sentinel2_patch_00256.png,257,866.6299,0.8,0.74218,0.90625,11.8874,1.0,1.0,3277,97.1875,0.2765,4096,without_detail_term
98.88,89.173,1.0,datasets\sentinel2_500_patch\images\sentinel2_patch_00257.png,258,764.5559,0.8,0.602916,0.655172,20.3126,1.0,1.0,3277,89.6552,0.8651,4096,full_detail_aware
98.88,89.6582,1.0,datasets\sentinel2_500_patch\images\sentinel2_patch_00257.png,258,768.9384,0.8,0.600785,0.689655,20.188,1.0,1.0,3277,90.6897,0.8606,4096,without_detail_term
98.93,93.276,0.785748,datasets\sentinel2_500_patch\images\sentinel2_patch_00258.png,259,826.7141,0.8,0.717499,1.0,20.0867,0.297852,0.802868,3277,80.4658,0.8381,4096,full_detail_aware
98.92,92.9513,0.8841,datasets\sentinel2_500_patch\images\sentinel2_patch_00258.png,259,807.7374,0.8,0.711904,1.0,20.1433,0.433594,0.907021,3277,87.8404,0.8409,4096,without_detail_term
98.96,96.1793,0.824758,datasets\sentinel2_500_patch\images\sentinel2_patch_00259.png,260,791.2042,0.8,0.614155,0.954545,20.4339,0.787109,0.831566,3277,86.1291,0.8871,4096,full_detail_aware
98.95,95.682,0.831483,datasets\sentinel2_500_patch\images\sentinel2_patch_00259.png,260,753.2324,0.8,0.613533,1.0,20.4123,0.821289,0.838205,3277,88.2363,0.8859,4096,without_detail_term
99.02,101.6832,0.59756,datasets\sentinel2_500_patch\images\sentinel2_patch_00260.png,261,682.1039,0.8,0.619626,0.826087,21.6889,0.060832,0.569646,3277,60.6862,0.8565,4096,full_detail_aware
99.02,102.242,0.647893,datasets\sentinel2_500_patch\images\sentinel2_patch_00260.png,261,872.5573,0.8,0.623785,1.0,21.7453,0.077908,0.617934,3277,69.0535,0.8563,4096,without_detail_term
99.06,105.966,0.784233,datasets\sentinel2_500_patch\images\sentinel2_patch_00261.png,262,829.1509,0.8,0.634275,1.0,22.9756,0.409091,0.803827,3277,81.5368,0.8885,4096,full_detail_aware
99.05,105.7368,0.755817,datasets\sentinel2_500_patch\images\sentinel2_patch_00261.png,262,775.4991,0.8,0.634779,1.0,22.9769,0.373106,0.775096,3277,79.4657,0.8884,4096,without_detail_term
99.0,99.5173,0.690502,datasets\sentinel2_500_patch\images\sentinel2_patch_00262.png,263,647.1337,0.8,0.630643,1.0,20.4652,0.42585,0.716485,3277,76.2083,0.8465,4096,full_detail_aware
99.0,99.5173,0.721887,datasets\sentinel2_500_patch\images\sentinel2_patch_00262.png,263,778.1367,0.8,0.629428,1.0,20.6896,0.468027,0.749048,3277,78.5367,0.8502,4096,without_detail_term
98.97,97.2036,0.826979,datasets\sentinel2_500_patch\images\sentinel2_patch_00263.png,264,724.2031,0.8,0.639301,1.0,19.8016,0.844727,0.855486,3277,88.6361,0.8388,4096,full_detail_aware
98.97,97.0506,0.917841,datasets\sentinel2_500_patch\images\sentinel2_patch_00263.png,264,811.2494,0.8,0.638781,1.0,19.7948,1.0,0.945911,3277,95.6319,0.8388,4096,without_detail_term
98.98,97.7452,0.810984,datasets\sentinel2_500_patch\images\sentinel2_patch_00264.png,265,702.593,0.8,0.657854,0.9375,20.7442,0.62531,0.792131,3277,82.6601,0.8809,4096,full_detail_aware
98.97,97.3056,0.873952,datasets\sentinel2_500_patch\images\sentinel2_patch_00264.png,265,832.4414,0.8,0.657023,0.9375,20.7503,0.739454,0.853592,3277,87.5495,0.8796,4096,without_detail_term
98.93,93.6874,0.817275,datasets\sentinel2_500_patch\images\sentinel2_patch_00265.png,266,734.6473,0.8,0.624009,1.0,19.8478,0.727539,0.808048,3277,86.1274,0.8819,4096,full_detail_aware
98.93,93.6874,0.86976,datasets\sentinel2_500_patch\images\sentinel2_patch_00265.png,266,775.2701,0.8,0.627396,1.0,20.0043,0.833008,0.861546,3277,90.3514,0.8815,4096,without_detail_term
98.94,93.9751,1.0,datasets\sentinel2_500_patch\images\sentinel2_patch_00266.png,267,608.3991,0.8,0.674577,1.0,18.0335,1.0,1.0,3277,100.0,0.6919,4096,full_detail_aware
98.94,93.9039,1.0,datasets\sentinel2_500_patch\images\sentinel2_patch_00266.png,267,594.7827,0.8,0.674094,1.0,18.1484,1.0,1.0,3277,100.0,0.6934,4096,without_detail_term
98.93,93.5378,1.0,datasets\sentinel2_500_patch\images\sentinel2_patch_00267.png,268,619.7037,0.8,0.560934,0.586207,19.8793,1.0,1.0,3277,87.5862,0.8155,4096,full_detail_aware
98.93,93.5378,1.0,datasets\sentinel2_500_patch\images\sentinel2_patch_00267.png,268,617.5411,0.8,0.562242,0.62069,19.8702,1.0,1.0,3277,88.6207,0.8155,4096,without_detail_term
98.86,87.5713,1.0,datasets\sentinel2_500_patch\images\sentinel2_patch_00268.png,269,594.2828,0.8,0.568915,1.0,21.1943,1.0,1.0,3277,100.0,0.7903,4096,full_detail_aware
98.86,87.676,1.0,datasets\sentinel2_500_patch\images\sentinel2_patch_00268.png,269,592.6498,0.8,0.56881,1.0,21.1376,1.0,1.0,3277,100.0,0.7883,4096,without_detail_term
98.88,89.2352,1.0,datasets\sentinel2_500_patch\images\sentinel2_patch_00269.png,270,608.5196,0.8,0.600247,0.851852,20.6887,0.931373,1.0,3277,94.8693,0.782,4096,full_detail_aware
98.88,89.2169,1.0,datasets\sentinel2_500_patch\images\sentinel2_patch_00269.png,270,589.2249,0.8,0.602569,0.851852,20.381,0.901961,1.0,3277,94.5752,0.771,4096,without_detail_term
98.87,88.4917,1.0,datasets\sentinel2_500_patch\images\sentinel2_patch_00270.png,271,577.6537,0.8,0.587305,0.96875,21.4556,0.955307,1.0,3277,98.6156,0.8022,4096,full_detail_aware
98.87,88.4237,1.0,datasets\sentinel2_500_patch\images\sentinel2_patch_00270.png,271,584.4642,0.8,0.588454,1.0,21.0498,0.938547,1.0,3277,99.3855,0.7926,4096,without_detail_term
98.95,95.3904,1.0,datasets\sentinel2_500_patch\images\sentinel2_patch_00271.png,272,573.1058,0.8,0.605331,1.0,19.4015,1.0,1.0,3277,100.0,0.7964,4096,full_detail_aware
98.95,95.6035,1.0,datasets\sentinel2_500_patch\images\sentinel2_patch_00271.png,272,557.72,0.8,0.605496,1.0,19.2118,1.0,1.0,3277,100.0,0.7914,4096,without_detail_term
98.93,93.8753,1.0,datasets\sentinel2_500_patch\images\sentinel2_patch_00272.png,273,595.4795,0.8,0.60308,1.0,19.9182,1.0,1.0,3277,100.0,0.8113,4096,full_detail_aware
98.93,93.4274,1.0,datasets\sentinel2_500_patch\images\sentinel2_patch_00272.png,273,565.3463,0.8,0.603849,1.0,19.9617,1.0,1.0,3277,100.0,0.8121,4096,without_detail_term
98.9,90.6514,0.993733,datasets\sentinel2_500_patch\images\sentinel2_patch_00273.png,274,573.6547,0.8,0.544511,0.909091,21.1579,1.0,0.996393,3277,96.9499,0.8217,4096,full_detail_aware
98.89,90.2089,0.992661,datasets\sentinel2_500_patch\images\sentinel2_patch_00273.png,274,537.4312,0.8,0.54236,0.939394,21.4509,1.0,0.994959,3277,97.7874,0.8271,4096,without_detail_term
98.92,92.4303,1.0,datasets\sentinel2_500_patch\images\sentinel2_patch_00274.png,275,564.8854,0.8,0.589764,1.0,20.5735,1.0,1.0,3277,100.0,0.8875,4096,full_detail_aware
98.92,92.6377,1.0,datasets\sentinel2_500_patch\images\sentinel2_patch_00274.png,275,571.698,0.8,0.597288,1.0,19.9927,1.0,1.0,3277,100.0,0.8778,4096,without_detail_term
98.92,92.5871,1.0,datasets\sentinel2_500_patch\images\sentinel2_patch_00275.png,276,575.0005,0.8,0.53098,1.0,19.2955,1.0,1.0,3277,100.0,0.7571,4096,full_detail_aware
98.92,92.4811,1.0,datasets\sentinel2_500_patch\images\sentinel2_patch_00275.png,276,581.3706,0.8,0.531331,1.0,19.2417,1.0,1.0,3277,100.0,0.7553,4096,without_detail_term
98.89,89.9701,1.0,datasets\sentinel2_500_patch\images\sentinel2_patch_00276.png,277,582.8168,0.8,0.538005,0.875,19.7073,1.0,1.0,3277,96.25,0.8223,4096,full_detail_aware
98.88,89.6629,1.0,datasets\sentinel2_500_patch\images\sentinel2_patch_00276.png,277,563.8838,0.8,0.539748,0.875,19.512,1.0,1.0,3277,96.25,0.8178,4096,without_detail_term
98.93,93.2454,1.0,datasets\sentinel2_500_patch\images\sentinel2_patch_00277.png,278,592.1628,0.8,0.547353,1.0,19.4536,1.0,1.0,3277,100.0,0.8734,4096,full_detail_aware
98.93,93.3673,1.0,datasets\sentinel2_500_patch\images\sentinel2_patch_00277.png,278,615.3954,0.8,0.546736,1.0,19.3954,1.0,1.0,3277,100.0,0.8721,4096,without_detail_term
98.98,97.6305,1.0,datasets\sentinel2_500_patch\images\sentinel2_patch_00278.png,279,576.9161,0.8,0.666828,1.0,10.7478,1.0,1.0,3277,100.0,0.061,4096,full_detail_aware
98.98,97.9094,1.0,datasets\sentinel2_500_patch\images\sentinel2_patch_00278.png,279,569.8253,0.8,0.668531,1.0,10.6996,1.0,1.0,3277,100.0,0.045,4096,without_detail_term
98.91,91.4316,1.0,datasets\sentinel2_500_patch\images\sentinel2_patch_00279.png,280,563.3811,0.8,0.528288,0.789474,20.3982,1.0,1.0,3277,93.6842,0.8048,4096,full_detail_aware
98.91,91.5893,1.0,datasets\sentinel2_500_patch\images\sentinel2_patch_00279.png,280,594.771,0.8,0.527604,0.789474,20.3444,1.0,1.0,3277,93.6842,0.8049,4096,without_detail_term
98.92,92.7038,1.0,datasets\sentinel2_500_patch\images\sentinel2_patch_00280.png,281,563.0176,0.8,0.599657,0.909091,19.5885,1.0,1.0,3277,97.2727,0.8528,4096,full_detail_aware
98.92,92.6693,1.0,datasets\sentinel2_500_patch\images\sentinel2_patch_00280.png,281,545.1449,0.8,0.601389,0.909091,19.621,1.0,1.0,3277,97.2727,0.8547,4096,without_detail_term
98.94,94.4958,1.0,datasets\sentinel2_500_patch\images\sentinel2_patch_00281.png,282,600.4443,0.8,0.658828,1.0,13.6828,1.0,1.0,3277,100.0,0.4622,4096,full_detail_aware
98.94,94.6554,1.0,datasets\sentinel2_500_patch\images\sentinel2_patch_00281.png,282,581.0069,0.8,0.664147,1.0,13.4735,1.0,1.0,3277,100.0,0.4479,4096,without_detail_term
98.87,88.7739,1.0,datasets\sentinel2_500_patch\images\sentinel2_patch_00282.png,283,621.8661,0.8,0.569805,1.0,21.1048,1.0,1.0,3277,100.0,0.9223,4096,full_detail_aware
98.87,88.7046,1.0,datasets\sentinel2_500_patch\images\sentinel2_patch_00282.png,283,556.9738,0.8,0.571764,1.0,21.0624,1.0,1.0,3277,100.0,0.9216,4096,without_detail_term
98.95,94.9409,0.817409,datasets\sentinel2_500_patch\images\sentinel2_patch_00283.png,284,562.9828,0.8,0.578768,1.0,21.2083,1.0,0.840971,3277,89.5158,0.8124,4096,full_detail_aware
98.94,94.4229,0.867561,datasets\sentinel2_500_patch\images\sentinel2_patch_00283.png,284,545.5548,0.8,0.581293,1.0,21.5503,1.0,0.893624,3277,92.5749,0.8183,4096,without_detail_term
98.94,94.1388,0.87769,datasets\sentinel2_500_patch\images\sentinel2_patch_00284.png,285,557.2015,0.8,0.562179,0.666667,22.768,0.936275,0.854034,3277,81.551,0.9008,4096,full_detail_aware
98.94,94.1184,0.93554,datasets\sentinel2_500_patch\images\sentinel2_patch_00284.png,285,556.1388,0.8,0.562686,0.666667,22.7628,0.955882,0.90412,3277,85.0628,0.901,4096,without_detail_term
98.9,90.7076,1.0,datasets\sentinel2_500_patch\images\sentinel2_patch_00285.png,286,594.319,0.8,0.553615,0.806452,20.7277,1.0,1.0,3277,94.1935,0.9394,4096,full_detail_aware
98.89,90.4748,1.0,datasets\sentinel2_500_patch\images\sentinel2_patch_00285.png,286,584.026,0.8,0.554539,0.806452,20.7109,1.0,1.0,3277,94.1935,0.9393,4096,without_detail_term
98.91,91.8882,0.919104,datasets\sentinel2_500_patch\images\sentinel2_patch_00286.png,287,612.9331,0.8,0.595888,0.923077,20.5399,0.893555,0.915974,3277,91.7115,0.9307,4096,full_detail_aware
98.91,91.7802,0.918723,datasets\sentinel2_500_patch\images\sentinel2_patch_00286.png,287,596.4759,0.8,0.596066,1.0,20.5265,0.891602,0.915405,3277,93.973,0.9305,4096,without_detail_term
98.92,92.7191,0.814014,datasets\sentinel2_500_patch\images\sentinel2_patch_00287.png,288,556.8418,0.8,0.56057,1.0,22.4538,0.877551,0.826075,3277,87.8576,0.8497,4096,full_detail_aware
98.92,92.6997,0.831345,datasets\sentinel2_500_patch\images\sentinel2_patch_00287.png,288,581.7932,0.8,0.564334,1.0,22.4199,0.931973,0.844435,3277,89.4622,0.8479,4096,without_detail_term
98.9,90.8225,0.954088,datasets\sentinel2_500_patch\images\sentinel2_patch_00288.png,289,567.6733,0.8,0.568462,1.0,21.5888,0.901099,0.90729,3277,95.3203,0.9102,4096,full_detail_aware
98.9,90.8045,0.966979,datasets\sentinel2_500_patch\images\sentinel2_patch_00288.png,289,579.6924,0.8,0.568257,1.0,21.6497,0.919414,0.919566,3277,96.2646,0.9112,4096,without_detail_term
98.88,89.0969,1.0,datasets\sentinel2_500_patch\images\sentinel2_patch_00289.png,290,572.8302,0.8,0.6895,1.0,11.6509,0.152344,1.0,3277,91.5234,0.3633,4096,full_detail_aware
98.88,89.4429,1.0,datasets\sentinel2_500_patch\images\sentinel2_patch_00289.png,290,571.9431,0.8,0.698266,1.0,11.4375,0.12207,1.0,3277,91.2207,0.3314,4096,without_detail_term
98.94,94.5579,1.0,datasets\sentinel2_500_patch\images\sentinel2_patch_00290.png,291,577.1096,0.8,0.615688,1.0,12.3664,1.0,1.0,3277,100.0,0.1309,4096,full_detail_aware
98.95,94.8056,1.0,datasets\sentinel2_500_patch\images\sentinel2_patch_00290.png,291,555.4259,0.8,0.623279,1.0,12.1593,1.0,1.0,3277,100.0,0.1141,4096,without_detail_term
98.98,97.6991,1.0,datasets\sentinel2_500_patch\images\sentinel2_patch_00291.png,292,565.1692,0.8,0.68189,1.0,13.4375,1.0,1.0,3277,100.0,0.3545,4096,full_detail_aware
98.97,97.5118,1.0,datasets\sentinel2_500_patch\images\sentinel2_patch_00291.png,292,574.564,0.8,0.684343,1.0,13.3909,1.0,1.0,3277,100.0,0.3461,4096,without_detail_term
99.0,99.7031,1.0,datasets\sentinel2_500_patch\images\sentinel2_patch_00292.png,293,562.4288,0.8,0.609598,0.555556,19.5941,1.0,1.0,3277,86.6667,0.8179,4096,full_detail_aware
98.99,99.3821,1.0,datasets\sentinel2_500_patch\images\sentinel2_patch_00292.png,293,548.967,0.8,0.614604,0.703704,19.7253,1.0,1.0,3277,91.1111,0.8214,4096,without_detail_term
98.99,98.7189,1.0,datasets\sentinel2_500_patch\images\sentinel2_patch_00293.png,294,588.4672,0.8,0.637972,0.511628,14.5496,1.0,1.0,3277,85.3488,0.4892,4096,full_detail_aware
98.99,98.7189,1.0,datasets\sentinel2_500_patch\images\sentinel2_patch_00293.png,294,597.8968,0.8,0.643645,0.511628,14.3908,1.0,1.0,3277,85.3488,0.4694,4096,without_detail_term
98.95,94.9236,1.0,datasets\sentinel2_500_patch\images\sentinel2_patch_00294.png,295,597.5924,0.8,0.61275,1.0,18.8008,1.0,1.0,3277,100.0,0.8072,4096,full_detail_aware
98.95,94.9417,1.0,datasets\sentinel2_500_patch\images\sentinel2_patch_00294.png,295,595.1159,0.8,0.619268,1.0,18.5733,1.0,1.0,3277,100.0,0.7984,4096,without_detail_term
98.94,94.5795,1.0,datasets\sentinel2_500_patch\images\sentinel2_patch_00295.png,296,609.0975,0.8,0.65051,1.0,14.1779,1.0,1.0,3277,100.0,0.3822,4096,full_detail_aware
98.94,94.5233,1.0,datasets\sentinel2_500_patch\images\sentinel2_patch_00295.png,296,585.7583,0.8,0.652227,1.0,14.137,1.0,1.0,3277,100.0,0.373,4096,without_detail_term
98.94,94.3727,1.0,datasets\sentinel2_500_patch\images\sentinel2_patch_00296.png,297,596.9073,0.8,0.628101,1.0,11.957,1.0,1.0,3277,100.0,0.106,4096,full_detail_aware
98.94,94.5738,1.0,datasets\sentinel2_500_patch\images\sentinel2_patch_00296.png,297,587.9851,0.8,0.62818,1.0,11.7787,1.0,1.0,3277,100.0,0.0859,4096,without_detail_term
98.97,96.689,1.0,datasets\sentinel2_500_patch\images\sentinel2_patch_00297.png,298,592.3734,0.8,0.623525,1.0,12.7586,1.0,1.0,3277,100.0,0.3613,4096,full_detail_aware
98.97,96.7069,1.0,datasets\sentinel2_500_patch\images\sentinel2_patch_00297.png,298,587.1691,0.8,0.62738,1.0,12.6208,1.0,1.0,3277,100.0,0.3483,4096,without_detail_term
98.87,88.767,0.923862,datasets\sentinel2_500_patch\images\sentinel2_patch_00298.png,299,567.2221,0.8,0.533334,0.916667,19.6115,0.99707,0.939198,3277,93.2091,0.8666,4096,full_detail_aware
98.88,89.0073,0.943246,datasets\sentinel2_500_patch\images\sentinel2_patch_00298.png,299,559.5007,0.8,0.533966,1.0,19.5008,1.0,0.957444,3277,96.8787,0.8649,4096,without_detail_term
98.9,90.8811,1.0,datasets\sentinel2_500_patch\images\sentinel2_patch_00299.png,300,596.3787,0.8,0.680207,1.0,10.2118,0.804688,1.0,3277,98.0469,0.1295,4096,full_detail_aware
98.9,90.8094,1.0,datasets\sentinel2_500_patch\images\sentinel2_patch_00299.png,300,550.4576,0.8,0.677101,1.0,10.1196,0.788086,1.0,3277,97.8809,0.1131,4096,without_detail_term
98.92,92.8385,0.855476,datasets\sentinel2_500_patch\images\sentinel2_patch_00300.png,301,579.2431,0.8,0.585233,0.689655,19.0533,0.847656,0.860839,3277,80.602,0.8541,4096,full_detail_aware
98.92,92.7482,0.881815,datasets\sentinel2_500_patch\images\sentinel2_patch_00300.png,301,542.6674,0.8,0.588779,0.724138,18.9131,0.914062,0.885663,3277,83.8506,0.8529,4096,without_detail_term
98.9,90.5573,0.934557,datasets\sentinel2_500_patch\images\sentinel2_patch_00301.png,302,608.4179,0.8,0.532004,0.864865,18.7957,1.0,0.941136,3277,92.151,0.8694,4096,full_detail_aware
98.9,90.836,0.951825,datasets\sentinel2_500_patch\images\sentinel2_patch_00301.png,302,563.2944,0.8,0.532259,0.918919,18.9416,1.0,0.958314,3277,94.8069,0.8723,4096,without_detail_term
98.86,87.7192,1.0,datasets\sentinel2_500_patch\images\sentinel2_patch_00302.png,303,582.3393,0.8,0.541444,1.0,20.0491,1.0,1.0,3277,100.0,0.865,4096,full_detail_aware
98.86,87.8718,1.0,datasets\sentinel2_500_patch\images\sentinel2_patch_00302.png,303,560.5363,0.8,0.546475,1.0,19.8788,1.0,1.0,3277,100.0,0.8625,4096,without_detail_term
98.87,88.5016,0.920434,datasets\sentinel2_500_patch\images\sentinel2_patch_00303.png,304,565.465,0.8,0.665415,1.0,10.8762,0.015625,0.987389,3277,86.7214,0.209,4096,full_detail_aware
98.88,88.897,1.0,datasets\sentinel2_500_patch\images\sentinel2_patch_00303.png,304,585.6104,0.8,0.664328,1.0,10.7698,0.074219,1.0,3277,90.7422,0.1921,4096,without_detail_term
98.86,88.0372,0.871143,datasets\sentinel2_500_patch\images\sentinel2_patch_00304.png,305,557.6988,0.8,0.589662,0.52,18.9954,0.710938,0.869959,3277,74.9543,0.888,4096,full_detail_aware
98.87,88.566,0.868437,datasets\sentinel2_500_patch\images\sentinel2_patch_00304.png,305,555.4221,0.8,0.589326,0.52,19.2348,0.703125,0.866813,3277,74.705,0.8946,4096,without_detail_term
98.88,89.3115,0.94434,datasets\sentinel2_500_patch\images\sentinel2_patch_00305.png,306,571.4133,0.8,0.530433,0.411765,19.107,0.865234,0.948467,3277,77.7482,0.8729,4096,full_detail_aware
98.88,89.5988,0.971502,datasets\sentinel2_500_patch\images\sentinel2_patch_00305.png,306,557.8073,0.8,0.531941,0.470588,19.1219,0.914062,0.97496,3277,81.6176,0.8719,4096,without_detail_term
98.98,98.2614,0.824667,datasets\sentinel2_500_patch\images\sentinel2_patch_00306.png,307,616.2271,0.8,0.686173,0.833333,20.3915,0.511719,0.826018,3277,79.6242,0.9103,4096,full_detail_aware
98.99,98.676,0.826238,datasets\sentinel2_500_patch\images\sentinel2_patch_00306.png,307,613.1042,0.8,0.687177,0.875,20.3843,0.503906,0.828198,3277,80.9026,0.909,4096,without_detail_term
99.01,101.4508,0.767737,datasets\sentinel2_500_patch\images\sentinel2_patch_00307.png,308,571.7247,0.8,0.665331,1.0,19.4236,0.483398,0.737406,3277,80.2916,0.8858,4096,full_detail_aware
99.02,101.5768,0.756432,datasets\sentinel2_500_patch\images\sentinel2_patch_00307.png,308,574.3348,0.8,0.667859,1.0,19.4245,0.478516,0.737773,3277,79.7979,0.8844,4096,without_detail_term
99.03,102.9458,0.649846,datasets\sentinel2_500_patch\images\sentinel2_patch_00308.png,309,567.2376,0.8,0.648428,1.0,19.1455,0.208008,0.636931,3277,70.8125,0.8594,4096,full_detail_aware
99.03,102.9676,0.649364,datasets\sentinel2_500_patch\images\sentinel2_patch_00308.png,309,562.5927,0.8,0.648069,1.0,19.143,0.204102,0.636649,3277,70.7486,0.8564,4096,without_detail_term
99.03,103.5578,0.775914,datasets\sentinel2_500_patch\images\sentinel2_patch_00309.png,310,575.9403,0.8,0.656769,1.0,18.945,0.487305,0.782123,3277,81.5521,0.8736,4096,full_detail_aware
99.03,103.264,0.769653,datasets\sentinel2_500_patch\images\sentinel2_patch_00309.png,310,536.5875,0.8,0.656034,1.0,19.0005,0.453125,0.776257,3277,80.8425,0.8742,4096,without_detail_term
99.05,105.1176,0.930613,datasets\sentinel2_500_patch\images\sentinel2_patch_00310.png,311,578.8029,0.8,0.689229,1.0,18.6958,1.0,0.931614,3277,95.8568,0.8498,4096,full_detail_aware
99.04,104.5124,0.908247,datasets\sentinel2_500_patch\images\sentinel2_patch_00310.png,311,585.0653,0.8,0.689472,1.0,18.8549,0.961914,0.893675,3277,93.8225,0.8519,4096,without_detail_term
98.99,99.399,0.774894,datasets\sentinel2_500_patch\images\sentinel2_patch_00311.png,312,635.0755,0.8,0.677602,1.0,20.035,0.371094,0.754169,3277,79.7901,0.887,4096,full_detail_aware
99.0,99.9616,0.849142,datasets\sentinel2_500_patch\images\sentinel2_patch_00311.png,312,580.9013,0.8,0.680876,1.0,20.0374,0.458984,0.826761,3277,85.0908,0.8852,4096,without_detail_term
98.99,99.4405,0.80022,datasets\sentinel2_500_patch\images\sentinel2_patch_00312.png,313,590.131,0.8,0.671813,0.9375,19.9344,0.416992,0.788316,3277,80.07,0.897,4096,full_detail_aware
99.0,99.9936,0.79307,datasets\sentinel2_500_patch\images\sentinel2_patch_00312.png,313,586.9901,0.8,0.673584,1.0,20.0076,0.394531,0.780729,3277,81.2827,0.8963,4096,without_detail_term
98.97,97.519,0.954394,datasets\sentinel2_500_patch\images\sentinel2_patch_00313.png,314,547.99,0.8,0.677516,1.0,20.0367,0.998047,0.94971,3277,97.1505,0.9153,4096,full_detail_aware
98.97,97.5585,0.95802,datasets\sentinel2_500_patch\images\sentinel2_patch_00313.png,314,583.7759,0.8,0.677788,0.913043,20.1359,0.963867,0.95062,3277,94.3632,0.9156,4096,without_detail_term
98.91,91.823,1.0,datasets\sentinel2_500_patch\images\sentinel2_patch_00314.png,315,571.848,0.8,0.596402,1.0,20.9936,1.0,1.0,3277,100.0,0.8444,4096,full_detail_aware
98.91,91.6265,1.0,datasets\sentinel2_500_patch\images\sentinel2_patch_00314.png,315,559.8022,0.8,0.598929,1.0,21.3299,1.0,1.0,3277,100.0,0.8495,4096,without_detail_term
98.89,89.8218,1.0,datasets\sentinel2_500_patch\images\sentinel2_patch_00315.png,316,581.9739,0.8,0.581116,0.954545,20.9276,0.982143,1.0,3277,98.4578,0.81,4096,full_detail_aware
98.89,90.1879,1.0,datasets\sentinel2_500_patch\images\sentinel2_patch_00315.png,316,581.183,0.8,0.583724,0.863636,20.8867,0.989796,1.0,3277,95.8071,0.8096,4096,without_detail_term
98.88,89.2599,1.0,datasets\sentinel2_500_patch\images\sentinel2_patch_00316.png,317,601.6741,0.8,0.564629,1.0,19.6263,1.0,1.0,3277,100.0,0.7468,4096,full_detail_aware
98.88,89.3992,1.0,datasets\sentinel2_500_patch\images\sentinel2_patch_00316.png,317,577.9686,0.8,0.565351,1.0,19.5333,0.972603,1.0,3277,99.726,0.7431,4096,without_detail_term
98.88,89.6102,1.0,datasets\sentinel2_500_patch\images\sentinel2_patch_00317.png,318,580.1179,0.8,0.556909,1.0,20.3963,0.716216,1.0,3277,97.1622,0.7847,4096,full_detail_aware
98.88,89.3574,1.0,datasets\sentinel2_500_patch\images\sentinel2_patch_00317.png,318,584.8202,0.8,0.559308,1.0,20.2111,0.711149,1.0,3277,97.1115,0.779,4096,without_detail_term
98.85,86.8839,1.0,datasets\sentinel2_500_patch\images\sentinel2_patch_00318.png,319,592.5424,0.8,0.576362,1.0,21.3797,0.995763,1.0,3277,99.9576,0.7971,4096,full_detail_aware
98.85,86.7106,1.0,datasets\sentinel2_500_patch\images\sentinel2_patch_00318.png,319,593.9338,0.8,0.576915,1.0,21.3666,1.0,1.0,3277,100.0,0.7962,4096,without_detail_term
98.88,89.4046,1.0,datasets\sentinel2_500_patch\images\sentinel2_patch_00319.png,320,571.951,0.8,0.572209,1.0,23.7467,1.0,1.0,3277,100.0,0.8531,4096,full_detail_aware
98.87,88.849,1.0,datasets\sentinel2_500_patch\images\sentinel2_patch_00319.png,320,578.217,0.8,0.573324,1.0,23.8948,1.0,1.0,3277,100.0,0.8553,4096,without_detail_term
98.88,89.4089,1.0,datasets\sentinel2_500_patch\images\sentinel2_patch_00320.png,321,587.0013,0.8,0.594189,1.0,22.1109,1.0,1.0,3277,100.0,0.8437,4096,full_detail_aware
98.88,89.5475,1.0,datasets\sentinel2_500_patch\images\sentinel2_patch_00320.png,321,571.0169,0.8,0.594471,1.0,22.4824,1.0,1.0,3277,100.0,0.8504,4096,without_detail_term
98.89,90.0446,1.0,datasets\sentinel2_500_patch\images\sentinel2_patch_00321.png,322,553.8526,0.8,0.572833,1.0,22.0599,1.0,1.0,3277,100.0,0.8589,4096,full_detail_aware
98.89,89.8876,1.0,datasets\sentinel2_500_patch\images\sentinel2_patch_00321.png,322,568.964,0.8,0.571627,1.0,22.5966,1.0,1.0,3277,100.0,0.8684,4096,without_detail_term
98.95,95.6909,1.0,datasets\sentinel2_500_patch\images\sentinel2_patch_00322.png,323,563.6781,0.8,0.660031,1.0,14.3468,1.0,1.0,3277,100.0,0.3142,4096,full_detail_aware
98.95,95.6529,1.0,datasets\sentinel2_500_patch\images\sentinel2_patch_00322.png,323,590.7107,0.8,0.661383,1.0,14.0656,1.0,1.0,3277,100.0,0.285,4096,without_detail_term
98.94,93.9032,1.0,datasets\sentinel2_500_patch\images\sentinel2_patch_00323.png,324,586.3033,0.8,0.653785,0.73913,16.274,1.0,1.0,3277,92.1739,0.6409,4096,full_detail_aware
98.93,93.7405,1.0,datasets\sentinel2_500_patch\images\sentinel2_patch_00323.png,324,568.5178,0.8,0.659776,1.0,16.0889,1.0,1.0,3277,100.0,0.6222,4096,without_detail_term
98.92,92.647,1.0,datasets\sentinel2_500_patch\images\sentinel2_patch_00324.png,325,580.9806,0.8,0.639955,0.615385,20.349,1.0,1.0,3277,88.4615,0.8241,4096,full_detail_aware
98.92,92.5751,1.0,datasets\sentinel2_500_patch\images\sentinel2_patch_00324.png,325,559.612,0.8,0.643183,0.615385,20.0521,1.0,1.0,3277,88.4615,0.8149,4096,without_detail_term
98.93,93.6256,1.0,datasets\sentinel2_500_patch\images\sentinel2_patch_00325.png,326,542.3022,0.8,0.654834,0.823529,18.9291,1.0,1.0,3277,94.7059,0.7293,4096,full_detail_aware
98.94,93.9372,1.0,datasets\sentinel2_500_patch\images\sentinel2_patch_00325.png,326,583.5967,0.8,0.657496,0.764706,18.7006,1.0,1.0,3277,92.9412,0.7198,4096,without_detail_term
98.94,94.5412,1.0,datasets\sentinel2_500_patch\images\sentinel2_patch_00326.png,327,586.6945,0.8,0.653353,0.969697,14.8984,1.0,1.0,3277,99.0909,0.5351,4096,full_detail_aware
98.95,94.7963,1.0,datasets\sentinel2_500_patch\images\sentinel2_patch_00326.png,327,587.5073,0.8,0.654865,0.939394,14.7722,1.0,1.0,3277,98.1818,0.523,4096,without_detail_term
98.88,89.409,1.0,datasets\sentinel2_500_patch\images\sentinel2_patch_00327.png,328,584.1645,0.8,0.64857,1.0,12.5132,1.0,1.0,3277,100.0,0.4196,4096,full_detail_aware
98.88,89.5089,1.0,datasets\sentinel2_500_patch\images\sentinel2_patch_00327.png,328,555.5443,0.8,0.64935,1.0,12.4418,1.0,1.0,3277,100.0,0.4146,4096,without_detail_term
98.91,92.1353,1.0,datasets\sentinel2_500_patch\images\sentinel2_patch_00328.png,329,572.3768,0.8,0.658086,1.0,13.8078,1.0,1.0,3277,100.0,0.3548,4096,full_detail_aware
98.91,92.0808,1.0,datasets\sentinel2_500_patch\images\sentinel2_patch_00328.png,329,566.8907,0.8,0.663561,1.0,13.7391,1.0,1.0,3277,100.0,0.343,4096,without_detail_term
98.93,93.3445,1.0,datasets\sentinel2_500_patch\images\sentinel2_patch_00329.png,330,651.7326,0.8,0.65644,1.0,13.6303,1.0,1.0,3277,100.0,0.3985,4096,full_detail_aware
98.93,93.5951,1.0,datasets\sentinel2_500_patch\images\sentinel2_patch_00329.png,330,632.4501,0.8,0.662112,1.0,13.5406,1.0,1.0,3277,100.0,0.3832,4096,without_detail_term
98.88,89.4096,1.0,datasets\sentinel2_500_patch\images\sentinel2_patch_00330.png,331,635.1033,0.8,0.684457,1.0,12.6439,1.0,1.0,3277,100.0,0.3042,4096,full_detail_aware
98.88,89.2658,1.0,datasets\sentinel2_500_patch\images\sentinel2_patch_00330.png,331,598.7378,0.8,0.689694,1.0,12.4734,0.833008,1.0,3277,98.3301,0.2743,4096,without_detail_term
98.85,86.8889,1.0,datasets\sentinel2_500_patch\images\sentinel2_patch_00331.png,332,586.48,0.8,0.697669,1.0,11.4658,0.899414,1.0,3277,98.9941,0.1964,4096,full_detail_aware
98.86,87.5878,1.0,datasets\sentinel2_500_patch\images\sentinel2_patch_00331.png,332,624.0815,0.8,0.700903,1.0,11.1555,0.793945,1.0,3277,97.9395,0.1277,4096,without_detail_term
98.84,86.0655,1.0,datasets\sentinel2_500_patch\images\sentinel2_patch_00332.png,333,588.9154,0.8,0.602727,0.71875,21.9217,1.0,1.0,3277,91.5625,0.9018,4096,full_detail_aware
98.85,86.6073,1.0,datasets\sentinel2_500_patch\images\sentinel2_patch_00332.png,333,605.4418,0.8,0.602036,0.65625,21.8697,1.0,1.0,3277,89.6875,0.9003,4096,without_detail_term
98.85,86.6267,0.836301,datasets\sentinel2_500_patch\images\sentinel2_patch_00333.png,334,626.4461,0.8,0.598264,0.611111,21.1775,0.775391,0.839811,3277,76.3355,0.8563,4096,full_detail_aware
98.85,86.7287,0.84706,datasets\sentinel2_500_patch\images\sentinel2_patch_00333.png,334,566.2603,0.8,0.602767,0.611111,21.193,0.796875,0.849706,3277,77.1786,0.8554,4096,without_detail_term
98.87,88.2641,0.884017,datasets\sentinel2_500_patch\images\sentinel2_patch_00334.png,335,590.6968,0.8,0.574205,0.647059,20.8835,0.913086,0.883482,3277,81.5729,0.9098,4096,full_detail_aware
98.87,88.3171,0.888316,datasets\sentinel2_500_patch\images\sentinel2_patch_00334.png,335,570.6895,0.8,0.569596,0.617647,21.1178,0.920898,0.887768,3277,81.0264,0.9147,4096,without_detail_term
98.81,84.0219,0.930887,datasets\sentinel2_500_patch\images\sentinel2_patch_00335.png,336,597.3749,0.8,0.574993,0.766667,19.1208,0.908203,0.930016,3277,87.9178,0.9081,4096,full_detail_aware
98.81,84.1181,0.933638,datasets\sentinel2_500_patch\images\sentinel2_patch_00335.png,336,617.4604,0.8,0.570204,0.733333,19.2071,0.917969,0.932705,3277,87.1793,0.909,4096,without_detail_term
98.84,86.3803,1.0,datasets\sentinel2_500_patch\images\sentinel2_patch_00336.png,337,636.5406,0.8,0.571011,0.5625,21.0831,1.0,1.0,3277,86.875,0.9063,4096,full_detail_aware
98.85,86.6043,0.985978,datasets\sentinel2_500_patch\images\sentinel2_patch_00336.png,337,583.948,0.8,0.574064,0.53125,21.0234,1.0,0.992572,3277,85.228,0.9058,4096,without_detail_term
98.86,87.8799,1.0,datasets\sentinel2_500_patch\images\sentinel2_patch_00337.png,338,577.7675,0.8,0.673261,1.0,12.3228,1.0,1.0,3277,100.0,0.346,4096,full_detail_aware
98.87,88.3487,1.0,datasets\sentinel2_500_patch\images\sentinel2_patch_00337.png,338,608.0039,0.8,0.681871,1.0,12.1677,1.0,1.0,3277,100.0,0.3193,4096,without_detail_term
98.88,89.2163,0.837982,datasets\sentinel2_500_patch\images\sentinel2_patch_00338.png,339,577.7843,0.8,0.596378,0.896552,19.9483,0.850586,0.838856,3277,85.6988,0.8915,4096,full_detail_aware
98.88,89.6822,0.838079,datasets\sentinel2_500_patch\images\sentinel2_patch_00338.png,339,620.1118,0.8,0.594829,0.965517,20.0497,0.84082,0.840856,3277,87.714,0.8937,4096,without_detail_term
98.92,92.8039,0.754411,datasets\sentinel2_500_patch\images\sentinel2_patch_00339.png,340,579.0314,0.8,0.564233,0.56,22.2119,0.725532,0.74441,3277,69.12,0.9269,4096,full_detail_aware
98.92,92.284,0.743833,datasets\sentinel2_500_patch\images\sentinel2_patch_00339.png,340,561.4932,0.8,0.566497,0.52,22.2171,0.723404,0.733844,3277,67.2643,0.9273,4096,without_detail_term
98.87,88.6109,0.913984,datasets\sentinel2_500_patch\images\sentinel2_patch_00340.png,341,633.9793,0.8,0.508437,0.724138,20.402,0.939453,0.925312,3277,86.1843,0.9052,4096,full_detail_aware
98.87,88.6615,0.924854,datasets\sentinel2_500_patch\images\sentinel2_patch_00340.png,341,625.9746,0.8,0.50948,0.827586,20.4198,0.957031,0.936042,3277,90.1129,0.9049,4096,without_detail_term
98.9,91.1296,0.80803,datasets\sentinel2_500_patch\images\sentinel2_patch_00341.png,342,610.2935,0.8,0.64166,0.692308,20.6848,0.88785,0.805194,3277,78.0728,0.8613,4096,full_detail_aware
98.91,91.3479,0.810451,datasets\sentinel2_500_patch\images\sentinel2_patch_00341.png,342,618.2712,0.8,0.64506,0.538462,20.8159,0.88785,0.808511,3277,73.6206,0.8654,4096,without_detail_term
98.93,93.6447,0.798108,datasets\sentinel2_500_patch\images\sentinel2_patch_00342.png,343,617.6782,0.8,0.674762,1.0,20.4956,0.418367,0.796728,3277,82.0426,0.791,4096,full_detail_aware
98.93,93.7222,0.826902,datasets\sentinel2_500_patch\images\sentinel2_patch_00342.png,343,608.1425,0.8,0.671248,1.0,20.7636,0.564626,0.826885,3277,85.2601,0.8032,4096,without_detail_term
98.93,93.0461,0.624214,datasets\sentinel2_500_patch\images\sentinel2_patch_00343.png,344,620.0815,0.8,0.61114,0.6,21.4119,0.458984,0.636583,3277,60.29,0.9388,4096,full_detail_aware
98.93,93.145,0.623865,datasets\sentinel2_500_patch\images\sentinel2_patch_00343.png,344,577.7066,0.8,0.615163,0.6,21.3878,0.458984,0.63614,3277,60.2673,0.9385,4096,without_detail_term
98.87,88.7309,0.765619,datasets\sentinel2_500_patch\images\sentinel2_patch_00344.png,345,670.7501,0.8,0.541292,0.903226,20.095,0.816406,0.773794,3277,81.3615,0.8927,4096,full_detail_aware
98.87,88.5436,0.774175,datasets\sentinel2_500_patch\images\sentinel2_patch_00344.png,345,583.0371,0.8,0.540545,1.0,20.0431,0.829102,0.781734,3277,84.8927,0.8918,4096,without_detail_term
98.89,89.8152,1.0,datasets\sentinel2_500_patch\images\sentinel2_patch_00345.png,346,616.3477,0.8,0.702292,1.0,20.4679,1.0,1.0,3277,100.0,0.8266,4096,full_detail_aware
98.89,89.9903,1.0,datasets\sentinel2_500_patch\images\sentinel2_patch_00345.png,346,601.1879,0.8,0.697024,1.0,20.809,1.0,1.0,3277,100.0,0.8398,4096,without_detail_term
98.94,94.5573,1.0,datasets\sentinel2_500_patch\images\sentinel2_patch_00346.png,347,595.8632,0.8,0.613101,0.833333,19.5179,1.0,1.0,3277,95.0,0.839,4096,full_detail_aware
98.94,94.3461,1.0,datasets\sentinel2_500_patch\images\sentinel2_patch_00346.png,347,615.1776,0.8,0.611001,0.833333,19.8212,1.0,1.0,3277,95.0,0.8474,4096,without_detail_term
98.89,90.1202,1.0,datasets\sentinel2_500_patch\images\sentinel2_patch_00347.png,348,600.2105,0.8,0.561778,0.695652,20.1966,1.0,1.0,3277,90.8696,0.8652,4096,full_detail_aware
98.89,89.9173,1.0,datasets\sentinel2_500_patch\images\sentinel2_patch_00347.png,348,599.4245,0.8,0.55978,0.695652,20.1644,1.0,1.0,3277,90.8696,0.8646,4096,without_detail_term
98.95,95.1006,1.0,datasets\sentinel2_500_patch\images\sentinel2_patch_00348.png,349,611.0226,0.8,0.628191,1.0,13.9753,1.0,1.0,3277,100.0,0.5092,4096,full_detail_aware
98.95,95.2072,1.0,datasets\sentinel2_500_patch\images\sentinel2_patch_00348.png,349,565.0875,0.8,0.635369,1.0,13.8982,1.0,1.0,3277,100.0,0.5029,4096,without_detail_term
98.93,93.2871,1.0,datasets\sentinel2_500_patch\images\sentinel2_patch_00349.png,350,587.3939,0.8,0.605229,0.857143,20.2404,1.0,1.0,3277,95.7143,0.7983,4096,full_detail_aware
98.93,93.4784,1.0,datasets\sentinel2_500_patch\images\sentinel2_patch_00349.png,350,578.5549,0.8,0.606312,0.785714,20.1647,1.0,1.0,3277,93.5714,0.7956,4096,without_detail_term
98.96,96.2692,1.0,datasets\sentinel2_500_patch\images\sentinel2_patch_00350.png,351,591.8124,0.8,0.708192,1.0,18.1554,1.0,1.0,3277,100.0,0.6349,4096,full_detail_aware
98.96,96.5108,1.0,datasets\sentinel2_500_patch\images\sentinel2_patch_00350.png,351,588.9874,0.8,0.717135,1.0,17.6966,1.0,1.0,3277,100.0,0.6136,4096,without_detail_term
98.95,94.8849,1.0,datasets\sentinel2_500_patch\images\sentinel2_patch_00351.png,352,612.5459,0.8,0.590534,0.9,20.3914,1.0,1.0,3277,97.0,0.8859,4096,full_detail_aware
98.94,94.7004,1.0,datasets\sentinel2_500_patch\images\sentinel2_patch_00351.png,352,599.6756,0.8,0.591444,0.933333,20.3677,1.0,1.0,3277,98.0,0.8853,4096,without_detail_term
98.94,94.4363,1.0,datasets\sentinel2_500_patch\images\sentinel2_patch_00352.png,353,680.3402,0.8,0.664984,1.0,13.8212,1.0,1.0,3277,100.0,0.4746,4096,full_detail_aware
98.94,94.6307,1.0,datasets\sentinel2_500_patch\images\sentinel2_patch_00352.png,353,574.5647,0.8,0.668271,1.0,13.8131,1.0,1.0,3277,100.0,0.4677,4096,without_detail_term
98.94,93.9376,1.0,datasets\sentinel2_500_patch\images\sentinel2_patch_00353.png,354,585.1912,0.8,0.674617,0.64,19.1301,1.0,1.0,3277,89.2,0.6932,4096,full_detail_aware
98.94,93.9903,1.0,datasets\sentinel2_500_patch\images\sentinel2_patch_00353.png,354,565.4215,0.8,0.6823,0.84,18.6239,1.0,1.0,3277,95.2,0.6721,4096,without_detail_term
98.88,89.4948,0.772279,datasets\sentinel2_500_patch\images\sentinel2_patch_00354.png,355,622.6348,0.8,0.561249,0.84,20.5013,0.628906,0.778131,3277,77.9428,0.8822,4096,full_detail_aware
98.89,90.0875,0.770589,datasets\sentinel2_500_patch\images\sentinel2_patch_00354.png,355,592.7844,0.8,0.563831,0.92,20.556,0.621094,0.775728,3277,80.1491,0.8831,4096,without_detail_term
98.93,93.0717,0.922794,datasets\sentinel2_500_patch\images\sentinel2_patch_00355.png,356,605.3389,0.8,0.606787,0.692308,19.9475,0.936455,0.919629,3277,85.4381,0.8778,4096,full_detail_aware
98.93,93.3445,0.910926,datasets\sentinel2_500_patch\images\sentinel2_patch_00355.png,356,613.536,0.8,0.606536,0.692308,20.0277,0.930881,0.908065,3277,84.6764,0.8792,4096,without_detail_term
98.93,93.8312,0.859164,datasets\sentinel2_500_patch\images\sentinel2_patch_00356.png,357,628.5593,0.8,0.584336,0.69697,19.9539,0.923679,0.874534,3277,82.0031,0.8754,4096,full_detail_aware
98.94,93.9789,0.833764,datasets\sentinel2_500_patch\images\sentinel2_patch_00356.png,357,592.8099,0.8,0.586023,0.727273,20.0044,0.863014,0.844682,3277,80.6925,0.8736,4096,without_detail_term
98.96,95.8968,0.706354,datasets\sentinel2_500_patch\images\sentinel2_patch_00357.png,358,662.759,0.8,0.622732,1.0,19.8788,0.353516,0.704147,3277,75.8723,0.8428,4096,full_detail_aware
98.96,95.8968,0.704797,datasets\sentinel2_500_patch\images\sentinel2_patch_00357.png,358,590.6584,0.8,0.624898,1.0,20.0695,0.339844,0.703383,3277,75.658,0.8458,4096,without_detail_term
98.96,95.9597,0.697722,datasets\sentinel2_500_patch\images\sentinel2_patch_00358.png,359,611.0726,0.8,0.651061,1.0,20.2858,0.411133,0.708776,3277,76.1957,0.8326,4096,full_detail_aware
98.96,96.3249,0.853192,datasets\sentinel2_500_patch\images\sentinel2_patch_00358.png,359,600.2373,0.8,0.64929,1.0,20.4507,0.71582,0.866355,3277,88.613,0.835,4096,without_detail_term
98.9,90.6095,1.0,datasets\sentinel2_500_patch\images\sentinel2_patch_00359.png,360,656.4907,0.8,0.600697,0.642857,20.4897,1.0,1.0,3277,89.2857,0.8736,4096,full_detail_aware
98.9,90.7147,1.0,datasets\sentinel2_500_patch\images\sentinel2_patch_00359.png,360,585.7325,0.8,0.602803,0.642857,20.2889,1.0,1.0,3277,89.2857,0.8669,4096,without_detail_term
98.9,90.9685,1.0,datasets\sentinel2_500_patch\images\sentinel2_patch_00360.png,361,673.3041,0.8,0.562413,1.0,20.421,1.0,1.0,3277,100.0,0.8788,4096,full_detail_aware
98.91,91.3416,1.0,datasets\sentinel2_500_patch\images\sentinel2_patch_00360.png,361,605.7656,0.8,0.564986,1.0,20.0781,1.0,1.0,3277,100.0,0.8692,4096,without_detail_term
98.89,90.4088,0.758527,datasets\sentinel2_500_patch\images\sentinel2_patch_00361.png,362,587.6309,0.8,0.55816,0.956522,20.1218,0.62207,0.755155,3277,80.3605,0.8739,4096,full_detail_aware
98.9,90.9202,0.782696,datasets\sentinel2_500_patch\images\sentinel2_patch_00361.png,362,590.3357,0.8,0.558692,0.913043,19.8749,0.698242,0.785076,3277,81.3831,0.869,4096,without_detail_term
98.95,94.9118,1.0,datasets\sentinel2_500_patch\images\sentinel2_patch_00362.png,363,584.4874,0.8,0.560916,0.75,22.1908,1.0,1.0,3277,92.5,0.8759,4096,full_detail_aware
98.95,95.237,1.0,datasets\sentinel2_500_patch\images\sentinel2_patch_00362.png,363,568.2443,0.8,0.566853,0.75,21.9636,1.0,1.0,3277,92.5,0.8717,4096,without_detail_term
98.98,97.8408,1.0,datasets\sentinel2_500_patch\images\sentinel2_patch_00363.png,364,616.693,0.8,0.645532,0.785714,19.0324,1.0,1.0,3277,93.5714,0.8144,4096,full_detail_aware
98.98,98.044,1.0,datasets\sentinel2_500_patch\images\sentinel2_patch_00363.png,364,610.1784,0.8,0.646203,0.785714,18.9604,1.0,1.0,3277,93.5714,0.8134,4096,without_detail_term
98.99,98.8425,1.0,datasets\sentinel2_500_patch\images\sentinel2_patch_00364.png,365,580.1213,0.8,0.598235,0.6,19.0752,1.0,1.0,3277,88.0,0.8227,4096,full_detail_aware
98.99,99.3699,1.0,datasets\sentinel2_500_patch\images\sentinel2_patch_00364.png,365,556.8953,0.8,0.602548,0.666667,18.9969,1.0,1.0,3277,90.0,0.8218,4096,without_detail_term
99.0,99.8404,1.0,datasets\sentinel2_500_patch\images\sentinel2_patch_00365.png,366,601.954,0.8,0.638583,1.0,18.9812,1.0,1.0,3277,100.0,0.7886,4096,full_detail_aware
99.0,99.8023,1.0,datasets\sentinel2_500_patch\images\sentinel2_patch_00365.png,366,576.1691,0.8,0.643574,1.0,18.8185,1.0,1.0,3277,100.0,0.7808,4096,without_detail_term
98.99,99.0359,1.0,datasets\sentinel2_500_patch\images\sentinel2_patch_00366.png,367,589.5025,0.8,0.671626,1.0,18.895,1.0,1.0,3277,100.0,0.7588,4096,full_detail_aware
98.99,99.2444,1.0,datasets\sentinel2_500_patch\images\sentinel2_patch_00366.png,367,581.3598,0.8,0.673441,1.0,18.6738,1.0,1.0,3277,100.0,0.754,4096,without_detail_term
98.95,95.2698,1.0,datasets\sentinel2_500_patch\images\sentinel2_patch_00367.png,368,620.0352,0.8,0.587537,0.826087,22.3423,1.0,1.0,3277,94.7826,0.8736,4096,full_detail_aware
98.95,95.5201,1.0,datasets\sentinel2_500_patch\images\sentinel2_patch_00367.png,368,619.911,0.8,0.591808,0.826087,21.9571,1.0,1.0,3277,94.7826,0.8654,4096,without_detail_term
98.96,95.8498,1.0,datasets\sentinel2_500_patch\images\sentinel2_patch_00368.png,369,612.8446,0.8,0.559402,0.684211,22.2899,1.0,1.0,3277,90.5263,0.8798,4096,full_detail_aware
98.96,96.0131,1.0,datasets\sentinel2_500_patch\images\sentinel2_patch_00368.png,369,573.9681,0.8,0.566595,0.789474,21.8998,1.0,1.0,3277,93.6842,0.8716,4096,without_detail_term
98.95,94.9456,1.0,datasets\sentinel2_500_patch\images\sentinel2_patch_00369.png,370,607.887,0.8,0.548357,0.782609,19.8865,1.0,1.0,3277,93.4783,0.8342,4096,full_detail_aware
98.95,95.3044,1.0,datasets\sentinel2_500_patch\images\sentinel2_patch_00369.png,370,581.8082,0.8,0.549014,0.73913,19.5977,1.0,1.0,3277,92.1739,0.8284,4096,without_detail_term
98.9,91.2624,0.996629,datasets\sentinel2_500_patch\images\sentinel2_patch_00370.png,371,587.7678,0.8,0.603983,1.0,19.5077,1.0,0.967837,3277,99.2219,0.8732,4096,full_detail_aware
98.91,91.4389,1.0,datasets\sentinel2_500_patch\images\sentinel2_patch_00370.png,371,605.4006,0.8,0.606038,1.0,19.5496,1.0,0.973379,3277,99.4676,0.8731,4096,without_detail_term
98.92,92.7372,0.815102,datasets\sentinel2_500_patch\images\sentinel2_patch_00371.png,372,609.9652,0.8,0.550351,0.73913,21.387,0.724609,0.801292,3277,78.0499,0.9379,4096,full_detail_aware
98.92,92.7372,0.819229,datasets\sentinel2_500_patch\images\sentinel2_patch_00371.png,372,670.7454,0.8,0.55154,0.73913,21.3535,0.726562,0.805396,3277,78.3166,0.9372,4096,without_detail_term
98.93,93.0697,0.76474,datasets\sentinel2_500_patch\images\sentinel2_patch_00372.png,373,614.9939,0.8,0.591069,1.0,19.9339,0.456055,0.763869,3277,80.4275,0.9173,4096,full_detail_aware
98.93,93.3182,0.737966,datasets\sentinel2_500_patch\images\sentinel2_patch_00372.png,373,604.3357,0.8,0.593619,1.0,19.8851,0.418945,0.737445,3277,78.457,0.916,4096,without_detail_term
98.91,92.0225,0.804658,datasets\sentinel2_500_patch\images\sentinel2_patch_00373.png,374,600.1011,0.8,0.589079,0.777778,20.3725,0.71582,0.790176,3277,78.4814,0.9141,4096,full_detail_aware
98.91,91.6364,0.8054,datasets\sentinel2_500_patch\images\sentinel2_patch_00373.png,374,694.0579,0.8,0.58991,0.888889,20.3535,0.706055,0.791393,3277,81.7711,0.9129,4096,without_detail_term
98.94,94.4315,0.720543,datasets\sentinel2_500_patch\images\sentinel2_patch_00374.png,375,602.2651,0.8,0.607916,0.9,20.5529,0.599609,0.724646,3277,76.3107,0.9015,4096,full_detail_aware
98.94,94.4123,0.725549,datasets\sentinel2_500_patch\images\sentinel2_patch_00374.png,375,594.499,0.8,0.606989,0.85,20.5296,0.599609,0.729157,3277,75.1012,0.8997,4096,without_detail_term
98.92,92.8322,0.976572,datasets\sentinel2_500_patch\images\sentinel2_patch_00375.png,376,626.6417,0.8,0.713589,1.0,12.1456,0.400391,1.0,3277,93.0668,0.2838,4096,full_detail_aware
98.93,93.0501,0.900154,datasets\sentinel2_500_patch\images\sentinel2_patch_00375.png,376,602.4258,0.8,0.721249,1.0,11.879,0.080078,0.939465,3277,85.5962,0.2356,4096,without_detail_term
98.89,90.475,1.0,datasets\sentinel2_500_patch\images\sentinel2_patch_00376.png,377,601.7676,0.8,0.652328,1.0,19.0232,1.0,1.0,3277,100.0,0.8124,4096,full_detail_aware
98.91,91.3623,1.0,datasets\sentinel2_500_patch\images\sentinel2_patch_00376.png,377,606.1114,0.8,0.659223,1.0,18.8316,1.0,1.0,3277,100.0,0.8107,4096,without_detail_term
98.93,93.6217,0.809453,datasets\sentinel2_500_patch\images\sentinel2_patch_00377.png,378,589.6256,0.8,0.574116,0.692308,21.1752,0.65918,0.799525,3277,75.7296,0.9,4096,full_detail_aware
98.93,93.6025,0.846923,datasets\sentinel2_500_patch\images\sentinel2_patch_00377.png,378,566.6996,0.8,0.576621,0.846154,21.3115,0.712891,0.838807,3277,83.1666,0.9005,4096,without_detail_term
98.95,95.3395,1.0,datasets\sentinel2_500_patch\images\sentinel2_patch_00378.png,379,582.378,0.8,0.646343,0.814815,17.8532,1.0,1.0,3277,94.4444,0.7323,4096,full_detail_aware
98.95,95.232,1.0,datasets\sentinel2_500_patch\images\sentinel2_patch_00378.png,379,574.9024,0.8,0.647031,0.703704,17.8612,1.0,1.0,3277,91.1111,0.7307,4096,without_detail_term
98.85,86.8976,1.0,datasets\sentinel2_500_patch\images\sentinel2_patch_00379.png,380,594.5472,0.8,0.53221,0.846154,21.4622,1.0,1.0,3277,95.3846,0.8976,4096,full_detail_aware
98.85,86.8159,1.0,datasets\sentinel2_500_patch\images\sentinel2_patch_00379.png,380,613.293,0.8,0.5338,0.846154,21.0453,1.0,1.0,3277,95.3846,0.89,4096,without_detail_term
98.9,90.7303,1.0,datasets\sentinel2_500_patch\images\sentinel2_patch_00380.png,381,624.9753,0.8,0.535004,0.903226,22.6254,1.0,1.0,3277,97.0968,0.8982,4096,full_detail_aware
98.9,90.6443,1.0,datasets\sentinel2_500_patch\images\sentinel2_patch_00380.png,381,597.1777,0.8,0.534159,0.903226,22.654,1.0,1.0,3277,97.0968,0.8986,4096,without_detail_term
98.95,94.9819,1.0,datasets\sentinel2_500_patch\images\sentinel2_patch_00381.png,382,611.8225,0.8,0.561143,0.904762,21.0696,1.0,1.0,3277,97.1429,0.8809,4096,full_detail_aware
98.95,95.1104,1.0,datasets\sentinel2_500_patch\images\sentinel2_patch_00381.png,382,564.823,0.8,0.561615,0.904762,21.0442,1.0,1.0,3277,97.1429,0.8804,4096,without_detail_term
98.95,95.6163,1.0,datasets\sentinel2_500_patch\images\sentinel2_patch_00382.png,383,587.981,0.8,0.589417,0.791667,19.6044,1.0,1.0,3277,93.75,0.8512,4096,full_detail_aware
98.95,95.5981,1.0,datasets\sentinel2_500_patch\images\sentinel2_patch_00382.png,383,589.6035,0.8,0.590935,0.791667,19.4965,1.0,1.0,3277,93.75,0.8486,4096,without_detail_term
98.97,97.0773,1.0,datasets\sentinel2_500_patch\images\sentinel2_patch_00383.png,384,562.2937,0.8,0.675601,1.0,13.2061,1.0,1.0,3277,100.0,0.3395,4096,full_detail_aware
98.97,97.2059,1.0,datasets\sentinel2_500_patch\images\sentinel2_patch_00383.png,384,552.7531,0.8,0.680451,1.0,12.901,1.0,1.0,3277,100.0,0.3098,4096,without_detail_term
98.95,95.651,1.0,datasets\sentinel2_500_patch\images\sentinel2_patch_00384.png,385,609.1987,0.8,0.650865,1.0,15.8396,1.0,1.0,3277,100.0,0.5271,4096,full_detail_aware
98.96,95.993,1.0,datasets\sentinel2_500_patch\images\sentinel2_patch_00384.png,385,564.5225,0.8,0.654793,1.0,15.605,1.0,1.0,3277,100.0,0.5033,4096,without_detail_term
98.9,91.2764,1.0,datasets\sentinel2_500_patch\images\sentinel2_patch_00385.png,386,603.8491,0.8,0.529857,0.611111,22.1411,1.0,1.0,3277,88.3333,0.8704,4096,full_detail_aware
98.9,91.191,1.0,datasets\sentinel2_500_patch\images\sentinel2_patch_00385.png,386,565.5512,0.8,0.534186,0.611111,21.7725,1.0,1.0,3277,88.3333,0.8632,4096,without_detail_term
98.94,93.9951,1.0,datasets\sentinel2_500_patch\images\sentinel2_patch_00386.png,387,556.4608,0.8,0.539806,0.833333,18.2246,1.0,1.0,3277,95.0,0.8192,4096,full_detail_aware
98.93,93.8836,1.0,datasets\sentinel2_500_patch\images\sentinel2_patch_00386.png,387,517.6195,0.8,0.538744,0.888889,18.3383,1.0,1.0,3277,96.6667,0.8225,4096,without_detail_term
98.91,91.7134,1.0,datasets\sentinel2_500_patch\images\sentinel2_patch_00387.png,388,594.8053,0.8,0.582443,1.0,19.5937,1.0,1.0,3277,100.0,0.8476,4096,full_detail_aware
98.91,91.8184,1.0,datasets\sentinel2_500_patch\images\sentinel2_patch_00387.png,388,575.5975,0.8,0.586246,0.904762,19.2722,1.0,1.0,3277,97.1429,0.8409,4096,without_detail_term
98.93,93.5292,1.0,datasets\sentinel2_500_patch\images\sentinel2_patch_00388.png,389,564.9259,0.8,0.539534,0.923077,22.0457,1.0,1.0,3277,97.6923,0.8924,4096,full_detail_aware
98.93,93.7133,1.0,datasets\sentinel2_500_patch\images\sentinel2_patch_00388.png,389,585.0392,0.8,0.540872,0.923077,21.82,1.0,1.0,3277,97.6923,0.8887,4096,without_detail_term
98.94,94.6786,1.0,datasets\sentinel2_500_patch\images\sentinel2_patch_00389.png,390,581.2423,0.8,0.542932,0.956522,23.1364,1.0,1.0,3277,98.6957,0.8473,4096,full_detail_aware
98.94,94.4509,1.0,datasets\sentinel2_500_patch\images\sentinel2_patch_00389.png,390,565.5851,0.8,0.54412,0.956522,23.1725,1.0,1.0,3277,98.6957,0.8483,4096,without_detail_term
98.93,93.1742,1.0,datasets\sentinel2_500_patch\images\sentinel2_patch_00390.png,391,563.9731,0.8,0.506734,0.52381,21.5489,1.0,1.0,3277,85.7143,0.8684,4096,full_detail_aware
98.93,93.2281,1.0,datasets\sentinel2_500_patch\images\sentinel2_patch_00390.png,391,562.8225,0.8,0.513366,0.619048,20.7432,1.0,1.0,3277,88.5714,0.8534,4096,without_detail_term
98.92,92.6883,1.0,datasets\sentinel2_500_patch\images\sentinel2_patch_00391.png,392,604.0376,0.8,0.521529,0.823529,20.6401,1.0,1.0,3277,94.7059,0.8718,4096,full_detail_aware
98.92,92.4522,1.0,datasets\sentinel2_500_patch\images\sentinel2_patch_00391.png,392,567.6879,0.8,0.523049,0.882353,20.4117,1.0,1.0,3277,96.4706,0.8669,4096,without_detail_term
98.88,89.6415,0.843953,datasets\sentinel2_500_patch\images\sentinel2_patch_00392.png,393,584.8159,0.8,0.538294,0.888889,23.1982,0.907216,0.87459,3277,86.9887,0.8985,4096,full_detail_aware
98.88,89.5178,0.84299,datasets\sentinel2_500_patch\images\sentinel2_patch_00392.png,393,595.8725,0.8,0.537252,0.888889,23.1669,0.90378,0.873072,3277,86.8855,0.8974,4096,without_detail_term
98.94,94.3051,1.0,datasets\sentinel2_500_patch\images\sentinel2_patch_00393.png,394,582.6403,0.8,0.531772,0.833333,19.7205,1.0,1.0,3277,95.0,0.8245,4096,full_detail_aware
98.94,94.6102,1.0,datasets\sentinel2_500_patch\images\sentinel2_patch_00393.png,394,550.3698,0.8,0.533553,1.0,19.5608,1.0,1.0,3277,100.0,0.8215,4096,without_detail_term
98.94,93.9724,0.862942,datasets\sentinel2_500_patch\images\sentinel2_patch_00394.png,395,573.8473,0.8,0.584554,1.0,20.6712,0.740234,0.873789,3277,89.3958,0.9112,4096,full_detail_aware
98.94,94.1254,0.869974,datasets\sentinel2_500_patch\images\sentinel2_patch_00394.png,395,564.7174,0.8,0.586828,1.0,20.6804,0.744141,0.880609,3277,89.8526,0.9117,4096,without_detail_term
98.9,90.8977,0.812626,datasets\sentinel2_500_patch\images\sentinel2_patch_00395.png,396,605.891,0.8,0.593948,1.0,19.5108,0.292969,0.827041,3277,81.9756,0.8973,4096,full_detail_aware
98.91,91.3625,0.758347,datasets\sentinel2_500_patch\images\sentinel2_patch_00395.png,396,599.5683,0.8,0.594907,0.964286,19.4556,0.203125,0.772426,3277,76.7422,0.8975,4096,without_detail_term
98.93,93.7957,0.896564,datasets\sentinel2_500_patch\images\sentinel2_patch_00396.png,397,605.9391,0.8,0.595394,0.823529,20.9132,0.820312,0.904985,3277,86.8713,0.9153,4096,full_detail_aware
98.93,93.4366,0.899628,datasets\sentinel2_500_patch\images\sentinel2_patch_00396.png,397,584.1139,0.8,0.594543,0.823529,20.8389,0.833984,0.907801,3277,87.1868,0.9141,4096,without_detail_term
98.95,95.2703,0.789561,datasets\sentinel2_500_patch\images\sentinel2_patch_00397.png,398,620.8439,0.8,0.597287,0.956522,20.6784,0.575458,0.795751,3277,81.9477,0.8504,4096,full_detail_aware
98.96,95.7617,0.794529,datasets\sentinel2_500_patch\images\sentinel2_patch_00397.png,398,583.5267,0.8,0.598057,1.0,20.6394,0.589563,0.800307,3277,83.6829,0.8497,4096,without_detail_term
98.9,90.8369,0.796025,datasets\sentinel2_500_patch\images\sentinel2_patch_00398.png,399,587.4923,0.8,0.546698,1.0,20.1535,0.766602,0.810566,3277,85.7183,0.8922,4096,full_detail_aware
98.9,91.1971,0.773385,datasets\sentinel2_500_patch\images\sentinel2_patch_00398.png,399,618.2303,0.8,0.54918,1.0,20.384,0.736328,0.785026,3277,83.9992,0.8969,4096,without_detail_term
98.94,94.2883,0.768255,datasets\sentinel2_500_patch\images\sentinel2_patch_00399.png,400,581.4114,0.8,0.578847,0.809524,21.4458,0.599609,0.77629,3277,76.5378,0.9199,4096,full_detail_aware
98.94,94.1916,0.774532,datasets\sentinel2_500_patch\images\sentinel2_patch_00399.png,400,619.2871,0.8,0.57975,0.809524,21.4267,0.601562,0.782377,3277,76.9301,0.9197,4096,without_detail_term
98.92,93.001,0.777399,datasets\sentinel2_500_patch\images\sentinel2_patch_00400.png,401,644.7729,0.8,0.644588,1.0,22.8373,0.506647,0.785918,3277,81.8808,0.9127,4096,full_detail_aware
98.93,93.2317,0.783003,datasets\sentinel2_500_patch\images\sentinel2_patch_00400.png,401,590.3312,0.8,0.645925,0.857143,22.8781,0.506647,0.792033,3277,77.9416,0.9127,4096,without_detail_term
98.91,91.525,1.0,datasets\sentinel2_500_patch\images\sentinel2_patch_00401.png,402,619.6809,0.8,0.582301,1.0,19.4903,1.0,1.0,3277,100.0,0.8596,4096,full_detail_aware
98.91,91.4005,1.0,datasets\sentinel2_500_patch\images\sentinel2_patch_00401.png,402,608.3491,0.8,0.585397,1.0,19.4802,1.0,1.0,3277,100.0,0.8604,4096,without_detail_term
98.93,93.6355,0.841027,datasets\sentinel2_500_patch\images\sentinel2_patch_00402.png,403,600.6389,0.8,0.742243,1.0,20.5777,0.914729,0.861114,3277,90.0106,0.8302,4096,full_detail_aware
98.93,93.7062,0.798563,datasets\sentinel2_500_patch\images\sentinel2_patch_00402.png,403,608.5923,0.8,0.745145,1.0,20.5909,0.854651,0.81574,3277,86.8038,0.83,4096,without_detail_term
98.97,96.9018,0.892384,datasets\sentinel2_500_patch\images\sentinel2_patch_00403.png,404,597.9922,0.8,0.731661,0.473684,17.9253,0.72168,0.870739,3277,74.5375,0.8555,4096,full_detail_aware
98.96,96.4772,0.891334,datasets\sentinel2_500_patch\images\sentinel2_patch_00403.png,404,595.9744,0.8,0.731382,0.473684,17.8378,0.720703,0.869794,3277,74.4668,0.8535,4096,without_detail_term
99.0,100.0023,0.738323,datasets\sentinel2_500_patch\images\sentinel2_patch_00404.png,405,666.5927,0.8,0.715728,0.833333,20.598,0.310303,0.736055,3277,72.357,0.8437,4096,full_detail_aware
99.0,99.675,0.743804,datasets\sentinel2_500_patch\images\sentinel2_patch_00404.png,405,665.7063,0.8,0.717243,0.833333,20.5405,0.310303,0.741496,3277,72.6851,0.8419,4096,without_detail_term
99.0,99.6169,1.0,datasets\sentinel2_500_patch\images\sentinel2_patch_00405.png,406,589.4126,0.8,0.78516,0.882353,14.9249,1.0,1.0,3277,96.4706,0.6498,4096,full_detail_aware
99.0,100.1383,1.0,datasets\sentinel2_500_patch\images\sentinel2_patch_00405.png,406,609.9594,0.8,0.789171,0.882353,14.7365,1.0,1.0,3277,96.4706,0.6368,4096,without_detail_term
98.98,97.7336,0.99658,datasets\sentinel2_500_patch\images\sentinel2_patch_00406.png,407,620.0574,0.8,0.75103,0.96,18.4986,0.660508,0.999167,3277,95.2516,0.8418,4096,full_detail_aware
98.98,98.0058,0.995716,datasets\sentinel2_500_patch\images\sentinel2_patch_00406.png,407,577.089,0.8,0.751123,0.96,18.4664,0.655889,0.99747,3277,95.1369,0.8417,4096,without_detail_term
98.95,94.8767,0.788228,datasets\sentinel2_500_patch\images\sentinel2_patch_00407.png,408,624.6436,0.8,0.575767,1.0,19.9231,0.843137,0.822754,3277,86.4156,0.7813,4096,full_detail_aware
98.95,94.8204,0.783753,datasets\sentinel2_500_patch\images\sentinel2_patch_00407.png,408,608.3937,0.8,0.572716,1.0,20.4855,0.797386,0.819892,3277,85.7218,0.7926,4096,without_detail_term
98.98,97.8245,0.986753,datasets\sentinel2_500_patch\images\sentinel2_patch_00408.png,409,613.3928,0.8,0.608639,0.5,20.4923,1.0,1.0,3277,84.4701,0.8381,4096,full_detail_aware
98.97,97.5461,1.0,datasets\sentinel2_500_patch\images\sentinel2_patch_00408.png,409,582.4256,0.8,0.607606,0.5,20.4835,1.0,1.0,3277,85.0,0.8369,4096,without_detail_term
98.93,93.0545,1.0,datasets\sentinel2_500_patch\images\sentinel2_patch_00409.png,410,613.6325,0.8,0.573738,1.0,24.7166,1.0,1.0,3277,100.0,0.8676,4096,full_detail_aware
98.92,92.8181,1.0,datasets\sentinel2_500_patch\images\sentinel2_patch_00409.png,410,605.6736,0.8,0.573119,1.0,24.6744,1.0,1.0,3277,100.0,0.8662,4096,without_detail_term
99.03,102.6632,0.748648,datasets\sentinel2_500_patch\images\sentinel2_patch_00410.png,411,599.1627,0.8,0.611421,1.0,16.6819,0.99537,0.749015,3277,84.8799,0.6872,4096,full_detail_aware
99.03,102.8795,0.744502,datasets\sentinel2_500_patch\images\sentinel2_patch_00410.png,411,548.8253,0.8,0.610611,1.0,16.6045,0.99537,0.744655,3277,84.6269,0.684,4096,without_detail_term
99.02,101.8563,0.728474,datasets\sentinel2_500_patch\images\sentinel2_patch_00411.png,412,577.4572,0.8,0.609312,1.0,15.4332,1.0,0.726621,3277,83.6714,0.6224,4096,full_detail_aware
99.02,101.7696,0.726644,datasets\sentinel2_500_patch\images\sentinel2_patch_00411.png,412,610.3651,0.8,0.609406,1.0,15.4082,1.0,0.724568,3277,83.5571,0.6207,4096,without_detail_term
99.03,103.3071,0.72534,datasets\sentinel2_500_patch\images\sentinel2_patch_00412.png,413,598.8006,0.8,0.608952,1.0,19.9986,0.386719,0.725161,3277,77.384,0.8765,4096,full_detail_aware
99.04,103.8028,0.722686,datasets\sentinel2_500_patch\images\sentinel2_patch_00412.png,413,597.651,0.8,0.608546,1.0,19.965,0.382812,0.721564,3277,77.1668,0.8758,4096,without_detail_term
99.32,146.7557,0.780952,datasets\sentinel2_500_patch\images\sentinel2_patch_00413.png,414,514.3579,0.8,0.456162,1.0,29.7086,0.904762,0.775252,3277,85.7908,0.889,4096,full_detail_aware
99.32,146.695,0.780607,datasets\sentinel2_500_patch\images\sentinel2_patch_00413.png,414,498.7984,0.8,0.458026,1.0,29.7114,0.904762,0.774886,3277,85.7696,0.8886,4096,without_detail_term
99.25,133.2693,1.0,datasets\sentinel2_500_patch\images\sentinel2_patch_00414.png,415,497.5227,0.8,0.371869,0.8,26.9138,0.92402,1.0,3277,93.2402,0.9253,4096,full_detail_aware
99.26,134.4634,1.0,datasets\sentinel2_500_patch\images\sentinel2_patch_00414.png,415,463.4557,0.8,0.372107,0.8,26.9108,0.92402,1.0,3277,93.2402,0.9253,4096,without_detail_term
99.17,119.9253,0.955749,datasets\sentinel2_500_patch\images\sentinel2_patch_00415.png,416,487.1048,0.8,0.450651,0.827586,23.0016,0.786133,0.945587,3277,89.8306,0.927,4096,full_detail_aware
99.17,120.0312,0.955748,datasets\sentinel2_500_patch\images\sentinel2_patch_00415.png,416,489.6389,0.8,0.450663,0.827586,23.0017,0.786133,0.945586,3277,89.8306,0.927,4096,without_detail_term
99.02,101.9817,1.0,datasets\sentinel2_500_patch\images\sentinel2_patch_00416.png,417,564.9367,0.8,0.557535,1.0,21.609,1.0,1.0,3277,100.0,0.9298,4096,full_detail_aware
99.02,101.7933,1.0,datasets\sentinel2_500_patch\images\sentinel2_patch_00416.png,417,579.7018,0.8,0.55747,1.0,21.6094,1.0,1.0,3277,100.0,0.9298,4096,without_detail_term
99.01,101.1325,1.0,datasets\sentinel2_500_patch\images\sentinel2_patch_00417.png,418,557.2794,0.8,0.571318,1.0,21.5483,1.0,1.0,3277,100.0,0.9252,4096,full_detail_aware
99.01,101.3363,1.0,datasets\sentinel2_500_patch\images\sentinel2_patch_00417.png,418,543.1336,0.8,0.572299,1.0,21.541,1.0,1.0,3277,100.0,0.9251,4096,without_detail_term
99.01,101.4545,1.0,datasets\sentinel2_500_patch\images\sentinel2_patch_00418.png,419,597.7326,0.8,0.603159,1.0,19.1926,1.0,1.0,3277,100.0,0.9135,4096,full_detail_aware
99.01,101.521,1.0,datasets\sentinel2_500_patch\images\sentinel2_patch_00418.png,419,566.7623,0.8,0.603162,1.0,19.1927,1.0,1.0,3277,100.0,0.9135,4096,without_detail_term
99.01,100.6856,0.729539,datasets\sentinel2_500_patch\images\sentinel2_patch_00419.png,420,591.7145,0.8,0.623652,1.0,19.8979,0.407227,0.721539,3277,77.6846,0.8612,4096,full_detail_aware
99.01,101.1707,0.731442,datasets\sentinel2_500_patch\images\sentinel2_patch_00419.png,420,569.5813,0.8,0.624378,1.0,19.7963,0.416992,0.728162,3277,77.9909,0.8579,4096,without_detail_term
99.0,99.6435,1.0,datasets\sentinel2_500_patch\images\sentinel2_patch_00420.png,421,586.1458,0.8,0.531345,1.0,19.1504,1.0,1.0,3277,100.0,0.8157,4096,full_detail_aware
99.0,99.8866,1.0,datasets\sentinel2_500_patch\images\sentinel2_patch_00420.png,421,595.1562,0.8,0.531195,1.0,19.1584,1.0,1.0,3277,100.0,0.816,4096,without_detail_term
99.33,148.3461,1.0,datasets\sentinel2_500_patch\images\sentinel2_patch_00421.png,422,575.4928,0.8,0.226551,0.5,33.9868,1.0,1.0,3277,85.0,0.9469,4096,full_detail_aware
99.33,149.6373,1.0,datasets\sentinel2_500_patch\images\sentinel2_patch_00421.png,422,563.3724,0.8,0.226892,0.5,33.9889,1.0,1.0,3277,85.0,0.9469,4096,without_detail_term
99.13,115.1654,1.0,datasets\sentinel2_500_patch\images\sentinel2_patch_00422.png,423,528.8083,0.8,0.237238,0.222222,28.4985,1.0,1.0,3277,76.6667,0.9346,4096,full_detail_aware
99.13,115.1654,1.0,datasets\sentinel2_500_patch\images\sentinel2_patch_00422.png,423,511.3837,0.8,0.236652,0.222222,28.5009,1.0,1.0,3277,76.6667,0.9346,4096,without_detail_term
99.11,112.4948,1.0,datasets\sentinel2_500_patch\images\sentinel2_patch_00423.png,424,578.3898,0.8,0.297538,1.0,25.2093,1.0,1.0,3277,100.0,0.9288,4096,full_detail_aware
99.11,112.3662,1.0,datasets\sentinel2_500_patch\images\sentinel2_patch_00423.png,424,577.0144,0.8,0.297538,1.0,25.2093,1.0,1.0,3277,100.0,0.9288,4096,without_detail_term
99.02,101.727,1.0,datasets\sentinel2_500_patch\images\sentinel2_patch_00424.png,425,620.5414,0.8,0.45994,1.0,24.4645,1.0,1.0,3277,100.0,0.9367,4096,full_detail_aware
99.02,101.8865,1.0,datasets\sentinel2_500_patch\images\sentinel2_patch_00424.png,425,626.383,0.8,0.459973,1.0,24.4632,1.0,1.0,3277,100.0,0.9367,4096,without_detail_term
99.02,101.9963,1.0,datasets\sentinel2_500_patch\images\sentinel2_patch_00425.png,426,634.0266,0.8,0.509338,0.958333,24.1545,1.0,1.0,3277,98.75,0.9302,4096,full_detail_aware
99.02,101.8639,1.0,datasets\sentinel2_500_patch\images\sentinel2_patch_00425.png,426,653.8297,0.8,0.509249,0.958333,24.1511,1.0,1.0,3277,98.75,0.9301,4096,without_detail_term
99.04,103.7681,1.0,datasets\sentinel2_500_patch\images\sentinel2_patch_00426.png,427,639.9964,0.8,0.510953,1.0,21.2743,1.0,1.0,3277,100.0,0.9131,4096,full_detail_aware
99.04,103.7681,1.0,datasets\sentinel2_500_patch\images\sentinel2_patch_00426.png,427,631.2744,0.8,0.511585,1.0,21.2731,1.0,1.0,3277,100.0,0.9131,4096,without_detail_term
98.99,99.0334,0.865028,datasets\sentinel2_500_patch\images\sentinel2_patch_00427.png,428,604.4545,0.8,0.566689,1.0,21.657,1.0,0.850565,3277,91.6124,0.8413,4096,full_detail_aware
98.99,99.0922,0.867083,datasets\sentinel2_500_patch\images\sentinel2_patch_00427.png,428,589.729,0.8,0.565601,1.0,21.6309,1.0,0.852592,3277,91.7352,0.84,4096,without_detail_term
99.04,104.1256,1.0,datasets\sentinel2_500_patch\images\sentinel2_patch_00428.png,429,591.7735,0.8,0.660934,1.0,17.5007,1.0,1.0,3277,100.0,0.7172,4096,full_detail_aware
99.04,104.5188,0.916115,datasets\sentinel2_500_patch\images\sentinel2_patch_00428.png,429,601.6619,0.8,0.674286,1.0,16.6427,1.0,0.920478,3277,95.0541,0.6962,4096,without_detail_term
98.99,98.9058,1.0,datasets\sentinel2_500_patch\images\sentinel2_patch_00429.png,430,650.0519,0.8,0.569284,1.0,20.7733,1.0,1.0,3277,100.0,0.8271,4096,full_detail_aware
98.98,98.4907,1.0,datasets\sentinel2_500_patch\images\sentinel2_patch_00429.png,430,674.1165,0.8,0.571356,1.0,20.4716,1.0,1.0,3277,100.0,0.8225,4096,without_detail_term
99.01,101.1284,0.875896,datasets\sentinel2_500_patch\images\sentinel2_patch_00430.png,431,638.7852,0.8,0.611475,1.0,19.465,1.0,0.894221,3277,92.9203,0.7538,4096,full_detail_aware
99.02,101.5584,0.878906,datasets\sentinel2_500_patch\images\sentinel2_patch_00430.png,431,664.5096,0.8,0.614622,1.0,19.268,1.0,0.899639,3277,93.149,0.7474,4096,without_detail_term
99.0,99.9572,0.944329,datasets\sentinel2_500_patch\images\sentinel2_patch_00431.png,432,615.4146,0.8,0.650143,1.0,19.0248,0.996094,0.966372,3277,97.0615,0.7842,4096,full_detail_aware
99.0,100.3197,0.968964,datasets\sentinel2_500_patch\images\sentinel2_patch_00431.png,432,640.6785,0.8,0.65339,1.0,18.6634,1.0,0.989113,3277,98.5408,0.7744,4096,without_detail_term
99.02,101.8338,1.0,datasets\sentinel2_500_patch\images\sentinel2_patch_00432.png,433,600.2426,0.8,0.670351,1.0,17.9698,1.0,1.0,3277,100.0,0.7586,4096,full_detail_aware
99.02,102.1581,1.0,datasets\sentinel2_500_patch\images\sentinel2_patch_00432.png,433,633.6997,0.8,0.672417,1.0,17.7944,1.0,1.0,3277,100.0,0.7538,4096,without_detail_term
99.02,101.7678,1.0,datasets\sentinel2_500_patch\images\sentinel2_patch_00433.png,434,597.1146,0.8,0.641858,1.0,18.9028,1.0,1.0,3277,100.0,0.7895,4096,full_detail_aware
99.02,101.8817,1.0,datasets\sentinel2_500_patch\images\sentinel2_patch_00433.png,434,658.0597,0.8,0.649434,1.0,18.5645,1.0,1.0,3277,100.0,0.7822,4096,without_detail_term
99.04,103.7802,1.0,datasets\sentinel2_500_patch\images\sentinel2_patch_00434.png,435,592.0374,0.8,0.727632,1.0,17.9792,1.0,1.0,3277,100.0,0.7959,4096,full_detail_aware
99.03,103.4824,1.0,datasets\sentinel2_500_patch\images\sentinel2_patch_00434.png,435,637.9793,0.8,0.729286,1.0,18.129,1.0,1.0,3277,100.0,0.7973,4096,without_detail_term
99.04,104.6339,1.0,datasets\sentinel2_500_patch\images\sentinel2_patch_00435.png,436,606.5211,0.8,0.731445,1.0,18.7086,1.0,1.0,3277,100.0,0.766,4096,full_detail_aware
99.04,104.4566,1.0,datasets\sentinel2_500_patch\images\sentinel2_patch_00435.png,436,659.0741,0.8,0.735794,1.0,18.4578,1.0,1.0,3277,100.0,0.7616,4096,without_detail_term
98.96,95.9206,0.873822,datasets\sentinel2_500_patch\images\sentinel2_patch_00436.png,437,666.8703,0.8,0.709054,1.0,18.3388,0.750977,0.904706,3277,90.5568,0.7879,4096,full_detail_aware
98.96,95.7191,0.875249,datasets\sentinel2_500_patch\images\sentinel2_patch_00436.png,437,658.1898,0.8,0.71068,1.0,18.3672,0.774414,0.906879,3277,90.8917,0.7886,4096,without_detail_term
98.97,96.6771,0.822032,datasets\sentinel2_500_patch\images\sentinel2_patch_00437.png,438,678.0309,0.8,0.632818,1.0,20.1483,0.490234,0.80778,3277,83.9392,0.8423,4096,full_detail_aware
98.97,96.8746,0.828628,datasets\sentinel2_500_patch\images\sentinel2_patch_00437.png,438,623.6823,0.8,0.632974,1.0,20.1016,0.507812,0.814506,3277,84.5134,0.8409,4096,without_detail_term
98.96,95.9394,0.81906,datasets\sentinel2_500_patch\images\sentinel2_patch_00438.png,439,631.5484,0.8,0.696417,1.0,19.3593,0.267578,0.79873,3277,81.4128,0.7819,4096,full_detail_aware
98.96,96.4953,0.855604,datasets\sentinel2_500_patch\images\sentinel2_patch_00438.png,439,669.3454,0.8,0.697653,1.0,19.3348,0.319336,0.834487,3277,84.1072,0.7804,4096,without_detail_term
98.94,94.4222,0.932049,datasets\sentinel2_500_patch\images\sentinel2_patch_00439.png,440,619.1774,0.8,0.731145,1.0,19.1675,0.457031,0.924508,3277,90.3424,0.8191,4096,full_detail_aware
98.95,94.9778,0.965509,datasets\sentinel2_500_patch\images\sentinel2_patch_00439.png,440,673.8233,0.8,0.732623,1.0,19.1816,0.501953,0.950993,3277,92.6598,0.8182,4096,without_detail_term
98.96,95.9554,0.909303,datasets\sentinel2_500_patch\images\sentinel2_patch_00440.png,441,645.5663,0.8,0.687268,1.0,17.99,0.688477,0.912788,3277,91.5127,0.7878,4096,full_detail_aware
98.96,96.3102,0.914984,datasets\sentinel2_500_patch\images\sentinel2_patch_00440.png,441,664.1804,0.8,0.685943,1.0,18.0651,0.691406,0.91854,3277,91.8842,0.7901,4096,without_detail_term
98.95,95.2203,0.99816,datasets\sentinel2_500_patch\images\sentinel2_patch_00441.png,442,606.5095,0.8,0.667779,1.0,17.7423,1.0,0.99657,3277,99.8578,0.8116,4096,full_detail_aware
98.95,95.552,0.999674,datasets\sentinel2_500_patch\images\sentinel2_patch_00441.png,442,590.885,0.8,0.666681,1.0,17.6889,1.0,0.998308,3277,99.9531,0.8071,4096,without_detail_term
98.96,96.4389,0.917508,datasets\sentinel2_500_patch\images\sentinel2_patch_00442.png,443,635.4325,0.8,0.697965,1.0,18.3205,0.795898,0.922184,3277,93.103,0.81,4096,full_detail_aware
98.96,96.0209,0.898849,datasets\sentinel2_500_patch\images\sentinel2_patch_00442.png,443,651.2037,0.8,0.699749,1.0,18.4435,0.75293,0.905488,3277,91.593,0.8102,4096,without_detail_term
98.98,97.6502,1.0,datasets\sentinel2_500_patch\images\sentinel2_patch_00443.png,444,694.5253,0.8,0.73934,1.0,18.6001,0.993164,0.999167,3277,99.915,0.7912,4096,full_detail_aware
98.97,97.251,0.966772,datasets\sentinel2_500_patch\images\sentinel2_patch_00443.png,444,684.8749,0.8,0.742337,1.0,18.5621,0.926758,0.975825,3277,97.455,0.7913,4096,without_detail_term
98.99,98.5552,0.794826,datasets\sentinel2_500_patch\images\sentinel2_patch_00444.png,445,613.7076,0.8,0.687048,1.0,18.5561,0.282227,0.794689,3277,80.5091,0.8388,4096,full_detail_aware
98.98,98.4965,0.799063,datasets\sentinel2_500_patch\images\sentinel2_patch_00444.png,445,701.7479,0.8,0.693403,1.0,18.631,0.263672,0.799196,3277,80.5832,0.8378,4096,without_detail_term
98.98,98.028,0.793119,datasets\sentinel2_500_patch\images\sentinel2_patch_00445.png,446,577.4468,0.8,0.633657,1.0,18.1593,0.500977,0.782408,3277,82.3827,0.8069,4096,full_detail_aware
98.98,98.3911,0.801492,datasets\sentinel2_500_patch\images\sentinel2_patch_00445.png,446,660.0108,0.8,0.636725,1.0,18.1525,0.522461,0.791156,3277,83.1074,0.805,4096,without_detail_term
98.97,97.1994,0.722008,datasets\sentinel2_500_patch\images\sentinel2_patch_00446.png,447,609.8389,0.8,0.637774,1.0,18.5048,0.371094,0.722046,3277,77.0322,0.7974,4096,full_detail_aware
98.97,97.4084,0.797014,datasets\sentinel2_500_patch\images\sentinel2_patch_00446.png,447,669.2918,0.8,0.640162,1.0,18.487,0.479492,0.797225,3277,82.62,0.7966,4096,without_detail_term
98.98,98.2131,0.841216,datasets\sentinel2_500_patch\images\sentinel2_patch_00447.png,448,614.2939,0.8,0.675103,1.0,19.2226,0.470703,0.836489,3277,85.0854,0.8265,4096,full_detail_aware
98.99,98.6429,0.773109,datasets\sentinel2_500_patch\images\sentinel2_patch_00447.png,448,623.1604,0.8,0.677485,1.0,19.239,0.37207,0.769439,3277,80.0338,0.8265,4096,without_detail_term
98.96,95.7989,0.819357,datasets\sentinel2_500_patch\images\sentinel2_patch_00448.png,449,712.2042,0.8,0.638038,1.0,20.4783,0.470703,0.826564,3277,84.0126,0.8576,4096,full_detail_aware
98.96,96.0295,0.844919,datasets\sentinel2_500_patch\images\sentinel2_patch_00448.png,449,642.134,0.8,0.63817,1.0,20.3928,0.507812,0.848835,3277,85.8516,0.856,4096,without_detail_term
98.95,95.3837,0.744352,datasets\sentinel2_500_patch\images\sentinel2_patch_00449.png,450,639.405,0.8,0.623682,1.0,20.5912,0.321289,0.743225,3277,77.8515,0.8528,4096,full_detail_aware
98.96,95.7472,0.754779,datasets\sentinel2_500_patch\images\sentinel2_patch_00449.png,450,605.2641,0.8,0.626138,1.0,20.6621,0.337891,0.756865,3277,78.7073,0.8548,4096,without_detail_term
98.97,96.7496,0.819316,datasets\sentinel2_500_patch\images\sentinel2_patch_00450.png,451,692.9693,0.8,0.679567,1.0,17.827,0.475586,0.837756,3277,84.2836,0.7948,4096,full_detail_aware
98.97,97.0291,0.731445,datasets\sentinel2_500_patch\images\sentinel2_patch_00450.png,451,611.4161,0.8,0.677432,1.0,17.8321,0.359375,0.748801,3277,77.8276,0.7932,4096,without_detail_term
98.98,98.1274,0.938627,datasets\sentinel2_500_patch\images\sentinel2_patch_00451.png,452,593.3893,0.8,0.697063,1.0,19.2453,0.908203,0.941579,3277,95.4587,0.8346,4096,full_detail_aware
98.98,98.0694,0.971887,datasets\sentinel2_500_patch\images\sentinel2_patch_00451.png,452,669.135,0.8,0.699054,1.0,19.1972,0.986328,0.975533,3277,98.2494,0.8327,4096,without_detail_term
99.0,99.6309,1.0,datasets\sentinel2_500_patch\images\sentinel2_patch_00452.png,453,703.5654,0.8,0.721112,1.0,19.1335,1.0,1.0,3277,100.0,0.7854,4096,full_detail_aware
99.0,99.7618,1.0,datasets\sentinel2_500_patch\images\sentinel2_patch_00452.png,453,667.9864,0.8,0.729135,1.0,18.509,1.0,1.0,3277,100.0,0.7683,4096,without_detail_term
99.02,102.1992,0.979642,datasets\sentinel2_500_patch\images\sentinel2_patch_00453.png,454,575.2289,0.8,0.611791,1.0,18.4192,1.0,1.0,3277,99.1857,0.7558,4096,full_detail_aware
99.02,101.8579,1.0,datasets\sentinel2_500_patch\images\sentinel2_patch_00453.png,454,659.8936,0.8,0.609578,1.0,18.7723,1.0,1.0,3277,100.0,0.7618,4096,without_detail_term
99.01,101.0425,1.0,datasets\sentinel2_500_patch\images\sentinel2_patch_00454.png,455,579.791,0.8,0.624045,1.0,19.6431,1.0,1.0,3277,100.0,0.7518,4096,full_detail_aware
99.01,101.2344,1.0,datasets\sentinel2_500_patch\images\sentinel2_patch_00454.png,455,643.8953,0.8,0.624402,0.964286,19.2406,1.0,1.0,3277,98.9286,0.743,4096,without_detail_term
99.0,99.8739,0.972143,datasets\sentinel2_500_patch\images\sentinel2_patch_00455.png,456,622.8097,0.8,0.632735,0.947368,19.349,1.0,1.0,3277,97.3068,0.7907,4096,full_detail_aware
99.0,100.3447,0.985559,datasets\sentinel2_500_patch\images\sentinel2_patch_00455.png,456,603.8649,0.8,0.633263,0.894737,18.9851,1.0,1.0,3277,96.2644,0.7834,4096,without_detail_term
98.97,96.9074,1.0,datasets\sentinel2_500_patch\images\sentinel2_patch_00456.png,457,645.3395,0.8,0.5868,0.904762,19.486,1.0,1.0,3277,97.1429,0.8091,4096,full_detail_aware
98.97,97.2974,1.0,datasets\sentinel2_500_patch\images\sentinel2_patch_00456.png,457,641.3477,0.8,0.588592,0.857143,19.3081,1.0,1.0,3277,95.7143,0.8052,4096,without_detail_term
98.96,96.1768,1.0,datasets\sentinel2_500_patch\images\sentinel2_patch_00457.png,458,614.3649,0.8,0.582519,0.9375,19.9987,1.0,1.0,3277,98.125,0.8007,4096,full_detail_aware
98.96,96.601,1.0,datasets\sentinel2_500_patch\images\sentinel2_patch_00457.png,458,681.2032,0.8,0.583696,1.0,19.8617,1.0,1.0,3277,100.0,0.7979,4096,without_detail_term
99.01,101.2561,1.0,datasets\sentinel2_500_patch\images\sentinel2_patch_00458.png,459,594.1773,0.8,0.652625,1.0,19.3509,1.0,1.0,3277,100.0,0.7537,4096,full_detail_aware
99.02,101.7876,1.0,datasets\sentinel2_500_patch\images\sentinel2_patch_00458.png,459,612.1577,0.8,0.664543,0.863636,18.5082,1.0,1.0,3277,95.9091,0.7333,4096,without_detail_term
99.0,99.9892,1.0,datasets\sentinel2_500_patch\images\sentinel2_patch_00459.png,460,618.8794,0.8,0.740644,1.0,18.5253,1.0,1.0,3277,100.0,0.7726,4096,full_detail_aware
99.0,100.1015,1.0,datasets\sentinel2_500_patch\images\sentinel2_patch_00459.png,460,649.8254,0.8,0.737467,1.0,18.4097,1.0,1.0,3277,100.0,0.7656,4096,without_detail_term
98.93,93.4697,0.876632,datasets\sentinel2_500_patch\images\sentinel2_patch_00460.png,461,562.889,0.8,0.531012,1.0,22.5894,1.0,0.928605,3277,93.6374,0.8196,4096,full_detail_aware
98.93,93.4332,0.880315,datasets\sentinel2_500_patch\images\sentinel2_patch_00460.png,461,560.1243,0.8,0.531703,1.0,22.3694,1.0,0.931041,3277,93.8334,0.8178,4096,without_detail_term
99.0,100.4069,1.0,datasets\sentinel2_500_patch\images\sentinel2_patch_00461.png,462,572.3867,0.8,0.599936,1.0,19.2881,1.0,1.0,3277,100.0,0.832,4096,full_detail_aware
99.0,99.682,1.0,datasets\sentinel2_500_patch\images\sentinel2_patch_00461.png,462,580.3946,0.8,0.585121,1.0,20.9175,1.0,1.0,3277,100.0,0.8583,4096,without_detail_term
98.93,93.643,0.911271,datasets\sentinel2_500_patch\images\sentinel2_patch_00462.png,463,608.6224,0.8,0.539729,1.0,22.2362,1.0,0.940034,3277,95.2515,0.8099,4096,full_detail_aware
98.94,94.2509,0.903231,datasets\sentinel2_500_patch\images\sentinel2_patch_00462.png,463,593.6803,0.8,0.541053,1.0,22.4426,1.0,0.931578,3277,94.7608,0.8118,4096,without_detail_term
98.9,90.6864,1.0,datasets\sentinel2_500_patch\images\sentinel2_patch_00463.png,464,582.0966,0.8,0.50299,1.0,22.8054,1.0,1.0,3277,100.0,0.8038,4096,full_detail_aware
98.9,90.5995,1.0,datasets\sentinel2_500_patch\images\sentinel2_patch_00463.png,464,613.7489,0.8,0.505026,1.0,22.8415,1.0,1.0,3277,100.0,0.804,4096,without_detail_term
98.91,92.1053,0.90758,datasets\sentinel2_500_patch\images\sentinel2_patch_00464.png,465,643.956,0.8,0.511774,1.0,21.8464,0.89083,0.904586,3277,93.3032,0.8308,4096,full_detail_aware
98.92,92.2428,0.987815,datasets\sentinel2_500_patch\images\sentinel2_patch_00464.png,465,670.919,0.8,0.512995,1.0,21.9992,0.951965,0.987458,3277,98.7814,0.8315,4096,without_detail_term
98.94,94.182,0.83258,datasets\sentinel2_500_patch\images\sentinel2_patch_00465.png,466,623.5372,0.8,0.515719,1.0,21.3376,0.974194,0.817829,3277,89.4017,0.8374,4096,full_detail_aware
98.94,94.0045,0.830059,datasets\sentinel2_500_patch\images\sentinel2_patch_00465.png,466,647.7124,0.8,0.517167,1.0,21.3444,0.974194,0.814889,3277,89.2421,0.8368,4096,without_detail_term
98.98,98.0625,0.903161,datasets\sentinel2_500_patch\images\sentinel2_patch_00466.png,467,600.1874,0.8,0.575286,1.0,19.24,0.886243,0.941741,3277,93.8237,0.804,4096,full_detail_aware
98.98,97.8041,0.894949,datasets\sentinel2_500_patch\images\sentinel2_patch_00466.png,467,587.466,0.8,0.574524,1.0,19.2394,0.87963,0.933388,3277,93.262,0.804,4096,without_detail_term
98.95,95.1634,0.82524,datasets\sentinel2_500_patch\images\sentinel2_patch_00467.png,468,586.5219,0.8,0.560766,0.862069,21.1571,1.0,0.866655,3277,86.2048,0.822,4096,full_detail_aware
98.95,94.8302,0.829658,datasets\sentinel2_500_patch\images\sentinel2_patch_00467.png,468,596.453,0.8,0.563337,0.827586,21.2488,1.0,0.886173,3277,85.7374,0.8236,4096,without_detail_term
98.93,93.5413,0.756081,datasets\sentinel2_500_patch\images\sentinel2_patch_00468.png,469,601.1693,0.8,0.611752,1.0,20.6043,0.325195,0.778743,3277,79.0701,0.8418,4096,full_detail_aware
98.93,93.6924,0.767731,datasets\sentinel2_500_patch\images\sentinel2_patch_00468.png,469,598.6981,0.8,0.612506,1.0,20.5895,0.355469,0.790619,3277,80.0763,0.8405,4096,without_detail_term
98.97,96.6983,0.782622,datasets\sentinel2_500_patch\images\sentinel2_patch_00469.png,470,578.2879,0.8,0.640992,1.0,19.064,0.56543,0.792475,3277,82.8087,0.8705,4096,full_detail_aware
98.97,96.9075,0.810634,datasets\sentinel2_500_patch\images\sentinel2_patch_00469.png,470,625.427,0.8,0.638934,1.0,18.693,0.555664,0.813324,3277,84.2485,0.8582,4096,without_detail_term
98.97,97.2783,0.997917,datasets\sentinel2_500_patch\images\sentinel2_patch_00470.png,471,606.0366,0.8,0.59084,1.0,20.6384,0.920898,0.988891,3277,98.9035,0.8219,4096,full_detail_aware
98.97,97.2583,1.0,datasets\sentinel2_500_patch\images\sentinel2_patch_00470.png,471,667.3564,0.8,0.59147,1.0,20.5762,0.922852,0.993172,3277,99.092,0.8195,4096,without_detail_term
98.97,97.5579,0.694511,datasets\sentinel2_500_patch\images\sentinel2_patch_00471.png,472,600.0645,0.8,0.564575,1.0,20.0518,0.227539,0.689348,3277,73.8428,0.7936,4096,full_detail_aware
98.98,97.8081,0.825893,datasets\sentinel2_500_patch\images\sentinel2_patch_00471.png,472,586.2036,0.8,0.56197,1.0,20.1951,0.383789,0.816703,3277,83.2076,0.7945,4096,without_detail_term
98.98,98.5139,0.669487,datasets\sentinel2_500_patch\images\sentinel2_patch_00472.png,473,630.1383,0.8,0.582896,1.0,20.1897,0.211914,0.647449,3277,71.8476,0.8364,4096,full_detail_aware
98.99,99.136,0.702724,datasets\sentinel2_500_patch\images\sentinel2_patch_00472.png,473,619.4062,0.8,0.58409,1.0,20.1034,0.245117,0.681407,3277,74.1883,0.8314,4096,without_detail_term
98.98,98.0132,0.748732,datasets\sentinel2_500_patch\images\sentinel2_patch_00473.png,474,608.7261,0.8,0.578252,0.952381,20.0965,0.514648,0.762701,3277,78.9212,0.8567,4096,full_detail_aware
98.98,98.5017,0.754313,datasets\sentinel2_500_patch\images\sentinel2_patch_00473.png,474,603.1238,0.8,0.578093,1.0,19.9809,0.539062,0.767911,3277,80.9214,0.8518,4096,without_detail_term
98.95,95.6332,0.858679,datasets\sentinel2_500_patch\images\sentinel2_patch_00474.png,475,575.8937,0.8,0.62368,1.0,19.6749,0.71875,0.869709,3277,88.9288,0.863,4096,full_detail_aware
98.95,95.6143,1.0,datasets\sentinel2_500_patch\images\sentinel2_patch_00474.png,475,647.6191,0.8,0.626174,1.0,19.6341,1.0,1.0,3277,100.0,0.8611,4096,without_detail_term
98.94,94.6351,0.879074,datasets\sentinel2_500_patch\images\sentinel2_patch_00475.png,476,584.4324,0.8,0.641409,1.0,20.1963,0.65625,0.877773,3277,89.2809,0.8656,4096,full_detail_aware
98.94,94.407,0.870172,datasets\sentinel2_500_patch\images\sentinel2_patch_00475.png,476,635.8543,0.8,0.643214,1.0,20.1143,0.652344,0.869145,3277,88.7132,0.8636,4096,without_detail_term
99.0,99.9202,0.939127,datasets\sentinel2_500_patch\images\sentinel2_patch_00476.png,477,622.7972,0.8,0.571726,1.0,20.0693,0.798828,0.937471,3277,94.3028,0.9113,4096,full_detail_aware
99.0,99.8346,0.939429,datasets\sentinel2_500_patch\images\sentinel2_patch_00476.png,477,573.5163,0.8,0.571768,1.0,20.0709,0.800781,0.93778,3277,94.3406,0.9114,4096,without_detail_term
99.03,102.5875,0.90755,datasets\sentinel2_500_patch\images\sentinel2_patch_00477.png,478,616.2293,0.8,0.558258,0.888889,21.5981,0.739258,0.91403,3277,88.6418,0.9269,4096,full_detail_aware
99.02,102.3505,0.907469,datasets\sentinel2_500_patch\images\sentinel2_patch_00477.png,478,563.6281,0.8,0.558559,0.888889,21.5978,0.739258,0.913935,3277,88.6367,0.9269,4096,without_detail_term
99.13,114.3379,1.0,datasets\sentinel2_500_patch\images\sentinel2_patch_00478.png,479,558.0361,0.8,0.474162,0.56,23.0953,0.928711,1.0,3277,86.0871,0.9463,4096,full_detail_aware
99.12,114.0788,1.0,datasets\sentinel2_500_patch\images\sentinel2_patch_00478.png,479,565.9243,0.8,0.474829,0.56,23.0948,0.928711,1.0,3277,86.0871,0.9463,4096,without_detail_term
99.35,153.71,1.0,datasets\sentinel2_500_patch\images\sentinel2_patch_00479.png,480,604.7571,0.8,0.342317,1.0,29.1927,0.902857,1.0,3277,99.0286,0.9606,4096,full_detail_aware
99.35,153.3154,1.0,datasets\sentinel2_500_patch\images\sentinel2_patch_00479.png,480,554.005,0.8,0.342239,1.0,29.1906,0.908571,1.0,3277,99.0857,0.9605,4096,without_detail_term
99.39,163.6692,0.059319,datasets\sentinel2_500_patch\images\sentinel2_patch_00480.png,481,581.6301,0.8,0.335178,0.0,38.3639,0.75,0.060836,3277,11.0895,0.9028,4096,full_detail_aware
99.39,163.131,0.059094,datasets\sentinel2_500_patch\images\sentinel2_patch_00480.png,481,505.4715,0.8,0.335776,0.0,38.3664,0.75,0.060605,3277,11.0759,0.9027,4096,without_detail_term
99.38,162.2394,0.010736,datasets\sentinel2_500_patch\images\sentinel2_patch_00481.png,482,543.641,0.8,0.328042,1.0,37.5132,0.078947,0.010743,3277,31.4338,0.8887,4096,full_detail_aware
99.39,163.6162,0.010961,datasets\sentinel2_500_patch\images\sentinel2_patch_00481.png,482,593.1097,0.8,0.329106,1.0,37.5529,0.078947,0.010969,3277,31.4473,0.8902,4096,without_detail_term
98.97,96.6799,0.840372,datasets\sentinel2_500_patch\images\sentinel2_patch_00482.png,483,593.0296,0.8,0.607264,1.0,19.0981,0.762712,0.843317,3277,88.1083,0.8495,4096,full_detail_aware
98.97,96.7191,0.844374,datasets\sentinel2_500_patch\images\sentinel2_patch_00482.png,483,576.8856,0.8,0.607599,1.0,19.1238,0.766949,0.848016,3277,88.4048,0.8487,4096,without_detail_term
98.96,96.5426,0.62667,datasets\sentinel2_500_patch\images\sentinel2_patch_00483.png,484,628.2635,0.8,0.609755,1.0,19.5083,0.230469,0.628986,3277,69.9512,0.8772,4096,full_detail_aware
98.97,96.714,0.695652,datasets\sentinel2_500_patch\images\sentinel2_patch_00483.png,484,652.9623,0.8,0.607978,1.0,19.3635,0.288086,0.695613,3277,74.6192,0.8721,4096,without_detail_term
99.03,103.4972,1.0,datasets\sentinel2_500_patch\images\sentinel2_patch_00484.png,485,636.5061,0.8,0.47986,1.0,21.9303,1.0,1.0,3277,100.0,0.918,4096,full_detail_aware
99.03,103.6043,1.0,datasets\sentinel2_500_patch\images\sentinel2_patch_00484.png,485,549.7462,0.8,0.479945,1.0,21.9324,1.0,1.0,3277,100.0,0.918,4096,without_detail_term
99.01,101.1588,1.0,datasets\sentinel2_500_patch\images\sentinel2_patch_00485.png,486,584.4611,0.8,0.46578,1.0,23.1605,1.0,1.0,3277,100.0,0.9206,4096,full_detail_aware
99.01,101.0717,1.0,datasets\sentinel2_500_patch\images\sentinel2_patch_00485.png,486,579.3536,0.8,0.466042,1.0,23.1603,1.0,1.0,3277,100.0,0.9206,4096,without_detail_term
99.08,109.0345,1.0,datasets\sentinel2_500_patch\images\sentinel2_patch_00486.png,487,558.9513,0.8,0.338914,1.0,23.8712,1.0,1.0,3277,100.0,0.9336,4096,full_detail_aware
99.08,108.6541,1.0,datasets\sentinel2_500_patch\images\sentinel2_patch_00486.png,487,561.774,0.8,0.339262,1.0,23.8701,1.0,1.0,3277,100.0,0.9336,4096,without_detail_term
99.35,152.9249,1.0,datasets\sentinel2_500_patch\images\sentinel2_patch_00487.png,488,554.7895,0.8,0.217568,0.285714,30.1731,0.990991,1.0,3277,78.4813,0.9618,4096,full_detail_aware
99.34,152.5034,1.0,datasets\sentinel2_500_patch\images\sentinel2_patch_00487.png,488,576.8525,0.8,0.217309,0.285714,30.1734,0.990991,1.0,3277,78.4813,0.9617,4096,without_detail_term
99.64,278.0044,0.527717,datasets\sentinel2_500_patch\images\sentinel2_patch_00488.png,489,550.9011,0.8,0.191002,0.0,24.9103,0.050781,0.527316,3277,32.1628,0.8021,4096,full_detail_aware
99.64,279.4911,0.583641,datasets\sentinel2_500_patch\images\sentinel2_patch_00488.png,489,548.4468,0.8,0.189055,0.0,25.3115,0.051758,0.583046,3277,35.5241,0.8186,4096,without_detail_term
99.64,276.127,0.269394,datasets\sentinel2_500_patch\images\sentinel2_patch_00489.png,490,580.8062,0.8,0.191624,1.0,23.6119,0.004883,0.269233,3277,46.2092,0.7707,4096,full_detail_aware
99.65,283.6304,0.272802,datasets\sentinel2_500_patch\images\sentinel2_patch_00489.png,490,531.7559,0.8,0.190923,1.0,23.6144,0.004883,0.272639,3277,46.4137,0.7705,4096,without_detail_term
98.96,96.4085,1.0,datasets\sentinel2_500_patch\images\sentinel2_patch_00490.png,491,664.8622,0.8,0.54901,1.0,21.5616,1.0,1.0,3277,100.0,0.8353,4096,full_detail_aware
98.96,95.802,1.0,datasets\sentinel2_500_patch\images\sentinel2_patch_00490.png,491,609.4892,0.8,0.550784,1.0,21.5585,1.0,1.0,3277,100.0,0.8352,4096,without_detail_term
99.01,101.0972,1.0,datasets\sentinel2_500_patch\images\sentinel2_patch_00491.png,492,690.8711,0.8,0.612,1.0,17.6718,1.0,1.0,3277,100.0,0.8038,4096,full_detail_aware
99.01,100.9261,1.0,datasets\sentinel2_500_patch\images\sentinel2_patch_00491.png,492,579.3278,0.8,0.612319,1.0,17.3839,1.0,1.0,3277,100.0,0.7949,4096,without_detail_term
99.02,102.0115,1.0,datasets\sentinel2_500_patch\images\sentinel2_patch_00492.png,493,639.1746,0.8,0.646472,1.0,17.5048,1.0,1.0,3277,100.0,0.7339,4096,full_detail_aware
99.02,101.8979,1.0,datasets\sentinel2_500_patch\images\sentinel2_patch_00492.png,493,638.3446,0.8,0.6491,1.0,17.2776,1.0,1.0,3277,100.0,0.7272,4096,without_detail_term
99.03,103.0678,0.927874,datasets\sentinel2_500_patch\images\sentinel2_patch_00493.png,494,590.4609,0.8,0.623105,1.0,17.0009,1.0,0.951343,3277,96.1418,0.7466,4096,full_detail_aware
99.03,102.6876,0.931258,datasets\sentinel2_500_patch\images\sentinel2_patch_00493.png,494,611.2914,0.8,0.625706,1.0,16.8046,1.0,0.953877,3277,96.3279,0.7406,4096,without_detail_term
99.03,103.1108,1.0,datasets\sentinel2_500_patch\images\sentinel2_patch_00494.png,495,642.6536,0.8,0.643417,1.0,16.6619,1.0,1.0,3277,100.0,0.6788,4096,full_detail_aware
99.04,103.7106,1.0,datasets\sentinel2_500_patch\images\sentinel2_patch_00494.png,495,604.9811,0.8,0.64426,1.0,16.2208,1.0,1.0,3277,100.0,0.6638,4096,without_detail_term
99.01,100.5514,1.0,datasets\sentinel2_500_patch\images\sentinel2_patch_00495.png,496,611.5727,0.8,0.619729,1.0,18.377,1.0,1.0,3277,100.0,0.709,4096,full_detail_aware
99.01,100.7611,1.0,datasets\sentinel2_500_patch\images\sentinel2_patch_00495.png,496,643.5106,0.8,0.620443,1.0,18.3476,1.0,1.0,3277,100.0,0.7072,4096,without_detail_term
98.99,98.7383,0.918936,datasets\sentinel2_500_patch\images\sentinel2_patch_00496.png,497,594.7587,0.8,0.553905,1.0,20.2678,1.0,0.959964,3277,95.9567,0.7641,4096,full_detail_aware
98.99,99.1662,0.913977,datasets\sentinel2_500_patch\images\sentinel2_patch_00496.png,497,590.4337,0.8,0.553195,1.0,19.9025,1.0,0.955062,3277,95.6603,0.7599,4096,without_detail_term
99.0,99.6429,0.970497,datasets\sentinel2_500_patch\images\sentinel2_patch_00497.png,498,627.4599,0.8,0.561691,1.0,19.2812,1.0,1.0,3277,98.8199,0.7774,4096,full_detail_aware
98.99,99.398,0.970933,datasets\sentinel2_500_patch\images\sentinel2_patch_00497.png,498,618.516,0.8,0.562704,1.0,19.3075,1.0,1.0,3277,98.8373,0.778,4096,without_detail_term
98.99,99.4929,0.973373,datasets\sentinel2_500_patch\images\sentinel2_patch_00498.png,499,612.3877,0.8,0.610027,1.0,17.4449,1.0,1.0,3277,98.9349,0.7283,4096,full_detail_aware
98.99,99.4191,0.94772,datasets\sentinel2_500_patch\images\sentinel2_patch_00498.png,499,594.5341,0.8,0.612713,1.0,17.1336,1.0,0.976658,3277,97.4419,0.7186,4096,without_detail_term
99.0,100.3634,1.0,datasets\sentinel2_500_patch\images\sentinel2_patch_00499.png,500,602.9168,0.8,0.618306,1.0,17.6517,1.0,1.0,3277,100.0,0.7102,4096,full_detail_aware
99.01,100.6807,1.0,datasets\sentinel2_500_patch\images\sentinel2_patch_00499.png,500,554.6594,0.8,0.625422,1.0,17.1594,1.0,1.0,3277,100.0,0.6966,4096,without_detail_term
