bandwidth_saved_percent,compression_ratio,detector_retention,image,image_index,method,object_retention,payload_bytes,psnr,raw_rgb_bytes,region_preservation,relevance_retention,semantic_utility_score,ssim
95.00414530436197,20.016594975692943,0.9743011593818665,datasets\sentinel2_500_patch\images\sentinel2_patch_00000.png,0,jpeg2000_rate_20,0.9,39289,37.94484943777651,786432,0.8844765342960289,0.9752094149589539,94.32100001741405,0.9897436337620358
98.08438618977866,52.202588781944904,0.9990965723991394,datasets\sentinel2_500_patch\images\sentinel2_patch_00000.png,0,ccsds_wavelet_proxy_q24,0.7,15065,27.571140418359757,786432,1.0,1.0,90.96386289596559,0.914675279748719
94.9981689453125,19.99267846247712,1.0,datasets\sentinel2_500_patch\images\sentinel2_patch_00001.png,1,jpeg2000_rate_20,1.0,39336,37.06074737821127,786432,1.0,1.0,100.0,0.9898084477884166
97.42838541666666,38.88607594936709,1.0,datasets\sentinel2_500_patch\images\sentinel2_patch_00001.png,1,ccsds_wavelet_proxy_q24,0.55,20224,27.172016158178,786432,1.0,1.0,86.50000000000003,0.9247308770586703
95.00083923339844,20.003357497138495,0.9907052516937256,datasets\sentinel2_500_patch\images\sentinel2_patch_00002.png,2,jpeg2000_rate_20,0.8260869565217391,39315,37.270794223175855,786432,0.9660908509277031,0.9911491870880127,93.8947110144385,0.9903409682182678
97.54740397135416,40.77312318540025,1.0,datasets\sentinel2_500_patch\images\sentinel2_patch_00002.png,2,ccsds_wavelet_proxy_q24,0.5217391304347826,19288,27.265838873582897,786432,1.0,1.0,85.6521739130435,0.9264919857107821
95.02716064453125,20.10923596195152,0.9670900702476501,datasets\sentinel2_500_patch\images\sentinel2_patch_00003.png,3,jpeg2000_rate_20,1.0,39108,38.279808495485995,786432,0.8892921960072595,0.9687971472740173,96.95246771545897,0.9888226523060235
98.3709971110026,61.38724533603934,0.9957336783409119,datasets\sentinel2_500_patch\images\sentinel2_patch_00003.png,3,ccsds_wavelet_proxy_q24,0.6666666666666666,12811,27.774456064965086,786432,1.0,1.0,89.82934713363649,0.9018755359439711
95.02894083658853,20.116437304957284,0.9647641777992249,datasets\sentinel2_500_patch\images\sentinel2_patch_00004.png,4,jpeg2000_rate_20,0.8571428571428571,39094,38.320632395820944,786432,0.8981481481481481,0.9664350152015686,92.61503461176758,0.9888542489100063
98.382568359375,61.82641509433962,0.9824998378753662,datasets\sentinel2_500_patch\images\sentinel2_patch_00004.png,4,ccsds_wavelet_proxy_q24,0.5714285714285714,12720,27.77936677372523,786432,1.0,1.0,86.4428506578718,0.9018034193556862
95.00172932942709,20.006919711000304,1.0,datasets\sentinel2_500_patch\images\sentinel2_patch_00005.png,5,jpeg2000_rate_20,0.9375,39308,30.153848197848873,786432,1.0,1.0,98.12500000000001,0.9912382068001124
92.4224853515625,13.196939186467983,0.9221899509429932,datasets\sentinel2_500_patch\images\sentinel2_patch_00005.png,5,ccsds_wavelet_proxy_q24,0.84375,59592,25.109584482553963,786432,0.7548593694016481,0.9298362135887146,88.34541600351051,0.9765668409726641
94.99956766764322,19.998270820089,0.9458388090133667,datasets\sentinel2_500_patch\images\sentinel2_patch_00006.png,6,jpeg2000_rate_20,0.9310344827586207,39325,29.147467892790768,786432,0.811191683650094,0.9551194310188293,92.97889230017084,0.991272715630668
91.22886657714844,11.401035097638411,0.907401978969574,datasets\sentinel2_500_patch\images\sentinel2_patch_00006.png,6,ccsds_wavelet_proxy_q24,0.5517241379310345,68979,24.80650130601007,786432,0.7544275400097951,0.9273236393928528,78.93855148466902,0.9798132722766706
95.00096638997397,20.00386630716793,0.9799036383628845,datasets\sentinel2_500_patch\images\sentinel2_patch_00007.png,7,jpeg2000_rate_20,0.967741935483871,39314,29.34529254126247,786432,1.0,1.0,98.22840359903154,0.9915146593056862
91.46957397460938,11.72274394061354,0.8824877738952637,datasets\sentinel2_500_patch\images\sentinel2_patch_00007.png,7,ccsds_wavelet_proxy_q24,0.5806451612903226,67086,24.85965517518498,786432,0.6575664216209621,0.8930848240852356,77.15622649243457,0.9797779757825598
95.00007629394531,20.000305180437934,1.0,datasets\sentinel2_500_patch\images\sentinel2_patch_00008.png,8,jpeg2000_rate_20,0.96875,39321,30.645043360426012,786432,0.9163668129536804,0.9834455847740173,97.89507982501716,0.9902104029095457
92.96239217122397,14.209373757814475,0.8517940640449524,datasets\sentinel2_500_patch\images\sentinel2_patch_00008.png,8,ccsds_wavelet_proxy_q24,0.8125,55346,25.21860286728497,786432,0.5342457205848707,0.8535933494567871,80.86108675678256,0.9713064970982499
95.00783284505209,20.03138053998981,1.0,datasets\sentinel2_500_patch\images\sentinel2_patch_00009.png,9,jpeg2000_rate_20,0.9166666666666666,39260,30.683997332853924,786432,1.0,1.0,97.50000000000001,0.9900777873426897
93.08052062988281,14.451954352500138,0.8489412069320679,datasets\sentinel2_500_patch\images\sentinel2_patch_00009.png,9,ccsds_wavelet_proxy_q24,0.5833333333333334,54417,25.24912841763342,786432,0.5298528606236896,0.8510749936103821,73.77767675572726,0.970805768606444
95.01825968424478,20.073306447496044,1.0,datasets\sentinel2_500_patch\images\sentinel2_patch_00010.png,10,jpeg2000_rate_20,1.0,39178,39.82508456519417,786432,1.0,1.0,100.0,0.9911126341263868
98.59046936035156,70.94560216508796,1.0,datasets\sentinel2_500_patch\images\sentinel2_patch_00010.png,10,ccsds_wavelet_proxy_q24,1.0,11085,29.184448159362915,786432,0.9518987341772152,1.0,99.51898734177217,0.9138619820697935
95.00300089518228,20.01201078935315,0.9840214848518372,datasets\sentinel2_500_patch\images\sentinel2_patch_00011.png,11,jpeg2000_rate_20,0.5,39298,39.551033336418854,786432,0.9512195121951219,0.9829262495040894,83.5315795061065,0.9908585422625371
98.53846232096353,68.42108926396381,1.0,datasets\sentinel2_500_patch\images\sentinel2_patch_00011.png,11,ccsds_wavelet_proxy_q24,0.0,11494,29.11060969245073,786432,1.0,1.0,70.0,0.9124169596637254
95.00096638997397,20.00386630716793,1.0,datasets\sentinel2_500_patch\images\sentinel2_patch_00012.png,12,jpeg2000_rate_20,0.8,39314,40.166586086564344,786432,1.0,1.0,94.00000000000001,0.9993013057236109
98.46445719401041,65.12355084465055,1.0,datasets\sentinel2_500_patch\images\sentinel2_patch_00012.png,12,ccsds_wavelet_proxy_q24,1.0,12076,28.861154014069214,786432,1.0,1.0,100.0,0.9912600888520029
95.02588907877603,20.104095301395777,1.0,datasets\sentinel2_500_patch\images\sentinel2_patch_00013.png,13,jpeg2000_rate_20,1.0,39118,40.000055376619684,786432,1.0,1.0,100.0,0.9993976352632473
98.28147888183594,58.189567147613765,1.0,datasets\sentinel2_500_patch\images\sentinel2_patch_00013.png,13,ccsds_wavelet_proxy_q24,1.0,13515,28.7058136856799,786432,1.0,1.0,100.0,0.9925006894977831
95.00885009765625,20.03546316111281,0.996012806892395,datasets\sentinel2_500_patch\images\sentinel2_patch_00014.png,14,jpeg2000_rate_20,1.0,39252,37.35398703636596,786432,1.0,0.9930445551872253,99.70140337944032,0.9926515188077693
97.53303527832031,40.535642492655015,0.8304899334907532,datasets\sentinel2_500_patch\images\sentinel2_patch_00014.png,14,ccsds_wavelet_proxy_q24,0.0,19401,27.86197026571955,786432,0.6498470948012233,0.8787025213241577,57.29211871412553,0.9413711647698748
95.01558939615884,20.062552616138166,0.9979092478752136,datasets\sentinel2_500_patch\images\sentinel2_patch_00015.png,15,jpeg2000_rate_20,1.0,39199,39.171388174960946,786432,0.9731285988483686,0.9981415271759033,99.61048644701032,0.9933309972745393
98.07688395182291,51.998942078815126,1.0,datasets\sentinel2_500_patch\images\sentinel2_patch_00015.png,15,ccsds_wavelet_proxy_q24,1.0,15124,28.80259454622044,786432,0.9884836852207294,1.0,99.88483685220733,0.9374376336226368
95.00338236490884,20.013538618144803,0.9948473572731018,datasets\sentinel2_500_patch\images\sentinel2_patch_00016.png,16,jpeg2000_rate_20,1.0,39295,39.37023126689449,786432,0.9850746268656716,0.9952132701873779,99.54890596332837,0.9934527064790051
98.07281494140625,51.88915281076801,1.0,datasets\sentinel2_500_patch\images\sentinel2_patch_00016.png,16,ccsds_wavelet_proxy_q24,1.0,15156,28.88375077498591,786432,0.9832089552238806,1.0,99.83208955223884,0.9372140553287599
95.00083923339844,20.003357497138495,0.9050517082214355,datasets\sentinel2_500_patch\images\sentinel2_patch_00017.png,17,jpeg2000_rate_20,1.0,39315,37.616767182019586,786432,0.4600405679513185,0.8988257646560669,88.77898930149196,0.9885775270109678
98.03428649902344,50.87211333203959,0.9217826128005981,datasets\sentinel2_500_patch\images\sentinel2_patch_00017.png,17,ccsds_wavelet_proxy_q24,0.75,15459,28.060668911862415,786432,0.5419878296146045,0.9571985602378845,83.93515401292767,0.917160718559462
95.01215616861978,20.048743180543518,0.9288947582244873,datasets\sentinel2_500_patch\images\sentinel2_patch_00018.png,18,jpeg2000_rate_20,1.0,39226,37.25078857791368,786432,0.7029977794226498,0.919870138168335,92.5831708865727,0.9881907538612691
97.96231587727866,49.075319812792515,0.828095018863678,datasets\sentinel2_500_patch\images\sentinel2_patch_00018.png,18,ccsds_wavelet_proxy_q24,1.0,16025,27.95371358149048,786432,0.19152479644707623,0.857772707939148,82.19450287780087,0.9220367764830886
95.00007629394531,20.000305180437934,0.9903192520141602,datasets\sentinel2_500_patch\images\sentinel2_patch_00019.png,19,jpeg2000_rate_20,1.0,39321,38.2885313440891,786432,0.9841260611699035,0.9858850836753845,99.17173236577315,0.9985078105261851
98.22095235188803,56.2098491887642,0.9541245102882385,datasets\sentinel2_500_patch\images\sentinel2_patch_00019.png,19,ccsds_wavelet_proxy_q24,0.5714285714285714,13991,28.080306165408725,786432,0.88923130596581,0.9684639573097229,83.56942976023927,0.9877911594691987
95.0110117594401,20.044144258952468,1.0,datasets\sentinel2_500_patch\images\sentinel2_patch_00020.png,20,jpeg2000_rate_20,0.8571428571428571,39235,38.16820896273367,786432,1.0,0.9992721676826477,95.69972906793868,0.9987145337321808
98.03632100423178,50.92482030693518,0.968325674533844,datasets\sentinel2_500_patch\images\sentinel2_patch_00020.png,20,ccsds_wavelet_proxy_q24,0.5714285714285714,15443,27.97425000773144,786432,0.911335853502872,0.9877077341079712,84.74339734139907,0.9891087399957754
95.00783284505209,20.03138053998981,0.9872584939002991,datasets\sentinel2_500_patch\images\sentinel2_patch_00021.png,21,jpeg2000_rate_20,1.0,39260,34.895265152336904,786432,0.7900928792569659,0.9806275963783264,97.00382047614818,0.9896140781317021
96.66213989257812,29.959314285714285,0.9291601777076721,datasets\sentinel2_500_patch\images\sentinel2_patch_00021.png,21,ccsds_wavelet_proxy_q24,0.7142857142857143,26250,26.84232653356759,786432,0.8411145510835913,0.9627394676208496,86.26091340013123,0.9448042672434197
95.00071207682291,20.002848712992165,0.9485542178153992,datasets\sentinel2_500_patch\images\sentinel2_patch_00022.png,22,jpeg2000_rate_20,0.875,39316,36.873073654292114,786432,0.8951125755079626,0.9467389583587646,92.0780736348709,0.990767009105242
97.45839436848959,39.345207124274566,1.0,datasets\sentinel2_500_patch\images\sentinel2_patch_00022.png,22,ccsds_wavelet_proxy_q24,0.875,19988,27.743658877956804,786432,1.0,1.0,96.25000000000001,0.9371880585835647
95.00478108723959,20.019142653497607,0.9281561374664307,datasets\sentinel2_500_patch\images\sentinel2_patch_00023.png,23,jpeg2000_rate_20,1.0,39284,37.07948588710062,786432,0.8527746319365799,0.9281327128410339,94.21664607484374,0.9910307567412
97.46487935384116,39.445854441490695,1.0,datasets\sentinel2_500_patch\images\sentinel2_patch_00023.png,23,ccsds_wavelet_proxy_q24,1.0,19937,27.813997279909493,786432,1.0,1.0,100.0,0.9359673471611865
95.00414530436197,20.016594975692943,0.9977605938911438,datasets\sentinel2_500_patch\images\sentinel2_patch_00024.png,24,jpeg2000_rate_20,1.0,39289,35.712031749909215,786432,1.0,0.9961680173873901,99.83378410339357,0.9629216454548027
98.16118876139322,54.38296106769933,0.8953754901885986,datasets\sentinel2_500_patch\images\sentinel2_patch_00024.png,24,ccsds_wavelet_proxy_q24,1.0,14461,27.82484393903465,786432,1.0,0.8695580959320068,93.2061815261841,0.8116712885054426
95.01902262369791,20.076381088532624,0.9437074661254883,datasets\sentinel2_500_patch\images\sentinel2_patch_00025.png,25,jpeg2000_rate_20,1.0,39172,35.40158175912298,786432,0.9568527918781726,0.952754557132721,96.3719177064557,0.9629206480500001
98.39630126953125,62.3558515699334,0.8460131883621216,datasets\sentinel2_500_patch\images\sentinel2_patch_00025.png,25,ccsds_wavelet_proxy_q24,1.0,12612,27.698986634175384,786432,1.0,0.8176800608634949,90.19412875175477,0.8122881492256592
94.99842325846353,19.99369502211827,1.0,datasets\sentinel2_500_patch\images\sentinel2_patch_00026.png,26,jpeg2000_rate_20,1.0,39334,35.22111525541659,786432,1.0,1.0,100.0,0.9637332041206729
98.3734130859375,61.47842401500938,0.8694557547569275,datasets\sentinel2_500_patch\images\sentinel2_patch_00026.png,26,ccsds_wavelet_proxy_q24,1.0,12792,27.595293547683916,786432,1.0,0.8624763488769531,92.02775716781618,0.8141166982383536
95.00109354654947,20.00437514308244,0.9805920124053955,datasets\sentinel2_500_patch\images\sentinel2_patch_00027.png,27,jpeg2000_rate_20,1.0,39313,35.87206363160722,786432,1.0,0.9873592853546143,98.97086620330812,0.9619888065452767
98.27766418457031,58.06068660022149,0.8075320720672607,datasets\sentinel2_500_patch\images\sentinel2_patch_00027.png,27,ccsds_wavelet_proxy_q24,1.0,13545,27.89214522586184,786432,1.0,0.7900561690330505,88.10240626335145,0.8002790079878286
95.01177469889322,20.047209972214432,0.9807816743850708,datasets\sentinel2_500_patch\images\sentinel2_patch_00028.png,28,jpeg2000_rate_20,1.0,39229,35.51559622420117,786432,1.0,0.9884164929389954,98.99959683418275,0.9619899169886762
98.10002644856772,52.63231160487217,0.8978472352027893,datasets\sentinel2_500_patch\images\sentinel2_patch_00028.png,28,ccsds_wavelet_proxy_q24,0.0,14942,27.689402348718165,786432,1.0,0.9036115407943726,63.98612022399903,0.8049029876438144
95.001220703125,20.004884004884005,1.0,datasets\sentinel2_500_patch\images\sentinel2_patch_00029.png,29,jpeg2000_rate_20,1.0,39312,35.4392022366796,786432,1.0,1.0,100.0,0.9689782243088703
97.94845581054688,48.74377091855708,0.7996238470077515,datasets\sentinel2_500_patch\images\sentinel2_patch_00029.png,29,ccsds_wavelet_proxy_q24,1.0,16134,27.803475699607766,786432,1.0,0.8040666580200195,88.06628704071045,0.8476009035992788
95.01876831054688,20.07535610353806,0.985719621181488,datasets\sentinel2_500_patch\images\sentinel2_patch_00030.png,30,jpeg2000_rate_20,1.0,39174,34.83687789193396,786432,1.0,0.9912126064300537,99.25303697586062,0.9659219039981297
97.70431518554688,43.55998670654702,0.8048107624053955,datasets\sentinel2_500_patch\images\sentinel2_patch_00030.png,30,ccsds_wavelet_proxy_q24,1.0,18054,27.519218848053228,786432,1.0,0.8107773661613464,88.40797781944276,0.8444918207350608
95.01571655273438,20.06306444206337,0.9551445841789246,datasets\sentinel2_500_patch\images\sentinel2_patch_00031.png,31,jpeg2000_rate_20,1.0,39198,35.610717818586565,786432,0.9167701863354037,0.9516060948371887,96.40560712725481,0.9702020664492778
97.96396891276041,49.11516362727954,0.7883216738700867,datasets\sentinel2_500_patch\images\sentinel2_patch_00031.png,31,ccsds_wavelet_proxy_q24,1.0,16012,27.845075755736307,786432,1.0,0.7941570281982422,87.41600751876832,0.8485245337551583
95.01813252766928,20.072794098879502,0.9715349674224854,datasets\sentinel2_500_patch\images\sentinel2_patch_00032.png,32,jpeg2000_rate_20,1.0,39179,25.67620522468362,786432,0.8690311467540169,0.9740976691246033,97.03366354693166,0.965802726184958
87.50902811686197,8.00578217096088,0.923136293888092,datasets\sentinel2_500_patch\images\sentinel2_patch_00032.png,32,ccsds_wavelet_proxy_q24,0.8421052631578947,98233,24.009820419599386,786432,0.8329144664388783,0.9261925220489502,89.04160475562833,0.9608425295480416
95.05449930826822,20.220399557761038,1.0,datasets\sentinel2_500_patch\images\sentinel2_patch_00033.png,33,jpeg2000_rate_20,1.0,38893,25.241579273230776,786432,1.0,1.0,100.0,0.9614561947156027
87.08521525065103,7.743063623653585,0.9713595509529114,datasets\sentinel2_500_patch\images\sentinel2_patch_00033.png,33,ccsds_wavelet_proxy_q24,0.7142857142857143,101566,23.817033432953725,786432,0.9506712172923777,0.9538010358810425,88.86568635723253,0.9586027243523437
95.05335489908853,20.2157215567323,0.9681485295295715,datasets\sentinel2_500_patch\images\sentinel2_patch_00034.png,34,jpeg2000_rate_20,1.0,38902,25.115374881594335,786432,0.8498141559499911,0.9592702984809875,96.40948871030254,0.962551022691768
86.76859537760416,7.557776581840548,0.9776397943496704,datasets\sentinel2_500_patch\images\sentinel2_patch_00034.png,34,ccsds_wavelet_proxy_q24,0.5,104056,23.7708339134825,786432,1.0,0.9815194010734558,83.73597979545593,0.9609649945804636
95.03822326660156,20.154070884908126,0.9760016202926636,datasets\sentinel2_500_patch\images\sentinel2_patch_00035.png,35,jpeg2000_rate_20,1.0,39021,25.75091144757851,786432,0.9084822762866878,0.9824922680854797,97.77473293628303,0.9644096552734046
87.66593933105469,8.10762997556676,0.8771569728851318,datasets\sentinel2_500_patch\images\sentinel2_patch_00035.png,35,ccsds_wavelet_proxy_q24,0.9444444444444444,96999,24.013520196658845,786432,0.7388068623348676,0.892456591129303,88.65681269467336,0.9582609881815314
95.00007629394531,20.000305180437934,0.9806613922119141,datasets\sentinel2_500_patch\images\sentinel2_patch_00036.png,36,jpeg2000_rate_20,1.0,39321,25.539237432932765,786432,0.9242712456943087,0.9913378357887268,98.29592486119421,0.9656082831090343
87.1423085530599,7.777445928973368,0.9547960162162781,datasets\sentinel2_500_patch\images\sentinel2_patch_00036.png,36,ccsds_wavelet_proxy_q24,0.5882352941176471,101117,23.900018148022653,786432,0.9724949874042466,0.949179470539093,84.54743875700488,0.9605267151353798
95.00897725423178,20.035973605768007,0.9920328259468079,datasets\sentinel2_500_patch\images\sentinel2_patch_00037.png,37,jpeg2000_rate_20,1.0,39251,25.40974719105799,786432,0.9453216256494945,0.994620680809021,99.0269429105477,0.9606611211898601
87.29756673177084,7.8725074077040125,0.9868142604827881,datasets\sentinel2_500_patch\images\sentinel2_patch_00037.png,37,ccsds_wavelet_proxy_q24,0.8421052631578947,99896,23.92137659979131,786432,1.0,0.9825459718704224,94.38664775145682,0.9572706565211002
95.00147501627603,20.005901806156196,0.9906175136566162,datasets\sentinel2_500_patch\images\sentinel2_patch_00038.png,38,jpeg2000_rate_20,1.0,39310,25.00823929136445,786432,0.8887056883759274,0.9779160022735596,98.07007747549514,0.9600032404840116
86.59820556640625,7.461687350563588,0.9374463558197021,datasets\sentinel2_500_patch\images\sentinel2_patch_00038.png,38,ccsds_wavelet_proxy_q24,0.55,105396,23.775051052668644,786432,0.8545432610138137,0.925781786441803,81.0589225717623,0.9593088447335488
94.99842325846353,19.99369502211827,1.0,datasets\sentinel2_500_patch\images\sentinel2_patch_00039.png,39,jpeg2000_rate_20,0.8571428571428571,39334,25.61267242763217,786432,0.9376138610023644,0.9893581867218018,94.87758805874542,0.9618651166852351
87.62791951497397,8.082714958169747,0.9788108468055725,datasets\sentinel2_500_patch\images\sentinel2_patch_00039.png,39,ccsds_wavelet_proxy_q24,0.47619047619047616,97298,23.984914869134535,786432,0.9498042559789139,0.9532034993171692,82.00026070406973,0.9574088256402006
94.99791463216147,19.991662006202652,1.0,datasets\sentinel2_500_patch\images\sentinel2_patch_00040.png,40,jpeg2000_rate_20,1.0,39338,32.11408210928504,786432,1.0,1.0,100.0,0.9961100877966923
93.4716542561849,15.317816170312225,0.9433505535125732,datasets\sentinel2_500_patch\images\sentinel2_patch_00040.png,40,ccsds_wavelet_proxy_q24,0.7045454545454546,51341,26.076187843940012,786432,0.8542547635493708,0.9573528170585632,86.55998975353157,0.9869736190901767
94.99791463216147,19.991662006202652,1.0,datasets\sentinel2_500_patch\images\sentinel2_patch_00041.png,41,jpeg2000_rate_20,1.0,39338,35.64522475816169,786432,1.0,1.0,100.0,0.9979755388221672
95.24358113606772,21.024220713254557,0.9561500549316406,datasets\sentinel2_500_patch\images\sentinel2_patch_00041.png,41,ccsds_wavelet_proxy_q24,1.0,37406,27.147173222073718,786432,0.85,0.9706037640571594,96.15807747840883,0.9882742155360279
95.00083923339844,20.003357497138495,1.0,datasets\sentinel2_500_patch\images\sentinel2_patch_00042.png,42,jpeg2000_rate_20,1.0,39315,32.46437342402143,786432,1.0,1.0,100.0,0.9965958844011781
93.63021850585938,15.699125643789676,0.9476658701896667,datasets\sentinel2_500_patch\images\sentinel2_patch_00042.png,42,ccsds_wavelet_proxy_q24,0.8333333333333334,50094,26.24781945020171,786432,0.8436222678513173,0.9626785516738892,90.59642851957764,0.9882781148488348
95.00617980957031,20.024749828126193,1.0,datasets\sentinel2_500_patch\images\sentinel2_patch_00043.png,43,jpeg2000_rate_20,0.9534883720930233,39273,31.323031097519085,786432,1.0,1.0,98.60465116279072,0.9942242420071568
93.11777750651041,14.530189934225113,0.9003235697746277,datasets\sentinel2_500_patch\images\sentinel2_patch_00043.png,43,ccsds_wavelet_proxy_q24,0.7906976744186046,54124,25.872271144604284,786432,0.7670027646771833,0.9258130788803101,85.9201622479213,0.9823910036733157
95.00033060709634,20.00132251583204,0.9900839924812317,datasets\sentinel2_500_patch\images\sentinel2_patch_00044.png,44,jpeg2000_rate_20,0.9259259259259259,39319,29.185817105361338,786432,0.93994140625,0.987169086933136,96.52393327818977,0.9908594788551282
91.50390625,11.770114942528735,0.9820600152015686,datasets\sentinel2_500_patch\images\sentinel2_patch_00044.png,44,ccsds_wavelet_proxy_q24,0.5185185185185185,66816,25.144275334770413,786432,0.9470672607421875,0.9845098257064819,83.99882528516983,0.980394784082207
95.0036366780599,20.014557300282494,0.9671770930290222,datasets\sentinel2_500_patch\images\sentinel2_patch_00045.png,45,jpeg2000_rate_20,0.9672131147540983,39293,36.15619995766323,786432,0.8415218283837416,0.9666090607643127,95.45087666290752,0.9955587139524561
96.34056091308594,27.32659230689044,0.9305548071861267,datasets\sentinel2_500_patch\images\sentinel2_patch_00045.png,45,ccsds_wavelet_proxy_q24,0.7377049180327869,28779,26.748345846871903,786432,0.5904612015875188,0.9188386797904968,83.63472544011381,0.9705859780875932
95.01139322916666,20.045676998368677,0.9769664406776428,datasets\sentinel2_500_patch\images\sentinel2_patch_00046.png,46,jpeg2000_rate_20,1.0,39232,39.67134444297201,786432,0.8798727128082736,0.9740795493125916,97.3589757414403,0.9978250619214278
97.28291829427084,36.80419318607263,0.9706715941429138,datasets\sentinel2_500_patch\images\sentinel2_patch_00046.png,46,ccsds_wavelet_proxy_q24,0.6382978723404256,21368,27.854863144631594,786432,0.511376292760541,0.9784219264984131,82.65800139350301,0.9755181902193867
95.00236511230469,20.0094649263415,0.9535202980041504,datasets\sentinel2_500_patch\images\sentinel2_patch_00047.png,47,jpeg2000_rate_20,0.95,39303,36.43389121361137,786432,0.7335061459988294,0.9463221430778503,92.90231624171132,0.9959158742189269
96.36217753092447,27.48897200181761,0.952623724937439,datasets\sentinel2_500_patch\images\sentinel2_patch_00047.png,47,ccsds_wavelet_proxy_q24,0.6333333333333333,28609,27.005961824373813,786432,0.5639267497282382,0.9626398086547852,81.99701266787567,0.9730189621769842
94.99931335449219,19.9972537951026,1.0,datasets\sentinel2_500_patch\images\sentinel2_patch_00048.png,48,jpeg2000_rate_20,1.0,39327,35.377288342598796,786432,1.0,1.0,100.0,0.9937671820773952
96.28931681315103,26.949215269686793,0.9532511830329895,datasets\sentinel2_500_patch\images\sentinel2_patch_00048.png,48,ccsds_wavelet_proxy_q24,0.6923076923076923,29182,26.564909791892852,786432,0.6778134382441247,0.9506614804267883,84.69064208152737,0.9634878619709937
95.00910441080728,20.036484076433123,0.9661784172058105,datasets\sentinel2_500_patch\images\sentinel2_patch_00049.png,49,jpeg2000_rate_20,1.0,39250,33.02388399471852,786432,0.8911805146336672,0.9707916378974915,96.97477459251894,0.9887274266884207
95.19195556640625,20.798476674071722,0.9378758072853088,datasets\sentinel2_500_patch\images\sentinel2_patch_00049.png,49,ccsds_wavelet_proxy_q24,0.40384615384615385,37812,25.881719887816317,786432,0.7857657303738623,0.9574551582336426,76.63717737520845,0.9543126568705541
95.01469930013022,20.058970565729734,1.0,datasets\sentinel2_500_patch\images\sentinel2_patch_00050.png,50,jpeg2000_rate_20,1.0,39206,25.95261149293236,786432,1.0,1.0,100.0,0.9731446325726149
87.81992594401041,8.210130705307554,0.8891448974609375,datasets\sentinel2_500_patch\images\sentinel2_patch_00050.png,50,ccsds_wavelet_proxy_q24,0.26666666666666666,95788,23.515663641758632,786432,0.7789199140840749,0.9204917550086975,69.76483013945222,0.9620461093721981
95.00033060709634,20.00132251583204,0.9449498057365417,datasets\sentinel2_500_patch\images\sentinel2_patch_00051.png,51,jpeg2000_rate_20,1.0,39319,26.870474102839502,786432,0.817169189453125,0.9358183145523071,94.68605041503908,0.9828048911124175
88.63868713378906,8.80179968438371,0.8994559049606323,datasets\sentinel2_500_patch\images\sentinel2_patch_00051.png,51,ccsds_wavelet_proxy_q24,0.23529411764705882,89349,24.073931210047725,786432,0.78656005859375,0.895756185054779,68.81778401487016,0.973283566189035
95.04877726236978,20.197031177769787,1.0,datasets\sentinel2_500_patch\images\sentinel2_patch_00052.png,52,jpeg2000_rate_20,1.0,38938,25.965750328147294,786432,1.0,1.0,100.0,0.9732093454676762
87.95789082845053,8.30419310898282,0.9294145107269287,datasets\sentinel2_500_patch\images\sentinel2_patch_00052.png,52,ccsds_wavelet_proxy_q24,0.7692307692307693,94703,23.48141278304981,786432,0.8745183447813704,0.9501463770866394,88.00161449554675,0.9612001352623811
95.01724243164062,20.0692083907518,0.92568439245224,datasets\sentinel2_500_patch\images\sentinel2_patch_00053.png,53,jpeg2000_rate_20,1.0,39186,27.86877084601531,786432,0.8087088224157516,0.9346233010292053,93.80692994283125,0.9855736984236779
89.88672892252603,9.88799758593809,0.8782421946525574,datasets\sentinel2_500_patch\images\sentinel2_patch_00053.png,53,ccsds_wavelet_proxy_q24,0.46153846153846156,79534,24.50873814632049,786432,0.7877697841726619,0.8908206224441528,74.66995192286583,0.9747493715695814
94.9981689453125,19.99267846247712,0.9517512321472168,datasets\sentinel2_500_patch\images\sentinel2_patch_00054.png,54,jpeg2000_rate_20,0.7391304347826086,39336,27.157692136839657,786432,0.8487951609191624,0.9614912271499634,87.96173848155784,0.980108134436139
89.49089050292969,9.515554103597227,0.8492692112922668,datasets\sentinel2_500_patch\images\sentinel2_patch_00054.png,54,ccsds_wavelet_proxy_q24,0.5217391304347826,82647,23.9914826116437,786432,0.7330122620730465,0.8789660334587097,74.53238565463882,0.9661197906519144
95.02944946289062,20.118495778971603,0.9396519064903259,datasets\sentinel2_500_patch\images\sentinel2_patch_00055.png,55,jpeg2000_rate_20,0.6923076923076923,39090,34.723370156192715,786432,0.8104149715215623,0.938346803188324,85.22639280782592,0.9705164508715647
98.00809224446616,50.20312799233961,0.8163948059082031,datasets\sentinel2_500_patch\images\sentinel2_patch_00055.png,55,ccsds_wavelet_proxy_q24,0.5384615384615384,15665,26.85452458750724,786432,0.9731489015459723,0.8096285462379456,74.73369833039291,0.8384260157560398
95.01215616861978,20.048743180543518,0.961798369884491,datasets\sentinel2_500_patch\images\sentinel2_patch_00056.png,56,jpeg2000_rate_20,0.5,39226,35.43628335894411,786432,0.8657243816254417,0.9663689732551575,81.45655807673722,0.9836711209923312
97.85245259602866,46.56474628456392,0.9657373428344727,datasets\sentinel2_500_patch\images\sentinel2_patch_00056.png,56,ccsds_wavelet_proxy_q24,0.5,16889,26.99147254746448,786432,1.0,0.9793280959129333,83.21605563163759,0.8994046751865351
95.02983093261719,20.12003991096784,0.974538266658783,datasets\sentinel2_500_patch\images\sentinel2_patch_00057.png,57,jpeg2000_rate_20,1.0,39087,34.95739701994398,786432,0.7377049180327869,0.9785214066505432,95.92900797969006,0.9696891701147193
98.35306803385416,60.71896232242125,0.8676757216453552,datasets\sentinel2_500_patch\images\sentinel2_patch_00057.png,57,ccsds_wavelet_proxy_q24,1.0,12952,27.053772329980468,786432,1.0,0.8869008421897888,92.44504570961,0.8290125086708848
94.99855041503906,19.994203340706278,0.9423564076423645,datasets\sentinel2_500_patch\images\sentinel2_patch_00058.png,58,jpeg2000_rate_20,0.5,39333,36.399193995935704,786432,0.8509933774834437,0.9467815160751343,80.13982040203173,0.9870059791597303
97.9760487874349,49.408305585223346,0.9190945029258728,datasets\sentinel2_500_patch\images\sentinel2_patch_00058.png,58,ccsds_wavelet_proxy_q24,0.0,15917,27.247089084625898,786432,1.0,0.9486262202262878,65.73630452156067,0.9107286328550986
94.99956766764322,19.998270820089,0.9665796160697937,datasets\sentinel2_500_patch\images\sentinel2_patch_00059.png,59,jpeg2000_rate_20,1.0,39325,36.12350451532325,786432,0.8547008547008547,0.9668884873390198,96.5479629365807,0.9805736326641794
98.47335815429688,65.50324837581209,1.0,datasets\sentinel2_500_patch\images\sentinel2_patch_00059.png,59,ccsds_wavelet_proxy_q24,1.0,12006,27.431972507442858,786432,1.0,1.0,100.0,0.874888703274714
94.99804178873697,19.992170221420036,1.0,datasets\sentinel2_500_patch\images\sentinel2_patch_00060.png,60,jpeg2000_rate_20,1.0,39337,30.927394577864288,786432,1.0,1.0,100.0,0.9802540393987604
94.36314900716147,17.74040153394992,0.9252033233642578,datasets\sentinel2_500_patch\images\sentinel2_patch_00060.png,60,ccsds_wavelet_proxy_q24,1.0,44330,25.52963534291561,786432,0.9415271075787681,0.9410544037818909,95.24449208599583,0.9410234466671993
95.02576192220053,20.103581379892123,0.9608809351921082,datasets\sentinel2_500_patch\images\sentinel2_patch_00061.png,61,jpeg2000_rate_20,0.8260869565217391,39119,28.406578831075727,786432,0.9017456602301541,0.9647627472877502,91.53055765139307,0.9838648468668528
90.88948567708334,10.976328718177758,0.9408082365989685,datasets\sentinel2_500_patch\images\sentinel2_patch_00061.png,61,ccsds_wavelet_proxy_q24,0.9565217391304348,71648,24.603650503733686,786432,0.9978544958065145,0.977253258228302,95.85159176050298,0.9673703867751988
94.99918619791666,19.996745321399512,1.0,datasets\sentinel2_500_patch\images\sentinel2_patch_00062.png,62,jpeg2000_rate_20,1.0,39328,28.888710169281495,786432,1.0,1.0,100.0,0.9886072543646356
91.43689473470053,11.678006622811576,0.9075778722763062,datasets\sentinel2_500_patch\images\sentinel2_patch_00062.png,62,ccsds_wavelet_proxy_q24,1.0,67343,25.022991428504753,786432,0.8904443799012489,0.9133565425872803,93.47468954181035,0.9767276883039583
95.00872294108072,20.034952742465546,0.9131188988685608,datasets\sentinel2_500_patch\images\sentinel2_patch_00063.png,63,jpeg2000_rate_20,0.7272727272727273,39253,30.2647031739129,786432,0.8948368786939881,0.9289337992668152,85.86998254520046,0.9874277056693922
93.12553405761719,14.546584540258587,0.8696385025978088,datasets\sentinel2_500_patch\images\sentinel2_patch_00063.png,63,ccsds_wavelet_proxy_q24,0.7272727272727273,54063,25.401112874483523,786432,0.8848126643580597,0.8922183513641357,83.2962155929575,0.966820270386794
95.01558939615884,20.062552616138166,0.9395756125450134,datasets\sentinel2_500_patch\images\sentinel2_patch_00064.png,64,jpeg2000_rate_20,1.0,39199,30.30020944536894,786432,0.9122121276146208,0.945198655128479,95.60911888051635,0.9874926539831917
93.19038391113281,14.68511567979385,0.8905813097953796,datasets\sentinel2_500_patch\images\sentinel2_patch_00064.png,64,ccsds_wavelet_proxy_q24,1.0,53553,25.40666780482505,786432,0.925945489118952,0.9225116968154907,93.33294121931453,0.9668225084627522
94.99956766764322,19.998270820089,0.9683070778846741,datasets\sentinel2_500_patch\images\sentinel2_patch_00065.png,65,jpeg2000_rate_20,1.0,39325,31.4727983898021,786432,0.9450816056462285,0.9811255931854248,97.80561103555776,0.9857338595894446
94.36022440592447,17.731201948008028,0.8822619318962097,datasets\sentinel2_500_patch\images\sentinel2_patch_00065.png,65,ccsds_wavelet_proxy_q24,1.0,44353,25.827853256368385,786432,0.8304367004852228,0.9198717474937439,91.99227923057552,0.9539960600063356
95.00223795572916,20.008955831467535,0.9644011855125427,datasets\sentinel2_500_patch\images\sentinel2_patch_00066.png,66,jpeg2000_rate_20,1.0,39304,30.527672565573056,786432,0.9500726911010788,0.9823194146156311,97.72316262382513,0.9793285580702985
93.94493103027344,16.515088515088514,0.8885469436645508,datasets\sentinel2_500_patch\images\sentinel2_patch_00066.png,66,ccsds_wavelet_proxy_q24,1.0,47619,25.296476168457495,786432,0.7609993113474635,0.9065204858779907,91.28228057761649,0.9406880606454845
95.0232187906901,20.093308464702726,0.9534032940864563,datasets\sentinel2_500_patch\images\sentinel2_patch_00067.png,67,jpeg2000_rate_20,1.0,39139,29.673769107789024,786432,0.8888125972718117,0.9603379368782043,96.23101647374047,0.9844391404911779
92.68341064453125,13.66757038581856,0.8621209263801575,datasets\sentinel2_500_patch\images\sentinel2_patch_00067.png,67,ccsds_wavelet_proxy_q24,0.9473684210526315,57540,25.006455072201387,786432,0.7234123714486252,0.8974837064743042,88.0896875307576,0.9602448678848209
95.01431783040366,20.05743579280267,0.9847216606140137,datasets\sentinel2_500_patch\images\sentinel2_patch_00068.png,68,jpeg2000_rate_20,0.95,39209,33.22706623144158,786432,0.9493202477676775,1.0,97.38206890223734,0.976831956524524
96.60288492838541,29.43674202724959,0.7989659309387207,datasets\sentinel2_500_patch\images\sentinel2_patch_00068.png,68,ccsds_wavelet_proxy_q24,1.0,26716,26.521756595815646,786432,0.6178907569785215,0.8363344073295593,84.86423295392525,0.9119039625709424
95.00859578450522,20.03444234982422,0.9520412087440491,datasets\sentinel2_500_patch\images\sentinel2_patch_00069.png,69,jpeg2000_rate_20,0.875,39254,30.24668938085631,786432,0.9117008505529871,0.9587460160255432,92.62357717580272,0.9831646041651736
93.23310852050781,14.777834150741304,0.8429872393608093,datasets\sentinel2_500_patch\images\sentinel2_patch_00069.png,69,ccsds_wavelet_proxy_q24,0.875,53217,24.943207818215328,786432,0.6849633470409441,0.8371029496192932,83.5611820372277,0.9553715764589175
95.00376383463541,20.015066680240253,0.9197729825973511,datasets\sentinel2_500_patch\images\sentinel2_patch_00070.png,70,jpeg2000_rate_20,0.9375,39292,30.619315096397607,786432,0.8417936991869919,0.9281379580497742,91.89661545675946,0.9895093721178623
93.15185546875,14.602495543672013,0.8019742369651794,datasets\sentinel2_500_patch\images\sentinel2_patch_00070.png,70,ccsds_wavelet_proxy_q24,1.0,53856,25.393176561116615,786432,0.6179115853658537,0.8134816884994507,84.52771910225474,0.9725020174071219
95.02995808919272,20.120554674307936,1.0,datasets\sentinel2_500_patch\images\sentinel2_patch_00071.png,71,jpeg2000_rate_20,0.9230769230769231,39086,32.21834531469284,786432,1.0,1.0,97.69230769230771,0.9865423636522673
95.04356384277344,20.17578696221042,0.8532239198684692,datasets\sentinel2_500_patch\images\sentinel2_patch_00071.png,71,ccsds_wavelet_proxy_q24,0.7692307692307693,38979,26.058777845717707,786432,0.7889217531594515,0.8697165846824646,82.48942909690568,0.9550574745312064
95.03008524576822,20.121069463988743,0.9908642172813416,datasets\sentinel2_500_patch\images\sentinel2_patch_00072.png,72,jpeg2000_rate_20,0.9230769230769231,39085,32.27666839173476,786432,1.0,0.9930245876312256,97.18736813618588,0.9864421705036823
95.09023030598959,20.367554128250283,0.8834856152534485,datasets\sentinel2_500_patch\images\sentinel2_patch_00072.png,72,ccsds_wavelet_proxy_q24,0.6923076923076923,38612,26.04277370692346,786432,0.8225671579387478,0.8974226117134094,82.2827791930244,0.9543675705925491
95.03389994303384,20.136525412879273,0.9805586934089661,datasets\sentinel2_500_patch\images\sentinel2_patch_00073.png,73,jpeg2000_rate_20,1.0,39055,33.6608131325949,786432,0.9751468594667871,0.9898850321769714,98.77151697456596,0.9857075465615075
95.98299662272134,24.894178721787853,0.8740869164466858,datasets\sentinel2_500_patch\images\sentinel2_patch_00073.png,73,ccsds_wavelet_proxy_q24,1.0,31591,26.591532505790823,786432,0.6717690917306823,0.8912352919578552,89.50587341433138,0.9431273272799187
95.00567118326822,20.02271049214553,0.9692092537879944,datasets\sentinel2_500_patch\images\sentinel2_patch_00074.png,74,jpeg2000_rate_20,1.0,39277,32.7898870861478,786432,0.9297670666532217,0.9951419830322266,97.96888047869655,0.9778191843841197
96.36154174804688,27.484168588802685,0.9169930219650269,datasets\sentinel2_500_patch\images\sentinel2_patch_00074.png,74,ccsds_wavelet_proxy_q24,0.6,28614,26.295878700668393,786432,0.7466975899969749,0.9198393225669861,80.54348322991055,0.9177839259337545
95.00872294108072,20.034952742465546,0.9706568121910095,datasets\sentinel2_500_patch\images\sentinel2_patch_00075.png,75,jpeg2000_rate_20,0.8823529411764706,39253,31.651887975857722,786432,0.9596955042638556,0.9944950938224792,94.78371764202265,0.9831878195665424
95.20924886067709,20.87355345578087,0.8265359997749329,datasets\sentinel2_500_patch\images\sentinel2_patch_00075.png,75,ccsds_wavelet_proxy_q24,1.0,37676,25.667979714951098,786432,0.7307440008542967,0.8623547554016113,87.61597510757252,0.9438023764437549
95.02588907877603,20.104095301395777,1.0,datasets\sentinel2_500_patch\images\sentinel2_patch_00076.png,76,jpeg2000_rate_20,0.9722222222222222,39118,32.037397331988295,786432,1.0,1.0,99.16666666666669,0.9822830888618727
95.17771402994791,20.73705305347537,0.8905309438705444,datasets\sentinel2_500_patch\images\sentinel2_patch_00076.png,76,ccsds_wavelet_proxy_q24,0.4722222222222222,37924,25.726768125410445,786432,0.5475247183656595,0.9103963971138,73.47107954742104,0.9402524680119916
95.00350952148438,20.014047946251335,0.997508704662323,datasets\sentinel2_500_patch\images\sentinel2_patch_00077.png,77,jpeg2000_rate_20,0.9166666666666666,39294,32.17321315960327,786432,1.0,1.0,97.40034818649293,0.9844139560099298
95.27015686035156,21.142350189531413,0.8202834725379944,datasets\sentinel2_500_patch\images\sentinel2_patch_00077.png,77,ccsds_wavelet_proxy_q24,0.7916666666666666,37197,25.79086802707943,786432,0.5417099522127571,0.8429784178733826,78.83800678111501,0.9455375610545657
95.03148396809897,20.12673388954292,0.9123224020004272,datasets\sentinel2_500_patch\images\sentinel2_patch_00078.png,78,jpeg2000_rate_20,1.0,39074,32.328843541413335,786432,0.8113942832917543,0.9248334169387817,93.10350725171027,0.987409753309244
95.20772298177084,20.866907238378264,0.7807216048240662,datasets\sentinel2_500_patch\images\sentinel2_patch_00078.png,78,ccsds_wavelet_proxy_q24,0.85,37688,25.807670381125803,786432,0.452216732703941,0.8000479340553284,77.25199020110864,0.9550547997391196
95.00287373860678,20.011501564925315,0.9917761087417603,datasets\sentinel2_500_patch\images\sentinel2_patch_00079.png,79,jpeg2000_rate_20,0.8571428571428571,39299,31.403832961254313,786432,0.9793860050657633,0.9967309832572937,95.11380977975965,0.9890221793584338
94.13731892903647,17.057042467357828,0.8469284772872925,datasets\sentinel2_500_patch\images\sentinel2_patch_00079.png,79,ccsds_wavelet_proxy_q24,0.7142857142857143,46106,25.377628541607574,786432,0.44249137904727026,0.8532444834709167,76.79551397995418,0.9651187057631461
95.00783284505209,20.03138053998981,0.9832314252853394,datasets\sentinel2_500_patch\images\sentinel2_patch_00080.png,80,jpeg2000_rate_20,0.9285714285714286,39260,31.72657947442044,786432,0.9470897034444649,0.9853073358535767,96.36344362007263,0.982751471362078
95.30499776204428,21.29924437342578,0.8787275552749634,datasets\sentinel2_500_patch\images\sentinel2_patch_00080.png,80,ccsds_wavelet_proxy_q24,0.8571428571428571,36923,25.52657275520111,786432,0.797384417019709,0.9012631177902222,86.8624944512858,0.9427053162695743
94.99855041503906,19.994203340706278,0.9730550050735474,datasets\sentinel2_500_patch\images\sentinel2_patch_00081.png,81,jpeg2000_rate_20,0.9333333333333333,39333,32.880769486261954,786432,0.9161122021279714,0.9830803275108337,95.74492877443829,0.986017876929885
95.61653137207031,22.81298407449308,0.8351855874061584,datasets\sentinel2_500_patch\images\sentinel2_patch_00081.png,81,ccsds_wavelet_proxy_q24,0.5333333333333333,34473,26.070181855152725,786432,0.4259460093208664,0.8450254797935486,70.56739318532598,0.947431217430089
95.03364562988281,20.135494277594287,0.98944091796875,datasets\sentinel2_500_patch\images\sentinel2_patch_00082.png,82,jpeg2000_rate_20,1.0,39057,32.17891141054721,786432,0.9754299754299754,1.0,99.33193647304978,0.9891116416864725
94.72058614095053,18.941496664177848,0.9200711846351624,datasets\sentinel2_500_patch\images\sentinel2_patch_00082.png,82,ccsds_wavelet_proxy_q24,0.9166666666666666,41519,25.745752970264316,786432,0.8409032409032409,0.9357842206954956,91.42756420834883,0.961868837587336
95.00083923339844,20.003357497138495,1.0,datasets\sentinel2_500_patch\images\sentinel2_patch_00083.png,83,jpeg2000_rate_20,0.9642857142857143,39315,29.854936705272188,786432,1.0,1.0,98.92857142857144,0.9849784273604091
92.70820617675781,13.714046560292964,0.9236735701560974,datasets\sentinel2_500_patch\images\sentinel2_patch_00083.png,83,ccsds_wavelet_proxy_q24,1.0,57345,24.96285265238338,786432,0.9510690271726813,0.9447504281997681,95.3526416419661,0.9588356112432478
95.01520792643228,20.061017295035967,1.0,datasets\sentinel2_500_patch\images\sentinel2_patch_00084.png,84,jpeg2000_rate_20,1.0,39202,30.052120249465766,786432,1.0,1.0,100.0,0.986127125679661
93.00333658854166,14.292526897353882,0.9321547150611877,datasets\sentinel2_500_patch\images\sentinel2_patch_00084.png,84,ccsds_wavelet_proxy_q24,1.0,55024,25.036960721264364,786432,0.8810780063942882,0.9485044479370117,95.06705762513064,0.9608857498633345
95.00834147135416,20.033421642551456,1.0,datasets\sentinel2_500_patch\images\sentinel2_patch_00085.png,85,jpeg2000_rate_20,1.0,39256,30.157752169084265,786432,1.0,1.0,100.0,0.9889241337922254
92.84998575846353,13.98598612840121,0.9050790071487427,datasets\sentinel2_500_patch\images\sentinel2_patch_00085.png,85,ccsds_wavelet_proxy_q24,0.8518518518518519,56230,25.113229866886297,786432,0.7663789267598113,0.9245447516441345,87.91340014198607,0.9684640806428313
94.99804178873697,19.992170221420036,0.9987637996673584,datasets\sentinel2_500_patch\images\sentinel2_patch_00086.png,86,jpeg2000_rate_20,1.0,39337,29.63665558678921,786432,1.0,1.0,99.95055198669436,0.9914068208939725
91.91919962565103,12.37501180173092,0.9203498363494873,datasets\sentinel2_500_patch\images\sentinel2_patch_00086.png,86,ccsds_wavelet_proxy_q24,0.9090909090909091,63550,25.00932658145192,786432,0.83856201171875,0.9422812461853027,91.31796576760034,0.9771036472063303
94.99918619791666,19.996745321399512,1.0,datasets\sentinel2_500_patch\images\sentinel2_patch_00087.png,87,jpeg2000_rate_20,1.0,39328,29.68291950465238,786432,1.0,1.0,100.0,0.9857158692857982
92.68633524576822,13.673035798111863,0.9780654311180115,datasets\sentinel2_500_patch\images\sentinel2_patch_00087.png,87,ccsds_wavelet_proxy_q24,0.9047619047619048,57517,24.777555370728315,786432,0.9381741694232705,0.9826184511184692,95.29958510417971,0.9612724108102939
95.01113891601562,20.044655146046797,0.9632014036178589,datasets\sentinel2_500_patch\images\sentinel2_patch_00088.png,88,jpeg2000_rate_20,1.0,39234,30.754162510367507,786432,0.9159530349544891,0.9749214053153992,97.18601460056723,0.9884142750689744
93.28804016113281,14.898778061949418,0.9146305918693542,datasets\sentinel2_500_patch\images\sentinel2_patch_00088.png,88,ccsds_wavelet_proxy_q24,0.9583333333333334,52785,25.32909959974394,786432,0.8945171540905908,0.946617841720581,93.21275205009172,0.9645511960491883
95.00617980957031,20.024749828126193,1.0,datasets\sentinel2_500_patch\images\sentinel2_patch_00089.png,89,jpeg2000_rate_20,0.8235294117647058,39273,30.51818872800762,786432,1.0,1.0,94.70588235294119,0.9909989791243193
92.71901448567709,13.73440447083479,0.8241236209869385,datasets\sentinel2_500_patch\images\sentinel2_patch_00089.png,89,ccsds_wavelet_proxy_q24,1.0,57260,25.365301030770745,786432,0.6897088353413655,0.8561148047447205,86.98432928778563,0.9742957656688869
95.03491719563803,20.140651010320894,1.0,datasets\sentinel2_500_patch\images\sentinel2_patch_00090.png,90,jpeg2000_rate_20,1.0,39047,37.83750243513389,786432,1.0,1.0,100.0,0.9759255426433683
98.63573710123697,73.29965514027403,0.9465709328651428,datasets\sentinel2_500_patch\images\sentinel2_patch_00090.png,90,ccsds_wavelet_proxy_q24,0.0,10729,28.593858658957522,786432,1.0,0.9447376132011414,66.75758957862855,0.8406948260434202
95.00274658203125,20.010992366412214,1.0,datasets\sentinel2_500_patch\images\sentinel2_patch_00091.png,91,jpeg2000_rate_20,1.0,39300,37.21257439710401,786432,1.0,1.0,100.0,0.9768535031028558
97.83401489257812,46.16836914406481,0.8780220746994019,datasets\sentinel2_500_patch\images\sentinel2_patch_00091.png,91,ccsds_wavelet_proxy_q24,1.0,17034,28.016655299483965,786432,1.0,0.859000563621521,92.30089426040652,0.8667215381694698
95.00885009765625,20.03546316111281,1.0,datasets\sentinel2_500_patch\images\sentinel2_patch_00092.png,92,jpeg2000_rate_20,1.0,39252,36.76893991305308,786432,0.9755102040816327,1.0,99.75510204081635,0.9766562162160426
97.70456949869791,43.56481276312874,0.916066586971283,datasets\sentinel2_500_patch\images\sentinel2_patch_00092.png,92,ccsds_wavelet_proxy_q24,1.0,18052,28.05061007730516,786432,1.0,0.906478226184845,94.77222800254823,0.8684111980128691
95.00033060709634,20.00132251583204,1.0,datasets\sentinel2_500_patch\images\sentinel2_patch_00093.png,93,jpeg2000_rate_20,0.0,39319,36.34445876952253,786432,1.0,1.0,70.0,0.9722961876118693
98.04954528808594,51.27009583414825,1.0,datasets\sentinel2_500_patch\images\sentinel2_patch_00093.png,93,ccsds_wavelet_proxy_q24,1.0,15339,27.855712723128697,786432,1.0,1.0,100.0,0.8421358432755651
94.99893188476562,19.995728451563693,0.986211359500885,datasets\sentinel2_500_patch\images\sentinel2_patch_00094.png,94,jpeg2000_rate_20,1.0,39330,36.13715160545836,786432,1.0,0.9865098595619202,99.17865157127382,0.9734245088268954
97.97401428222656,49.358689512332894,1.0,datasets\sentinel2_500_patch\images\sentinel2_patch_00094.png,94,ccsds_wavelet_proxy_q24,1.0,15933,27.7051018355152,786432,1.0,1.0,100.0,0.8495326225350287
94.99956766764322,19.998270820089,1.0,datasets\sentinel2_500_patch\images\sentinel2_patch_00095.png,95,jpeg2000_rate_20,1.0,39325,37.11997183973929,786432,1.0,0.9995835423469543,99.9916708469391,0.9760162087380498
97.8515625,46.54545454545455,0.8048984408378601,datasets\sentinel2_500_patch\images\sentinel2_patch_00095.png,95,ccsds_wavelet_proxy_q24,0.0,16896,27.96956004139739,786432,1.0,0.7825343608856201,57.846624851226814,0.8572463257623006
95.0140635172526,20.05641274132259,1.0,datasets\sentinel2_500_patch\images\sentinel2_patch_00096.png,96,jpeg2000_rate_20,1.0,39211,37.1602289328547,786432,1.0,1.0,100.0,0.9746387101273085
98.25312296549478,57.24501383025186,0.6870809197425842,datasets\sentinel2_500_patch\images\sentinel2_patch_00096.png,96,ccsds_wavelet_proxy_q24,0.0,13738,28.25465995402315,786432,0.45714285714285713,0.6916579604148865,45.88782456942968,0.8448836438014514
95.0280507405599,20.11283598884939,1.0,datasets\sentinel2_500_patch\images\sentinel2_patch_00097.png,97,jpeg2000_rate_20,1.0,39101,37.04609886530954,786432,1.0,1.0,100.0,0.9728389392865494
98.37697347005209,61.61328737073018,0.703888475894928,datasets\sentinel2_500_patch\images\sentinel2_patch_00097.png,97,ccsds_wavelet_proxy_q24,0.0,12764,28.173312871251316,786432,0.4015444015444015,0.728630006313324,46.74358317750762,0.8337006740020607
95.0079600016276,20.031890776637205,0.9599659442901611,datasets\sentinel2_500_patch\images\sentinel2_patch_00098.png,98,jpeg2000_rate_20,0.9629629629629629,39259,27.982539622997876,786432,0.8253645471679397,0.9673728346824646,94.88862882582403,0.9787787449755676
90.74223836263022,10.801747108754773,0.9307426810264587,datasets\sentinel2_500_patch\images\sentinel2_patch_00098.png,98,ccsds_wavelet_proxy_q24,0.8518518518518519,72806,24.56116175352088,786432,0.810336276163079,0.9455323219299316,89.79927199684334,0.9596310333599111
94.99918619791666,19.996745321399512,1.0,datasets\sentinel2_500_patch\images\sentinel2_patch_00099.png,99,jpeg2000_rate_20,1.0,39328,27.32893447087389,786432,1.0,1.0,100.0,0.9766705256494373
89.7698720296224,9.775048786247872,0.952335000038147,datasets\sentinel2_500_patch\images\sentinel2_patch_00099.png,99,ccsds_wavelet_proxy_q24,0.75,80453,24.73631588490011,786432,0.911760356592095,0.9655115008354187,89.02123358415521,0.9650037533976908
95.01495361328125,20.059993878175696,0.9671920537948608,datasets\sentinel2_500_patch\images\sentinel2_patch_00100.png,100,jpeg2000_rate_20,0.6666666666666666,39204,27.120098581526722,786432,0.8163339603179419,0.9655005931854248,86.16103361868235,0.972688984150267
89.63750203450522,9.650182835546175,0.9862189292907715,datasets\sentinel2_500_patch\images\sentinel2_patch_00100.png,100,ccsds_wavelet_proxy_q24,0.625,81494,24.39094122947067,786432,0.9709665675626479,0.9702434539794922,87.31329192684719,0.957424219753543
95.00541687011719,20.02169097991293,0.9831772446632385,datasets\sentinel2_500_patch\images\sentinel2_patch_00101.png,101,jpeg2000_rate_20,0.9310344827586207,39279,26.478405100125446,786432,0.9271847214184248,0.9984784126281738,96.4995397360359,0.9743721997970096
88.71510823567709,8.861405327443999,0.9451291561126709,datasets\sentinel2_500_patch\images\sentinel2_patch_00101.png,101,ccsds_wavelet_proxy_q24,0.5172413793103449,88748,24.006908299126817,786432,0.8207765560056821,0.9391952753067017,80.31407869000805,0.9624879576521227
95.03300984700522,20.132916901336337,0.9971720576286316,datasets\sentinel2_500_patch\images\sentinel2_patch_00102.png,102,jpeg2000_rate_20,0.88,39062,26.275941376257748,786432,0.9755446762105849,1.0,96.04232906725115,0.9745850810296377
88.39988708496094,8.620605741721201,0.9061358571052551,datasets\sentinel2_500_patch\images\sentinel2_patch_00102.png,102,ccsds_wavelet_proxy_q24,0.68,91227,23.942238350759823,786432,0.7154226316155827,0.9164261221885681,82.12818304413742,0.9645683050397945
95.02766927083334,20.111292962356792,1.0,datasets\sentinel2_500_patch\images\sentinel2_patch_00103.png,103,jpeg2000_rate_20,0.85,39104,27.2887970990125,786432,1.0,1.0,95.5,0.9780827693336157
89.62936401367188,9.64261016699772,0.9577794671058655,datasets\sentinel2_500_patch\images\sentinel2_patch_00103.png,103,ccsds_wavelet_proxy_q24,0.6,81558,24.63718190478696,786432,0.9144778618022282,0.9652244448661804,84.76044619958053,0.9660045677558805
95.0188954671224,20.075868582952545,1.0,datasets\sentinel2_500_patch\images\sentinel2_patch_00104.png,104,jpeg2000_rate_20,0.8275862068965517,39173,27.363642015473868,786432,0.9897094982242054,1.0,94.72468118913862,0.9763082108214161
89.89423116048178,9.895338156653036,0.9546647071838379,datasets\sentinel2_500_patch\images\sentinel2_patch_00104.png,104,ccsds_wavelet_proxy_q24,0.7241379310344828,79475,24.390848516285647,786432,0.8612755365327991,0.9460513591766357,87.44450876724872,0.960373691163878
95.0097401936849,20.039036819977067,0.990204930305481,datasets\sentinel2_500_patch\images\sentinel2_patch_00105.png,105,jpeg2000_rate_20,1.0,39245,27.169330205255854,786432,0.9402740846798936,0.9995323419570923,99.00158489816003,0.9759923896529658
89.73922729492188,9.74585471038739,0.9545788764953613,datasets\sentinel2_500_patch\images\sentinel2_patch_00105.png,105,ccsds_wavelet_proxy_q24,0.7272727272727273,80694,24.196276168516214,786432,0.9204336265084885,0.9675086140632629,88.55584542434643,0.9603138352728732
94.99969482421875,19.99877937137626,0.9758768081665039,datasets\sentinel2_500_patch\images\sentinel2_patch_00106.png,106,jpeg2000_rate_20,1.0,39324,36.68187049583138,786432,0.8938053097345132,0.9781712293624878,97.53655001125506,0.9792222332118363
98.26253255208334,57.55503512880562,0.773666262626648,datasets\sentinel2_500_patch\images\sentinel2_patch_00106.png,106,ccsds_wavelet_proxy_q24,0.0,13664,27.96676163592356,786432,0.7168141592920354,0.7724997401237488,53.56478690046126,0.8725859870017201
95.00656127929688,20.02627960275019,0.9956653118133545,datasets\sentinel2_500_patch\images\sentinel2_patch_00107.png,107,jpeg2000_rate_20,1.0,39270,34.843197820122946,786432,0.9013452914798207,0.9804059267044067,98.44818392142054,0.9763728819121454
96.36828104654947,27.535170337173067,0.7170477509498596,datasets\sentinel2_500_patch\images\sentinel2_patch_00107.png,107,ccsds_wavelet_proxy_q24,0.0,28561,26.89891258067587,786432,0.9118086696562033,0.709078848361969,51.9815737017958,0.8950398474455046
95.01215616861978,20.048743180543518,0.9868180155754089,datasets\sentinel2_500_patch\images\sentinel2_patch_00108.png,108,jpeg2000_rate_20,1.0,39226,36.117566586157544,786432,0.9913370998116761,0.9748042225837708,98.88217607280856,0.9868816816931943
97.49654134114584,39.94473791141812,0.8437867164611816,datasets\sentinel2_500_patch\images\sentinel2_patch_00108.png,108,ccsds_wavelet_proxy_q24,1.0,19688,27.395085520075032,786432,1.0,0.841152012348175,90.57450890541078,0.9249689538450955
95.01368204752603,20.05487835976947,0.991130530834198,datasets\sentinel2_500_patch\images\sentinel2_patch_00109.png,109,jpeg2000_rate_20,0.875,39214,36.515132572760656,786432,1.0,0.9933255314826965,95.76173186302186,0.9893411158932545
97.68689473470053,43.231927876422404,0.7674064636230469,datasets\sentinel2_500_patch\images\sentinel2_patch_00109.png,109,ccsds_wavelet_proxy_q24,0.375,18191,27.67407108518057,786432,0.9664827586206897,0.7767854928970337,67.14679598906945,0.9401251503149272
95.00439961751303,20.017613968997377,0.9944583773612976,datasets\sentinel2_500_patch\images\sentinel2_patch_00110.png,110,jpeg2000_rate_20,1.0,39287,36.49357326745337,786432,0.9993868792152054,0.9933268427848816,99.63874074230161,0.9886623372787615
97.67494201660156,43.00968006562756,0.7029074430465698,datasets\sentinel2_500_patch\images\sentinel2_patch_00110.png,110,ccsds_wavelet_proxy_q24,0.4,18285,27.675450179529864,786432,0.871704475781729,0.7041774988174438,62.91689245602898,0.936354535405521
95.00503540039062,20.020161906216586,0.979136049747467,datasets\sentinel2_500_patch\images\sentinel2_patch_00111.png,111,jpeg2000_rate_20,1.0,39282,37.22158236167232,786432,0.9549180327868853,0.9818105697631836,98.35083371303122,0.9829497024555943
97.50111897786459,40.01791166293507,0.964474081993103,datasets\sentinel2_500_patch\images\sentinel2_patch_00111.png,111,ccsds_wavelet_proxy_q24,1.0,19652,27.846912781107815,786432,1.0,0.9318302869796753,97.21556901931764,0.8999545624911688
94.9981689453125,19.99267846247712,1.0,datasets\sentinel2_500_patch\images\sentinel2_patch_00112.png,112,jpeg2000_rate_20,1.0,39336,37.29285494369394,786432,0.9114754098360656,1.0,99.11475409836068,0.9807845477383988
98.20810953776041,55.806982685211466,0.8847673535346985,datasets\sentinel2_500_patch\images\sentinel2_patch_00112.png,112,ccsds_wavelet_proxy_q24,1.0,14092,28.071466174111478,786432,1.0,0.9062920212745667,93.51653456687929,0.8773695282431276
94.9981689453125,19.99267846247712,0.9778913259506226,datasets\sentinel2_500_patch\images\sentinel2_patch_00113.png,113,jpeg2000_rate_20,1.0,39336,35.931943775770236,786432,1.0,0.9724871516227722,98.56539607048036,0.9742616258579282
97.67672220865884,43.04263587105249,0.8611533641815186,datasets\sentinel2_500_patch\images\sentinel2_patch_00113.png,113,ccsds_wavelet_proxy_q24,1.0,18271,27.458686270879046,786432,1.0,0.8501653671264648,91.44944190979007,0.8600492291188778
95.02372741699219,20.09536220774243,0.9445138573646545,datasets\sentinel2_500_patch\images\sentinel2_patch_00114.png,114,jpeg2000_rate_20,0.88,39135,28.259219503420333,786432,0.7326474526108097,0.9445280432701111,90.39758968609652,0.9848262416379853
90.83875020345053,10.915541243910225,0.9436631798744202,datasets\sentinel2_500_patch\images\sentinel2_patch_00114.png,114,ccsds_wavelet_proxy_q24,0.72,72047,24.545655034242955,786432,0.8789725882601649,0.9399203658103943,86.93466039378636,0.9676495532632933
95.00020345052084,20.00081383519837,0.9842119216918945,datasets\sentinel2_500_patch\images\sentinel2_patch_00115.png,115,jpeg2000_rate_20,0.6666666666666666,39320,27.18750604032842,786432,0.8925375636538905,0.986986517906189,88.03358286233849,0.9800026970773824
89.39692179361978,9.431223466769001,0.9853211641311646,datasets\sentinel2_500_patch\images\sentinel2_patch_00115.png,115,ccsds_wavelet_proxy_q24,0.5833333333333334,83386,24.622429862872764,786432,1.0,0.9923121333122253,86.7590892314911,0.9704359129630302
95.00147501627603,20.005901806156196,0.9954549670219421,datasets\sentinel2_500_patch\images\sentinel2_patch_00116.png,116,jpeg2000_rate_20,0.9166666666666666,39310,28.140562931632132,786432,0.9616921187803739,0.9991275072097778,96.917670012877,0.9851106022045273
90.53522745768228,10.565494263374264,0.9125886559486389,datasets\sentinel2_500_patch\images\sentinel2_patch_00116.png,116,ccsds_wavelet_proxy_q24,0.5,74434,24.700349958615515,786432,0.7145154874526556,0.9304829835891724,77.25836078425557,0.9721704325382651
95.00961303710938,20.038526219232534,0.9784805178642273,datasets\sentinel2_500_patch\images\sentinel2_patch_00117.png,117,jpeg2000_rate_20,1.0,39246,28.46413636718902,786432,0.9216184791876598,0.9841290712356567,98.03798693115885,0.9860429658975726
91.00761413574219,11.120519238111399,0.8881551027297974,datasets\sentinel2_500_patch\images\sentinel2_patch_00117.png,117,ccsds_wavelet_proxy_q24,0.7619047619047619,70719,24.879127631510624,786432,0.6506782419967444,0.9072825312614441,83.03578001153109,0.9730168332174854
94.99842325846353,19.99369502211827,0.9749905467033386,datasets\sentinel2_500_patch\images\sentinel2_patch_00118.png,118,jpeg2000_rate_20,1.0,39334,28.422174749955737,786432,0.8982643655618748,0.9796880483627319,97.57602649100696,0.9858763266772033
90.9338633219401,11.030056522531872,0.8867770433425903,datasets\sentinel2_500_patch\images\sentinel2_patch_00118.png,118,ccsds_wavelet_proxy_q24,0.42857142857142855,71299,24.864047588879835,786432,0.6616820291560437,0.9061316847801208,73.06767857800934,0.9726022426110638
95.00948588053384,20.038015644507862,0.9476054310798645,datasets\sentinel2_500_patch\images\sentinel2_patch_00119.png,119,jpeg2000_rate_20,0.9615384615384616,39247,28.96861667461147,786432,0.8078161391971503,0.9626097083091736,94.08072664750343,0.9826817404949346
91.47262573242188,11.72693925024604,0.9886732697486877,datasets\sentinel2_500_patch\images\sentinel2_patch_00119.png,119,ccsds_wavelet_proxy_q24,0.6153846153846154,67062,25.184550868052522,786432,1.0,0.9778307676315308,87.56508460411659,0.9651195266898027
95.00300089518228,20.01201078935315,0.9715318083763123,datasets\sentinel2_500_patch\images\sentinel2_patch_00120.png,120,jpeg2000_rate_20,0.8275862068965517,39298,29.104274246070755,786432,0.8850299401197604,0.9822867512702942,92.18489296855255,0.9843848275212548
91.6601816813151,11.990668882552946,0.9535494446754456,datasets\sentinel2_500_patch\images\sentinel2_patch_00120.png,120,ccsds_wavelet_proxy_q24,0.5862068965517241,65587,24.98300597640796,786432,1.0,0.9643983840942383,85.01615236545432,0.9649819470610245
95.02207438151041,20.088689077347503,0.9905102252960205,datasets\sentinel2_500_patch\images\sentinel2_patch_00121.png,121,jpeg2000_rate_20,1.0,39148,27.723079961477026,786432,0.9282412973204028,0.9952340722084045,98.80750342921296,0.978631913789607
90.1031494140625,10.104224483502929,0.9386528730392456,datasets\sentinel2_500_patch\images\sentinel2_patch_00121.png,121,ccsds_wavelet_proxy_q24,0.6190476190476191,77832,24.57197718883696,786432,0.9842643797921509,0.9495522975921631,84.9512332427632,0.9624766334640061
95.01749674479166,20.070232748060434,0.9062025547027588,datasets\sentinel2_500_patch\images\sentinel2_patch_00122.png,122,jpeg2000_rate_20,0.8181818181818182,39184,35.72154243154729,786432,0.5529608006672226,0.9132026433944702,84.58721760812654,0.9680293337468262
98.36082458496094,61.00628345357226,0.8767322301864624,datasets\sentinel2_500_patch\images\sentinel2_patch_00122.png,122,ccsds_wavelet_proxy_q24,0.6363636363636364,12891,27.368370850920503,786432,0.40950792326939117,0.8837468028068542,75.93021358719861,0.8272803728260683
95.01266479492188,20.050787823160473,0.9628623723983765,datasets\sentinel2_500_patch\images\sentinel2_patch_00123.png,123,jpeg2000_rate_20,0.8421052631578947,39222,35.18832319126952,786432,0.7848761408083442,0.9658030867576599,90.94247593390857,0.9703937815694283
98.02869160970053,50.727730116751594,0.7402082681655884,datasets\sentinel2_500_patch\images\sentinel2_patch_00123.png,123,ccsds_wavelet_proxy_q24,0.21052631578947367,15503,27.032732157963718,786432,0.27249022164276404,0.7650194764137268,53.94941194500993,0.847737799245888
95.01088460286459,20.04363339789989,0.9636427164077759,datasets\sentinel2_500_patch\images\sentinel2_patch_00124.png,124,jpeg2000_rate_20,1.0,39236,35.7479909846578,786432,0.8449146429430151,0.9673233032226562,96.34132115019433,0.967546712345364
98.40494791666666,62.69387755102041,0.6853623986244202,datasets\sentinel2_500_patch\images\sentinel2_patch_00124.png,124,ccsds_wavelet_proxy_q24,0.36363636363636365,12544,27.440766041134957,786432,0.11132483770137053,0.7024765610694885,53.48636645247121,0.8248940869973824
95.00236511230469,20.0094649263415,0.9370810389518738,datasets\sentinel2_500_patch\images\sentinel2_patch_00125.png,125,jpeg2000_rate_20,0.7142857142857143,39303,35.36823071668024,786432,0.6671099290780141,0.9385218620300293,84.35334951802713,0.9699553103833642
98.07141621907553,51.85151974681875,0.8630644679069519,datasets\sentinel2_500_patch\images\sentinel2_patch_00125.png,125,ccsds_wavelet_proxy_q24,0.5,15167,27.146633257534845,786432,0.46365248226950356,0.8823484182357788,71.80607190368869,0.8420046459882716
95.00376383463541,20.015066680240253,0.9443304538726807,datasets\sentinel2_500_patch\images\sentinel2_patch_00126.png,126,jpeg2000_rate_20,0.7777777777777778,39292,35.80610586698087,786432,0.6787878787878788,0.9479365348815918,86.8531609737512,0.9662802808090475
98.419189453125,63.25868725868726,0.8136173486709595,datasets\sentinel2_500_patch\images\sentinel2_patch_00126.png,126,ccsds_wavelet_proxy_q24,0.4444444444444444,12432,27.462078262339148,786432,0.2,0.8262211084365845,64.40244944890343,0.8166937439694738
95.00439961751303,20.017613968997377,0.9392933249473572,datasets\sentinel2_500_patch\images\sentinel2_patch_00127.png,127,jpeg2000_rate_20,0.7777777777777778,39287,26.63648537480198,786432,0.5849341613390501,0.9303300976753235,85.3610098981246,0.967663667516582
88.92402648925781,9.028551747890477,0.8707029819488525,datasets\sentinel2_500_patch\images\sentinel2_patch_00127.png,127,ccsds_wavelet_proxy_q24,0.2222222222222222,87105,23.961423838253744,786432,0.45749858862661924,0.8742028474807739,63.55382878050244,0.9519200577447419
95.00885009765625,20.03546316111281,0.9431920647621155,datasets\sentinel2_500_patch\images\sentinel2_patch_00128.png,128,jpeg2000_rate_20,1.0,39252,26.269020058741642,786432,0.7603759765625,0.9683030843734741,94.6975040435791,0.9699857516601654
88.36593627929688,8.595448881893894,0.8930519819259644,datasets\sentinel2_500_patch\images\sentinel2_patch_00128.png,128,ccsds_wavelet_proxy_q24,0.3333333333333333,91494,23.85974979642384,786432,0.5484466552734375,0.9028773307800293,69.26409244537355,0.9581587870477349
95.01444498697916,20.057947357682107,0.9974418878555298,datasets\sentinel2_500_patch\images\sentinel2_patch_00129.png,129,jpeg2000_rate_20,0.8,39208,26.67576213720161,786432,1.0,1.0,93.89767551422122,0.9675648886927923
89.02409871419272,9.110869111888597,0.9286741018295288,datasets\sentinel2_500_patch\images\sentinel2_patch_00129.png,129,ccsds_wavelet_proxy_q24,0.5,86318,24.012011567863194,786432,0.7480316162109375,0.9317127466201782,78.2615351676941,0.9521870289814823
95.00465393066406,20.018633066055745,0.9193862676620483,datasets\sentinel2_500_patch\images\sentinel2_patch_00130.png,130,jpeg2000_rate_20,1.0,39285,26.39593855094251,786432,0.5999206555075759,0.9377070069313049,91.52879740018382,0.9690786173844634
88.53975931803384,8.725820231451175,0.9128941297531128,datasets\sentinel2_500_patch\images\sentinel2_patch_00130.png,130,ccsds_wavelet_proxy_q24,0.25,90127,23.923097508067617,786432,0.7941925934968034,0.9382635354995728,70.72296183508402,0.9566795784726196
95.00986735026041,20.039547446743452,1.0,datasets\sentinel2_500_patch\images\sentinel2_patch_00131.png,131,jpeg2000_rate_20,1.0,39244,26.696457955493624,786432,0.9769138044158262,1.0,99.7691380441583,0.9660901778106183
89.04953002929688,9.132028147425626,0.909976601600647,datasets\sentinel2_500_patch\images\sentinel2_patch_00131.png,131,ccsds_wavelet_proxy_q24,0.4,86118,24.003064029139047,786432,0.648351312998764,0.9035122990608215,72.95282317522997,0.9499040878899037
94.99982198079428,19.99928794852885,0.9494968056678772,datasets\sentinel2_500_patch\images\sentinel2_patch_00132.png,132,jpeg2000_rate_20,0.8823529411764706,39323,27.62031258388989,786432,0.8103812900416745,0.9609890580177307,91.77405452278057,0.9674870886422203
90.79132080078125,10.859320629660315,0.9101876616477966,datasets\sentinel2_500_patch\images\sentinel2_patch_00132.png,132,ccsds_wavelet_proxy_q24,0.7941176470588235,72420,24.100050248236712,786432,0.7870249424643901,0.9254671335220337,86.61062797276115,0.9390721234187667
95.00007629394531,20.000305180437934,0.9912797212600708,datasets\sentinel2_500_patch\images\sentinel2_patch_00133.png,133,jpeg2000_rate_20,1.0,39321,26.463135351792108,786432,0.956437486648967,0.9955851435661316,99.12726658821515,0.9648189555766908
88.74181111653647,8.882423366238225,0.9501625895500183,datasets\sentinel2_500_patch\images\sentinel2_patch_00133.png,133,ccsds_wavelet_proxy_q24,0.8888888888888888,88538,23.86104131690349,786432,0.8799932863376972,0.9601376056671143,92.67585522538668,0.9507480408778046
95.00147501627603,20.005901806156196,0.9913573861122131,datasets\sentinel2_500_patch\images\sentinel2_patch_00134.png,134,jpeg2000_rate_20,0.9090909090909091,39310,26.33689588905572,786432,0.9562908902897369,0.9952730536460876,96.39539269303495,0.9702431178834855
88.45710754394531,8.663339832777025,0.9507743120193481,datasets\sentinel2_500_patch\images\sentinel2_patch_00134.png,134,ccsds_wavelet_proxy_q24,0.7272727272727273,90777,23.77339995748615,786432,0.9665122198580149,0.9615150690078735,88.74457787769339,0.9579543993447908
95.00236511230469,20.0094649263415,0.9596073627471924,datasets\sentinel2_500_patch\images\sentinel2_patch_00135.png,135,jpeg2000_rate_20,0.9523809523809523,39303,27.434943673673846,786432,0.9047473790678633,0.9715434908866882,95.43406668972867,0.9787338721853768
89.98438517252603,9.984409516796587,0.9022952318191528,datasets\sentinel2_500_patch\images\sentinel2_patch_00135.png,135,ccsds_wavelet_proxy_q24,0.42857142857142855,78766,24.098708976555805,786432,0.897827797132628,0.9409095048904419,76.74542019904409,0.9618235242083685
95.02245585123697,20.090228637118408,0.9716643691062927,datasets\sentinel2_500_patch\images\sentinel2_patch_00136.png,136,jpeg2000_rate_20,1.0,39145,25.079450068988546,786432,0.875213623046875,0.9783961772918701,97.18663454055788,0.9647144207996616
86.46329243977866,7.387320702255371,0.9484162330627441,datasets\sentinel2_500_patch\images\sentinel2_patch_00136.png,136,ccsds_wavelet_proxy_q24,0.75,106457,23.42286348453104,786432,0.9385223388671875,0.958964467048645,89.00116205215457,0.9606875227501865
95.0066884358724,20.02678957956658,0.9871959686279297,datasets\sentinel2_500_patch\images\sentinel2_patch_00137.png,137,jpeg2000_rate_20,0.9333333333333333,39269,26.763596485989464,786432,0.936127744510978,0.9891972541809082,96.63306127384514,0.9721462290683964
89.20466105143228,9.263257084972555,0.9513683319091797,datasets\sentinel2_500_patch\images\sentinel2_patch_00137.png,137,ccsds_wavelet_proxy_q24,0.8666666666666667,84898,23.844957209518117,786432,0.9388622754491018,0.9617303609848022,92.67796325055426,0.9562679878480247
95.01444498697916,20.057947357682107,0.9768418073654175,datasets\sentinel2_500_patch\images\sentinel2_patch_00138.png,138,jpeg2000_rate_20,0.6666666666666666,39208,25.4816156280801,786432,0.84185791015625,0.9711759090423584,86.91576957702638,0.9674392527747476
86.98997497558594,7.68638029614426,0.9314296245574951,datasets\sentinel2_500_patch\images\sentinel2_patch_00138.png,138,ccsds_wavelet_proxy_q24,0.16666666666666666,102315,23.449007616536854,786432,0.8177490234375,0.9271377325057983,68.97742986679079,0.9594663819245118
95.00007629394531,20.000305180437934,0.9627217650413513,datasets\sentinel2_500_patch\images\sentinel2_patch_00139.png,139,jpeg2000_rate_20,1.0,39321,26.48192561079538,786432,0.8325883486034623,0.9674999117851257,96.18475232339121,0.9681084060236863
88.88346354166666,8.995607613469986,0.9542142152786255,datasets\sentinel2_500_patch\images\sentinel2_patch_00139.png,139,ccsds_wavelet_proxy_q24,0.4117647058823529,87424,23.767724338362054,786432,0.9433729286543353,0.9619040489196777,79.19332005255254,0.9514400782533234
95.02944946289062,20.118495778971603,0.9267902970314026,datasets\sentinel2_500_patch\images\sentinel2_patch_00140.png,140,jpeg2000_rate_20,1.0,39090,34.605983039148754,786432,0.7476817959980478,0.925929605960846,93.06702196045352,0.961591288549448
98.32903544108072,59.845673845217256,0.7859703302383423,datasets\sentinel2_500_patch\images\sentinel2_patch_00140.png,140,ccsds_wavelet_proxy_q24,0.2608695652173913,13141,27.23423987571499,786432,0.6022449975597852,0.7966988682746887,61.22132750714707,0.8147632660510722
95.00885009765625,20.03546316111281,0.9940552711486816,datasets\sentinel2_500_patch\images\sentinel2_patch_00141.png,141,jpeg2000_rate_20,0.9090909090909091,39252,33.56963072243298,786432,1.0,0.9882227778434753,96.79939367554405,0.9603784909140904
97.49654134114584,39.94473791141812,0.814837634563446,datasets\sentinel2_500_patch\images\sentinel2_patch_00141.png,141,ccsds_wavelet_proxy_q24,0.2727272727272727,19688,26.77892805125035,786432,0.7917115177610333,0.8148366212844849,64.98917116765605,0.8244392863339159
95.01800537109375,20.07228177641654,0.9681645035743713,datasets\sentinel2_500_patch\images\sentinel2_patch_00142.png,142,jpeg2000_rate_20,0.7037037037037037,39180,33.37484844427099,786432,0.9244372990353698,0.9618539214134216,88.31914267270811,0.9647991189718059
97.29830423990884,37.01379018214336,0.8333373665809631,datasets\sentinel2_500_patch\images\sentinel2_patch_00142.png,142,ccsds_wavelet_proxy_q24,0.07407407407407407,21247,26.40801934890797,786432,1.0,0.8427210450172424,62.41013778580561,0.8486898688272658
95.02283732096353,20.09176843288539,1.0,datasets\sentinel2_500_patch\images\sentinel2_patch_00143.png,143,jpeg2000_rate_20,1.0,39142,34.854123763911765,786432,1.0,1.0,100.0,0.9758996771104794
98.02742004394531,50.69502997485979,0.8914017081260681,datasets\sentinel2_500_patch\images\sentinel2_patch_00143.png,143,ccsds_wavelet_proxy_q24,0.5714285714285714,15513,27.01907831347732,786432,1.0,0.8999894857406616,80.79871518271312,0.8740936752556006
95.01469930013022,20.058970565729734,0.9180905222892761,datasets\sentinel2_500_patch\images\sentinel2_patch_00144.png,144,jpeg2000_rate_20,0.75,39206,32.128306464553454,786432,0.668453018935334,0.9160637259483337,84.22942559989107,0.9590117649326796
96.7278798421224,30.561224886332724,0.7383045554161072,datasets\sentinel2_500_patch\images\sentinel2_patch_00144.png,144,ccsds_wavelet_proxy_q24,0.4166666666666667,25733,25.809716761627644,786432,0.4708824580207217,0.7489017248153687,61.719041293158895,0.842707452225247
95.03402709960938,20.13704102012598,0.9710941314697266,datasets\sentinel2_500_patch\images\sentinel2_patch_00145.png,145,jpeg2000_rate_20,0.782608695652174,39054,33.80822775343154,786432,1.0,0.9923555254936218,92.16913663822673,0.9656241268540864
97.82396952311197,45.95523870741542,0.8703476190567017,datasets\sentinel2_500_patch\images\sentinel2_patch_00145.png,145,ccsds_wavelet_proxy_q24,0.34782608695652173,17113,26.69951870914542,786432,1.0,0.874546468257904,72.7396167361218,0.8456528304236667
95.00020345052084,20.00081383519837,1.0,datasets\sentinel2_500_patch\images\sentinel2_patch_00146.png,146,jpeg2000_rate_20,1.0,39320,32.44634230105576,786432,1.0,1.0,100.0,0.9616399971901629
96.95688883463541,32.86110646832692,0.9192690849304199,datasets\sentinel2_500_patch\images\sentinel2_patch_00146.png,146,ccsds_wavelet_proxy_q24,0.8125,23932,25.799143893952127,786432,1.0,0.9079458117485046,89.3046796321869,0.8437556722948675
95.00821431477866,20.03291132791604,0.9863243699073792,datasets\sentinel2_500_patch\images\sentinel2_patch_00147.png,147,jpeg2000_rate_20,1.0,39257,33.84520083288344,786432,1.0,0.9844442009925842,99.14185881614686,0.961716185926702
97.93713887532553,48.47636072243112,0.6821393370628357,datasets\sentinel2_500_patch\images\sentinel2_patch_00147.png,147,ccsds_wavelet_proxy_q24,0.10344827586206896,16223,26.715762366897135,786432,0.30451127819548873,0.6802650094032288,47.039434728394966,0.824894716642613
95.01558939615884,20.062552616138166,0.9959213137626648,datasets\sentinel2_500_patch\images\sentinel2_patch_00148.png,148,jpeg2000_rate_20,0.95,39199,26.267517333248783,786432,1.0,1.0,98.33685255050662,0.9737316072357344
88.18817138671875,8.466089652499678,0.8796553611755371,datasets\sentinel2_500_patch\images\sentinel2_patch_00148.png,148,ccsds_wavelet_proxy_q24,0.65,92892,23.809650800687017,786432,0.7633711507293355,0.9047215580940247,80.41435711619536,0.9629249441342613
95.00300089518228,20.01201078935315,0.9585584998130798,datasets\sentinel2_500_patch\images\sentinel2_patch_00149.png,149,jpeg2000_rate_20,1.0,39298,28.076561065597005,786432,0.831365719523373,0.9694023728370667,96.04404464449827,0.977508410475931
90.62576293945312,10.667534792870514,0.9321969151496887,datasets\sentinel2_500_patch\images\sentinel2_patch_00149.png,149,ccsds_wavelet_proxy_q24,0.85,73722,24.033064648229843,786432,0.9880293308890926,0.968252420425415,92.03321832338679,0.951867125827797
95.00160217285156,20.00641074563077,0.9834322929382324,datasets\sentinel2_500_patch\images\sentinel2_patch_00150.png,150,jpeg2000_rate_20,1.0,39309,27.682838756019525,786432,0.9627177834062476,0.995903730392456,98.88254415944091,0.9776461627143008
90.08623758951822,10.086987750913872,0.922196090221405,datasets\sentinel2_500_patch\images\sentinel2_patch_00150.png,150,ccsds_wavelet_proxy_q24,1.0,77965,23.99681692067753,786432,0.8678716708880191,0.9173290729522705,93.91314177678181,0.9572077502092428
94.99918619791666,19.996745321399512,0.8985350131988525,datasets\sentinel2_500_patch\images\sentinel2_patch_00151.png,151,jpeg2000_rate_20,0.9047619047619048,39328,28.156270735315076,786432,0.6621551513671875,0.9137113094329834,87.9800353731428,0.9779199811532899
90.89380900065103,10.981539922361549,0.8429940342903137,datasets\sentinel2_500_patch\images\sentinel2_patch_00151.png,151,ccsds_wavelet_proxy_q24,0.9523809523809523,71614,24.210613464781705,786432,0.5709686279296875,0.8529212474822998,85.059301171984,0.9544795764035954
95.02067565917969,20.083046043055237,0.9398473501205444,datasets\sentinel2_500_patch\images\sentinel2_patch_00152.png,152,jpeg2000_rate_20,0.9583333333333334,39159,27.548430097065424,786432,0.876739501953125,0.965298056602478,94.41725015640262,0.983643292292663
89.61130777994791,9.625850673194615,0.8769258856773376,datasets\sentinel2_500_patch\images\sentinel2_patch_00152.png,152,ccsds_wavelet_proxy_q24,0.5833333333333334,81700,24.173154332641104,786432,0.789306640625,0.9020938277244568,78.51197838783266,0.9701609437247585
94.99791463216147,19.991662006202652,0.9079797863960266,datasets\sentinel2_500_patch\images\sentinel2_patch_00153.png,153,jpeg2000_rate_20,1.0,39338,25.909141044401217,786432,0.74053955078125,0.9408460259437561,92.5415074825287,0.9780091541269924
87.75889078776041,8.16919433248847,0.8796616196632385,datasets\sentinel2_500_patch\images\sentinel2_patch_00153.png,153,ccsds_wavelet_proxy_q24,0.5263157894736842,96268,23.98194852471896,786432,0.6921539306640625,0.9053916931152344,76.00531163968539,0.9729745573915649
95.02372741699219,20.09536220774243,0.9273003339767456,datasets\sentinel2_500_patch\images\sentinel2_patch_00154.png,154,jpeg2000_rate_20,1.0,39135,25.88106098797969,786432,0.7800750732421875,0.9547467231750488,93.98769855499269,0.9743038725499676
88.01371256510416,8.342866842060596,0.9024806618690491,datasets\sentinel2_500_patch\images\sentinel2_patch_00154.png,154,ccsds_wavelet_proxy_q24,0.8571428571428571,94264,23.968638714787353,786432,0.7810211181640625,0.9224691987037659,88.07310734476363,0.9686399534923316
95.00961303710938,20.038526219232534,0.9210751056671143,datasets\sentinel2_500_patch\images\sentinel2_patch_00155.png,155,jpeg2000_rate_20,0.9583333333333334,39246,29.803708873608564,786432,0.6289175294034791,0.9289572238922119,90.46132399856361,0.9698564279212685
93.62220764160156,15.679406663077936,0.8415940999984741,datasets\sentinel2_500_patch\images\sentinel2_patch_00155.png,155,ccsds_wavelet_proxy_q24,0.5833333333333334,50157,24.659013438842354,786432,0.7968166772307909,0.8503676652908325,76.13928407806354,0.9201595208396741
95.04852294921875,20.195993836671803,0.9172666668891907,datasets\sentinel2_500_patch\images\sentinel2_patch_00156.png,156,jpeg2000_rate_20,1.0,38940,31.458857521696963,786432,0.6027390180878553,0.9304293990135193,91.32664483671658,0.9734058533736765
95.62123616536459,22.83749564409339,0.8620339035987854,datasets\sentinel2_500_patch\images\sentinel2_patch_00156.png,156,ccsds_wavelet_proxy_q24,0.25925925925925924,34436,25.192378723672984,786432,0.6306459948320413,0.8863586783409119,66.29276743686785,0.9059306785934795
94.99791463216147,19.991662006202652,0.9418665170669556,datasets\sentinel2_500_patch\images\sentinel2_patch_00157.png,157,jpeg2000_rate_20,1.0,39338,31.05436289155316,786432,0.8061833105335158,0.9542056918144226,94.82060762430184,0.9734741975310685
95.2508290608724,21.056306728426463,0.835688591003418,datasets\sentinel2_500_patch\images\sentinel2_patch_00157.png,157,ccsds_wavelet_proxy_q24,0.3333333333333333,37349,25.04432721272023,786432,0.573296853625171,0.8540520071983337,66.24155232035511,0.9121880028894171
94.99982198079428,19.99928794852885,0.966690182685852,datasets\sentinel2_500_patch\images\sentinel2_patch_00158.png,158,jpeg2000_rate_20,1.0,39323,31.510378407858276,786432,0.9250991729980501,0.9712129235267639,97.34285750794987,0.9742185271710009
95.73084513346353,23.423839876094597,0.8428192734718323,datasets\sentinel2_500_patch\images\sentinel2_patch_00158.png,158,ccsds_wavelet_proxy_q24,1.0,33574,25.337062366532052,786432,0.4484636589793586,0.8529345393180847,85.2560983150286,0.9079139330324922
95.00007629394531,20.000305180437934,0.951698899269104,datasets\sentinel2_500_patch\images\sentinel2_patch_00159.png,159,jpeg2000_rate_20,1.0,39321,30.96196417724929,786432,0.8114913991842525,0.9566826820373535,95.31652360335376,0.9822120705490572
94.14151509602866,17.06925965315912,0.8269867897033691,datasets\sentinel2_500_patch\images\sentinel2_patch_00159.png,159,ccsds_wavelet_proxy_q24,0.7391304347826086,46073,25.074541315019687,786432,0.5478808299343856,0.8341094255447388,77.41438144185166,0.9454463568000311
95.00605265299478,20.024239955186637,1.0,datasets\sentinel2_500_patch\images\sentinel2_patch_00160.png,160,jpeg2000_rate_20,1.0,39274,29.1562581056162,786432,1.0,1.0,100.0,0.9752408589804982
92.45745340983072,13.258121617748706,0.9467411041259766,datasets\sentinel2_500_patch\images\sentinel2_patch_00160.png,160,ccsds_wavelet_proxy_q24,0.9090909090909091,59317,24.627309405447836,786432,1.0,0.9334996342658997,93.81236412308434,0.9423776449682912
95.00261942545572,20.01048319381186,0.9919602274894714,datasets\sentinel2_500_patch\images\sentinel2_patch_00161.png,161,jpeg2000_rate_20,1.0,39301,29.30304485159563,786432,1.0,1.0,99.67840909957889,0.9698222712418043
92.89296468098959,14.070564660416517,0.9591963291168213,datasets\sentinel2_500_patch\images\sentinel2_patch_00161.png,161,ccsds_wavelet_proxy_q24,0.7619047619047619,55892,24.666946715168425,786432,1.0,0.945095419883728,90.12690441949029,0.9291811056096201
95.01546223958334,20.06204081632653,0.9421842098236084,datasets\sentinel2_500_patch\images\sentinel2_patch_00162.png,162,jpeg2000_rate_20,1.0,39200,31.82920348892612,786432,0.8688561144204122,0.948549747467041,95.34692448648929,0.9779004431440077
95.76861063639322,23.63289960032455,0.7847630381584167,datasets\sentinel2_500_patch\images\sentinel2_patch_00162.png,162,ccsds_wavelet_proxy_q24,0.75,33277,25.363513226159455,786432,0.5147325836970025,0.7944238185882568,74.92632373507185,0.9187686430886759
95.04534403483072,20.18303605800077,0.8997042179107666,datasets\sentinel2_500_patch\images\sentinel2_patch_00163.png,163,jpeg2000_rate_20,0.8571428571428571,38965,31.056993173623827,786432,0.8068357311224904,0.9166562557220459,88.1039368563822,0.9768239421049818
94.67722574869791,18.78719541328237,0.7678378224372864,datasets\sentinel2_500_patch\images\sentinel2_patch_00163.png,163,ccsds_wavelet_proxy_q24,0.42857142857142855,41860,24.950448084114694,786432,0.5542753799886206,0.7773457169532776,64.6603238935861,0.9244864588407915
95.0171152750651,20.06869625130783,0.9474900364875793,datasets\sentinel2_500_patch\images\sentinel2_patch_00164.png,164,jpeg2000_rate_20,1.0,39187,32.85369736461228,786432,0.8169723845998791,0.9489330053329468,95.04798541216091,0.972590097278501
96.65565490722656,29.901220485913083,0.8001917004585266,datasets\sentinel2_500_patch\images\sentinel2_patch_00164.png,164,ccsds_wavelet_proxy_q24,0.9130434782608695,26301,26.052404508549635,786432,0.5122455150171337,0.8207309246063232,80.93604600846496,0.8805601103000827
95.01088460286459,20.04363339789989,0.9814961552619934,datasets\sentinel2_500_patch\images\sentinel2_patch_00165.png,165,jpeg2000_rate_20,0.9696969696969697,39236,33.03769022750894,786432,0.9487038664323374,0.9920738935470581,97.67927183665338,0.9700229771052279
96.88987731933594,32.15307248865448,0.8079063296318054,datasets\sentinel2_500_patch\images\sentinel2_patch_00165.png,165,ccsds_wavelet_proxy_q24,0.48484848484848486,24459,26.05938735522345,786432,0.445243848857645,0.822481632232666,67.76377886395655,0.8667051133714445
95.01673380533853,20.067159989793314,0.9448897838592529,datasets\sentinel2_500_patch\images\sentinel2_patch_00166.png,166,jpeg2000_rate_20,0.9166666666666666,39190,32.410328678043435,786432,0.8120543060888645,0.9575043320655823,92.56622105657041,0.9676237288856714
96.7529296875,30.796992481203006,0.8851003646850586,datasets\sentinel2_500_patch\images\sentinel2_patch_00166.png,166,ccsds_wavelet_proxy_q24,0.8055555555555556,25536,25.864960299215525,786432,0.6374794295117937,0.8975285291671753,83.89604613253046,0.8698640080551057
95.00999450683594,20.040058099533674,0.8910029530525208,datasets\sentinel2_500_patch\images\sentinel2_patch_00167.png,167,jpeg2000_rate_20,0.9090909090909091,39243,31.921093604757225,786432,0.837004880998661,0.9047684669494629,89.37826354380398,0.9850808728524006
95.17021179199219,20.70484163968091,0.7604523301124573,datasets\sentinel2_500_patch\images\sentinel2_patch_00167.png,167,ccsds_wavelet_proxy_q24,0.6363636363636364,37983,25.485651354233653,786432,0.6135804068938707,0.7666684985160828,70.97817633466775,0.9475621012573509
95.03135681152344,20.126218809980806,0.9391399621963501,datasets\sentinel2_500_patch\images\sentinel2_patch_00168.png,168,jpeg2000_rate_20,1.0,39075,31.937171593000624,786432,0.8812071421472819,0.947340190410614,95.32447371753912,0.9800162545144157
95.69091796875,23.206798866855525,0.8100311160087585,datasets\sentinel2_500_patch\images\sentinel2_patch_00168.png,168,ccsds_wavelet_proxy_q24,0.8095238095238095,33888,25.453297637710005,786432,0.5592142312916156,0.8094982504844666,78.46906624867013,0.9263945799436002
95.03555297851562,20.143230367296756,0.9544949531555176,datasets\sentinel2_500_patch\images\sentinel2_patch_00169.png,169,jpeg2000_rate_20,0.9523809523809523,39042,32.03265255243125,786432,0.9174933393798538,0.9631195068359375,95.18855022816656,0.9784550323111059
95.62581380208334,22.86139534883721,0.7963821887969971,datasets\sentinel2_500_patch\images\sentinel2_patch_00169.png,169,ccsds_wavelet_proxy_q24,0.9047619047619048,34400,25.4675550397992,786432,0.5424295674848365,0.8072500228881836,80.56744082734907,0.9172663743666637
94.99994913736978,19.99979655154875,0.9610863327980042,datasets\sentinel2_500_patch\images\sentinel2_patch_00170.png,170,jpeg2000_rate_20,1.0,39322,27.90746606639008,786432,0.9447479248046875,0.9801358580589294,97.49364972114564,0.9803259907358646
90.31117757161459,10.321171715050658,0.8772748708724976,datasets\sentinel2_500_patch\images\sentinel2_patch_00170.png,170,ccsds_wavelet_proxy_q24,0.5,76196,24.057574416143698,786432,0.8422088623046875,0.9140025973320007,76.7931354045868,0.9586857199337421
95.00592549641928,20.023730108211332,0.8998684287071228,datasets\sentinel2_500_patch\images\sentinel2_patch_00171.png,171,jpeg2000_rate_20,1.0,39275,27.408583012286606,786432,0.7282562255859375,0.9008886218070984,91.29507184028627,0.979775242583789
89.48898315429688,9.51382739348189,0.8324177861213684,datasets\sentinel2_500_patch\images\sentinel2_patch_00171.png,171,ccsds_wavelet_proxy_q24,0.6521739130434783,82662,24.01880658504978,786432,0.635345458984375,0.8438954949378967,76.0932933247608,0.9633017262506167
94.99956766764322,19.998270820089,0.9651994705200195,datasets\sentinel2_500_patch\images\sentinel2_patch_00172.png,172,jpeg2000_rate_20,0.9230769230769231,39325,29.041871261850293,786432,0.9131118403062619,0.9805265665054321,95.04193624627976,0.9772594799185567
91.99701944986978,12.495344624868919,0.8865917325019836,datasets\sentinel2_500_patch\images\sentinel2_patch_00172.png,172,ccsds_wavelet_proxy_q24,0.9615384615384616,62938,24.466758450859665,786432,0.7703035274815423,0.8911475539207458,89.83580949946355,0.9413483228689642
95.00020345052084,20.00081383519837,0.9700978994369507,datasets\sentinel2_500_patch\images\sentinel2_patch_00173.png,173,jpeg2000_rate_20,1.0,39320,29.178155547543106,786432,0.9911272309993647,1.0,98.71518828747169,0.9747129935864716
92.18864440917969,12.801875274698443,0.9179313778877258,datasets\sentinel2_500_patch\images\sentinel2_patch_00173.png,173,ccsds_wavelet_proxy_q24,0.8148148148148148,61431,24.41263525928005,786432,0.9439970492407942,0.9494009613990784,89.589689280343,0.9317293973446801
95.00465393066406,20.018633066055745,0.9822518825531006,datasets\sentinel2_500_patch\images\sentinel2_patch_00174.png,174,jpeg2000_rate_20,0.9629629629629629,39285,28.66878127410335,786432,0.954171259704013,0.997241199016571,97.66550076838449,0.9728799498321561
91.87571207682291,12.308771051148813,0.8583824634552002,datasets\sentinel2_500_patch\images\sentinel2_patch_00174.png,174,ccsds_wavelet_proxy_q24,0.8888888888888888,63892,24.29069274328333,786432,0.8463306517813167,0.9305375218391418,88.0760221594707,0.9341704344262484
95.01228332519531,20.04925430210325,0.8757144808769226,datasets\sentinel2_500_patch\images\sentinel2_patch_00175.png,175,jpeg2000_rate_20,1.0,39225,28.481133036018473,786432,0.810516357421875,0.8906726837158203,90.94719648361209,0.9868682598140261
90.85286458333334,10.932384341637011,0.8808689117431641,datasets\sentinel2_500_patch\images\sentinel2_patch_00175.png,175,ccsds_wavelet_proxy_q24,0.6,71936,24.42684751350906,786432,0.87725830078125,0.896877646446228,79.94489240646362,0.9718416920851884
95.01953125,20.07843137254902,0.926967203617096,datasets\sentinel2_500_patch\images\sentinel2_patch_00176.png,176,jpeg2000_rate_20,0.8823529411764706,39168,28.05762222881534,786432,0.8915054093716938,0.957446277141571,91.61325601652632,0.9823683541822494
90.46465555826822,10.487298137060103,0.8704379200935364,datasets\sentinel2_500_patch\images\sentinel2_patch_00176.png,176,ccsds_wavelet_proxy_q24,1.0,74989,24.187859348700638,786432,0.8065595030886318,0.8855572938919067,90.59425771246592,0.9627985415642161
95.0036366780599,20.014557300282494,0.9819473624229431,datasets\sentinel2_500_patch\images\sentinel2_patch_00177.png,177,jpeg2000_rate_20,0.8636363636363636,39293,28.09459532983068,786432,1.0,1.0,95.18698540600865,0.9809162976961288
90.36420186360678,10.377967510787949,0.9128549695014954,datasets\sentinel2_500_patch\images\sentinel2_patch_00177.png,177,ccsds_wavelet_proxy_q24,0.7727272727272727,75779,24.175882358926273,786432,0.9487426799862212,0.9445102214813232,88.07364819136669,0.9582880498881492
95.0103759765625,20.041590214067277,1.0,datasets\sentinel2_500_patch\images\sentinel2_patch_00178.png,178,jpeg2000_rate_20,1.0,39240,31.73436794504802,786432,1.0,1.0,100.0,0.9839636119395267
94.90063985188803,19.610303468568436,0.9521368145942688,datasets\sentinel2_500_patch\images\sentinel2_patch_00178.png,178,ccsds_wavelet_proxy_q24,0.8387096774193549,40103,25.21716985359606,786432,0.8009249949728534,0.9380784034729004,90.01758092553796,0.9453481798740115
94.99918619791666,19.996745321399512,0.9584974646568298,datasets\sentinel2_500_patch\images\sentinel2_patch_00179.png,179,jpeg2000_rate_20,1.0,39328,30.624836430626168,786432,0.8516575355186182,0.9632605910301208,96.12168576206182,0.9731284633126168
93.66238911946616,15.77881663690536,0.8211740851402283,datasets\sentinel2_500_patch\images\sentinel2_patch_00179.png,179,ccsds_wavelet_proxy_q24,0.4666666666666667,49841,24.846238559324775,786432,0.5894697743523075,0.8383336663246155,69.50833447562454,0.9181735593677776
94.99918619791666,19.996745321399512,0.9447499513626099,datasets\sentinel2_500_patch\images\sentinel2_patch_00180.png,180,jpeg2000_rate_20,1.0,39328,31.020276022746593,786432,0.7831727781230577,0.9510746598243713,94.64321903222242,0.9777609246894216
94.3945566813151,17.839802191320917,0.8866323232650757,datasets\sentinel2_500_patch\images\sentinel2_patch_00180.png,180,ccsds_wavelet_proxy_q24,1.0,44083,24.919657070760536,786432,0.7748601615910503,0.8892877697944641,90.99964994240283,0.9270783054555773
95.01266479492188,20.050787823160473,0.9674028754234314,datasets\sentinel2_500_patch\images\sentinel2_patch_00181.png,181,jpeg2000_rate_20,1.0,39222,31.53839249312695,786432,0.9002112233829994,0.9788644313812256,97.27551587839177,0.9739345502875645
95.63166300455728,22.89200675321651,0.9181607961654663,datasets\sentinel2_500_patch\images\sentinel2_patch_00181.png,181,ccsds_wavelet_proxy_q24,0.88,34354,25.11236594001565,786432,0.8073300222640863,0.9230074882507324,89.65988183427417,0.908213915554687
95.03377278645834,20.136009832036052,0.8898801207542419,datasets\sentinel2_500_patch\images\sentinel2_patch_00182.png,182,jpeg2000_rate_20,1.0,39056,32.125968041625605,786432,0.7143077278680946,0.9041662812232971,90.82160773331658,0.9697414930533474
96.34615580240884,27.368435705585522,0.8181596398353577,datasets\sentinel2_500_patch\images\sentinel2_patch_00182.png,182,ccsds_wavelet_proxy_q24,0.8709677419354839,28735,25.556512599330294,786432,0.5386393404730719,0.8275713324546814,80.79323790530319,0.8792987050227237
94.99905904134116,19.996236873553865,0.9995646476745605,datasets\sentinel2_500_patch\images\sentinel2_patch_00183.png,183,jpeg2000_rate_20,0.8974358974358975,39329,30.19719540711818,786432,0.997009733622189,1.0,96.87576016628127,0.9758769417637037
93.11599731445312,14.526432450404522,0.8193499445915222,datasets\sentinel2_500_patch\images\sentinel2_patch_00183.png,183,ccsds_wavelet_proxy_q24,0.41025641025641024,54138,24.601152301816537,786432,0.500976413511122,0.8171302676200867,66.43405957886615,0.9333864566768645
95.00706990559897,20.02831966586869,0.9573820233345032,datasets\sentinel2_500_patch\images\sentinel2_patch_00184.png,184,jpeg2000_rate_20,0.96875,39266,31.50393665150974,786432,0.8776503496503496,0.9672666788101196,95.47961800608603,0.9860469877840108
94.37739054361978,17.785336288389345,0.846379816532135,datasets\sentinel2_500_patch\images\sentinel2_patch_00184.png,184,ccsds_wavelet_proxy_q24,0.6875,44218,25.093794100938098,786432,0.5767832167832168,0.8447569608688354,77.14316404649428,0.9534490182858922
95.0110117594401,20.044144258952468,0.9571264982223511,datasets\sentinel2_500_patch\images\sentinel2_patch_00185.png,185,jpeg2000_rate_20,1.0,39235,32.43818969734441,786432,0.8876871574145606,0.9664276838302612,96.49048517964489,0.9847257165594455
95.92844645182291,24.56064959400375,0.7615669369697571,datasets\sentinel2_500_patch\images\sentinel2_patch_00185.png,185,ccsds_wavelet_proxy_q24,0.7647058823529411,32020,25.581445176138047,786432,0.5892653496670713,0.7836150527000427,74.9688085000501,0.9400354591807201
95.02334594726562,20.093821861106854,0.9375894069671631,datasets\sentinel2_500_patch\images\sentinel2_patch_00186.png,186,jpeg2000_rate_20,0.96875,39138,29.030581101840106,786432,0.9099492385786802,0.9752496480941772,95.17056162635689,0.9871772261673921
91.21971130371094,11.389147152104966,0.8851175904273987,datasets\sentinel2_500_patch\images\sentinel2_patch_00186.png,186,ccsds_wavelet_proxy_q24,0.9375,69051,24.59497076425105,786432,0.8213604060913705,0.91314297914505,90.00616726091066,0.9687279683979505
95.00961303710938,20.038526219232534,0.9213078022003174,datasets\sentinel2_500_patch\images\sentinel2_patch_00187.png,187,jpeg2000_rate_20,1.0,39246,27.69853878672848,786432,0.8530906205654821,0.9520348906517029,94.42391610670158,0.9771001575390662
89.71672058105469,9.72452424231183,0.8982873558998108,datasets\sentinel2_500_patch\images\sentinel2_patch_00187.png,187,ccsds_wavelet_proxy_q24,0.6666666666666666,80871,24.181727385547504,786432,0.8276240902085845,0.9173152446746826,82.55404003157194,0.957666880486586
95.0066884358724,20.02678957956658,0.9168808460235596,datasets\sentinel2_500_patch\images\sentinel2_patch_00188.png,188,jpeg2000_rate_20,1.0,39269,28.322328055359442,786432,0.761310404809497,0.9434303045272827,93.15694397958303,0.9813316729588409
90.56866963704428,10.602958029418506,0.8507566452026367,datasets\sentinel2_500_patch\images\sentinel2_patch_00188.png,188,ccsds_wavelet_proxy_q24,0.7368421052631579,74171,24.236754254858454,786432,0.6005157392007568,0.8734542727470398,79.60977181294858,0.959699036417626
95.00414530436197,20.016594975692943,1.0,datasets\sentinel2_500_patch\images\sentinel2_patch_00189.png,189,jpeg2000_rate_20,0.9259259259259259,39289,28.90210372257174,786432,1.0,1.0,97.7777777777778,0.9786187466644702
91.68993631998697,12.03360212997108,0.8996403217315674,datasets\sentinel2_500_patch\images\sentinel2_patch_00189.png,189,ccsds_wavelet_proxy_q24,0.7777777777777778,65353,24.26561501741814,786432,0.8753866946989037,0.9249199628829956,86.57121240724499,0.946032195127804
95.00567118326822,20.02271049214553,0.9889786243438721,datasets\sentinel2_500_patch\images\sentinel2_patch_00190.png,190,jpeg2000_rate_20,0.9333333333333333,39277,29.492627238350714,786432,0.9328958041442371,0.9933224320411682,96.75455165602062,0.9734345234108362
92.57418314615884,13.466531961163719,0.8853386044502258,datasets\sentinel2_500_patch\images\sentinel2_patch_00190.png,190,ccsds_wavelet_proxy_q24,0.8,58399,24.5058679555903,786432,0.7842342010176241,0.9005255699157715,85.2663975865007,0.9268490868260926
94.99842325846353,19.99369502211827,0.9035269021987915,datasets\sentinel2_500_patch\images\sentinel2_patch_00191.png,191,jpeg2000_rate_20,0.696969696969697,39334,27.418384524051117,786432,0.741504798815936,0.924631655216217,82.9578480895263,0.9796994106478625
89.09823099772134,9.172823234385024,0.8503824472427368,datasets\sentinel2_500_patch\images\sentinel2_patch_00191.png,191,ccsds_wavelet_proxy_q24,0.2727272727272727,85735,24.08980988045544,786432,0.6870927872804675,0.8833962678909302,66.73596930215095,0.964406422150244
95.00986735026041,20.039547446743452,0.9482375383377075,datasets\sentinel2_500_patch\images\sentinel2_patch_00192.png,192,jpeg2000_rate_20,1.0,39244,28.829067910059774,786432,0.8509934864135799,0.9561678171157837,95.5627927399598,0.9886845120925958
90.79869588216147,10.86802465382383,0.9177323579788208,datasets\sentinel2_500_patch\images\sentinel2_patch_00192.png,192,ccsds_wavelet_proxy_q24,0.8709677419354839,72362,24.54437633007941,786432,0.8855845779327587,0.9363149404525757,90.42047116559647,0.9734199197155932
95.02347310384116,20.094335283746837,0.9552320837974548,datasets\sentinel2_500_patch\images\sentinel2_patch_00193.png,193,jpeg2000_rate_20,1.0,39137,29.72838083879594,786432,0.8835549946607125,0.9672818183898926,96.39046966630318,0.9869947824351469
92.4560546875,13.255663430420713,0.8961911797523499,datasets\sentinel2_500_patch\images\sentinel2_patch_00193.png,193,ccsds_wavelet_proxy_q24,0.631578947368421,59328,24.699509039671792,786432,0.876905154839336,0.9229950308799744,82.02396777713949,0.9634002737263353
95.0262705485026,20.10563722357152,0.9345946907997131,datasets\sentinel2_500_patch\images\sentinel2_patch_00194.png,194,jpeg2000_rate_20,1.0,39115,26.422078864363904,786432,0.6723480224609375,0.929747462272644,92.7022171020508,0.9698827913358575
88.46232096354166,8.667254452477517,0.8782068490982056,datasets\sentinel2_500_patch\images\sentinel2_patch_00194.png,194,ccsds_wavelet_proxy_q24,0.5,90736,23.757763454718507,786432,0.672576904296875,0.8897084593772888,74.64821219444276,0.9542811788904625
95.01520792643228,20.061017295035967,0.9691647887229919,datasets\sentinel2_500_patch\images\sentinel2_patch_00195.png,195,jpeg2000_rate_20,1.0,39202,26.415212384550625,786432,0.8967774420946626,0.9826844334602356,97.38805463907103,0.9721391197039949
88.311767578125,8.555613577023498,0.8847920894622803,datasets\sentinel2_500_patch\images\sentinel2_patch_00195.png,195,ccsds_wavelet_proxy_q24,0.8181818181818182,91920,23.669822069936547,786432,0.6684061155360249,0.8935403227806091,84.49200573491821,0.9555579777065971
95.00821431477866,20.03291132791604,0.9240924715995789,datasets\sentinel2_500_patch\images\sentinel2_patch_00196.png,196,jpeg2000_rate_20,1.0,39257,27.110060490740793,786432,0.739044189453125,0.9398001432418823,93.15014362335206,0.974911092117455
89.33296203613281,9.374673675928905,0.8717585206031799,datasets\sentinel2_500_patch\images\sentinel2_patch_00196.png,196,ccsds_wavelet_proxy_q24,0.8181818181818182,83889,23.919453831404887,786432,0.7538299560546875,0.9074369072914124,85.10283307595688,0.9557247961468135
95.00071207682291,20.002848712992165,0.9918442368507385,datasets\sentinel2_500_patch\images\sentinel2_patch_00197.png,197,jpeg2000_rate_20,1.0,39316,29.81701081336692,786432,0.9101590281926546,0.9936832189559937,98.64902413507596,0.9760594367568615
92.76351928710938,13.818871903004744,0.9397786259651184,datasets\sentinel2_500_patch\images\sentinel2_patch_00197.png,197,ccsds_wavelet_proxy_q24,0.5882352941176471,56910,24.86650765730434,786432,0.8725214076413189,0.949720561504364,82.95782916863463,0.9350825316717009
95.00223795572916,20.008955831467535,0.9679816365242004,datasets\sentinel2_500_patch\images\sentinel2_patch_00198.png,198,jpeg2000_rate_20,1.0,39304,30.13783992380796,786432,0.8354669932093955,0.9790781736373901,96.65549886580979,0.9843144288963103
93.0047353108724,14.295384727246287,0.8649939894676208,datasets\sentinel2_500_patch\images\sentinel2_patch_00198.png,198,ccsds_wavelet_proxy_q24,0.9230769230769231,55013,25.136146205255546,786432,0.7232550372926639,0.9049980640411377,87.62457892476193,0.9560729998742624
95.00325520833334,20.01302931596091,0.9360927939414978,datasets\sentinel2_500_patch\images\sentinel2_patch_00199.png,199,jpeg2000_rate_20,0.8461538461538461,39296,25.883121714915163,786432,0.8007995483467354,0.9620342254638672,90.07700713502001,0.9677694305345278
87.51475016276041,8.009451256772723,0.8666728734970093,datasets\sentinel2_500_patch\images\sentinel2_patch_00199.png,199,ccsds_wavelet_proxy_q24,0.5384615384615384,98188,23.579561022234437,786432,0.5554419640813586,0.8780457973480225,73.93609668150057,0.9546590251152556
95.00033060709634,20.00132251583204,0.9372422099113464,datasets\sentinel2_500_patch\images\sentinel2_patch_00200.png,200,jpeg2000_rate_20,1.0,39319,26.76005814938959,786432,0.6888312480927677,0.932365894317627,93.02531876373409,0.9699082782300621
88.88066609700522,8.993344464012075,0.8834416270256042,datasets\sentinel2_500_patch\images\sentinel2_patch_00200.png,200,ccsds_wavelet_proxy_q24,0.8461538461538461,87446,23.812742004304482,786432,0.7770064083002747,0.9047784209251404,86.58791296714513,0.9500867074682109
94.99855041503906,19.994203340706278,0.9818598628044128,datasets\sentinel2_500_patch\images\sentinel2_patch_00201.png,201,jpeg2000_rate_20,0.6923076923076923,39333,27.30752289287642,786432,0.9583945542805067,0.9980998635292053,89.58956809479648,0.9801035323790331
89.37644958496094,9.4130489425114,0.8635026812553406,datasets\sentinel2_500_patch\images\sentinel2_patch_00201.png,201,ccsds_wavelet_proxy_q24,0.5384615384615384,83547,24.15295102473972,786432,0.6937898711105325,0.8998281359672546,75.62841483451021,0.965017713873185
95.05691528320312,20.230282450995524,1.0,datasets\sentinel2_500_patch\images\sentinel2_patch_00202.png,202,jpeg2000_rate_20,1.0,38874,31.17884907138141,786432,1.0,1.0,100.0,0.9670918127263138
95.14923095703125,20.61528782636049,0.999400794506073,datasets\sentinel2_500_patch\images\sentinel2_patch_00202.png,202,ccsds_wavelet_proxy_q24,0.8125,38148,25.148037662789182,786432,1.0,1.0,94.35103178024293,0.8916665538422429
95.01177469889322,20.047209972214432,0.9957971572875977,datasets\sentinel2_500_patch\images\sentinel2_patch_00203.png,203,jpeg2000_rate_20,1.0,39229,31.17262310449449,786432,1.0,1.0,99.83188629150392,0.9709140248179963
95.08692423502603,20.353848542885242,0.8702910542488098,datasets\sentinel2_500_patch\images\sentinel2_patch_00203.png,203,ccsds_wavelet_proxy_q24,0.59375,38638,25.102959210136714,786432,0.9316596931659693,0.8801291584968567,79.54332227154923,0.9004941766061747
95.04534403483072,20.18303605800077,0.9929565787315369,datasets\sentinel2_500_patch\images\sentinel2_patch_00204.png,204,jpeg2000_rate_20,1.0,38965,31.912435338122144,786432,1.0,1.0,99.71826314926149,0.9714286060100998
95.84261576334634,24.053586175256154,0.8951877355575562,datasets\sentinel2_500_patch\images\sentinel2_patch_00204.png,204,ccsds_wavelet_proxy_q24,0.7391304347826086,32695,25.478141992897232,786432,0.8148812191842223,0.9023866057395935,84.17796677241462,0.8935425785844756
95.02182006835938,20.08766283524904,0.9806422591209412,datasets\sentinel2_500_patch\images\sentinel2_patch_00205.png,205,jpeg2000_rate_20,0.7857142857142857,39150,35.19464029733318,786432,0.9519595448798989,0.970483124256134,91.72637687018789,0.9743457584183495
97.75899251302084,44.622787108488424,0.903096079826355,datasets\sentinel2_500_patch\images\sentinel2_patch_00205.png,205,ccsds_wavelet_proxy_q24,0.35714285714285715,17624,27.15902813270416,786432,1.0,0.9254723787307739,75.3475764819554,0.8582255164227934
95.00007629394531,20.000305180437934,1.0,datasets\sentinel2_500_patch\images\sentinel2_patch_00206.png,206,jpeg2000_rate_20,1.0,39321,35.764897268733556,786432,1.0,1.0,100.0,0.9829806792147733
97.81837463378906,45.83738415806959,0.9791157245635986,datasets\sentinel2_500_patch\images\sentinel2_patch_00206.png,206,ccsds_wavelet_proxy_q24,0.5555555555555556,17157,27.62374243380652,786432,0.984247006931317,1.0,85.6737657185238,0.9056793376369782
95.03148396809897,20.12673388954292,0.9893087148666382,datasets\sentinel2_500_patch\images\sentinel2_patch_00207.png,207,jpeg2000_rate_20,1.0,39074,30.59820809492347,786432,1.0,1.0,99.57234859466556,0.965226849929907
94.51115926106772,18.218783301672612,0.8866904377937317,datasets\sentinel2_500_patch\images\sentinel2_patch_00207.png,207,ccsds_wavelet_proxy_q24,0.5,43166,24.868098664397294,786432,0.9765514643563424,0.877197265625,77.77707746781269,0.8944502168231733
95.00401814778647,20.016085517943498,0.9564822912216187,datasets\sentinel2_500_patch\images\sentinel2_patch_00208.png,208,jpeg2000_rate_20,0.6666666666666666,39290,31.49594191392948,786432,0.8164969981728009,0.9540278911590576,85.50481945377392,0.9665989001684697
95.38230895996094,21.65584469227592,0.9615257978439331,datasets\sentinel2_500_patch\images\sentinel2_patch_00208.png,208,ccsds_wavelet_proxy_q24,0.5925925925925926,36315,25.219472597272347,786432,1.0,0.960331380367279,85.44543729888069,0.8823447723631839
95.02220153808594,20.089202237719366,0.9753671884536743,datasets\sentinel2_500_patch\images\sentinel2_patch_00209.png,209,jpeg2000_rate_20,0.8666666666666667,39147,32.10117949590202,786432,0.9362139917695473,0.9773750901222229,93.92432925828693,0.9763317430533288
95.63929239908853,22.93205808596256,1.0,datasets\sentinel2_500_patch\images\sentinel2_patch_00209.png,209,ccsds_wavelet_proxy_q24,1.0,34294,25.655149656977635,786432,1.0,1.0,100.0,0.9129015996047276
95.03974914550781,20.160270706759977,0.9334455728530884,datasets\sentinel2_500_patch\images\sentinel2_patch_00210.png,210,jpeg2000_rate_20,0.9696969696969697,39009,31.44173656238101,786432,0.8237553025228845,0.946390688419342,93.59409879864833,0.9725987978484119
95.33742268880209,21.447365550343623,0.7825459241867065,datasets\sentinel2_500_patch\images\sentinel2_patch_00210.png,210,ccsds_wavelet_proxy_q24,0.7575757575757576,36668,25.205075016567854,786432,0.5590533601250279,0.8175946474075317,75.97153624414192,0.9036446804159828
95.02944946289062,20.118495778971603,0.9754295945167542,datasets\sentinel2_500_patch\images\sentinel2_patch_00211.png,211,jpeg2000_rate_20,0.9,39090,32.1553373455766,786432,0.9315888653006703,0.977015495300293,94.87338233968275,0.9767525074053277
95.38281758626303,21.658230288342377,0.8038369417190552,datasets\sentinel2_500_patch\images\sentinel2_patch_00211.png,211,ccsds_wavelet_proxy_q24,0.4,36311,25.525080640039008,786432,0.5814469384347494,0.8235519528388977,66.43898610988768,0.9116775071200284
95.01012166341147,20.040568778349726,0.9283074736595154,datasets\sentinel2_500_patch\images\sentinel2_patch_00212.png,212,jpeg2000_rate_20,1.0,39242,31.50510713671302,786432,0.8457003905386485,0.9365912675857544,94.3211282034822,0.9781934999051347
95.06212870279947,20.25164164499266,0.7805888056755066,datasets\sentinel2_500_patch\images\sentinel2_patch_00212.png,212,ccsds_wavelet_proxy_q24,0.5357142857142857,38833,25.189057111950007,786432,0.6055191216564734,0.8010183572769165,69.3705391605519,0.9248943566960156
95.0140635172526,20.05641274132259,0.9347163438796997,datasets\sentinel2_500_patch\images\sentinel2_patch_00213.png,213,jpeg2000_rate_20,1.0,39211,32.69946564556267,786432,0.8684188638442984,0.9472877383232117,95.01859716009523,0.9762139307892709
96.1273193359375,25.821907013396377,0.8157974481582642,datasets\sentinel2_500_patch\images\sentinel2_patch_00213.png,213,ccsds_wavelet_proxy_q24,1.0,30456,25.72341832792368,786432,0.6585710721117858,0.8387131094932556,85.99187083731354,0.9024265070403558
95.00948588053384,20.038015644507862,0.96608966588974,datasets\sentinel2_500_patch\images\sentinel2_patch_00214.png,214,jpeg2000_rate_20,0.8571428571428571,39247,32.55268285979676,786432,0.8964601769911504,0.9605555534362793,92.53358518851242,0.9782728741480853
95.61233520507812,22.791166753608067,0.8939208388328552,datasets\sentinel2_500_patch\images\sentinel2_patch_00214.png,214,ccsds_wavelet_proxy_q24,0.7714285714285715,34506,25.70388293595288,786432,0.7165929203539823,0.9053767919540405,84.17315573879199,0.9196369557925915
95.04000345865884,20.1613043812649,0.9456303119659424,datasets\sentinel2_500_patch\images\sentinel2_patch_00215.png,215,jpeg2000_rate_20,0.9032258064516129,39007,31.278345153530502,786432,0.8150639229188352,0.9378702044487,91.83002999034845,0.9744197291640042
94.75720723470053,19.07380369139725,0.788553774356842,datasets\sentinel2_500_patch\images\sentinel2_patch_00215.png,215,ccsds_wavelet_proxy_q24,0.5483870967741935,41231,25.18732390549889,786432,0.45925747991565913,0.7883766889572144,68.35387245580038,0.9152294358619764
95.02067565917969,20.083046043055237,0.9319368600845337,datasets\sentinel2_500_patch\images\sentinel2_patch_00216.png,216,jpeg2000_rate_20,1.0,39159,30.71968434473877,786432,0.8142203691709845,0.9348961710929871,94.11760151695096,0.9725449208540127
94.4024403889974,17.864928102496535,0.8128255605697632,datasets\sentinel2_500_patch\images\sentinel2_patch_00216.png,216,ccsds_wavelet_proxy_q24,0.64,44021,24.78743054659523,786432,0.6259917422279793,0.8348424434661865,74.66978871439406,0.9130557900156245
95.02487182617188,20.09998466492869,0.9333547949790955,datasets\sentinel2_500_patch\images\sentinel2_patch_00217.png,217,jpeg2000_rate_20,0.9333333333333333,39126,31.336430440316793,786432,0.8776117870527235,0.9463320970535278,93.03695161076162,0.9767543433263328
95.0982411702474,20.40084048872863,0.871972382068634,datasets\sentinel2_500_patch\images\sentinel2_patch_00217.png,217,ccsds_wavelet_proxy_q24,0.5333333333333333,38549,25.185943220118222,786432,0.8396221571949278,0.8941554427146912,77.15822570898848,0.9232488904397734
95.01775105794272,20.07125720994334,1.0,datasets\sentinel2_500_patch\images\sentinel2_patch_00218.png,218,jpeg2000_rate_20,1.0,39182,27.414413389603066,786432,1.0,1.0,100.0,0.9771678095552901
89.788818359375,9.793185893604303,0.9335772395133972,datasets\sentinel2_500_patch\images\sentinel2_patch_00218.png,218,ccsds_wavelet_proxy_q24,0.7083333333333334,80304,24.068523242773185,786432,1.0,0.9703295230865479,87.99968004226687,0.9579239230443409
95.01050313313803,20.042100970972758,0.962762713432312,datasets\sentinel2_500_patch\images\sentinel2_patch_00219.png,219,jpeg2000_rate_20,1.0,39239,28.194964483079698,786432,0.92254638671875,0.9684740304946899,97.1054530143738,0.9808689557587275
90.33355712890625,10.345067087608523,0.9160783290863037,datasets\sentinel2_500_patch\images\sentinel2_patch_00219.png,219,ccsds_wavelet_proxy_q24,0.96,76020,24.33339877566306,786432,0.8009796142578125,0.903445303440094,91.52183537483218,0.9602736546409918
95.00083923339844,20.003357497138495,0.9660021066665649,datasets\sentinel2_500_patch\images\sentinel2_patch_00220.png,220,jpeg2000_rate_20,0.9583333333333334,39315,27.505247699233692,786432,0.926544189453125,0.97356778383255,96.12688183784486,0.9812532367071215
89.52128092447916,9.54315115037375,0.9177278876304626,datasets\sentinel2_500_patch\images\sentinel2_patch_00220.png,220,ccsds_wavelet_proxy_q24,0.9583333333333334,82408,24.099586610124465,786432,0.82659912109375,0.9054471254348755,91.83404922485354,0.965677966312697
95.00999450683594,20.040058099533674,0.9722391366958618,datasets\sentinel2_500_patch\images\sentinel2_patch_00221.png,221,jpeg2000_rate_20,1.0,39243,28.95262990506368,786432,0.8918381583536799,0.991040825843811,97.62876356824752,0.9782947208752205
91.55133565266928,11.83619041885526,0.9340909123420715,datasets\sentinel2_500_patch\images\sentinel2_patch_00221.png,221,ccsds_wavelet_proxy_q24,0.896551724137931,66443,24.615101494576628,786432,0.9320195326124869,0.9421893358230591,92.42417026040685,0.9496980943824568
95.00401814778647,20.016085517943498,0.9371825456619263,datasets\sentinel2_500_patch\images\sentinel2_patch_00222.png,222,jpeg2000_rate_20,0.9705882352941176,39290,29.156962226129256,786432,0.8655961398775552,0.9678734540939331,94.61837936595482,0.981319618589208
91.53086344401041,11.807579124376915,0.8759746551513672,datasets\sentinel2_500_patch\images\sentinel2_patch_00222.png,222,ccsds_wavelet_proxy_q24,0.7647058823529411,66604,24.917037718072418,786432,0.8207429698038808,0.9239301681518555,84.66619573771885,0.9584397975103635
94.99791463216147,19.991662006202652,0.9389690160751343,datasets\sentinel2_500_patch\images\sentinel2_patch_00223.png,223,jpeg2000_rate_20,1.0,39338,27.365301800342728,786432,0.885772705078125,0.9532256126403809,95.48099994659425,0.9791880967150456
89.41230773925781,9.444928841650153,0.8253322839736938,datasets\sentinel2_500_patch\images\sentinel2_patch_00223.png,223,ccsds_wavelet_proxy_q24,0.9473684210526315,83265,24.182830745788905,786432,0.6255035400390625,0.8400906324386597,84.49119203969055,0.9626940434376562
95.03555297851562,20.143230367296756,0.8919240236282349,datasets\sentinel2_500_patch\images\sentinel2_patch_00224.png,224,jpeg2000_rate_20,0.8181818181818182,39042,26.57562008605385,786432,0.7715911865234375,0.9192150831222534,86.3226290182634,0.9760197435196085
88.42290242513022,8.637743558201349,0.8126928806304932,datasets\sentinel2_500_patch\images\sentinel2_patch_00224.png,224,ccsds_wavelet_proxy_q24,1.0,91046,23.861564479594094,786432,0.584228515625,0.8324691653251648,84.99938368797304,0.9628041666975774
95.00821431477866,20.03291132791604,0.9035694599151611,datasets\sentinel2_500_patch\images\sentinel2_patch_00225.png,225,jpeg2000_rate_20,0.9310344827586207,39257,27.496063095683247,786432,0.7729928419423486,0.924445390701294,90.29264911281444,0.9798037305874121
89.67704772949219,9.687151250877648,0.8756809234619141,datasets\sentinel2_500_patch\images\sentinel2_patch_00225.png,225,ccsds_wavelet_proxy_q24,0.7586206896551724,81183,24.140434908702044,786432,0.9161539949700136,0.916161060333252,85.27061878449692,0.9632568473533053
95.04445393880209,20.179410859078313,0.9631232619285583,datasets\sentinel2_500_patch\images\sentinel2_patch_00226.png,226,jpeg2000_rate_20,1.0,38972,25.922992155463554,786432,0.8669586181640625,0.9680261611938477,96.55503988265993,0.96952510240072
87.58926391601562,8.057539804512203,0.9047513604164124,datasets\sentinel2_500_patch\images\sentinel2_patch_00226.png,226,ccsds_wavelet_proxy_q24,0.625,97602,23.65254624163056,786432,0.870269775390625,0.9368753433227539,82.38025903701784,0.957431105658624
95.02728780110678,20.10975017260337,0.9456002116203308,datasets\sentinel2_500_patch\images\sentinel2_patch_00227.png,227,jpeg2000_rate_20,1.0,39107,27.432541242814153,786432,0.8350550070952286,0.9607822895050049,95.39020432586564,0.9719324672645111
90.05317687988281,10.05346116970278,0.926447331905365,datasets\sentinel2_500_patch\images\sentinel2_patch_00227.png,227,ccsds_wavelet_proxy_q24,0.5454545454545454,78225,24.010385423734487,786432,0.8458580649098982,0.9293600916862488,80.46731212267493,0.9480345996980167
95.00249226888022,20.009974047122284,0.9424958229064941,datasets\sentinel2_500_patch\images\sentinel2_patch_00228.png,228,jpeg2000_rate_20,0.9545454545454546,39302,27.847087214786352,786432,0.7980744869521156,0.9557051658630371,93.43104473940532,0.9744221377542466
90.62754313151041,10.669560970315299,0.9040388464927673,datasets\sentinel2_500_patch\images\sentinel2_patch_00228.png,228,ccsds_wavelet_proxy_q24,0.9090909090909091,73708,24.190228332661636,786432,0.800686012745805,0.9050433039665222,89.54200733922647,0.9499450945466862
95.02105712890625,20.08458473797119,0.8891976475715637,datasets\sentinel2_500_patch\images\sentinel2_patch_00229.png,229,jpeg2000_rate_20,1.0,39156,27.85029438028608,786432,0.6040914928750535,0.9126869440078735,89.86255971177059,0.9712451740000501
90.51793416341147,10.546225023467883,0.8653849363327026,datasets\sentinel2_500_patch\images\sentinel2_patch_00229.png,229,ccsds_wavelet_proxy_q24,0.7894736842105263,74570,24.223226244363495,786432,0.7957923062809614,0.901202380657196,84.28157865557743,0.946376958304576
95.00478108723959,20.019142653497607,0.9526610374450684,datasets\sentinel2_500_patch\images\sentinel2_patch_00230.png,230,jpeg2000_rate_20,1.0,39284,29.303242764106013,786432,0.8330642681426814,0.9723833799362183,95.88475177795392,0.9776089202425425
92.13790893554688,12.719262493934982,0.8918461203575134,datasets\sentinel2_500_patch\images\sentinel2_patch_00230.png,230,ccsds_wavelet_proxy_q24,0.9,61830,24.829498365554112,786432,0.8477475399753998,0.9176854491233826,89.5050291965222,0.9469601414751885
95.00999450683594,20.040058099533674,0.9371947646141052,datasets\sentinel2_500_patch\images\sentinel2_patch_00231.png,231,jpeg2000_rate_20,0.8947368421052632,39243,27.03713655724279,786432,0.831024169921875,0.9529759287834167,91.6996561226092,0.9689699626613179
89.27752176920572,9.326202193892676,0.894089937210083,datasets\sentinel2_500_patch\images\sentinel2_patch_00231.png,231,ccsds_wavelet_proxy_q24,0.3684210526315789,84325,24.10120824997891,786432,0.769195556640625,0.9176283478736877,72.86075159123071,0.9492183035476197
95.00376383463541,20.015066680240253,0.9226595759391785,datasets\sentinel2_500_patch\images\sentinel2_patch_00232.png,232,jpeg2000_rate_20,1.0,39292,27.037738299630647,786432,0.8177337646484375,0.9491825699806213,94.06737208366395,0.9740503098492539
89.20300801595053,9.261838866577946,0.8573819398880005,datasets\sentinel2_500_patch\images\sentinel2_patch_00232.png,232,ccsds_wavelet_proxy_q24,0.5217391304347826,84911,24.006927785428253,786432,0.7047576904296875,0.8738027215003967,74.47108284286831,0.9556086639826037
95.01482645670572,20.059482208901926,0.9521265029907227,datasets\sentinel2_500_patch\images\sentinel2_patch_00233.png,233,jpeg2000_rate_20,0.9230769230769231,39205,25.920729567412568,786432,0.8488031939359373,0.9666194915771484,93.59778958283897,0.9713848877699508
87.67751057942709,8.115243323564618,0.9225179553031921,datasets\sentinel2_500_patch\images\sentinel2_patch_00233.png,233,ccsds_wavelet_proxy_q24,0.15384615384615385,96908,23.66397115737042,786432,0.9525877136496606,0.9270095229148865,69.58217042230665,0.9609686052706987
94.99842325846353,19.99369502211827,0.9474095702171326,datasets\sentinel2_500_patch\images\sentinel2_patch_00234.png,234,jpeg2000_rate_20,1.0,39334,30.32488946947012,786432,0.8491321762349799,0.9561963677406311,95.51163192584774,0.9674773767127505
93.90525817871094,16.40758590473806,0.8218182325363159,datasets\sentinel2_500_patch\images\sentinel2_patch_00234.png,234,ccsds_wavelet_proxy_q24,0.96,47931,24.809479823771397,786432,0.6267711787760024,0.8353806734085083,84.64805455738284,0.9059779515638088
95.00147501627603,20.005901806156196,0.9219653010368347,datasets\sentinel2_500_patch\images\sentinel2_patch_00235.png,235,jpeg2000_rate_20,0.9393939393939394,39310,31.94834622672723,786432,0.7790943995763273,0.9317254424095154,91.48588306724517,0.969847810589462
96.07505798339844,25.478083390028186,0.7772289514541626,datasets\sentinel2_500_patch\images\sentinel2_patch_00235.png,235,ccsds_wavelet_proxy_q24,0.9696969696969697,30867,25.68769597575249,786432,0.5650734807361313,0.7894335389137268,81.61947273471145,0.8885378603986659
95.00872294108072,20.034952742465546,0.9235466718673706,datasets\sentinel2_500_patch\images\sentinel2_patch_00236.png,236,jpeg2000_rate_20,0.8695652173913043,39253,32.478249559060316,786432,0.7914918246274056,0.9330669045448303,89.60507973360463,0.9724115708545683
96.4667002360026,28.302155684312808,0.8409021496772766,datasets\sentinel2_500_patch\images\sentinel2_patch_00236.png,236,ccsds_wavelet_proxy_q24,0.9130434782608695,27787,25.911961725289075,786432,0.5999131818839532,0.8234315514564514,83.49515318288572,0.8924575458866993
95.00134785970053,20.005392892574598,0.9033420085906982,datasets\sentinel2_500_patch\images\sentinel2_patch_00237.png,237,jpeg2000_rate_20,1.0,39311,32.59685002238163,786432,0.6969485857600669,0.9170064926147461,91.44329605352354,0.9690232074321601
96.58927917480469,29.319315512806174,0.910084068775177,datasets\sentinel2_500_patch\images\sentinel2_patch_00237.png,237,ccsds_wavelet_proxy_q24,0.9523809523809523,26823,25.89089011006839,786432,0.7748362825693187,0.9331117868423462,91.3853898849758,0.8760864295565981
95.01355489095053,20.05436695142165,0.934503436088562,datasets\sentinel2_500_patch\images\sentinel2_patch_00238.png,238,jpeg2000_rate_20,0.8,39215,34.19676551294815,786432,0.6828008417830496,0.9395545125007629,86.99923611138826,0.9729097224822467
97.42507934570312,38.83614814814815,0.8680945634841919,datasets\sentinel2_500_patch\images\sentinel2_patch_00238.png,238,ccsds_wavelet_proxy_q24,0.64,20250,26.928712078570104,786432,0.5043045724124737,0.8876537084579468,76.71990243265135,0.8779761617338036
95.02156575520834,20.086636697997548,0.9345842599868774,datasets\sentinel2_500_patch\images\sentinel2_patch_00239.png,239,jpeg2000_rate_20,1.0,39152,31.476603538258168,786432,0.8515540015540015,0.9455795884132385,94.8105021832799,0.9657422829822643
95.30601501464844,21.303860219422997,0.8317796587944031,datasets\sentinel2_500_patch\images\sentinel2_patch_00239.png,239,ccsds_wavelet_proxy_q24,0.7941176470588235,36915,25.48638736080651,786432,0.7117327117327117,0.85309898853302,81.27402265152837,0.8859530067707232
95.02067565917969,20.083046043055237,0.9068388938903809,datasets\sentinel2_500_patch\images\sentinel2_patch_00240.png,240,jpeg2000_rate_20,0.9285714285714286,39159,31.554009047710586,786432,0.7445011987907849,0.9164542555809021,89.904795712284,0.9711750810419886
95.11693318684897,20.478933388885995,0.8166452646255493,datasets\sentinel2_500_patch\images\sentinel2_patch_00240.png,240,ccsds_wavelet_proxy_q24,0.6428571428571429,38402,25.44519477630836,786432,0.5284061294694048,0.8000406622886658,73.23639941120364,0.9008337154753893
95.02118428548178,20.085097688673223,0.9419970512390137,datasets\sentinel2_500_patch\images\sentinel2_patch_00241.png,241,jpeg2000_rate_20,1.0,39155,30.47276227780033,786432,0.8529177814737147,0.9444591403007507,95.09824267031273,0.9691646357042005
94.27922566731772,17.480151144698823,0.8493436574935913,datasets\sentinel2_500_patch\images\sentinel2_patch_00241.png,241,ccsds_wavelet_proxy_q24,0.8461538461538461,44990,24.866431091113487,786432,0.8057704823197628,0.868273138999939,84.78152928755546,0.9090793189574784
95.02665201822916,20.107179382286766,1.0,datasets\sentinel2_500_patch\images\sentinel2_patch_00242.png,242,jpeg2000_rate_20,0.9142857142857143,39112,31.632234868504526,786432,1.0,1.0,97.42857142857144,0.9824465423522006
94.81798807779947,19.297524108654578,1.0,datasets\sentinel2_500_patch\images\sentinel2_patch_00242.png,242,ccsds_wavelet_proxy_q24,0.7714285714285715,40753,25.34376812637816,786432,1.0,1.0,93.14285714285717,0.9383653871905198
95.01546223958334,20.06204081632653,0.9417485594749451,datasets\sentinel2_500_patch\images\sentinel2_patch_00243.png,243,jpeg2000_rate_20,0.8076923076923077,39200,26.763875110990437,786432,0.6717067717832559,0.9402286410331726,87.42235214826306,0.9386148192924411
89.8047129313151,9.808453585103331,0.8490669131278992,datasets\sentinel2_500_patch\images\sentinel2_patch_00243.png,243,ccsds_wavelet_proxy_q24,0.4230769230769231,80179,23.71032625694868,786432,0.5677472495146202,0.8482630848884583,69.29771841033904,0.9063159216327487
95.00109354654947,20.00437514308244,1.0,datasets\sentinel2_500_patch\images\sentinel2_patch_00244.png,244,jpeg2000_rate_20,0.9428571428571428,39313,28.385888230892732,786432,1.0,1.0,98.2857142857143,0.9472734484335874
91.86579386393228,12.29376270126622,0.8400700092315674,datasets\sentinel2_500_patch\images\sentinel2_patch_00244.png,244,ccsds_wavelet_proxy_q24,0.8285714285714286,63970,24.20141824373016,786432,0.5358570600262443,0.8394617438316345,80.60774870330071,0.8910548343587654
95.01355489095053,20.05436695142165,0.9356177449226379,datasets\sentinel2_500_patch\images\sentinel2_patch_00245.png,245,jpeg2000_rate_20,0.7777777777777778,39215,32.134465815873384,786432,0.7251902575912398,0.9425332546234131,86.86061079861952,0.9782764890195111
95.18928527832031,20.786932043454126,0.6994857788085938,datasets\sentinel2_500_patch\images\sentinel2_patch_00245.png,245,ccsds_wavelet_proxy_q24,0.48148148148148145,37833,25.31700040171881,786432,0.04759871280635666,0.7181583642959595,57.26303001077097,0.9156528821050314
95.00719706217447,20.028829746593658,0.9398444890975952,datasets\sentinel2_500_patch\images\sentinel2_patch_00246.png,246,jpeg2000_rate_20,1.0,39265,31.58695051259402,786432,0.7449993134068751,0.9487099647521973,94.01797199301653,0.981155178361694
94.64263916015625,18.66590714896041,0.7905437350273132,datasets\sentinel2_500_patch\images\sentinel2_patch_00246.png,246,ccsds_wavelet_proxy_q24,0.6363636363636364,42132,25.016496202995224,786432,0.2701209929662349,0.7995038628578186,69.40394567882035,0.9324662890266803
95.00643412272134,20.025769651905986,0.9250022172927856,datasets\sentinel2_500_patch\images\sentinel2_patch_00247.png,247,jpeg2000_rate_20,1.0,39271,29.919772587294922,786432,0.7456708500701504,0.9369934797286987,93.19666678698691,0.961184213970487
93.34513346354166,15.026597370834606,0.8800437450408936,datasets\sentinel2_500_patch\images\sentinel2_patch_00247.png,247,ccsds_wavelet_proxy_q24,0.6451612903225806,52336,24.51850829634834,786432,0.8319271203705483,0.8935647010803223,80.74715373662511,0.8966723537457603
95.00172932942709,20.006919711000304,1.0,datasets\sentinel2_500_patch\images\sentinel2_patch_00248.png,248,jpeg2000_rate_20,0.9444444444444444,39308,30.066187870921873,786432,1.0,1.0,98.33333333333336,0.9734579846603973
93.25752258300781,14.831343705799151,1.0,datasets\sentinel2_500_patch\images\sentinel2_patch_00248.png,248,ccsds_wavelet_proxy_q24,0.6944444444444444,53025,24.708649979989282,786432,1.0,1.0,90.83333333333334,0.9283808205169444
94.9988047281901,19.995220055427016,1.0,datasets\sentinel2_500_patch\images\sentinel2_patch_00249.png,249,jpeg2000_rate_20,1.0,39331,32.011907097164936,786432,1.0,1.0,100.0,0.9797764937383399
95.12151082356772,20.498149403117342,1.0,datasets\sentinel2_500_patch\images\sentinel2_patch_00249.png,249,ccsds_wavelet_proxy_q24,0.896551724137931,38366,25.332469223458585,786432,1.0,1.0,96.89655172413795,0.9232793285407843
94.9981689453125,19.99267846247712,0.8816731572151184,datasets\sentinel2_500_patch\images\sentinel2_patch_00250.png,250,jpeg2000_rate_20,1.0,39336,28.70150418797588,786432,0.653594970703125,0.9007686972618103,89.81824994087222,0.9846015846117924
90.97366333007812,11.078691572986223,0.8854596614837646,datasets\sentinel2_500_patch\images\sentinel2_patch_00250.png,250,ccsds_wavelet_proxy_q24,1.0,70986,24.458600688292194,786432,0.82830810546875,0.923142671585083,92.16432094573976,0.9648183124354943
95.0018564860026,20.007428702266772,0.9582965970039368,datasets\sentinel2_500_patch\images\sentinel2_patch_00251.png,251,jpeg2000_rate_20,1.0,39307,23.99071212503797,786432,0.8067474365234375,0.9671482443809509,95.74230313301088,0.9533084740139542
84.89087422688803,6.618516617153245,0.9079363346099854,datasets\sentinel2_500_patch\images\sentinel2_patch_00251.png,251,ccsds_wavelet_proxy_q24,1.0,118823,23.468573081413986,786432,0.7733917236328125,0.9200878739356995,92.45312809944156,0.9601382095266436
95.01063028971353,20.042611753912023,1.0,datasets\sentinel2_500_patch\images\sentinel2_patch_00252.png,252,jpeg2000_rate_20,1.0,39238,25.3715713457073,786432,1.0,1.0,100.0,0.9546482240621752
86.92614237467447,7.648851843566725,0.9429541230201721,datasets\sentinel2_500_patch\images\sentinel2_patch_00252.png,252,ccsds_wavelet_proxy_q24,0.6774193548387096,102817,23.785496113815775,786432,0.972991943359375,0.9854587912559509,87.47984082468095,0.9497984398675561
95.00719706217447,20.028829746593658,1.0,datasets\sentinel2_500_patch\images\sentinel2_patch_00253.png,253,jpeg2000_rate_20,1.0,39265,29.488142963727068,786432,1.0,1.0,100.0,0.9822297618232466
91.68510437011719,12.026609166399046,0.9356571435928345,datasets\sentinel2_500_patch\images\sentinel2_patch_00253.png,253,ccsds_wavelet_proxy_q24,0.6923076923076923,65391,24.641612736549515,786432,0.428009033203125,0.9192557334899902,80.86072151477522,0.953422526579504
95.0036366780599,20.014557300282494,0.9518063068389893,datasets\sentinel2_500_patch\images\sentinel2_patch_00254.png,254,jpeg2000_rate_20,1.0,39293,28.941982027216277,786432,0.712890625,0.956551730632782,94.33219313621521,0.9843455681353368
90.96082051595053,11.062951031834231,0.7632400393486023,datasets\sentinel2_500_patch\images\sentinel2_patch_00254.png,254,ccsds_wavelet_proxy_q24,0.7222222222222222,71087,24.502145805832992,786432,0.0642547607421875,0.8082894682884216,69.00460521380107,0.9632989981346531
95.03491719563803,20.140651010320894,0.9758545756340027,datasets\sentinel2_500_patch\images\sentinel2_patch_00255.png,255,jpeg2000_rate_20,0.76,39047,26.93424710656008,786432,0.9503951905764595,0.9940728545188904,91.21959202150252,0.9669775731749886
88.99790445963541,9.089177569229347,0.8900761604309082,datasets\sentinel2_500_patch\images\sentinel2_patch_00255.png,255,ccsds_wavelet_proxy_q24,0.68,86524,23.95466930324336,786432,0.7503738289236779,0.9032240509986877,81.57126572644687,0.9472763395784972
95.00465393066406,20.018633066055745,0.9838213920593262,datasets\sentinel2_500_patch\images\sentinel2_patch_00256.png,256,jpeg2000_rate_20,0.78125,39285,27.025625239903857,786432,0.9953461403482002,1.0,92.74381708585506,0.9769230203387147
88.93686930338541,9.039032688152268,0.9337140917778015,datasets\sentinel2_500_patch\images\sentinel2_patch_00256.png,256,ccsds_wavelet_proxy_q24,0.65625,87004,24.089733831335202,786432,1.0,0.9860513210296631,86.75709009170534,0.9626921355663827
95.00872294108072,20.034952742465546,0.9145786166191101,datasets\sentinel2_500_patch\images\sentinel2_patch_00257.png,257,jpeg2000_rate_20,0.9310344827586207,39253,29.168921159087247,786432,0.8339385986328125,0.9449840188026428,91.75324550990403,0.9829597957610984
91.54103597005209,11.821778606217306,0.861083984375,datasets\sentinel2_500_patch\images\sentinel2_patch_00257.png,257,ccsds_wavelet_proxy_q24,0.8275862068965517,66524,24.545118083554158,786432,0.6841583251953125,0.889043927192688,83.89340737770345,0.9570431625339783
94.99855041503906,19.994203340706278,1.0,datasets\sentinel2_500_patch\images\sentinel2_patch_00258.png,258,jpeg2000_rate_20,1.0,39333,28.063000996415703,786432,1.0,1.0,100.0,0.9764320061058211
90.66289265950522,10.709955059240093,0.9913386106491089,datasets\sentinel2_500_patch\images\sentinel2_patch_00258.png,258,ccsds_wavelet_proxy_q24,1.0,73430,24.00711906350204,786432,1.0,1.0,99.65354442596437,0.9480976887326755
95.00579833984375,20.02322028719829,0.9950524568557739,datasets\sentinel2_500_patch\images\sentinel2_patch_00259.png,259,jpeg2000_rate_20,1.0,39276,28.131415637510784,786432,1.0,1.0,99.80209827423097,0.9800575443715274
90.48233032226562,10.506773547094188,0.9113602638244629,datasets\sentinel2_500_patch\images\sentinel2_patch_00259.png,259,ccsds_wavelet_proxy_q24,0.45454545454545453,74850,24.20428241485043,786432,0.8316932292223768,0.9376187920570374,77.16008232270669,0.9576657435249675
95.05119323730469,20.20689123564326,1.0,datasets\sentinel2_500_patch\images\sentinel2_patch_00260.png,260,jpeg2000_rate_20,0.8695652173913043,38919,31.562165162291038,786432,1.0,1.0,96.08695652173915,0.9797748133315597
94.38323974609375,17.80385764737843,0.9416447877883911,datasets\sentinel2_500_patch\images\sentinel2_patch_00260.png,260,ccsds_wavelet_proxy_q24,0.9130434782608695,44172,25.741488922974902,786432,1.0,0.9779564142227173,94.6162241438161,0.9324257710865274
95.02919514973959,20.117466489307276,0.9921406507492065,datasets\sentinel2_500_patch\images\sentinel2_patch_00261.png,261,jpeg2000_rate_20,1.0,39092,32.09684804074949,786432,1.0,1.0,99.68562602996828,0.9829578714556133
94.79077657063803,19.19671931066468,0.9758753776550293,datasets\sentinel2_500_patch\images\sentinel2_patch_00261.png,261,ccsds_wavelet_proxy_q24,0.72,40967,26.217387152963646,786432,1.0,0.9934890270233154,90.50479564666749,0.9432525874937148
95.0036366780599,20.014557300282494,0.9501934051513672,datasets\sentinel2_500_patch\images\sentinel2_patch_00262.png,262,jpeg2000_rate_20,0.8888888888888888,39293,30.622996578200485,786432,0.855927286791723,0.976245641708374,92.75858857480608,0.9775553190385172
93.45893859863281,15.28803872397504,0.8962901830673218,datasets\sentinel2_500_patch\images\sentinel2_patch_00262.png,262,ccsds_wavelet_proxy_q24,0.8518518518518519,51441,25.291673084054572,786432,0.8629375362599111,0.9433205127716064,88.90294849627968,0.9345570398846691
95.01202901204428,20.048232085043466,0.9107742309570312,datasets\sentinel2_500_patch\images\sentinel2_patch_00263.png,263,jpeg2000_rate_20,1.0,39227,26.877505702010666,786432,0.6829346092503987,0.9262080192565918,91.7844757159171,0.9720757204684727
89.13230895996094,9.201586577275439,0.9307491183280945,datasets\sentinel2_500_patch\images\sentinel2_patch_00263.png,263,ccsds_wavelet_proxy_q24,0.8421052631578947,85467,23.8995918884827,786432,0.9292078681552366,0.9453843235969543,90.6928877813521,0.9538643977211665
94.99918619791666,19.996745321399512,0.9416969418525696,datasets\sentinel2_500_patch\images\sentinel2_patch_00264.png,264,jpeg2000_rate_20,1.0,39328,28.52450750449412,786432,0.7578236333580346,0.9572955965995789,94.39202593967472,0.9785755041628892
91.15028381347656,11.299797405060563,0.9210108518600464,datasets\sentinel2_500_patch\images\sentinel2_patch_00264.png,264,ccsds_wavelet_proxy_q24,1.0,69597,24.374754295114652,786432,1.0,0.9704806804656982,96.25004768371583,0.9519897473553643
95.00808715820312,20.032401039278618,1.0,datasets\sentinel2_500_patch\images\sentinel2_patch_00265.png,265,jpeg2000_rate_20,1.0,39258,29.20496160223641,786432,1.0,1.0,100.0,0.9803763474375096
91.81162516276041,12.212435555003417,0.885408341884613,datasets\sentinel2_500_patch\images\sentinel2_patch_00265.png,265,ccsds_wavelet_proxy_q24,0.6842105263157895,64396,24.450804391632005,786432,0.7816899912930834,0.900942862033844,81.77840661846592,0.9496422066771221
95.02576192220053,20.103581379892123,0.9399608969688416,datasets\sentinel2_500_patch\images\sentinel2_patch_00266.png,266,jpeg2000_rate_20,1.0,39119,31.876582281023083,786432,0.7195076184042632,0.9536833167076111,93.86717839694853,0.9717694297355008
96.1236317952474,25.797342955551912,0.8472385406494141,datasets\sentinel2_500_patch\images\sentinel2_patch_00266.png,266,ccsds_wavelet_proxy_q24,0.782608695652174,30485,25.42505043179581,786432,0.5844029122569991,0.8723489046096802,80.65880971030539,0.8929694012276084
95.03300984700522,20.132916901336337,0.9696235060691833,datasets\sentinel2_500_patch\images\sentinel2_patch_00267.png,267,jpeg2000_rate_20,0.896551724137931,39062,32.02820922782575,786432,0.8927161412141672,0.9778292179107666,94.16523773726227,0.9767356342608441
95.6634521484375,23.05981703026038,0.8199607729911804,datasets\sentinel2_500_patch\images\sentinel2_patch_00267.png,267,ccsds_wavelet_proxy_q24,0.5862068965517241,34104,25.53279627583567,786432,0.3756365508954626,0.8460158705711365,71.06132073657632,0.9159949908058302
95.00935872395834,20.03750509580106,0.8907312154769897,datasets\sentinel2_500_patch\images\sentinel2_patch_00268.png,268,jpeg2000_rate_20,0.7692307692307693,39248,36.09402347074556,786432,0.5464566929133858,0.911884069442749,82.40842001399152,0.976113406917272
97.9559580485026,48.92267496111975,0.906036376953125,datasets\sentinel2_500_patch\images\sentinel2_patch_00268.png,268,ccsds_wavelet_proxy_q24,0.3076923076923077,16075,28.001575429678066,786432,0.7517060367454068,0.9156408905982971,71.30210248831425,0.8586637960543049
95.00554402669272,20.02220072305107,0.9582576751708984,datasets\sentinel2_500_patch\images\sentinel2_patch_00269.png,269,jpeg2000_rate_20,0.7777777777777778,39278,36.69399915896871,786432,0.8943387018057589,0.9610981941223145,89.82899124067316,0.9817179164401678
97.88398742675781,47.258698395529116,0.7845636010169983,datasets\sentinel2_500_patch\images\sentinel2_patch_00269.png,269,ccsds_wavelet_proxy_q24,0.3333333333333333,16641,28.53840828503673,786432,0.5039043435822352,0.8094810843467712,62.61120916343772,0.8871401148808776
95.00452677408853,20.018123504556332,1.0,datasets\sentinel2_500_patch\images\sentinel2_patch_00270.png,270,jpeg2000_rate_20,0.875,39286,34.76936263253317,786432,1.0,1.0,96.25000000000001,0.9753857429118081
97.22938537597656,36.09307448712653,0.9117609858512878,datasets\sentinel2_500_patch\images\sentinel2_patch_00270.png,270,ccsds_wavelet_proxy_q24,0.5625,21789,27.285076554249542,786432,0.7869062901155327,0.9365196228027344,79.94489479126155,0.8781343117953935
94.99905904134116,19.996236873553865,0.9290211796760559,datasets\sentinel2_500_patch\images\sentinel2_patch_00271.png,271,jpeg2000_rate_20,0.9230769230769231,39329,30.560296194055265,786432,0.7086919104991394,0.9480827450752258,90.90172888584587,0.9709759712192733
94.1321055094401,17.04188788003554,0.9190635085105896,datasets\sentinel2_500_patch\images\sentinel2_patch_00271.png,271,ccsds_wavelet_proxy_q24,1.0,46147,24.969854044825098,786432,0.6801491681009754,0.9133827686309814,91.83168739405298,0.9176401045595496
95.03122965494791,20.125703756781657,0.9418144226074219,datasets\sentinel2_500_patch\images\sentinel2_patch_00272.png,272,jpeg2000_rate_20,0.875,39076,32.14540217618621,786432,0.7565644171779141,0.957780659198761,90.64383426005125,0.9751492777647403
96.01402282714844,25.087951000095703,0.8934447765350342,datasets\sentinel2_500_patch\images\sentinel2_patch_00272.png,272,ccsds_wavelet_proxy_q24,0.6875,31347,25.80041585229519,786432,0.7831901840490798,0.9213967323303223,82.62262754849863,0.9082339955493918
95.00007629394531,20.000305180437934,0.9494480490684509,datasets\sentinel2_500_patch\images\sentinel2_patch_00273.png,273,jpeg2000_rate_20,0.8484848484848485,39321,32.99299309115001,786432,0.7063381373004805,0.955471396446228,89.60527671921287,0.9773101631711185
96.5857187906901,29.28874157387062,0.8983754515647888,datasets\sentinel2_500_patch\images\sentinel2_patch_00273.png,273,ccsds_wavelet_proxy_q24,0.3333333333333333,26851,26.02192782181811,786432,0.8899736556640322,0.920231282711029,73.23938027345247,0.9034925874670586
95.00541687011719,20.02169097991293,0.9363811612129211,datasets\sentinel2_500_patch\images\sentinel2_patch_00274.png,274,jpeg2000_rate_20,1.0,39279,31.611188372122893,786432,0.9334564208984375,0.9493272304534912,95.77635526657107,0.9875545669190018
95.05793253580728,20.2344465599753,0.7941774725914001,datasets\sentinel2_500_patch\images\sentinel2_patch_00274.png,274,ccsds_wavelet_proxy_q24,1.0,38866,25.269316087211173,786432,0.733734130859375,0.8093286156654358,85.29101252555849,0.9558540157289154
95.03987630208334,20.16078753076292,1.0,datasets\sentinel2_500_patch\images\sentinel2_patch_00275.png,275,jpeg2000_rate_20,1.0,39008,32.52246617038811,786432,1.0,1.0,100.0,0.9678620051629374
96.36751810709634,27.529387054993524,0.9430899024009705,datasets\sentinel2_500_patch\images\sentinel2_patch_00275.png,275,ccsds_wavelet_proxy_q24,0.5333333333333333,28567,25.74525593910474,786432,0.6146325566237575,0.9288079142570496,78.4460799474174,0.8712378245587719
95.00986735026041,20.039547446743452,0.9751471877098083,datasets\sentinel2_500_patch\images\sentinel2_patch_00276.png,276,jpeg2000_rate_20,1.0,39244,33.24411200950294,786432,0.9722386296515062,0.9844534397125244,98.41734259915789,0.9833854656893508
96.55354817708334,29.01534828807556,0.9352507591247559,datasets\sentinel2_500_patch\images\sentinel2_patch_00276.png,276,ccsds_wavelet_proxy_q24,0.875,27104,25.962426696330642,786432,0.9227913256265294,0.9359797835350037,91.60753929195562,0.9283741248326376
95.00350952148438,20.014047946251335,0.9715062379837036,datasets\sentinel2_500_patch\images\sentinel2_patch_00277.png,277,jpeg2000_rate_20,1.0,39294,31.127140819421378,786432,0.9658912345425975,0.9770070314407349,98.05930249358883,0.9885467095237487
93.98714701334634,16.631040243618752,0.7877155542373657,datasets\sentinel2_500_patch\images\sentinel2_patch_00277.png,277,ccsds_wavelet_proxy_q24,1.0,47287,25.027710546236946,786432,0.6987087517934003,0.8070276975631714,84.63626363869207,0.9647155137536405
95.00617980957031,20.024749828126193,0.9358528852462769,datasets\sentinel2_500_patch\images\sentinel2_patch_00278.png,278,jpeg2000_rate_20,1.0,39273,30.086213780649032,786432,0.9191143933960969,0.9433724284172058,95.49270791215618,0.9855397161835835
93.04224650065103,14.372455133594064,0.7639100551605225,datasets\sentinel2_500_patch\images\sentinel2_patch_00278.png,278,ccsds_wavelet_proxy_q24,1.0,54718,24.6149251238376,786432,0.7490730427086989,0.783372700214386,83.71458663779563,0.9620200825817957
95.02665201822916,20.107179382286766,0.9600740671157837,datasets\sentinel2_500_patch\images\sentinel2_patch_00279.png,279,jpeg2000_rate_20,0.8421052631578947,39112,33.05989035123303,786432,0.9028608027327071,0.9603251814842224,91.90123223637974,0.9722715812884952
96.76907857259116,30.950922901334174,0.9024814367294312,datasets\sentinel2_500_patch\images\sentinel2_patch_00279.png,279,ccsds_wavelet_proxy_q24,0.42105263157894735,25409,25.931197243716724,786432,0.8063620836891545,0.9181103110313416,75.15666347406406,0.87878739860539
95.02232869466147,20.089715424309,0.9499950408935547,datasets\sentinel2_500_patch\images\sentinel2_patch_00280.png,280,jpeg2000_rate_20,1.0,39146,31.51206341985678,786432,0.9526667703312082,0.9669057726860046,96.86458479277438,0.9839315712103421
95.4308827718099,21.886065733448362,0.8256231546401978,datasets\sentinel2_500_patch\images\sentinel2_patch_00280.png,280,ccsds_wavelet_proxy_q24,1.0,35933,25.304862564034316,786432,0.7687451407246152,0.8421139717102051,87.55465702705817,0.9445969166734122
95.00567118326822,20.02271049214553,0.9373656511306763,datasets\sentinel2_500_patch\images\sentinel2_patch_00281.png,281,jpeg2000_rate_20,1.0,39277,30.735251148844153,786432,0.80501945228469,0.9491419792175293,94.52766015242456,0.984319994217188
93.52277119954428,15.438701191621352,0.7317448258399963,datasets\sentinel2_500_patch\images\sentinel2_patch_00281.png,281,ccsds_wavelet_proxy_q24,1.0,50939,24.849487579531594,786432,0.19823022351056527,0.753746509552002,76.32702545974557,0.9530126194018534
94.99956766764322,19.998270820089,0.9316539764404297,datasets\sentinel2_500_patch\images\sentinel2_patch_00282.png,282,jpeg2000_rate_20,0.875,39325,29.76001590008813,786432,0.92437744140625,0.954317569732666,91.84628486633302,0.9899554271578943
92.1881357828776,12.801041751444616,0.8586559295654297,datasets\sentinel2_500_patch\images\sentinel2_patch_00282.png,282,ccsds_wavelet_proxy_q24,0.8333333333333334,61435,24.679967809474377,786432,0.771087646484375,0.8628740906715393,84.31459546089174,0.9706584886391328
95.00109354654947,20.00437514308244,1.0,datasets\sentinel2_500_patch\images\sentinel2_patch_00283.png,283,jpeg2000_rate_20,1.0,39313,30.731118440492363,786432,1.0,1.0,100.0,0.9741636390107857
93.74338785807291,15.983090805625558,0.9647126197814941,datasets\sentinel2_500_patch\images\sentinel2_patch_00283.png,283,ccsds_wavelet_proxy_q24,0.9090909090909091,49204,25.10482743772063,786432,1.0,0.9870522618293762,95.60227730057458,0.9149968724269353
95.02983093261719,20.12003991096784,0.9908665418624878,datasets\sentinel2_500_patch\images\sentinel2_patch_00284.png,284,jpeg2000_rate_20,1.0,39087,31.596690515459002,786432,0.9817648291762733,0.9899174571037292,99.25065910833685,0.985322186464266
94.48687235514322,18.138524344396522,0.8834018111228943,datasets\sentinel2_500_patch\images\sentinel2_patch_00284.png,284,ccsds_wavelet_proxy_q24,0.8333333333333334,43357,25.526777952036706,786432,0.9531894082302802,0.9071335792541504,88.0106381123016,0.9464093037881987
94.99931335449219,19.9972537951026,0.9401226043701172,datasets\sentinel2_500_patch\images\sentinel2_patch_00285.png,285,jpeg2000_rate_20,1.0,39327,29.333875773786858,786432,0.9649692574491565,0.9661040902137756,96.57667855357177,0.9909089638715187
91.44490559895834,11.688941736028537,0.8564363121986389,datasets\sentinel2_500_patch\images\sentinel2_patch_00285.png,285,ccsds_wavelet_proxy_q24,1.0,67280,24.76390795633168,786432,0.8814914078511745,0.8670106530189514,90.41257962683635,0.9769414311435604
95.00541687011719,20.02169097991293,0.9217554926872253,datasets\sentinel2_500_patch\images\sentinel2_patch_00286.png,286,jpeg2000_rate_20,1.0,39279,28.178448328359103,786432,0.917327880859375,0.9313986897468567,94.67147231101993,0.9880301259669145
90.19152323404947,10.195262973670223,0.8182098269462585,datasets\sentinel2_500_patch\images\sentinel2_patch_00286.png,286,ccsds_wavelet_proxy_q24,0.7692307692307693,77137,24.336917046968168,786432,0.741424560546875,0.8170585036277771,79.56073183279773,0.9748986264868895
95.01482645670572,20.059482208901926,0.9387845396995544,datasets\sentinel2_500_patch\images\sentinel2_patch_00287.png,287,jpeg2000_rate_20,1.0,39205,31.1496287007036,786432,0.7437076785486137,0.9454610347747803,93.89767906896395,0.9771811641897699
94.24692789713541,17.382017505083546,0.8893564343452454,datasets\sentinel2_500_patch\images\sentinel2_patch_00287.png,287,ccsds_wavelet_proxy_q24,0.8,45244,25.248453036559543,786432,0.9457007793535198,0.9038050174713135,87.1073655167713,0.9189767818947273
95.00350952148438,20.014047946251335,1.0,datasets\sentinel2_500_patch\images\sentinel2_patch_00288.png,288,jpeg2000_rate_20,1.0,39294,29.81912717121398,786432,0.9947184598347389,1.0,99.94718459834742,0.9858328546900722
92.58575439453125,13.487548878370035,0.9020323753356934,datasets\sentinel2_500_patch\images\sentinel2_patch_00288.png,288,ccsds_wavelet_proxy_q24,1.0,58308,24.710167303170753,786432,0.9016100178890877,0.9169734120368958,93.43686343305654,0.959333274066738
95.0049082438151,20.019652266883895,0.9870387315750122,datasets\sentinel2_500_patch\images\sentinel2_patch_00289.png,289,jpeg2000_rate_20,1.0,39283,28.755390613920753,786432,1.0,1.0,99.4815492630005,0.9874522602436684
90.64763387044272,10.692481305234534,0.8119181990623474,datasets\sentinel2_500_patch\images\sentinel2_patch_00289.png,289,ccsds_wavelet_proxy_q24,0.625,73550,24.535926212759186,786432,0.07776811461527898,0.8326016068458557,68.6564412455638,0.9706963791857018
94.99994913736978,19.99979655154875,0.9216503500938416,datasets\sentinel2_500_patch\images\sentinel2_patch_00290.png,290,jpeg2000_rate_20,0.9259259259259259,39322,30.572138469152872,786432,0.8437914778708407,0.9356722831726074,91.79515222369203,0.9814970230991347
93.16864013671875,14.638373911101183,0.6997928023338318,datasets\sentinel2_500_patch\images\sentinel2_patch_00290.png,290,ccsds_wavelet_proxy_q24,0.6666666666666666,53724,24.558237214484166,786432,0.3932903107693716,0.7195128798484802,66.3148727980166,0.9453554714533184
95.0042724609375,20.01710445937691,0.917461633682251,datasets\sentinel2_500_patch\images\sentinel2_patch_00291.png,291,jpeg2000_rate_20,1.0,39288,30.629957705349852,786432,0.8319753425493607,0.9283899664878845,93.58601810254135,0.9841986549837421
93.38328043619791,15.113229302790376,0.7807161211967468,datasets\sentinel2_500_patch\images\sentinel2_patch_00291.png,291,ccsds_wavelet_proxy_q24,0.896551724137931,52036,24.781171353352352,786432,0.36714577802191095,0.7900784015655518,77.59822238353796,0.9535769919442558
95.0140635172526,20.05641274132259,0.9028658270835876,datasets\sentinel2_500_patch\images\sentinel2_patch_00292.png,292,jpeg2000_rate_20,1.0,39211,29.363046846839687,786432,0.8195022962725622,0.9198034405708313,92.70572485748576,0.9752980557219443
92.44842529296875,13.242271165892099,0.7711071968078613,datasets\sentinel2_500_patch\images\sentinel2_patch_00292.png,292,ccsds_wavelet_proxy_q24,1.0,59388,24.382568336591305,786432,0.6494713232938161,0.7871056199073792,83.08111350340022,0.9380795451712269
95.0066884358724,20.02678957956658,0.9031440615653992,datasets\sentinel2_500_patch\images\sentinel2_patch_00293.png,293,jpeg2000_rate_20,0.9767441860465116,39269,29.735457447616138,786432,0.7763671875,0.9212571978569031,91.6169038761494,0.9799425293779422
92.0654296875,12.603076923076923,0.7380715012550354,datasets\sentinel2_500_patch\images\sentinel2_patch_00293.png,293,ccsds_wavelet_proxy_q24,0.4883720930232558,62400,24.232428374885057,786432,0.0969390869140625,0.7413972020149231,59.97135775033819,0.9456208194390917
95.00160217285156,20.00641074563077,0.982128381729126,datasets\sentinel2_500_patch\images\sentinel2_patch_00294.png,294,jpeg2000_rate_20,1.0,39309,31.36790371830316,786432,0.9511242639655856,0.9875912070274353,98.54820204936962,0.9825045134136441
93.67561340332031,15.811810121237711,0.7556694149971008,datasets\sentinel2_500_patch\images\sentinel2_patch_00294.png,294,ccsds_wavelet_proxy_q24,0.48148148148148145,49737,24.973336557187714,786432,0.22332733319095707,0.7765665054321289,62.435824484880634,0.94087672828462
95.01673380533853,20.067159989793314,0.963076114654541,datasets\sentinel2_500_patch\images\sentinel2_patch_00295.png,295,jpeg2000_rate_20,1.0,39190,32.61716249977545,786432,0.8062222493477166,0.9709898233413696,96.00506354648623,0.990455176729491
94.78492736816406,19.175188354911857,0.7975284457206726,datasets\sentinel2_500_patch\images\sentinel2_patch_00295.png,295,ccsds_wavelet_proxy_q24,0.0,41013,25.56786284039577,786432,0.007140786401989655,0.7984039187431335,47.94062406770948,0.9608850575529011
95.02881368001303,20.115922752270112,0.9376697540283203,datasets\sentinel2_500_patch\images\sentinel2_patch_00296.png,296,jpeg2000_rate_20,1.0,39095,31.854106058148,786432,0.9144975740746392,0.94947749376297,95.64131577713863,0.9890237921919257
94.32245890299478,17.613258678611423,0.8095076680183411,datasets\sentinel2_500_patch\images\sentinel2_patch_00296.png,296,ccsds_wavelet_proxy_q24,1.0,44650,25.250571675725254,786432,0.7679503219309756,0.8298677206039429,86.65716435212227,0.9611073343580476
95.00300089518228,20.01201078935315,0.9134136438369751,datasets\sentinel2_500_patch\images\sentinel2_patch_00297.png,297,jpeg2000_rate_20,1.0,39298,29.54937205689205,786432,0.846710205078125,0.9260358214378357,93.52436423301698,0.9796811251400264
91.7724609375,12.154302670623146,0.7093002200126648,datasets\sentinel2_500_patch\images\sentinel2_patch_00297.png,297,ccsds_wavelet_proxy_q24,0.8823529411764706,64704,24.194573936581975,786432,0.32061767578125,0.7284656763076782,72.61808731976679,0.9479931194122587
95.00172932942709,20.006919711000304,0.9178951382637024,datasets\sentinel2_500_patch\images\sentinel2_patch_00298.png,298,jpeg2000_rate_20,1.0,39308,28.919704033451694,786432,0.8946244106382654,0.9576371312141418,94.81479226121358,0.9850960128515277
90.79017639160156,10.85797125460796,0.8729819655418396,datasets\sentinel2_500_patch\images\sentinel2_patch_00298.png,298,ccsds_wavelet_proxy_q24,1.0,72429,24.39012900601162,786432,0.7559546515708684,0.8934735655784607,90.34829644895149,0.9641908866104403
95.00312805175781,20.012520039697687,0.8897009491920471,datasets\sentinel2_500_patch\images\sentinel2_patch_00299.png,299,jpeg2000_rate_20,1.0,39297,29.06580839296382,786432,0.8172607421875,0.9288158416748047,92.33696222305299,0.9868594290269107
91.0742441813151,11.20353301517202,0.8582346439361572,datasets\sentinel2_500_patch\images\sentinel2_patch_00299.png,299,ccsds_wavelet_proxy_q24,0.6666666666666666,70195,24.553975219292976,786432,0.8102264404296875,0.9152758717536926,80.73716759681705,0.9693412907760637
95.02169291178384,20.08714975351843,0.9428009390830994,datasets\sentinel2_500_patch\images\sentinel2_patch_00300.png,300,jpeg2000_rate_20,1.0,39151,27.534590965774207,786432,0.893951416015625,0.9569942951202393,95.79143762588501,0.9782511728904448
89.56896464029947,9.58677605353943,0.8683520555496216,datasets\sentinel2_500_patch\images\sentinel2_patch_00300.png,300,ccsds_wavelet_proxy_q24,0.9310344827586207,82033,24.171817727035886,786432,0.8204498291015625,0.8898733854293823,88.66708270434677,0.9612134425926488
94.99969482421875,19.99877937137626,0.9284671545028687,datasets\sentinel2_500_patch\images\sentinel2_patch_00301.png,301,jpeg2000_rate_20,0.918918918918919,39324,28.021813244727184,786432,0.8707122802734375,0.9586858749389648,92.58709404919601,0.9833748099754661
89.39806620279947,9.432241505451143,0.8472886681556702,datasets\sentinel2_500_patch\images\sentinel2_patch_00301.png,301,ccsds_wavelet_proxy_q24,0.6486486486486487,83377,24.10802733195943,786432,0.7150726318359375,0.8884827494621277,78.27138749328822,0.9655149258965237
95.00579833984375,20.02322028719829,0.9825374484062195,datasets\sentinel2_500_patch\images\sentinel2_patch_00302.png,302,jpeg2000_rate_20,1.0,39276,29.704733682842274,786432,1.0,1.0,99.3014979362488,0.9860122479651224
91.50505065917969,11.771700570299519,0.8583841323852539,datasets\sentinel2_500_patch\images\sentinel2_patch_00302.png,302,ccsds_wavelet_proxy_q24,1.0,66807,24.596793668874856,786432,0.615820071104872,0.8864599466323853,88.2227649391066,0.9602851819209861
95.00147501627603,20.005901806156196,0.9668315649032593,datasets\sentinel2_500_patch\images\sentinel2_patch_00303.png,303,jpeg2000_rate_20,1.0,39310,30.956783074936954,786432,0.9251110059966126,0.9857218265533447,97.63880918716342,0.9920745063108446
92.7191416422526,13.734644335388323,0.8389535546302795,datasets\sentinel2_500_patch\images\sentinel2_patch_00303.png,303,ccsds_wavelet_proxy_q24,0.38461538461538464,57259,25.17236968979703,786432,0.12548636648000366,0.8809359073638916,63.9701855357506,0.9741669359153855
95.00236511230469,20.0094649263415,0.9221036434173584,datasets\sentinel2_500_patch\images\sentinel2_patch_00304.png,304,jpeg2000_rate_20,1.0,39303,30.3727461314862,786432,0.9108428955078125,0.9440786838531494,94.87414836883546,0.9909875203315704
92.26977030436197,12.93622621025447,0.8584604859352112,datasets\sentinel2_500_patch\images\sentinel2_patch_00304.png,304,ccsds_wavelet_proxy_q24,0.72,60793,24.979995262410757,786432,0.8563232421875,0.8888781070709229,82.2792140007019,0.9735760389489754
95.03097534179688,20.12467372946415,0.905197262763977,datasets\sentinel2_500_patch\images\sentinel2_patch_00305.png,305,jpeg2000_rate_20,1.0,39078,27.849179723443278,786432,0.7934938508956636,0.926396369934082,92.67075641819737,0.9828201390778478
89.23467000325522,9.289078925610074,0.8565202951431274,datasets\sentinel2_500_patch\images\sentinel2_patch_00305.png,305,ccsds_wavelet_proxy_q24,0.7352941176470589,84662,24.108509194895795,786432,0.740715310201715,0.887565016746521,81.47808877208445,0.9659341098661334
94.99829610188803,19.993186729375875,0.9598392248153687,datasets\sentinel2_500_patch\images\sentinel2_patch_00306.png,306,jpeg2000_rate_20,0.875,39335,27.745481994736867,786432,0.8112335205078125,0.9764251708984375,92.28440761566165,0.9814803545286533
90.42434692382812,10.443151940084455,0.9493650794029236,datasets\sentinel2_500_patch\images\sentinel2_patch_00306.png,306,ccsds_wavelet_proxy_q24,0.4166666666666667,75306,24.105237724606802,786432,0.952545166015625,0.9637718796730042,79.27549242973329,0.9634644405165286
95.01050313313803,20.042100970972758,0.9287959337234497,datasets\sentinel2_500_patch\images\sentinel2_patch_00307.png,307,jpeg2000_rate_20,0.85,39239,27.523712550869966,786432,0.7746124267578125,0.9414700865745544,89.22736334800722,0.9790608236185524
90.00371297200522,10.003714351133386,0.8537927865982056,datasets\sentinel2_500_patch\images\sentinel2_patch_00307.png,307,ccsds_wavelet_proxy_q24,0.25,78614,24.337931052683324,786432,0.5594635009765625,0.8616522550582886,64.47939157485963,0.9654219765895333
95.00020345052084,20.00081383519837,0.9302186965942383,datasets\sentinel2_500_patch\images\sentinel2_patch_00308.png,308,jpeg2000_rate_20,1.0,39320,28.026521840706152,786432,0.7857109045868375,0.948429524898529,94.0344474076085,0.9749517427740896
90.71133931477866,10.765814727100986,0.8551562428474426,datasets\sentinel2_500_patch\images\sentinel2_patch_00308.png,308,ccsds_wavelet_proxy_q24,0.6,73049,24.518899167562694,786432,0.744039635830033,0.8911542892456055,77.46973185711016,0.9554364123607919
95.00083923339844,20.003357497138495,0.9626685976982117,datasets\sentinel2_500_patch\images\sentinel2_patch_00309.png,309,jpeg2000_rate_20,1.0,39315,29.033804509020385,786432,0.7959442138671875,0.9605270028114319,95.67672610282901,0.9790172706560859
91.96052551269531,12.438623962040332,0.9338589310646057,datasets\sentinel2_500_patch\images\sentinel2_patch_00309.png,309,ccsds_wavelet_proxy_q24,0.6923076923076923,63225,24.86118124603827,786432,0.9222412109375,0.9468145966529846,86.28229205424971,0.9544743920301156
95.03580729166666,20.14426229508197,0.9817272424697876,datasets\sentinel2_500_patch\images\sentinel2_patch_00310.png,310,jpeg2000_rate_20,1.0,39040,29.640292519016125,786432,0.8692494316187802,0.9825613498687744,97.61281101235481,0.9751853159389705
93.07454427083334,14.439482961222092,0.8986696004867554,datasets\sentinel2_500_patch\images\sentinel2_patch_00310.png,310,ccsds_wavelet_proxy_q24,0.75,54464,24.977978269892564,786432,0.7379495552130857,0.8996617794036865,83.81951515967482,0.9381563689250584
95.00312805175781,20.012520039697687,0.9315854907035828,datasets\sentinel2_500_patch\images\sentinel2_patch_00311.png,311,jpeg2000_rate_20,0.9523809523809523,39297,27.261809436462737,786432,0.758880615234375,0.9444127678871155,92.31190970965795,0.9766313281630087
89.64309692382812,9.655395948434622,0.9373730421066284,datasets\sentinel2_500_patch\images\sentinel2_patch_00311.png,311,ccsds_wavelet_proxy_q24,0.2857142857142857,81450,24.07861390634519,786432,0.867950439453125,0.946812629699707,73.68210724421911,0.9600321983112814
95.00338236490884,20.013538618144803,0.9362943172454834,datasets\sentinel2_500_patch\images\sentinel2_patch_00312.png,312,jpeg2000_rate_20,0.875,39295,28.248771043920296,786432,0.8065643310546875,0.9595324993133545,90.95806598663333,0.9798146585699032
90.9369150797526,11.03377060680463,0.8695979118347168,datasets\sentinel2_500_patch\images\sentinel2_patch_00312.png,312,ccsds_wavelet_proxy_q24,0.375,71275,24.333206117665274,786432,0.6803131103515625,0.882381796836853,70.48468351364137,0.9581145404352839
95.013427734375,20.053855569155445,0.9800191521644592,datasets\sentinel2_500_patch\images\sentinel2_patch_00313.png,313,jpeg2000_rate_20,0.6956521739130435,39216,27.962094087177682,786432,0.8791961669921875,0.977218747138977,88.4066679166711,0.9832833713747228
90.44392903645834,10.464551841601022,0.9081655144691467,datasets\sentinel2_500_patch\images\sentinel2_patch_00313.png,313,ccsds_wavelet_proxy_q24,0.34782608695652173,75152,24.308855032747452,786432,0.7265472412109375,0.9158442616462708,72.34376083249632,0.9670461811896074
95.00885009765625,20.03546316111281,1.0,datasets\sentinel2_500_patch\images\sentinel2_patch_00314.png,314,jpeg2000_rate_20,0.8888888888888888,39252,34.12673979003845,786432,1.0,1.0,96.66666666666669,0.9789230049837396
97.74487813313803,44.34350155060615,0.9986253976821899,datasets\sentinel2_500_patch\images\sentinel2_patch_00314.png,314,ccsds_wavelet_proxy_q24,1.0,17735,26.79312449473858,786432,1.0,0.9973515868186951,99.89204764366151,0.8998647042184209
95.00834147135416,20.033421642551456,0.9370474219322205,datasets\sentinel2_500_patch\images\sentinel2_patch_00315.png,315,jpeg2000_rate_20,1.0,39256,34.388633791805724,786432,0.7304273504273504,0.9448418617248535,93.68300761605941,0.9762034675979002
97.39278157552084,38.35505267264924,0.7572234869003296,datasets\sentinel2_500_patch\images\sentinel2_patch_00315.png,315,ccsds_wavelet_proxy_q24,0.4090909090909091,20504,27.27382085052273,786432,0.37367521367521367,0.7796236276626587,61.890891438745776,0.8930536757334231
95.00439961751303,20.017613968997377,1.0,datasets\sentinel2_500_patch\images\sentinel2_patch_00316.png,316,jpeg2000_rate_20,0.8888888888888888,39287,34.8801579107947,786432,1.0,1.0,96.66666666666669,0.973044823967334
97.72733052571616,44.001119006322384,0.772685170173645,datasets\sentinel2_500_patch\images\sentinel2_patch_00316.png,316,ccsds_wavelet_proxy_q24,0.2222222222222222,17873,27.515718393991577,786432,0.47796352583586627,0.7945163249969482,58.244035231910104,0.8631331700978738
95.00033060709634,20.00132251583204,0.9900091886520386,datasets\sentinel2_500_patch\images\sentinel2_patch_00317.png,317,jpeg2000_rate_20,1.0,39319,35.986525644429264,786432,1.0,0.9871389269828796,99.34314608573914,0.9758185439915333
98.22502136230469,56.338706211046635,0.7531208395957947,datasets\sentinel2_500_patch\images\sentinel2_patch_00317.png,317,ccsds_wavelet_proxy_q24,0.18181818181818182,13959,28.05470628584256,786432,0.8608893956670467,0.7707651257514954,59.60357551007763,0.8633030144385312
95.03974914550781,20.160270706759977,1.0,datasets\sentinel2_500_patch\images\sentinel2_patch_00318.png,318,jpeg2000_rate_20,1.0,39009,36.73459094189259,786432,1.0,1.0,100.0,0.9738217001155914
98.68558247884116,76.07932669052917,0.8721247315406799,datasets\sentinel2_500_patch\images\sentinel2_patch_00318.png,318,ccsds_wavelet_proxy_q24,0.3333333333333333,10337,28.756608567175718,786432,1.0,0.8969578146934509,72.82414555549622,0.8531006644413841
95.00439961751303,20.017613968997377,0.9248815774917603,datasets\sentinel2_500_patch\images\sentinel2_patch_00319.png,319,jpeg2000_rate_20,0.85,39287,33.857991863564834,786432,0.757085020242915,0.9444254040718079,88.95462138353572,0.9737681399479488
97.40702311197916,38.5657120439388,0.751990795135498,datasets\sentinel2_500_patch\images\sentinel2_patch_00319.png,319,ccsds_wavelet_proxy_q24,0.5,20392,26.648076091555698,786432,0.2896986054880792,0.781450092792511,63.60561971615094,0.8817204720347859
95.00897725423178,20.035973605768007,1.0,datasets\sentinel2_500_patch\images\sentinel2_patch_00320.png,320,jpeg2000_rate_20,1.0,39251,34.79287830111411,786432,1.0,1.0,100.0,0.9776157781082833
97.98240661621094,49.56400075628663,1.0,datasets\sentinel2_500_patch\images\sentinel2_patch_00320.png,320,ccsds_wavelet_proxy_q24,1.0,15867,27.17193804234567,786432,1.0,1.0,100.0,0.8817562219897775
95.01190185546875,20.047721015601102,0.9762969017028809,datasets\sentinel2_500_patch\images\sentinel2_patch_00321.png,321,jpeg2000_rate_20,0.5,39228,34.32012999929615,786432,0.995475113122172,0.9818525910377502,83.64367902009197,0.980124074519642
97.73521423339844,44.154286676772784,1.0,datasets\sentinel2_500_patch\images\sentinel2_patch_00321.png,321,ccsds_wavelet_proxy_q24,1.0,17811,26.85064837453308,786432,1.0,1.0,100.0,0.896907375901574
95.01825968424478,20.073306447496044,0.9629676938056946,datasets\sentinel2_500_patch\images\sentinel2_patch_00322.png,322,jpeg2000_rate_20,1.0,39178,32.123793739710756,786432,0.9076857347757755,0.9718466401100159,97.03249790218588,0.9862983903412311
94.86910502115884,19.4897772050259,0.8252487182617188,datasets\sentinel2_500_patch\images\sentinel2_patch_00322.png,322,ccsds_wavelet_proxy_q24,1.0,40351,25.206194477467445,786432,0.3641149274455651,0.8196558952331543,83.0442159095875,0.9440894192496994
95.00465393066406,20.018633066055745,0.9773140549659729,datasets\sentinel2_500_patch\images\sentinel2_patch_00323.png,323,jpeg2000_rate_20,1.0,39285,31.827293837972395,786432,0.9521201116892232,0.9860848784446716,98.33546088442459,0.9863106475582131
94.54218546549478,18.322352173710453,0.8178975582122803,datasets\sentinel2_500_patch\images\sentinel2_patch_00323.png,323,ccsds_wavelet_proxy_q24,0.6956521739130435,42922,25.19043003310401,786432,0.3939333831764293,0.8192554712295532,73.90991080223789,0.9487502456626108
95.00020345052084,20.00081383519837,0.9666763544082642,datasets\sentinel2_500_patch\images\sentinel2_patch_00324.png,324,jpeg2000_rate_20,1.0,39320,32.83373339251469,786432,0.9475603429861768,0.9743199348449707,97.62905630309177,0.9866237074571096
96.23921712239584,26.590208276981336,0.8099789619445801,datasets\sentinel2_500_patch\images\sentinel2_patch_00324.png,324,ccsds_wavelet_proxy_q24,0.9230769230769231,29576,25.754928220405063,786432,0.7133593726160324,0.8415815234184265,84.05669036461977,0.9402398226231802
95.01228332519531,20.04925430210325,0.9455887675285339,datasets\sentinel2_500_patch\images\sentinel2_patch_00325.png,325,jpeg2000_rate_20,1.0,39225,32.65794972558715,786432,0.8256644188813963,0.9597980976104736,95.27615684216481,0.9799610227287384
96.29707336425781,27.005666014216544,0.727928876876831,datasets\sentinel2_500_patch\images\sentinel2_patch_00325.png,325,ccsds_wavelet_proxy_q24,1.0,29121,25.781262444668478,786432,0.3357794525981753,0.7499389052391052,77.4737277058371,0.9156489020643412
95.04356384277344,20.17578696221042,0.9603420495986938,datasets\sentinel2_500_patch\images\sentinel2_patch_00326.png,326,jpeg2000_rate_20,0.9393939393939394,38979,31.7934302490126,786432,0.873100628547019,0.9630415439605713,94.58733733044757,0.9861925731278113
94.79357401529947,19.207033825863963,0.8327697515487671,datasets\sentinel2_500_patch\images\sentinel2_patch_00326.png,326,ccsds_wavelet_proxy_q24,1.0,40945,25.312898040043372,786432,0.5453408189418442,0.839927077293396,85.56273979723706,0.9517537189486552
95.01622517903647,20.065112006939838,0.9526472687721252,datasets\sentinel2_500_patch\images\sentinel2_patch_00327.png,327,jpeg2000_rate_20,1.0,39194,31.58999866896926,786432,0.9026332651878071,0.9612571597099304,96.3573665969617,0.9893102826673674
93.48093668619791,15.339627057813841,0.7619493007659912,datasets\sentinel2_500_patch\images\sentinel2_patch_00327.png,327,ccsds_wavelet_proxy_q24,1.0,51268,25.016396242794045,786432,0.4613858969273487,0.7836347818374634,80.76452663666241,0.9631962354264169
95.02156575520834,20.086636697997548,0.9695596694946289,datasets\sentinel2_500_patch\images\sentinel2_patch_00328.png,328,jpeg2000_rate_20,0.8148148148148148,39152,32.88001135356961,786432,0.9457583155324992,0.9785398244857788,92.25521086927017,0.9897525404248179
95.16131083170572,20.666754263789976,0.8067412972450256,datasets\sentinel2_500_patch\images\sentinel2_patch_00328.png,328,ccsds_wavelet_proxy_q24,0.8148148148148148,38053,25.498859307780045,786432,0.4162496185535551,0.8193215131759644,77.26302278330031,0.9528877204502381
95.00033060709634,20.00132251583204,0.9545913338661194,datasets\sentinel2_500_patch\images\sentinel2_patch_00329.png,329,jpeg2000_rate_20,1.0,39319,31.913241530894485,786432,0.884330180042722,0.9609339237213135,96.24563362949827,0.9872866452742917
94.38323974609375,17.80385764737843,0.7758506536483765,datasets\sentinel2_500_patch\images\sentinel2_patch_00329.png,329,ccsds_wavelet_proxy_q24,0.22727272727272727,44172,25.15435542201542,786432,0.33179737564845896,0.7972722053527832,57.11562582765715,0.9525305552354117
95.01558939615884,20.062552616138166,0.9888597130775452,datasets\sentinel2_500_patch\images\sentinel2_patch_00330.png,330,jpeg2000_rate_20,1.0,39199,30.283034828932372,786432,0.9977417336771595,1.0,99.53180585987343,0.9885626172860493
92.40188598632812,13.161160759112361,0.9036996364593506,datasets\sentinel2_500_patch\images\sentinel2_patch_00330.png,330,ccsds_wavelet_proxy_q24,1.0,59754,24.706413844283908,786432,0.5764987716862231,0.9164377450942993,90.24172807712226,0.963603209342584
94.99918619791666,19.996745321399512,0.9781680107116699,datasets\sentinel2_500_patch\images\sentinel2_patch_00331.png,331,jpeg2000_rate_20,1.0,39328,30.15727847730242,786432,0.96917724609375,0.9925526976585388,98.6695468425751,0.9885073336971927
92.30117797851562,12.989000099098206,0.8675140142440796,datasets\sentinel2_500_patch\images\sentinel2_patch_00331.png,331,ccsds_wavelet_proxy_q24,0.43478260869565216,60546,24.755726884928592,786432,0.4621734619140625,0.8818325400352478,70.00242425047834,0.9650799627742674
95.0049082438151,20.019652266883895,0.9912587404251099,datasets\sentinel2_500_patch\images\sentinel2_patch_00332.png,332,jpeg2000_rate_20,0.96875,39283,31.20607896644203,786432,0.9724884033203125,0.986652672290802,98.17078709602359,0.9882077173808986
94.024658203125,16.73544433094995,0.9159195423126221,datasets\sentinel2_500_patch\images\sentinel2_patch_00332.png,332,ccsds_wavelet_proxy_q24,0.75,46992,25.018238597386976,786432,0.9428558349609375,0.9325175881385803,87.21569180488588,0.9550271337339759
95.00503540039062,20.020161906216586,0.9869815111160278,datasets\sentinel2_500_patch\images\sentinel2_patch_00333.png,333,jpeg2000_rate_20,1.0,39282,31.079217494792925,786432,0.9817516502439491,0.995476484298706,99.20630663305474,0.9824816087788247
94.15384928385416,17.105272315990952,0.8366799354553223,datasets\sentinel2_500_patch\images\sentinel2_patch_00333.png,333,ccsds_wavelet_proxy_q24,1.0,45976,25.0139118873987,786432,0.5536688032143882,0.8492467403411865,85.9888202571805,0.9350389976464437
95.00528971354166,20.021181262729126,1.0,datasets\sentinel2_500_patch\images\sentinel2_patch_00334.png,334,jpeg2000_rate_20,0.9705882352941176,39280,30.390749071449324,786432,1.0,1.0,99.11764705882355,0.9883591514014543
92.70922342936197,13.715960025812302,0.8385407328605652,datasets\sentinel2_500_patch\images\sentinel2_patch_00334.png,334,ccsds_wavelet_proxy_q24,1.0,57337,24.924285755698826,786432,0.7111248783078149,0.8496798276901245,87.64647465130327,0.9641691284086051
95.00020345052084,20.00081383519837,0.965806782245636,datasets\sentinel2_500_patch\images\sentinel2_patch_00335.png,335,jpeg2000_rate_20,0.9,39320,29.896164899397736,786432,0.9729775092312857,0.9939439296722412,95.24092497558314,0.9912065315796775
91.61376953125,11.924308588064047,0.8484544157981873,datasets\sentinel2_500_patch\images\sentinel2_patch_00335.png,335,ccsds_wavelet_proxy_q24,0.8333333333333334,65952,24.755712566549704,786432,0.5893832585675486,0.8609599471092224,82.05120815978745,0.9748936355278743
95.00096638997397,20.00386630716793,0.9818642139434814,datasets\sentinel2_500_patch\images\sentinel2_patch_00336.png,336,jpeg2000_rate_20,0.9375,39314,31.12140670713773,786432,0.95703125,0.9885938167572021,96.74175739288331,0.991151040437982
93.0511474609375,14.39086517347387,0.8325966000556946,datasets\sentinel2_500_patch\images\sentinel2_patch_00336.png,336,ccsds_wavelet_proxy_q24,0.6875,54648,24.963735918328574,786432,0.4690093994140625,0.8735723495483398,76.09040498733522,0.9678091067007144
94.99893188476562,19.995728451563693,0.9327667355537415,datasets\sentinel2_500_patch\images\sentinel2_patch_00337.png,337,jpeg2000_rate_20,1.0,39330,30.29911670767302,786432,0.8056975448983017,0.9459613561630249,94.2868719943932,0.9890551256228661
92.254638671875,12.910953506698188,0.8344612121582031,datasets\sentinel2_500_patch\images\sentinel2_patch_00337.png,337,ccsds_wavelet_proxy_q24,1.0,60912,24.748098528791257,786432,0.38825396340998214,0.8487426042556763,84.2358402055415,0.9661866475733535
95.00198364257812,20.00793771943215,0.9740169048309326,datasets\sentinel2_500_patch\images\sentinel2_patch_00338.png,338,jpeg2000_rate_20,0.9310344827586207,39306,29.138549176039295,786432,0.9915618896484375,0.9922739267349243,96.65280810717881,0.9851952010438593
91.53594970703125,11.814674598882279,0.8489158153533936,datasets\sentinel2_500_patch\images\sentinel2_patch_00338.png,338,ccsds_wavelet_proxy_q24,1.0,66564,24.316758361029542,786432,0.87664794921875,0.883256196975708,90.38823604583742,0.9601910133841021
95.01126607259116,20.04516605918487,0.9981561303138733,datasets\sentinel2_500_patch\images\sentinel2_patch_00339.png,339,jpeg2000_rate_20,0.88,39233,31.98626973602491,786432,1.0,1.0,96.32624521255495,0.9900983995803134
94.60627237955728,18.540053750766184,0.8543302416801453,datasets\sentinel2_500_patch\images\sentinel2_patch_00339.png,339,ccsds_wavelet_proxy_q24,0.88,42418,25.79582027420883,786432,0.7307649316293453,0.8481041789054871,84.84294256160902,0.9647169606198985
95.00885009765625,20.03546316111281,0.9051456451416016,datasets\sentinel2_500_patch\images\sentinel2_patch_00340.png,340,jpeg2000_rate_20,1.0,39252,29.058678744623588,786432,0.8041839599609375,0.9221401214599609,92.69046783447268,0.9865835468061841
91.16020202636719,11.312475726060502,0.8521397113800049,datasets\sentinel2_500_patch\images\sentinel2_patch_00340.png,340,ccsds_wavelet_proxy_q24,0.5172413793103449,69519,24.484477045831348,786432,0.6645660400390625,0.8502793908119202,73.25407805113959,0.9672529110942175
95.00096638997397,20.00386630716793,0.9656782746315002,datasets\sentinel2_500_patch\images\sentinel2_patch_00341.png,341,jpeg2000_rate_20,0.8461538461538461,39314,30.121413045608392,786432,0.9582943982688241,0.9820419549942017,93.23552945244768,0.9779682723674701
93.41634114583334,15.189122373300371,0.8795734643936157,datasets\sentinel2_500_patch\images\sentinel2_patch_00341.png,341,ccsds_wavelet_proxy_q24,0.6923076923076923,51776,24.831993813122693,786432,0.9740323611862489,0.9263856410980225,84.22020577879834,0.933045619314567
95.00020345052084,20.00081383519837,0.9830042719841003,datasets\sentinel2_500_patch\images\sentinel2_patch_00342.png,342,jpeg2000_rate_20,1.0,39320,30.31399777003561,786432,1.0,1.0,99.32017087936403,0.9709331720733968
93.64573160807291,15.737452973665253,0.8546367883682251,datasets\sentinel2_500_patch\images\sentinel2_patch_00342.png,342,ccsds_wavelet_proxy_q24,1.0,49972,24.993478850473608,786432,1.0,0.9165979027748108,92.51742959022525,0.9116767889617615
94.99905904134116,19.996236873553865,0.9870908856391907,datasets\sentinel2_500_patch\images\sentinel2_patch_00343.png,343,jpeg2000_rate_20,1.0,39329,31.25994437839541,786432,1.0,1.0,99.48363542556764,0.9914710896804325
93.86571248372397,16.301811699349116,0.8605451583862305,datasets\sentinel2_500_patch\images\sentinel2_patch_00343.png,343,ccsds_wavelet_proxy_q24,1.0,48242,25.409910461597484,786432,0.860648518815052,0.8780482411384583,90.58925634636891,0.9721810602118319
95.00401814778647,20.016085517943498,0.9683135151863098,datasets\sentinel2_500_patch\images\sentinel2_patch_00344.png,344,jpeg2000_rate_20,1.0,39290,29.306267259912527,786432,0.9461517333984375,0.9718934297561646,97.63192653656007,0.9854852207562845
91.59990946451822,11.904633596221673,0.8694507479667664,datasets\sentinel2_500_patch\images\sentinel2_patch_00344.png,344,ccsds_wavelet_proxy_q24,0.3225806451612903,66061,24.487081114144406,786432,0.7646026611328125,0.8879361152648926,69.86019819013536,0.961876672477648
95.00846862792969,20.033931983186854,0.9726162552833557,datasets\sentinel2_500_patch\images\sentinel2_patch_00345.png,345,jpeg2000_rate_20,1.0,39255,29.71782856442212,786432,0.8452744325434264,0.9766046404838562,96.88948734644563,0.973838893134377
92.9412841796875,14.166882836143536,0.8703604340553284,datasets\sentinel2_500_patch\images\sentinel2_patch_00345.png,345,ccsds_wavelet_proxy_q24,0.4666666666666667,55512,24.638043455600926,786432,0.7886120206448749,0.8883833885192871,74.46820533904764,0.9245718477110354
95.03911336263022,20.157686984159533,0.9602561593055725,datasets\sentinel2_500_patch\images\sentinel2_patch_00346.png,346,jpeg2000_rate_20,1.0,39014,30.71462231642841,786432,0.9475555419921875,0.9612433910369873,97.11066961288454,0.9826531179686184
94.16631062825522,17.141810889751078,0.7440597414970398,datasets\sentinel2_500_patch\images\sentinel2_patch_00346.png,346,ccsds_wavelet_proxy_q24,1.0,45878,24.711420986693074,786432,0.6185760498046875,0.7469422221183777,80.88699460029605,0.9452829953067826
95.0188954671224,20.075868582952545,0.9600287675857544,datasets\sentinel2_500_patch\images\sentinel2_patch_00347.png,347,jpeg2000_rate_20,1.0,39173,32.916378800462226,786432,0.9538903863432165,0.9676530361175537,97.29311528921343,0.9880560571564463
95.88279724121094,24.28833503196516,0.8324075937271118,datasets\sentinel2_500_patch\images\sentinel2_patch_00347.png,347,ccsds_wavelet_proxy_q24,1.0,32379,25.80473158532491,786432,0.7103683737646002,0.8550370335578918,87.50072815788833,0.9513988654697351
95.00528971354166,20.021181262729126,0.9293473958969116,datasets\sentinel2_500_patch\images\sentinel2_patch_00348.png,348,jpeg2000_rate_20,1.0,39280,30.62547666439027,786432,0.8582958272942254,0.9403899312019348,94.56465273285743,0.9840422320467507
93.39167277018228,15.132422551472002,0.7625187039375305,datasets\sentinel2_500_patch\images\sentinel2_patch_00348.png,348,ccsds_wavelet_proxy_q24,1.0,51970,24.766422792033307,786432,0.39304294759325653,0.7848473787307739,80.12812520804928,0.9526802451212459
95.00910441080728,20.036484076433123,0.966421902179718,datasets\sentinel2_500_patch\images\sentinel2_patch_00349.png,349,jpeg2000_rate_20,0.9285714285714286,39250,31.430251482359864,786432,0.958061392058613,0.9742627739906311,95.57988834473036,0.9744631600422077
95.7403818766276,23.476282874115647,0.819837212562561,datasets\sentinel2_500_patch\images\sentinel2_patch_00349.png,349,ccsds_wavelet_proxy_q24,0.8571428571428571,33499,25.35442437173571,786432,0.6202366415428018,0.8052950501441956,80.8160416351001,0.9133061057774471
95.02614339192709,20.10512322323346,0.9550276398658752,datasets\sentinel2_500_patch\images\sentinel2_patch_00350.png,350,jpeg2000_rate_20,0.8666666666666667,39116,31.56723534366204,786432,0.8327036490969406,0.962440550327301,91.77695309215045,0.9652956891653007
95.91573079427084,24.484184308841844,0.815575122833252,datasets\sentinel2_500_patch\images\sentinel2_patch_00350.png,350,ccsds_wavelet_proxy_q24,0.8,32120,25.47394573637557,786432,0.3068098046443052,0.8319318890571594,76.32974074091634,0.8810798918971283
95.0354258219401,20.14271444304997,0.9665580987930298,datasets\sentinel2_500_patch\images\sentinel2_patch_00351.png,351,jpeg2000_rate_20,0.9333333333333333,39043,32.23401606152269,786432,0.922769780392981,0.9536826014518738,94.9636737846885,0.989851232206643
95.24091084798178,21.012424185748255,0.8328643441200256,datasets\sentinel2_500_patch\images\sentinel2_patch_00351.png,351,ccsds_wavelet_proxy_q24,1.0,37427,25.62099452638669,786432,0.7579944660432208,0.8457761406898499,87.81004123903024,0.9633842962564754
95.01546223958334,20.06204081632653,0.9284112453460693,datasets\sentinel2_500_patch\images\sentinel2_patch_00352.png,352,jpeg2000_rate_20,0.9642857142857143,39200,30.799254616263756,786432,0.8906097412109375,0.9409154057502747,93.78942676952909,0.9831933270879405
93.91962687174478,16.446359111631605,0.7682265043258667,datasets\sentinel2_500_patch\images\sentinel2_patch_00352.png,352,ccsds_wavelet_proxy_q24,1.0,47818,24.829447857697907,786432,0.5271148681640625,0.7910827398300171,81.82186365127565,0.9481373440946856
95.02220153808594,20.089202237719366,1.0,datasets\sentinel2_500_patch\images\sentinel2_patch_00353.png,353,jpeg2000_rate_20,0.92,39147,31.288535399355276,786432,1.0,1.0,97.60000000000002,0.9692753930250566
95.79175313313803,23.762864481039433,0.8692110180854797,datasets\sentinel2_500_patch\images\sentinel2_patch_00353.png,353,ccsds_wavelet_proxy_q24,0.24,33095,25.245395512840997,786432,0.6583226358579375,0.8802946209907532,66.15755950181364,0.8963110110658722
95.01927693684897,20.0774061781976,0.9590386748313904,datasets\sentinel2_500_patch\images\sentinel2_patch_00354.png,354,jpeg2000_rate_20,0.88,39170,29.36482147741916,786432,0.967254638671875,0.9823039174079895,94.08017172813416,0.9855593593902056
91.55705769856772,11.844212175065515,0.8325452208518982,datasets\sentinel2_500_patch\images\sentinel2_patch_00354.png,354,ccsds_wavelet_proxy_q24,0.68,66398,24.58202369463596,786432,0.7308349609375,0.8634478449821472,78.27911534309389,0.9616111172398804
95.00083923339844,20.003357497138495,0.9848363995552063,datasets\sentinel2_500_patch\images\sentinel2_patch_00355.png,355,jpeg2000_rate_20,1.0,39315,27.9379897063207,786432,0.9310373120551373,0.9811224937438965,98.32627897763757,0.9803447288355275
90.26222229003906,10.269283503741137,0.8648440837860107,datasets\sentinel2_500_patch\images\sentinel2_patch_00355.png,355,ccsds_wavelet_proxy_q24,0.8461538461538461,76581,24.088856096127166,786432,0.671575967672458,0.8592926263809204,83.87999094039881,0.9587081939425145
94.99969482421875,19.99877937137626,0.9965922236442566,datasets\sentinel2_500_patch\images\sentinel2_patch_00356.png,356,jpeg2000_rate_20,0.8484848484848485,39324,27.88430169046009,786432,1.0,1.0,95.31823440031573,0.9821532008636095
90.03613789876303,10.036268967189475,0.9520076513290405,datasets\sentinel2_500_patch\images\sentinel2_patch_00356.png,356,ccsds_wavelet_proxy_q24,0.7575757575757576,78359,24.24123111726514,786432,1.0,0.9581642746925354,89.97086427428506,0.9648745132224618
95.01876831054688,20.07535610353806,0.9705439805984497,datasets\sentinel2_500_patch\images\sentinel2_patch_00357.png,357,jpeg2000_rate_20,1.0,39174,27.576311062727797,786432,0.8289559427680975,0.9585230350494385,96.28177935260776,0.9764771149840025
89.96963500976562,9.96972693390127,0.8704543113708496,datasets\sentinel2_500_patch\images\sentinel2_patch_00357.png,357,ccsds_wavelet_proxy_q24,0.7894736842105263,78882,24.210376468189367,786432,0.6881427964300892,0.8671053647994995,82.72591824144067,0.9566423509236537
94.99829610188803,19.993186729375875,0.9298925399780273,datasets\sentinel2_500_patch\images\sentinel2_patch_00358.png,358,jpeg2000_rate_20,1.0,39335,27.99317014604712,786432,0.7590211530485276,0.9488341212272644,93.76259555415167,0.9700485977087251
90.81039428710938,10.881859692818598,0.877800464630127,datasets\sentinel2_500_patch\images\sentinel2_patch_00358.png,358,ccsds_wavelet_proxy_q24,1.0,72270,24.194878345308673,786432,0.722590902806581,0.884181022644043,90.02154806615177,0.9389403006171422
95.01304626464844,20.05232157882659,0.9373690485954285,datasets\sentinel2_500_patch\images\sentinel2_patch_00359.png,359,jpeg2000_rate_20,1.0,39219,28.589801302079913,786432,0.8799501545532521,0.9542413353919983,95.37909019718964,0.9825435571877706
90.8685048421224,10.951109130658795,0.83474200963974,datasets\sentinel2_500_patch\images\sentinel2_patch_00359.png,359,ccsds_wavelet_proxy_q24,0.9285714285714286,71813,24.40233704262733,786432,0.7250246799695749,0.8489518761634827,85.47610756569787,0.9596039000533353
95.00338236490884,20.013538618144803,0.9041138887405396,datasets\sentinel2_500_patch\images\sentinel2_patch_00360.png,360,jpeg2000_rate_20,0.8095238095238095,39295,28.926359044836364,786432,0.83197021484375,0.9158927202224731,87.08782638822285,0.9852108039683399
91.05415344238281,11.17837192443819,0.879734992980957,datasets\sentinel2_500_patch\images\sentinel2_patch_00360.png,360,ccsds_wavelet_proxy_q24,0.8095238095238095,70353,24.491752938480616,786432,0.8626861572265625,0.9032779932022095,86.16753544126239,0.9640836440062566
95.00198364257812,20.00793771943215,0.9375787973403931,datasets\sentinel2_500_patch\images\sentinel2_patch_00361.png,361,jpeg2000_rate_20,0.9565217391304348,39306,28.66574567439796,786432,0.8856201171875,0.9550476670265198,94.15595857993418,0.984400355569149
90.63097635904947,10.673470772655094,0.846546471118927,datasets\sentinel2_500_patch\images\sentinel2_patch_00361.png,361,ccsds_wavelet_proxy_q24,0.7391304347826086,73681,24.39593582033622,786432,0.755126953125,0.8533452153205872,80.6539457258971,0.9641513679936239
95.00439961751303,20.017613968997377,0.8817311525344849,datasets\sentinel2_500_patch\images\sentinel2_patch_00362.png,362,jpeg2000_rate_20,1.0,39287,31.17950588829963,786432,0.7637284670196371,0.891923189163208,90.74499455483995,0.9828669397493958
94.41655476888022,17.910088818036893,0.7455825805664062,datasets\sentinel2_500_patch\images\sentinel2_patch_00362.png,362,ccsds_wavelet_proxy_q24,1.0,43910,25.228898266198847,786432,0.5483300019835518,0.7459397315979004,80.22539787444978,0.9420405149700994
95.00007629394531,20.000305180437934,0.9116185903549194,datasets\sentinel2_500_patch\images\sentinel2_patch_00363.png,363,jpeg2000_rate_20,0.8928571428571429,39321,30.263351324497066,786432,0.7008766213290168,0.9243693947792053,88.74661200878535,0.9770320852583573
93.87359619140625,16.322789539227895,0.8102532029151917,datasets\sentinel2_500_patch\images\sentinel2_patch_00363.png,363,ccsds_wavelet_proxy_q24,0.7857142857142857,48180,24.711196635782557,786432,0.5590405516197524,0.8237119317054749,78.04620083834327,0.9347239463522139
95.00706990559897,20.02831966586869,0.9171457886695862,datasets\sentinel2_500_patch\images\sentinel2_patch_00364.png,364,jpeg2000_rate_20,0.9,39266,30.059040407497932,786432,0.8132737066775079,0.9328984618186951,90.47653784993246,0.979453196777291
93.31754048665366,14.964550073259376,0.8186478614807129,datasets\sentinel2_500_patch\images\sentinel2_patch_00364.png,364,ccsds_wavelet_proxy_q24,0.6666666666666666,52553,24.693868326820166,786432,0.6462648643154792,0.8347405791282654,75.90337468494862,0.9455840590157468
94.99804178873697,19.992170221420036,1.0,datasets\sentinel2_500_patch\images\sentinel2_patch_00365.png,365,jpeg2000_rate_20,1.0,39337,30.011071416998114,786432,1.0,1.0,100.0,0.972868235660922
93.69227091471353,15.853566100874895,1.0,datasets\sentinel2_500_patch\images\sentinel2_patch_00365.png,365,ccsds_wavelet_proxy_q24,0.9090909090909091,49606,24.775591657669402,786432,1.0,1.0,97.2727272727273,0.9256293751305831
95.00617980957031,20.024749828126193,1.0,datasets\sentinel2_500_patch\images\sentinel2_patch_00366.png,366,jpeg2000_rate_20,1.0,39273,30.364566498436602,786432,1.0,1.0,100.0,0.9644426517744575
94.78327433268228,19.169112270267636,1.0,datasets\sentinel2_500_patch\images\sentinel2_patch_00366.png,366,ccsds_wavelet_proxy_q24,0.41379310344827586,41026,24.917697309609643,786432,1.0,1.0,82.41379310344828,0.8956595446417254
95.00414530436197,20.016594975692943,0.9438390135765076,datasets\sentinel2_500_patch\images\sentinel2_patch_00367.png,367,jpeg2000_rate_20,1.0,39289,30.886107316240295,786432,0.8609258237624755,0.9567923545837402,95.4986658723599,0.98074299639115
94.00444030761719,16.679009989183687,0.7812987565994263,datasets\sentinel2_500_patch\images\sentinel2_patch_00367.png,367,ccsds_wavelet_proxy_q24,0.9565217391304348,47151,25.020383494929114,786432,0.6340003677884214,0.794086217880249,82.1693304733793,0.941113045227354
95.00045776367188,20.00183122234091,0.9059349298477173,datasets\sentinel2_500_patch\images\sentinel2_patch_00368.png,368,jpeg2000_rate_20,1.0,39318,31.139633987996636,786432,0.8183440889743238,0.9219157695770264,92.85915347519249,0.9828262764885238
94.0069834391276,16.68608771297023,0.7788479924201965,datasets\sentinel2_500_patch\images\sentinel2_patch_00368.png,368,ccsds_wavelet_proxy_q24,1.0,47131,25.082974316132876,786432,0.6342471814118114,0.7918806076049805,83.3340036630256,0.9453257000863959
95.01152038574219,20.046187963600214,1.0,datasets\sentinel2_500_patch\images\sentinel2_patch_00369.png,369,jpeg2000_rate_20,1.0,39231,31.024973085857717,786432,1.0,1.0,100.0,0.9822465337360368
93.69532267252603,15.861239966116736,0.9419875144958496,datasets\sentinel2_500_patch\images\sentinel2_patch_00369.png,369,ccsds_wavelet_proxy_q24,0.9130434782608695,49582,24.92170982169413,786432,0.9759366694292818,0.9513713717460632,93.8575990568742,0.9428496570636845
95.00236511230469,20.0094649263415,0.9570074081420898,datasets\sentinel2_500_patch\images\sentinel2_patch_00370.png,370,jpeg2000_rate_20,0.7777777777777778,39303,28.853260007782264,786432,0.836391928691034,0.9685479402542114,89.34850775101151,0.9781702998904762
91.59329732259116,11.895270219170209,0.8658111691474915,datasets\sentinel2_500_patch\images\sentinel2_patch_00370.png,370,ccsds_wavelet_proxy_q24,0.5,66113,24.16178209625798,786432,0.6742553659320399,0.8844622373580933,74.06424517238193,0.944931475117794
95.00389099121094,20.015576086126593,0.9486821889877319,datasets\sentinel2_500_patch\images\sentinel2_patch_00371.png,371,jpeg2000_rate_20,0.9130434782608695,39291,30.883213782027696,786432,0.8867052857632686,0.9624427556991577,93.45449987895121,0.9926146323020789
92.8320566813151,13.951003175391602,0.8814733028411865,datasets\sentinel2_500_patch\images\sentinel2_patch_00371.png,371,ccsds_wavelet_proxy_q24,0.9130434782608695,56371,25.380788717730937,786432,0.7911320448270261,0.9171572923660278,88.90470275706438,0.9774462613195456
95.01355489095053,20.05436695142165,0.9139348864555359,datasets\sentinel2_500_patch\images\sentinel2_patch_00372.png,372,jpeg2000_rate_20,0.9047619047619048,39215,29.96772494381056,786432,0.7421112060546875,0.9355812072753906,89.83298880713329,0.9886960367651504
92.26061503092447,12.920923354965907,0.8217493295669556,datasets\sentinel2_500_patch\images\sentinel2_patch_00372.png,372,ccsds_wavelet_proxy_q24,0.7619047619047619,60865,24.888003238907306,786432,0.575103759765625,0.8461929559707642,78.40201275689263,0.969362765325748
95.00045776367188,20.00183122234091,0.9444835186004639,datasets\sentinel2_500_patch\images\sentinel2_patch_00373.png,373,jpeg2000_rate_20,0.7777777777777778,39318,29.055101497884436,786432,0.8717803955078125,0.9623110294342041,89.07669862111412,0.9869561239737988
91.33313496907553,11.53819745007996,0.8397295475006104,datasets\sentinel2_500_patch\images\sentinel2_patch_00373.png,373,ccsds_wavelet_proxy_q24,1.0,68159,24.634811002548055,786432,0.6194610595703125,0.84881192445755,86.76003098487857,0.9694820399335651
95.01266479492188,20.050787823160473,0.9341742992401123,datasets\sentinel2_500_patch\images\sentinel2_patch_00374.png,374,jpeg2000_rate_20,1.0,39222,28.689290425297322,786432,0.7972259521484375,0.9284576177597046,93.90838384628297,0.9845561514005219
91.10120137532553,11.237471957475387,0.8618770241737366,datasets\sentinel2_500_patch\images\sentinel2_patch_00374.png,374,ccsds_wavelet_proxy_q24,1.0,69983,24.62733543333611,786432,0.7769622802734375,0.9003835320472717,90.25237441062929,0.9668249815261679
95.00287373860678,20.011501564925315,0.9555341601371765,datasets\sentinel2_500_patch\images\sentinel2_patch_00375.png,375,jpeg2000_rate_20,1.0,39299,28.149354830307708,786432,0.92877197265625,0.9842131733894348,97.19334959983827,0.9823316713216647
90.22916158040366,10.234536250178941,0.8446702361106873,datasets\sentinel2_500_patch\images\sentinel2_patch_00375.png,375,ccsds_wavelet_proxy_q24,0.5882352941176471,76841,24.222337279673862,786432,0.741851806640625,0.8921581506729126,76.69554934782141,0.9636088106481517
95.00007629394531,20.000305180437934,0.9642568826675415,datasets\sentinel2_500_patch\images\sentinel2_patch_00376.png,376,jpeg2000_rate_20,0.9565217391304348,39321,28.480459992321162,786432,0.8413543701171875,0.9648027420043945,94.97552602187449,0.9764902342882947
91.01829528808594,11.13374389466978,0.8711555600166321,datasets\sentinel2_500_patch\images\sentinel2_patch_00376.png,376,ccsds_wavelet_proxy_q24,0.782608695652174,70635,24.12612044181912,786432,0.6654052734375,0.8978666067123413,82.93586813885234,0.9458505625356968
95.00439961751303,20.017613968997377,0.9784988164901733,datasets\sentinel2_500_patch\images\sentinel2_patch_00377.png,377,jpeg2000_rate_20,1.0,39287,30.123024135392733,786432,0.9688803336541546,1.0,98.82875599614852,0.9842406460835926
92.919921875,14.124137931034483,0.8847570419311523,datasets\sentinel2_500_patch\images\sentinel2_patch_00377.png,377,ccsds_wavelet_proxy_q24,1.0,55680,24.80555976706792,786432,0.7832393785233054,0.9248011112213135,91.71869768690544,0.9539218116997544
95.00045776367188,20.00183122234091,0.9721913933753967,datasets\sentinel2_500_patch\images\sentinel2_patch_00378.png,378,jpeg2000_rate_20,0.8888888888888888,39318,31.198638216991288,786432,0.8050619745167721,0.9879879355430603,93.36470085771148,0.973814113618628
95.3344980875651,21.433921125071542,0.9523634910583496,datasets\sentinel2_500_patch\images\sentinel2_patch_00378.png,378,ccsds_wavelet_proxy_q24,0.4074074074074074,36691,24.936307969284563,786432,0.9060414319147092,0.9594413638114929,78.56600345993317,0.911071538438945
94.99804178873697,19.992170221420036,0.982118546962738,datasets\sentinel2_500_patch\images\sentinel2_patch_00379.png,379,jpeg2000_rate_20,1.0,39337,33.23690792204469,786432,0.9451475545567449,0.9807738065719604,98.35169355551619,0.9908486101093263
95.26227315266928,21.107168737754638,0.8466337323188782,datasets\sentinel2_500_patch\images\sentinel2_patch_00379.png,379,ccsds_wavelet_proxy_q24,1.0,37259,26.19301009452571,786432,0.7242001301082264,0.8689303398132324,88.48595739010206,0.962283815523319
95.01533508300781,20.061529042626464,1.0,datasets\sentinel2_500_patch\images\sentinel2_patch_00380.png,380,jpeg2000_rate_20,0.8709677419354839,39201,32.154006294019325,786432,1.0,1.0,96.12903225806453,0.9857837925967949
95.07026672363281,20.28507312543527,0.9826468229293823,datasets\sentinel2_500_patch\images\sentinel2_patch_00380.png,380,ccsds_wavelet_proxy_q24,0.8064516129032258,38769,25.63848964029457,786432,1.0,0.9815940856933594,93.13130301813926,0.9497667900680825
95.03517150878906,20.14168267383788,1.0,datasets\sentinel2_500_patch\images\sentinel2_patch_00381.png,381,jpeg2000_rate_20,0.8571428571428571,39045,31.174427419038402,786432,1.0,1.0,95.71428571428572,0.9839184540190891
94.1626230875651,17.130982203149845,0.8387913703918457,datasets\sentinel2_500_patch\images\sentinel2_patch_00381.png,381,ccsds_wavelet_proxy_q24,0.7142857142857143,45907,25.163415791117405,786432,0.6619972996431671,0.8491505980491638,78.5832112016602,0.9516434957691992
95.01139322916666,20.045676998368677,0.9561777710914612,datasets\sentinel2_500_patch\images\sentinel2_patch_00382.png,382,jpeg2000_rate_20,0.875,39232,30.66464160380983,786432,0.897178829564001,0.9474290013313293,92.41747916592506,0.9818096665736886
93.66480509440103,15.784834009072297,0.8602613210678101,datasets\sentinel2_500_patch\images\sentinel2_patch_00382.png,382,ccsds_wavelet_proxy_q24,0.8333333333333334,49822,24.975571548772386,786432,0.7678039429030336,0.8593625426292419,84.27574312432759,0.9499338920912063
95.00948588053384,20.038015644507862,0.8953456878662109,datasets\sentinel2_500_patch\images\sentinel2_patch_00383.png,383,jpeg2000_rate_20,1.0,39247,30.355888683039485,786432,0.704090194822036,0.9019320607185364,90.89337067723953,0.9784488327878432
93.6974843343099,15.866680117018056,0.8089224100112915,datasets\sentinel2_500_patch\images\sentinel2_patch_00383.png,383,ccsds_wavelet_proxy_q24,1.0,49565,24.635018997422016,786432,0.519810212519261,0.8284360766410828,84.12372005846595,0.9382011762477639
95.02995808919272,20.120554674307936,0.9767917990684509,datasets\sentinel2_500_patch\images\sentinel2_patch_00384.png,384,jpeg2000_rate_20,0.8666666666666667,39086,30.728216945926377,786432,0.9385078736769641,0.9880152940750122,94.21705658100795,0.9717014082892049
94.66946919759116,18.759857827818994,0.8252826929092407,datasets\sentinel2_500_patch\images\sentinel2_patch_00384.png,384,ccsds_wavelet_proxy_q24,0.43333333333333335,41921,24.742819916972447,786432,0.49396781688322866,0.8452107906341553,67.85520169788504,0.9089390494725917
95.04038492838541,20.16285509178546,0.9522570371627808,datasets\sentinel2_500_patch\images\sentinel2_patch_00385.png,385,jpeg2000_rate_20,0.8888888888888888,39004,32.42688322869999,786432,0.6877930196214621,0.9611406326293945,90.85769100198043,0.9817482691291864
95.94561258951822,24.66463854477027,0.9462184906005859,datasets\sentinel2_500_patch\images\sentinel2_patch_00385.png,385,ccsds_wavelet_proxy_q24,0.6111111111111112,31885,25.612844621568,786432,0.7050703247091509,0.9509965777397156,82.25270775924261,0.9280311976335504
94.99893188476562,19.995728451563693,0.9745710492134094,datasets\sentinel2_500_patch\images\sentinel2_patch_00386.png,386,jpeg2000_rate_20,1.0,39330,33.224713547203926,786432,0.946284979092956,0.980634868144989,98.05838912236574,0.9882149131471821
95.88750203450522,24.316121451981942,0.8310894966125488,datasets\sentinel2_500_patch\images\sentinel2_patch_00386.png,386,ccsds_wavelet_proxy_q24,0.9444444444444444,32342,25.983632892268677,786432,0.6503698938565455,0.8446986675262451,84.97458548692566,0.9488316932248742
95.01241048177084,20.04976544972466,0.9555491209030151,datasets\sentinel2_500_patch\images\sentinel2_patch_00387.png,387,jpeg2000_rate_20,1.0,39224,32.27275904938486,786432,0.927875081240522,0.9629992246627808,96.76070014178147,0.9854633536327897
95.3436533610026,21.476064338185097,0.80592280626297,datasets\sentinel2_500_patch\images\sentinel2_patch_00387.png,387,ccsds_wavelet_proxy_q24,1.0,36619,25.371505698012804,786432,0.5058076557734931,0.8081579804420471,83.4581484170947,0.9412456168638926
95.01380920410156,20.055389794200902,0.9320712089538574,datasets\sentinel2_500_patch\images\sentinel2_patch_00388.png,388,jpeg2000_rate_20,1.0,39213,32.821455238252156,786432,0.8975878225946402,0.9441863894462585,95.14245437302588,0.9861864645724517
95.96099853515625,24.758594635436342,0.717609703540802,datasets\sentinel2_500_patch\images\sentinel2_patch_00388.png,388,ccsds_wavelet_proxy_q24,1.0,31764,25.87231054069275,786432,0.5133996083000719,0.7416328191757202,78.67104060814722,0.9434040706119284
95.02118428548178,20.085097688673223,0.9253218770027161,datasets\sentinel2_500_patch\images\sentinel2_patch_00389.png,389,jpeg2000_rate_20,0.9565217391304348,39155,33.509841303636215,786432,0.8256482027106659,0.9381604790687561,92.72821886250348,0.9795736908450334
96.76335652669272,30.89620491867683,0.7838130593299866,datasets\sentinel2_500_patch\images\sentinel2_patch_00389.png,389,ccsds_wavelet_proxy_q24,1.0,25454,26.20609206831684,786432,0.6415733647613435,0.8070944547653198,83.91014511611931,0.9079445495149572
94.99994913736978,19.99979655154875,0.9835903644561768,datasets\sentinel2_500_patch\images\sentinel2_patch_00390.png,390,jpeg2000_rate_20,0.9047619047619048,39322,32.3186125280789,786432,0.9898291824227409,0.9945805072784424,96.27637369090048,0.9853430378108432
95.25248209635416,21.063638311549177,0.8585782051086426,datasets\sentinel2_500_patch\images\sentinel2_patch_00390.png,390,ccsds_wavelet_proxy_q24,0.9047619047619048,37336,25.4831076496952,786432,0.715103012126744,0.863266110420227,85.90233767687484,0.9420342492728078
95.0127919514974,20.051299048978862,0.9920085072517395,datasets\sentinel2_500_patch\images\sentinel2_patch_00391.png,391,jpeg2000_rate_20,1.0,39221,33.38740178710233,786432,0.997057506556643,1.0,99.65091535563604,0.9875255111637009
96.04301452636719,25.271763231466306,0.7653747797012329,datasets\sentinel2_500_patch\images\sentinel2_patch_00391.png,391,ccsds_wavelet_proxy_q24,1.0,31119,26.091816871384413,786432,0.6366980106185633,0.79067063331604,82.79538396055577,0.9465749768244897
95.00338236490884,20.013538618144803,1.0,datasets\sentinel2_500_patch\images\sentinel2_patch_00392.png,392,jpeg2000_rate_20,0.8888888888888888,39295,35.02269458858314,786432,0.988098722075895,1.0,96.54765388742564,0.9850261596412546
97.7545420328776,44.53434509315363,0.7971396446228027,datasets\sentinel2_500_patch\images\sentinel2_patch_00392.png,392,ccsds_wavelet_proxy_q24,0.7777777777777778,17659,26.825901787892207,786432,0.6713491366695932,0.8253786563873291,78.43998361268798,0.9198622964727946
95.01546223958334,20.06204081632653,0.9274290204048157,datasets\sentinel2_500_patch\images\sentinel2_patch_00393.png,393,jpeg2000_rate_20,1.0,39200,31.17052429973728,786432,0.8451440539604532,0.935156524181366,94.25173183942451,0.9810188926016936
94.48585510253906,18.135178139052233,0.7874467372894287,datasets\sentinel2_500_patch\images\sentinel2_patch_00393.png,393,ccsds_wavelet_proxy_q24,1.0,43365,25.025599956547488,786432,0.6785625937958673,0.8068122863769531,84.4197411570749,0.9383404340364905
95.02372741699219,20.09536220774243,0.9381566643714905,datasets\sentinel2_500_patch\images\sentinel2_patch_00394.png,394,jpeg2000_rate_20,1.0,39135,29.72822288206027,786432,0.9111107520279224,0.9413862824440002,95.46509974401887,0.9888763570467631
92.13892618815103,12.720908414480283,0.8419009447097778,datasets\sentinel2_500_patch\images\sentinel2_patch_00394.png,394,ccsds_wavelet_proxy_q24,1.0,61822,24.876472773860726,786432,0.8698251623953721,0.8758565187454224,89.8914197872533,0.9707385204298616
95.01597086588541,20.064088172262476,0.949999988079071,datasets\sentinel2_500_patch\images\sentinel2_patch_00395.png,395,jpeg2000_rate_20,1.0,39196,28.825786014478666,786432,0.8607656743518928,0.9455243945121765,95.51814415692532,0.987930465533012
90.89215596516928,10.979546818936994,0.8801230788230896,datasets\sentinel2_500_patch\images\sentinel2_patch_00395.png,395,ccsds_wavelet_proxy_q24,0.6428571428571429,71627,24.4606347790805,786432,0.7055098646566061,0.8699325919151306,78.94438792350655,0.9721733578412757
95.00287373860678,20.011501564925315,0.9405110478401184,datasets\sentinel2_500_patch\images\sentinel2_patch_00396.png,396,jpeg2000_rate_20,1.0,39299,29.33376824832112,786432,0.9403938013336907,0.9617996215820312,96.26037235858227,0.9878527222700674
91.81607564290366,12.21907677009369,0.8048996925354004,datasets\sentinel2_500_patch\images\sentinel2_patch_00396.png,396,ccsds_wavelet_proxy_q24,1.0,64361,24.73671533391602,786432,0.733860924124667,0.8320569396018982,86.17573573470068,0.9696810583554479
95.01533508300781,20.061529042626464,0.9635574817657471,datasets\sentinel2_500_patch\images\sentinel2_patch_00397.png,397,jpeg2000_rate_20,1.0,39201,29.679863442913668,786432,0.9316513149112268,0.9813209772109985,97.48523196396214,0.9824190711452373
92.53425598144531,13.394512288590262,0.8700991272926331,datasets\sentinel2_500_patch\images\sentinel2_patch_00397.png,397,ccsds_wavelet_proxy_q24,0.8695652173913043,58713,24.78997224777267,786432,0.8566279535442531,0.8940706253051758,87.33861365499052,0.9506490240070532
95.00160217285156,20.00641074563077,0.9668244123458862,datasets\sentinel2_500_patch\images\sentinel2_patch_00398.png,398,jpeg2000_rate_20,1.0,39309,29.036080480306072,786432,0.8994308558524192,0.9591299295425415,96.84988364321048,0.9866544803241435
90.97620646158853,11.081813826339374,0.8231964707374573,datasets\sentinel2_500_patch\images\sentinel2_patch_00398.png,398,ccsds_wavelet_proxy_q24,0.7142857142857143,70966,24.487769036669327,786432,0.4766620382379419,0.8315699100494385,75.75444884143792,0.9679731939635527
94.99804178873697,19.992170221420036,0.948859453201294,datasets\sentinel2_500_patch\images\sentinel2_patch_00399.png,399,jpeg2000_rate_20,1.0,39337,29.908316395377152,786432,0.9400968170009159,0.9652745127677917,96.66083655341676,0.9883995715675418
92.32343037923178,13.026651869274984,0.8816004395484924,datasets\sentinel2_500_patch\images\sentinel2_patch_00399.png,399,ccsds_wavelet_proxy_q24,1.0,60371,24.931104026616715,786432,0.8706801487767041,0.8928967118263245,91.82875330623325,0.9689247317858836
95.0280507405599,20.11283598884939,0.9608191847801208,datasets\sentinel2_500_patch\images\sentinel2_patch_00400.png,400,jpeg2000_rate_20,1.0,39101,30.983328590464634,786432,0.921872397134766,0.9792664647102356,97.23682065675723,0.9862531609252152
93.9965565999349,16.657107152690998,0.9006356596946716,datasets\sentinel2_500_patch\images\sentinel2_patch_00400.png,400,ccsds_wavelet_proxy_q24,1.0,47213,25.17595575337383,786432,1.0,0.9321756362915039,94.66893911361696,0.9523584788082347
95.01686096191406,20.06767205083059,0.9168233871459961,datasets\sentinel2_500_patch\images\sentinel2_patch_00401.png,401,jpeg2000_rate_20,0.9333333333333333,39189,27.76654720958158,786432,0.8167572021484375,0.9374091625213623,91.5886907577515,0.981842593807695
89.67971801757812,9.68965772159385,0.8393470048904419,datasets\sentinel2_500_patch\images\sentinel2_patch_00401.png,401,ccsds_wavelet_proxy_q24,0.8,81162,24.212371996516993,786432,0.6866455078125,0.8660849928855896,81.76203513145448,0.966883007602857
95.00147501627603,20.005901806156196,0.988008439540863,datasets\sentinel2_500_patch\images\sentinel2_patch_00402.png,402,jpeg2000_rate_20,1.0,39310,27.371465439699666,786432,1.0,1.0,99.52033758163455,0.968465783151728
90.11383056640625,10.115141225497762,0.9547048807144165,datasets\sentinel2_500_patch\images\sentinel2_patch_00402.png,402,ccsds_wavelet_proxy_q24,1.0,77748,24.11396747806358,786432,0.9875431285567057,0.9664570093154907,97.39276670045355,0.9449633046335144
95.00834147135416,20.033421642551456,0.9265886545181274,datasets\sentinel2_500_patch\images\sentinel2_patch_00403.png,403,jpeg2000_rate_20,1.0,39256,25.554291361720335,786432,0.8633748874681477,0.9513574242591858,94.72444354059031,0.9756115965016415
87.26781209309897,7.8541096574453215,0.8529482483863831,datasets\sentinel2_500_patch\images\sentinel2_patch_00403.png,403,ccsds_wavelet_proxy_q24,0.5263157894736842,100130,23.649549470999464,786432,0.7576330927567634,0.8854373693466187,75.19248193416587,0.9697405971120029
95.00452677408853,20.018123504556332,0.9503095149993896,datasets\sentinel2_500_patch\images\sentinel2_patch_00404.png,404,jpeg2000_rate_20,1.0,39286,28.22826368681019,786432,0.9369028438682603,0.9825984835624695,97.0333787099076,0.9740411007097848
91.23369852701822,11.407319302011866,0.8757110238075256,datasets\sentinel2_500_patch\images\sentinel2_patch_00404.png,404,ccsds_wavelet_proxy_q24,0.8333333333333334,68941,24.473865652492208,786432,0.8006669414365469,0.8923403024673462,85.88191641601345,0.9466706796652355
95.013427734375,20.053855569155445,0.9354153275489807,datasets\sentinel2_500_patch\images\sentinel2_patch_00405.png,405,jpeg2000_rate_20,0.8823529411764706,39216,27.044535842178483,786432,0.9153367459600522,0.9704416990280151,92.44940277741419,0.9815250348098795
89.75791931152344,9.76364110395173,0.8866052031517029,datasets\sentinel2_500_patch\images\sentinel2_patch_00405.png,405,ccsds_wavelet_proxy_q24,1.0,80547,24.348165972425395,786432,0.8899678811602931,0.9458461999893188,93.28081093745743,0.9716721432758828
95.00719706217447,20.028829746593658,0.9654471278190613,datasets\sentinel2_500_patch\images\sentinel2_patch_00406.png,406,jpeg2000_rate_20,1.0,39265,27.76143519504821,786432,0.923378914865461,0.9805282354354858,97.46223897012679,0.9735339275222455
90.66022237141928,10.706893030727969,0.8524737358093262,datasets\sentinel2_500_patch\images\sentinel2_patch_00406.png,406,ccsds_wavelet_proxy_q24,0.72,73451,24.28495351917,786432,0.8228936921041023,0.9013171792030334,81.95422993747476,0.949213012450641
95.01914978027344,20.07689362028031,1.0,datasets\sentinel2_500_patch\images\sentinel2_patch_00407.png,407,jpeg2000_rate_20,1.0,39171,33.24469792064815,786432,1.0,1.0,100.0,0.9669389739359006
97.0977783203125,34.456361724500525,0.9805155396461487,datasets\sentinel2_500_patch\images\sentinel2_patch_00407.png,407,ccsds_wavelet_proxy_q24,1.0,22824,26.590620430545098,786432,1.0,0.9929782152175903,99.08018589019777,0.8698752387958436
95.025634765625,20.103067484662578,1.0,datasets\sentinel2_500_patch\images\sentinel2_patch_00408.png,408,jpeg2000_rate_20,0.8214285714285714,39120,30.6098743361138,786432,1.0,1.0,94.64285714285717,0.9756721581675726
94.67480977376303,18.778671888058454,0.9999924302101135,datasets\sentinel2_500_patch\images\sentinel2_patch_00408.png,408,ccsds_wavelet_proxy_q24,0.8571428571428571,41879,25.080403661522585,786432,1.0,0.9871879816055298,95.45774255480086,0.929516333343501
94.99956766764322,19.998270820089,1.0,datasets\sentinel2_500_patch\images\sentinel2_patch_00409.png,409,jpeg2000_rate_20,1.0,39325,33.831171089332585,786432,1.0,1.0,100.0,0.9730846802387311
97.33594258626303,37.53672855710945,0.8558680415153503,datasets\sentinel2_500_patch\images\sentinel2_patch_00409.png,409,ccsds_wavelet_proxy_q24,0.5714285714285714,20951,26.830836103823643,786432,1.0,0.8620837330818176,78.61925346510752,0.887718042180025
95.04165649414062,20.16802585013079,0.9133408665657043,datasets\sentinel2_500_patch\images\sentinel2_patch_00410.png,410,jpeg2000_rate_20,0.75,38994,32.42336961782864,786432,0.684400826446281,0.9059278964996338,83.99620085708368,0.979124259773663
95.81273396809897,23.88193136957182,0.9077677130699158,datasets\sentinel2_500_patch\images\sentinel2_patch_00410.png,410,ccsds_wavelet_proxy_q24,1.0,32930,26.150450029404915,786432,0.7184056473829201,0.8878453969955444,91.25167293653674,0.9228949478174703
95.00567118326822,20.02271049214553,0.9950847029685974,datasets\sentinel2_500_patch\images\sentinel2_patch_00411.png,411,jpeg2000_rate_20,1.0,39277,33.702178231404176,786432,1.0,1.0,99.80338811874392,0.9750547522708031
97.17191060384116,35.359561170810665,0.8531395196914673,datasets\sentinel2_500_patch\images\sentinel2_patch_00411.png,411,ccsds_wavelet_proxy_q24,0.8888888888888888,22241,26.78664627273492,786432,1.0,0.8700336217880249,88.19291989008586,0.8931430285525493
95.00007629394531,20.000305180437934,0.9714272022247314,datasets\sentinel2_500_patch\images\sentinel2_patch_00412.png,412,jpeg2000_rate_20,1.0,39321,28.499534479887046,786432,0.9114190492895983,0.9759419560432434,97.49011770275014,0.9830757136962291
90.68031311035156,10.729974213089926,0.9158782362937927,datasets\sentinel2_500_patch\images\sentinel2_patch_00412.png,412,ccsds_wavelet_proxy_q24,1.0,73293,24.77087992016632,786432,0.8863747100898478,0.9235515594482422,93.96990774161505,0.9658194195620644
95.02245585123697,20.090228637118408,0.9866771101951599,datasets\sentinel2_500_patch\images\sentinel2_patch_00413.png,413,jpeg2000_rate_20,1.0,39145,41.322979184172894,786432,0.9745608721986675,0.987528383731842,98.96326080442992,0.993122419684416
99.35989379882812,156.22407628128724,0.95088791847229,datasets\sentinel2_500_patch\images\sentinel2_patch_00413.png,413,ccsds_wavelet_proxy_q24,1.0,5034,31.06934553000263,786432,0.7546941247728649,0.9492239952087402,94.56693789079506,0.9577521467576908
95.00376383463541,20.015066680240253,1.0,datasets\sentinel2_500_patch\images\sentinel2_patch_00414.png,414,jpeg2000_rate_20,1.0,39292,39.75260267685931,786432,1.0,1.0,100.0,0.9970309711032163
97.41719563802084,38.71760535643954,0.915307879447937,datasets\sentinel2_500_patch\images\sentinel2_patch_00414.png,414,ccsds_wavelet_proxy_q24,0.8,20312,29.254118774661514,786432,0.8613659531090724,0.9315594434738159,87.85716357848455,0.9736485752756301
95.00821431477866,20.03291132791604,0.9615583419799805,datasets\sentinel2_500_patch\images\sentinel2_patch_00415.png,415,jpeg2000_rate_20,0.9310344827586207,39257,34.484374229202444,786432,0.9183018455029542,0.9707894921302795,94.992176459593,0.9959317418328579
94.4146474202474,17.90397268070575,0.8399606943130493,datasets\sentinel2_500_patch\images\sentinel2_patch_00415.png,415,ccsds_wavelet_proxy_q24,1.0,43925,27.058958896473598,786432,0.5887008534539354,0.85197514295578,86.52493916617694,0.9813680030265155
95.00045776367188,20.00183122234091,0.9650464653968811,datasets\sentinel2_500_patch\images\sentinel2_patch_00416.png,416,jpeg2000_rate_20,1.0,39318,30.576055067565086,786432,0.9077288886836881,0.9799520373344421,97.27818824940098,0.9925378514430686
92.33042399088541,13.038530406525632,0.8842865824699402,datasets\sentinel2_500_patch\images\sentinel2_patch_00416.png,416,ccsds_wavelet_proxy_q24,1.0,60316,25.605639096097637,786432,0.6573941548547948,0.8946362733840942,89.83813031502746,0.9799070943104691
95.00910441080728,20.036484076433123,0.9571042656898499,datasets\sentinel2_500_patch\images\sentinel2_patch_00417.png,417,jpeg2000_rate_20,0.7692307692307693,39250,29.90833535414935,786432,0.8870291978725714,0.9745529890060425,89.72244546336366,0.9906890943868053
91.92695617675781,12.386901668005482,0.9050174951553345,datasets\sentinel2_500_patch\images\sentinel2_patch_00417.png,417,ccsds_wavelet_proxy_q24,1.0,63489,25.23866890133818,786432,0.7612504070335395,0.9248360991477966,92.30992585950473,0.9761215219410582
95.00872294108072,20.034952742465546,0.9485076069831848,datasets\sentinel2_500_patch\images\sentinel2_patch_00418.png,418,jpeg2000_rate_20,1.0,39253,26.701468538868983,786432,0.7910104468439997,0.9440622925758362,94.73165459928413,0.9880179817015634
88.2806142171224,8.532870395486356,0.9315552711486816,datasets\sentinel2_500_patch\images\sentinel2_patch_00418.png,418,ccsds_wavelet_proxy_q24,0.7058823529411765,92165,24.700513289010285,786432,0.8785181283469405,0.944596529006958,86.11579329779113,0.9846898898395536
95.00172932942709,20.006919711000304,0.9895946383476257,datasets\sentinel2_500_patch\images\sentinel2_patch_00419.png,419,jpeg2000_rate_20,0.8888888888888888,39308,27.76629920440284,786432,0.9158307007334331,0.9812608957290649,95.03397712248734,0.9787305329831808
90.05355834960938,10.053846743882795,0.9007312655448914,datasets\sentinel2_500_patch\images\sentinel2_patch_00419.png,419,ccsds_wavelet_proxy_q24,0.6666666666666666,78222,24.40985233897735,786432,0.8136488758336566,0.9094226956367493,82.35419329286722,0.9613289573632308
95.00808715820312,20.032401039278618,1.0,datasets\sentinel2_500_patch\images\sentinel2_patch_00420.png,420,jpeg2000_rate_20,1.0,39258,31.510527759388943,786432,1.0,1.0,100.0,0.9813617240846285
94.20280456542969,17.249720339540698,0.923023521900177,datasets\sentinel2_500_patch\images\sentinel2_patch_00420.png,420,ccsds_wavelet_proxy_q24,0.9473684210526315,45591,25.64839147137636,786432,0.9040807740849811,0.9228041768074036,92.83888478458393,0.9377409432175543
95.04585266113281,20.185108185108184,1.0,datasets\sentinel2_500_patch\images\sentinel2_patch_00421.png,421,jpeg2000_rate_20,1.0,38961,45.95776783602503,786432,1.0,1.0,100.0,0.9957878022983054
99.47636922200522,190.97425934919863,1.0,datasets\sentinel2_500_patch\images\sentinel2_patch_00421.png,421,ccsds_wavelet_proxy_q24,0.5,4118,29.872422590454207,786432,1.0,1.0,85.00000000000001,0.8967325205415758
95.00096638997397,20.00386630716793,0.9899920225143433,datasets\sentinel2_500_patch\images\sentinel2_patch_00422.png,422,jpeg2000_rate_20,1.0,39314,43.71520567108927,786432,1.0,0.9922785758972168,99.44525241851807,0.9987054691417193
98.18522135416666,55.10313901345292,1.0,datasets\sentinel2_500_patch\images\sentinel2_patch_00422.png,422,ccsds_wavelet_proxy_q24,0.8888888888888888,14272,30.288254794632085,786432,0.7978615071283096,1.0,94.64528173794979,0.9700227517086049
95.00783284505209,20.03138053998981,0.9882875084877014,datasets\sentinel2_500_patch\images\sentinel2_patch_00423.png,423,jpeg2000_rate_20,1.0,39260,36.90958143243104,786432,0.9814092563702548,0.989039421081543,99.12638132484147,0.9961884860720605
95.71482340494791,23.33626112759644,1.0,datasets\sentinel2_500_patch\images\sentinel2_patch_00423.png,423,ccsds_wavelet_proxy_q24,0.9230769230769231,33700,27.73934180507579,786432,0.7325793031721269,1.0,95.01810072402898,0.9718698658064462
95.00045776367188,20.00183122234091,0.9339346289634705,datasets\sentinel2_500_patch\images\sentinel2_patch_00424.png,424,jpeg2000_rate_20,0.9130434782608695,39318,33.16977375541604,786432,0.8551455989410987,0.9477642178535461,92.25542985284683,0.992227672929904
94.76877848307291,19.115994166261547,0.902248203754425,datasets\sentinel2_500_patch\images\sentinel2_patch_00424.png,424,ccsds_wavelet_proxy_q24,0.782608695652174,41140,26.200794380559493,786432,0.6882031767041694,0.8985527157783508,84.42127510235096,0.9664072335111679
95.00656127929688,20.02627960275019,0.9172543287277222,datasets\sentinel2_500_patch\images\sentinel2_patch_00425.png,425,jpeg2000_rate_20,0.9583333333333334,39270,32.73877940164393,786432,0.7990326251896813,0.9300238490104675,92.03097638121508,0.9901747372905291
94.81074015299478,19.270570938495467,0.889411985874176,datasets\sentinel2_500_patch\images\sentinel2_patch_00425.png,425,ccsds_wavelet_proxy_q24,0.875,40810,26.010560993696267,786432,0.8615326251896813,0.9054448008537292,88.55070170393844,0.9597027876548694
95.0005849202474,20.002339954726963,0.9312503933906555,datasets\sentinel2_500_patch\images\sentinel2_patch_00426.png,426,jpeg2000_rate_20,0.9333333333333333,39317,28.984362443407463,786432,0.8113976250807373,0.9313628673553467,91.99124933354055,0.9849980512217382
90.98116556803384,11.087907284954953,0.9112865924835205,datasets\sentinel2_500_patch\images\sentinel2_patch_00426.png,426,ccsds_wavelet_proxy_q24,1.0,70927,24.652248078338932,786432,0.8692800715456849,0.9037091732025146,93.21844787884798,0.9668509073418802
94.99918619791666,19.996745321399512,0.9760408401489258,datasets\sentinel2_500_patch\images\sentinel2_patch_00427.png,427,jpeg2000_rate_20,1.0,39328,30.93068923559809,786432,0.975441619991383,0.9749463200569153,98.29497620700917,0.9768779087264239
94.01512145996094,16.708776850022307,0.8737609386444092,datasets\sentinel2_500_patch\images\sentinel2_patch_00427.png,427,ccsds_wavelet_proxy_q24,0.7894736842105263,47067,25.299329220425744,786432,0.8463306046244435,0.8561983704566956,84.22192152747051,0.9276103040059235
95.01851399739584,20.074331223197877,0.9453750252723694,datasets\sentinel2_500_patch\images\sentinel2_patch_00428.png,428,jpeg2000_rate_20,0.9130434782608695,39176,27.43077265244093,786432,0.783415277003396,0.9572649002075195,92.18575613290523,0.9520522251316608
90.88287353515625,10.96836820083682,0.9512982964515686,datasets\sentinel2_500_patch\images\sentinel2_patch_00428.png,428,ccsds_wavelet_proxy_q24,0.5217391304347826,71700,23.88188809051005,786432,1.0,0.9467063546180725,82.63823286346769,0.9109996471489482
94.99918619791666,19.996745321399512,0.9585479497909546,datasets\sentinel2_500_patch\images\sentinel2_patch_00429.png,429,jpeg2000_rate_20,1.0,39328,30.32582530461831,786432,0.8664816232771823,0.9899574518203735,96.8058832608175,0.9693127970497611
94.09561157226562,16.93655511047939,0.84660804271698,datasets\sentinel2_500_patch\images\sentinel2_patch_00429.png,429,ccsds_wavelet_proxy_q24,0.9,46434,24.914289444529395,786432,0.9977986217457887,0.8845990300178528,88.53428852649417,0.9070672888209022
95.00198364257812,20.00793771943215,0.9662254452705383,datasets\sentinel2_500_patch\images\sentinel2_patch_00430.png,430,jpeg2000_rate_20,1.0,39306,29.61902241268519,786432,0.8555990814534649,0.9732552170753479,96.67011296686316,0.9636722544772491
93.59258015950522,15.606906132169081,0.8576345443725586,datasets\sentinel2_500_patch\images\sentinel2_patch_00430.png,430,ccsds_wavelet_proxy_q24,1.0,50390,24.540163855895457,786432,0.9891260299878427,0.8780426979064941,91.75749603291065,0.8983290607247496
95.00770568847656,20.030870329334455,1.0,datasets\sentinel2_500_patch\images\sentinel2_patch_00431.png,431,jpeg2000_rate_20,1.0,39261,29.530523252856394,786432,1.0,1.0,100.0,0.967416938128214
93.5815175374349,15.58000673574103,0.8573834896087646,datasets\sentinel2_500_patch\images\sentinel2_patch_00431.png,431,ccsds_wavelet_proxy_q24,1.0,50477,24.544734712360494,786432,0.6527978640560685,0.8559674024581909,87.9426662740751,0.9122503854381788
95.02207438151041,20.088689077347503,1.0,datasets\sentinel2_500_patch\images\sentinel2_patch_00432.png,432,jpeg2000_rate_20,0.8461538461538461,39148,28.176383907389166,786432,1.0,1.0,95.3846153846154,0.9594156886913315
91.63246154785156,11.950945976749487,0.8239766359329224,datasets\sentinel2_500_patch\images\sentinel2_patch_00432.png,432,ccsds_wavelet_proxy_q24,0.5769230769230769,65805,24.084606332762224,786432,0.707364002099003,0.839012622833252,74.1206502226643,0.9135317450314053
95.00999450683594,20.040058099533674,1.0,datasets\sentinel2_500_patch\images\sentinel2_patch_00433.png,433,jpeg2000_rate_20,0.8,39243,28.02640927144291,786432,1.0,1.0,94.00000000000001,0.9622183442465359
91.23039245605469,11.403018835095045,0.8549437522888184,datasets\sentinel2_500_patch\images\sentinel2_patch_00433.png,433,ccsds_wavelet_proxy_q24,0.4666666666666667,68967,24.051758778183853,786432,0.694381659670649,0.8516254425048828,72.17407553835689,0.9229405822947467
95.00020345052084,20.00081383519837,0.9132049679756165,datasets\sentinel2_500_patch\images\sentinel2_patch_00434.png,434,jpeg2000_rate_20,1.0,39320,28.25191296006375,786432,0.6466956322890465,0.946519672870636,91.92554849932786,0.9670190388313452
91.83667500813803,12.249910434741974,0.8982969522476196,datasets\sentinel2_500_patch\images\sentinel2_patch_00434.png,434,ccsds_wavelet_proxy_q24,0.7647058823529411,64199,24.04439089656062,786432,0.7997052620880657,0.9210801124572754,85.2917094305192,0.926805491983007
95.0164794921875,20.06613594611145,0.9585322737693787,datasets\sentinel2_500_patch\images\sentinel2_patch_00435.png,435,jpeg2000_rate_20,1.0,39192,27.532920941402466,786432,0.8789203281956905,0.9693890810012817,96.5182758527577,0.952993667286551
91.13286336263022,11.2775977285112,0.874167263507843,datasets\sentinel2_500_patch\images\sentinel2_patch_00435.png,435,ccsds_wavelet_proxy_q24,1.0,69734,23.741708803989255,786432,0.7227206502568821,0.8846070766448975,89.8860385757805,0.9082161053959927
95.00885009765625,20.03546316111281,0.9356662034988403,datasets\sentinel2_500_patch\images\sentinel2_patch_00436.png,436,jpeg2000_rate_20,0.8461538461538461,39252,25.977537112321656,786432,0.7694737323954407,0.943568766117096,89.37737617086533,0.9642974777975486
88.1591796875,8.445360824742268,0.8988577723503113,datasets\sentinel2_500_patch\images\sentinel2_patch_00436.png,436,ccsds_wavelet_proxy_q24,1.0,93120,23.733624709604292,786432,0.7317850984939805,0.8913673162460327,91.09950820387294,0.9507830961081457
95.00401814778647,20.016085517943498,0.9392321109771729,datasets\sentinel2_500_patch\images\sentinel2_patch_00437.png,437,jpeg2000_rate_20,1.0,39290,28.75832185615127,786432,0.783047573049988,0.9496317505836487,94.39239518125977,0.9767013924673762
91.59444173177084,11.89688974948566,0.8745684623718262,datasets\sentinel2_500_patch\images\sentinel2_patch_00437.png,437,ccsds_wavelet_proxy_q24,1.0,66104,24.501297577955956,786432,0.659695725670128,0.8890782594680786,89.36126094093592,0.9450618293325393
95.00732421875,20.029339853300733,0.9760106205940247,datasets\sentinel2_500_patch\images\sentinel2_patch_00438.png,438,jpeg2000_rate_20,1.0,39264,27.920016804638685,786432,0.9026567901234568,0.9798622727394104,97.6642381797838,0.9722914209504727
90.72710673014322,10.784120671923208,0.8501908183097839,datasets\sentinel2_500_patch\images\sentinel2_patch_00438.png,438,ccsds_wavelet_proxy_q24,1.0,72925,24.101372805597826,786432,0.6703407407407408,0.8861491084098816,88.4340223079964,0.94288636209407
95.00643412272134,20.025769651905986,0.9120956063270569,datasets\sentinel2_500_patch\images\sentinel2_patch_00439.png,439,jpeg2000_rate_20,0.7894736842105263,39271,27.631656624259392,786432,0.6401080202867367,0.9244659543037415,85.05843406834028,0.9761926266419577
90.37437438964844,10.38893512463837,0.9079851508140564,datasets\sentinel2_500_patch\images\sentinel2_patch_00439.png,439,ccsds_wavelet_proxy_q24,0.42105263157894735,75699,24.027427523256343,786432,0.7944321250576327,0.9275160431861877,75.44562709423076,0.9532771106982656
95.001220703125,20.004884004884005,1.0,datasets\sentinel2_500_patch\images\sentinel2_patch_00440.png,440,jpeg2000_rate_20,1.0,39312,26.50929410498897,786432,1.0,1.0,100.0,0.9713709811453196
88.61503601074219,8.78351482660412,0.9714723825454712,datasets\sentinel2_500_patch\images\sentinel2_patch_00440.png,440,ccsds_wavelet_proxy_q24,0.5625,89535,23.832261040484628,786432,0.9479698784569315,0.9517269730567932,84.24813354752403,0.9557358020366262
95.0433095296224,20.174751802160028,0.9343134760856628,datasets\sentinel2_500_patch\images\sentinel2_patch_00441.png,441,jpeg2000_rate_20,0.8888888888888888,38981,26.340550098543268,786432,0.7748837009882736,0.948586106300354,90.75976484598301,0.973186245429868
88.33974202473959,8.576139585605235,0.8845503330230713,datasets\sentinel2_500_patch\images\sentinel2_patch_00441.png,441,ccsds_wavelet_proxy_q24,0.5,91700,23.8663229456119,786432,0.6934636739768902,0.8875460028648376,75.06757011798852,0.9609018804301024
95.01686096191406,20.06767205083059,0.99684077501297,datasets\sentinel2_500_patch\images\sentinel2_patch_00442.png,442,jpeg2000_rate_20,1.0,39189,26.803853870712615,786432,0.998504638671875,1.0,99.85867738723758,0.9739082524484886
89.24153645833334,9.29500756429652,0.8941553831100464,datasets\sentinel2_500_patch\images\sentinel2_patch_00442.png,442,ccsds_wavelet_proxy_q24,0.4666666666666667,84608,23.920995497266645,786432,0.797637939453125,0.9091153740882874,75.92490220069887,0.9579832282006401
95.03046671549478,20.122613991095644,0.941352128982544,datasets\sentinel2_500_patch\images\sentinel2_patch_00443.png,443,jpeg2000_rate_20,0.85,39082,26.15720751067341,786432,0.754730224609375,0.9410162568092346,89.52171254158021,0.9621686945469715
88.43294779459634,8.64524497894841,0.8816673755645752,datasets\sentinel2_500_patch\images\sentinel2_patch_00443.png,443,ccsds_wavelet_proxy_q24,0.5,90967,23.643616365102655,786432,0.716094970703125,0.8927155137062073,75.28195500373842,0.945286600514704
95.02003987630209,20.080482075375343,1.0,datasets\sentinel2_500_patch\images\sentinel2_patch_00444.png,444,jpeg2000_rate_20,0.85,39164,26.515601515350617,786432,0.9490669392862048,0.9932078123092651,94.85482563904736,0.9733159620207036
88.70188395182291,8.851033178769189,0.8947303295135498,datasets\sentinel2_500_patch\images\sentinel2_patch_00444.png,444,ccsds_wavelet_proxy_q24,0.45,88852,23.701861954170443,786432,0.7161603369089217,0.9080753922462463,74.61232439455615,0.9582313471275025
95.01546223958334,20.06204081632653,0.9571243524551392,datasets\sentinel2_500_patch\images\sentinel2_patch_00445.png,445,jpeg2000_rate_20,1.0,39200,25.51614523167149,786432,0.8058382946034185,0.9534173607826233,95.41170425989223,0.967488983642321
86.89676920572916,7.6317056129182514,0.8762770891189575,datasets\sentinel2_500_patch\images\sentinel2_patch_00445.png,445,ccsds_wavelet_proxy_q24,1.0,103048,23.744212800736555,786432,0.7014755777479035,0.8854196071624756,89.77423148548685,0.9616190352122344
95.03440856933594,20.13858800030729,0.9681782722473145,datasets\sentinel2_500_patch\images\sentinel2_patch_00446.png,446,jpeg2000_rate_20,0.8095238095238095,39051,26.464555158400266,786432,0.8784027099609375,0.9687092900276184,91.17105807576861,0.9644781051960013
88.72909545898438,8.872402355648818,0.8760470747947693,datasets\sentinel2_500_patch\images\sentinel2_patch_00446.png,446,ccsds_wavelet_proxy_q24,0.6666666666666666,88638,23.778987633151417,786432,0.78460693359375,0.906911313533783,81.02617859840394,0.9469668482796307
95.00045776367188,20.00183122234091,0.9897441267967224,datasets\sentinel2_500_patch\images\sentinel2_patch_00447.png,447,jpeg2000_rate_20,1.0,39318,26.585744868305348,786432,0.9659271240234375,0.993903398513794,99.12710428237918,0.9706705316860098
88.78339131673178,8.915350693224202,0.8808346390724182,datasets\sentinel2_500_patch\images\sentinel2_patch_00447.png,447,ccsds_wavelet_proxy_q24,0.6,88211,23.74857278404742,786432,0.6676788330078125,0.886676549911499,77.64370489120485,0.9539802501538674
95.01075744628906,20.04312256288707,1.0,datasets\sentinel2_500_patch\images\sentinel2_patch_00448.png,448,jpeg2000_rate_20,1.0,39237,28.290872631852206,786432,0.9678192138671875,0.9921872019767761,99.52193617820743,0.9768870948728894
91.2133534749349,11.380906209750945,0.8612009286880493,datasets\sentinel2_500_patch\images\sentinel2_patch_00448.png,448,ccsds_wavelet_proxy_q24,0.9230769230769231,69101,24.10362690182214,786432,0.554443359375,0.8618797063827515,84.92237256123471,0.9479329791645962
95.00528971354166,20.021181262729126,0.9379155039787292,datasets\sentinel2_500_patch\images\sentinel2_patch_00449.png,449,jpeg2000_rate_20,0.8125,39280,28.522985541286733,786432,0.8103485107421875,0.9565143585205078,89.12539243698122,0.9757201154372441
91.57638549804688,11.87138846119011,0.8988152146339417,datasets\sentinel2_500_patch\images\sentinel2_patch_00449.png,449,ccsds_wavelet_proxy_q24,0.5625,66246,24.15271609332305,786432,0.9210662841796875,0.9494710564613342,81.02769255638124,0.94212526513503
95.01431783040366,20.05743579280267,0.9768945574760437,datasets\sentinel2_500_patch\images\sentinel2_patch_00450.png,450,jpeg2000_rate_20,0.9411764705882353,39209,25.93750101912005,786432,0.9221825505813421,0.9848129749298096,96.22916142109842,0.9665871924879931
87.77236938476562,8.178199288700318,0.9542673826217651,datasets\sentinel2_500_patch\images\sentinel2_patch_00450.png,450,ccsds_wavelet_proxy_q24,0.6470588235294118,96162,23.657085729159046,786432,0.8999816900119015,0.9562663435935974,85.70760378274393,0.9547403756476779
95.02003987630209,20.080482075375343,0.9309648275375366,datasets\sentinel2_500_patch\images\sentinel2_patch_00451.png,451,jpeg2000_rate_20,0.8888888888888888,39164,26.345112194957782,786432,0.7091827392578125,0.9349080920219421,89.6952490011851,0.9698180028668155
88.482666015625,8.682564917859036,0.8554407954216003,datasets\sentinel2_500_patch\images\sentinel2_patch_00451.png,451,ccsds_wavelet_proxy_q24,0.7777777777777778,90576,23.632155423842267,786432,0.6123199462890625,0.8786427974700928,81.24702056248984,0.9538673625524243
95.0066884358724,20.02678957956658,0.9379352331161499,datasets\sentinel2_500_patch\images\sentinel2_patch_00452.png,452,jpeg2000_rate_20,1.0,39269,29.27649970409093,786432,0.8132483334412012,0.9512604475021362,94.67510160910074,0.9683861935177819
93.27481587727866,14.869481366635785,0.8383291363716125,datasets\sentinel2_500_patch\images\sentinel2_patch_00452.png,452,ccsds_wavelet_proxy_q24,0.9523809523809523,52889,24.261004221446445,786432,0.770565011973335,0.8679805994033813,87.16985613409408,0.9169674000818099
95.02220153808594,20.089202237719366,1.0,datasets\sentinel2_500_patch\images\sentinel2_patch_00453.png,453,jpeg2000_rate_20,0.875,39147,27.84381325138913,786432,1.0,1.0,96.25000000000001,0.954909038647659
90.95916748046875,11.060928270042194,0.8438048362731934,datasets\sentinel2_500_patch\images\sentinel2_patch_00453.png,453,ccsds_wavelet_proxy_q24,0.4583333333333333,71100,23.94487840600489,786432,0.6632382482924869,0.8589463829994202,71.31350359384102,0.9128863134677694
95.01241048177084,20.04976544972466,1.0,datasets\sentinel2_500_patch\images\sentinel2_patch_00454.png,454,jpeg2000_rate_20,0.8214285714285714,39224,29.105214643683574,786432,0.9843516552646064,1.0,94.48637369550323,0.9584604756394203
92.99608866373697,14.277736424538407,0.8610652089118958,datasets\sentinel2_500_patch\images\sentinel2_patch_00454.png,454,ccsds_wavelet_proxy_q24,0.8214285714285714,55081,24.36645987115448,786432,0.7029959896201935,0.8840956687927246,83.7973387713894,0.8958058952844009
95.02118428548178,20.085097688673223,1.0,datasets\sentinel2_500_patch\images\sentinel2_patch_00455.png,455,jpeg2000_rate_20,0.9473684210526315,39155,29.166669987868815,786432,1.0,1.0,98.42105263157896,0.9647433570251418
93.12299092610678,14.541205184623633,0.8802673816680908,datasets\sentinel2_500_patch\images\sentinel2_patch_00455.png,455,ccsds_wavelet_proxy_q24,0.8421052631578947,54083,24.308097313354477,786432,0.6739373900058664,0.8860599994659424,84.934427050838,0.9083520199792219
95.0201670328776,20.080994816536016,1.0,datasets\sentinel2_500_patch\images\sentinel2_patch_00456.png,456,jpeg2000_rate_20,0.8571428571428571,39163,30.95446668677521,786432,1.0,1.0,95.71428571428572,0.9722006338377432
95.38065592447916,21.648095133230566,0.9090056419372559,datasets\sentinel2_500_patch\images\sentinel2_patch_00456.png,456,ccsds_wavelet_proxy_q24,0.5238095238095238,36328,25.001966615047166,786432,0.8199556780714556,0.932581901550293,78.92570620349638,0.9053844339188518
95.05666097005209,20.22924169153205,1.0,datasets\sentinel2_500_patch\images\sentinel2_patch_00457.png,457,jpeg2000_rate_20,0.875,38876,31.195988542762144,786432,1.0,1.0,96.25000000000001,0.9708170532466517
95.88966369628906,24.328909512761022,0.9439676403999329,datasets\sentinel2_500_patch\images\sentinel2_patch_00457.png,457,ccsds_wavelet_proxy_q24,1.0,32325,25.12918150617589,786432,0.807675966576972,0.9586387276649475,95.00823983506601,0.8950368164178615
95.00172932942709,20.006919711000304,0.9167677164077759,datasets\sentinel2_500_patch\images\sentinel2_patch_00458.png,458,jpeg2000_rate_20,0.8636363636363636,39308,28.459168310659084,786432,0.7100237047070775,0.928996205329895,88.25996071907063,0.957488586016068
92.20199584960938,12.82379414930046,0.8246248960494995,datasets\sentinel2_500_patch\images\sentinel2_patch_00458.png,458,ccsds_wavelet_proxy_q24,0.5909090909090909,61326,24.08464888029533,786432,0.5403318658990857,0.8308982849121094,72.73355292648576,0.9046359580649186
95.01673380533853,20.067159989793314,0.9590258598327637,datasets\sentinel2_500_patch\images\sentinel2_patch_00459.png,459,jpeg2000_rate_20,1.0,39190,29.04214753689633,786432,0.8409920726291898,0.9654680490493774,96.08031610059001,0.9656060398725903
93.10646057128906,14.50633611864313,0.7889620661735535,datasets\sentinel2_500_patch\images\sentinel2_patch_00459.png,459,ccsds_wavelet_proxy_q24,1.0,54213,24.173837710637223,786432,0.5234696227097793,0.8098203539848328,82.9895859537366,0.9099941927028161
95.00745137532553,20.029849985991902,1.0,datasets\sentinel2_500_patch\images\sentinel2_patch_00460.png,460,jpeg2000_rate_20,1.0,39263,32.85725343192922,786432,1.0,1.0,100.0,0.9725510833107356
95.73351542154947,23.438500283134147,0.9167640209197998,datasets\sentinel2_500_patch\images\sentinel2_patch_00460.png,460,ccsds_wavelet_proxy_q24,0.4375,33553,26.445125417678383,786432,0.8893314366998577,0.9615539908409119,77.91995502060882,0.8871506665886261
94.99804178873697,19.992170221420036,1.0,datasets\sentinel2_500_patch\images\sentinel2_patch_00461.png,461,jpeg2000_rate_20,0.8518518518518519,39337,28.500889123781462,786432,0.9983738013794651,1.0,95.53929356935022,0.9716923782281849
91.37992858886719,11.600831968845421,1.0,datasets\sentinel2_500_patch\images\sentinel2_patch_00461.png,461,ccsds_wavelet_proxy_q24,0.5925925925925926,67791,24.35216148690771,786432,1.0,1.0,87.77777777777779,0.9420892981552027
95.00083923339844,20.003357497138495,0.9850612878799438,datasets\sentinel2_500_patch\images\sentinel2_patch_00462.png,462,jpeg2000_rate_20,1.0,39315,31.790373328957617,786432,0.8538221348444547,1.0,97.94067286364233,0.9702402374116463
94.64441935221353,18.67211168621492,0.8353756666183472,datasets\sentinel2_500_patch\images\sentinel2_patch_00462.png,462,ccsds_wavelet_proxy_q24,0.8,42118,25.90992780509015,786432,0.7195559153463629,0.8808552622795105,82.22769106378774,0.9013346148771505
95.00083923339844,20.003357497138495,1.0,datasets\sentinel2_500_patch\images\sentinel2_patch_00463.png,463,jpeg2000_rate_20,0.9285714285714286,39315,33.45217243222158,786432,0.9830508474576272,1.0,97.68765133171915,0.9743730907550496
95.80497741699219,23.83777393834682,0.9142561554908752,datasets\sentinel2_500_patch\images\sentinel2_patch_00463.png,463,ccsds_wavelet_proxy_q24,1.0,32991,26.661356767318157,786432,0.966817856290284,0.9567335247993469,95.3730952785248,0.8899894069335806
94.99867757161459,19.99471168514187,1.0,datasets\sentinel2_500_patch\images\sentinel2_patch_00464.png,464,jpeg2000_rate_20,1.0,39332,31.69397162779745,786432,1.0,1.0,100.0,0.9760891422655832
94.09840901692709,16.94458329742308,0.9726467132568359,datasets\sentinel2_500_patch\images\sentinel2_patch_00464.png,464,ccsds_wavelet_proxy_q24,1.0,46412,25.658625708455702,786432,1.0,0.9708049297332764,98.32196712493898,0.9210973899422731
94.99969482421875,19.99877937137626,1.0,datasets\sentinel2_500_patch\images\sentinel2_patch_00465.png,465,jpeg2000_rate_20,1.0,39324,31.246811191219944,786432,1.0,1.0,100.0,0.9772442413621167
93.66327921549478,15.781033029658467,0.8936536312103271,datasets\sentinel2_500_patch\images\sentinel2_patch_00465.png,465,ccsds_wavelet_proxy_q24,0.7727272727272727,49834,25.52884355799664,786432,0.8995780590717299,0.8991172313690186,85.90608864832896,0.931027217136108
95.00071207682291,20.002848712992165,1.0,datasets\sentinel2_500_patch\images\sentinel2_patch_00466.png,466,jpeg2000_rate_20,1.0,39316,30.06105173610758,786432,1.0,1.0,100.0,0.970391943512675
93.44037373860678,15.244770969430283,0.9373398423194885,datasets\sentinel2_500_patch\images\sentinel2_patch_00466.png,466,ccsds_wavelet_proxy_q24,1.0,51587,24.831221872047283,786432,1.0,0.9574609994888306,96.64281368255617,0.9208387286828703
95.00541687011719,20.02169097991293,0.9713701009750366,datasets\sentinel2_500_patch\images\sentinel2_patch_00467.png,467,jpeg2000_rate_20,0.6206896551724138,39279,32.170516971172624,786432,0.8203550295857989,1.0,85.67904399003187,0.9718880076725712
95.69969177246094,23.254147077086845,0.8948150873184204,datasets\sentinel2_500_patch\images\sentinel2_patch_00467.png,467,ccsds_wavelet_proxy_q24,0.3448275862068966,33819,25.993380800079365,786432,0.8456804733727811,0.9183115363121033,72.96046653891362,0.8948678143515189
95.00414530436197,20.016594975692943,0.9867386221885681,datasets\sentinel2_500_patch\images\sentinel2_patch_00468.png,468,jpeg2000_rate_20,1.0,39289,29.849627360093614,786432,1.0,1.0,99.46954488754274,0.9802675937422473
92.63318379720053,13.574385086735134,0.8903067708015442,datasets\sentinel2_500_patch\images\sentinel2_patch_00468.png,468,ccsds_wavelet_proxy_q24,1.0,57935,25.083519314356927,786432,0.7571143285072391,0.9112924933433533,91.40926398400124,0.9462113224811874
94.99994913736978,19.99979655154875,0.9556142687797546,datasets\sentinel2_500_patch\images\sentinel2_patch_00469.png,469,jpeg2000_rate_20,1.0,39322,26.294682742397775,786432,0.8389739990234375,0.9712850451469421,96.04001164436342,0.9790235443930109
88.16121419270834,8.44681216703901,0.8802799582481384,datasets\sentinel2_500_patch\images\sentinel2_patch_00469.png,469,ccsds_wavelet_proxy_q24,0.6666666666666666,93104,23.980526764716636,786432,0.7008819580078125,0.9089393019676208,80.3988039493561,0.9687580782192159
95.00872294108072,20.034952742465546,0.9675121307373047,datasets\sentinel2_500_patch\images\sentinel2_patch_00470.png,470,jpeg2000_rate_20,1.0,39253,28.944763439119995,786432,0.8685591550231394,0.9816930890083313,97.01993855989022,0.9766935974621241
91.60944620768228,11.918164459127693,0.9117051362991333,datasets\sentinel2_500_patch\images\sentinel2_patch_00470.png,470,ccsds_wavelet_proxy_q24,0.6153846153846154,65986,24.836277012807415,786432,0.829056043931711,0.9454461336135864,82.12922702509265,0.9455012940005131
95.00071207682291,20.002848712992165,1.0,datasets\sentinel2_500_patch\images\sentinel2_patch_00471.png,471,jpeg2000_rate_20,0.96,39316,30.611215308115757,786432,1.0,1.0,98.80000000000003,0.9775675393617155
93.34551493326822,15.027458773622762,1.0,datasets\sentinel2_500_patch\images\sentinel2_patch_00471.png,471,ccsds_wavelet_proxy_q24,0.84,52333,25.500729395454425,786432,1.0,1.0,95.20000000000002,0.9333206957084099
95.00681559244791,20.027299582357134,0.9470666646957397,datasets\sentinel2_500_patch\images\sentinel2_patch_00472.png,472,jpeg2000_rate_20,1.0,39268,29.04534273294308,786432,0.8064407822948435,0.9583618640899658,95.11431169257736,0.9815927082261554
91.36225382486978,11.577094067422346,0.8993529081344604,datasets\sentinel2_500_patch\images\sentinel2_patch_00472.png,472,ccsds_wavelet_proxy_q24,0.625,67930,24.937664570545692,786432,0.7605271257099689,0.9202543497085571,80.73447457664926,0.9568347315103084
95.0018564860026,20.007428702266772,0.9122094511985779,datasets\sentinel2_500_patch\images\sentinel2_patch_00473.png,473,jpeg2000_rate_20,1.0,39307,28.496544575766052,786432,0.7294367578167557,0.9325356483459473,92.43345859302963,0.9823073229169891
90.753173828125,10.814521452145215,0.8806082606315613,datasets\sentinel2_500_patch\images\sentinel2_patch_00473.png,473,ccsds_wavelet_proxy_q24,1.0,72720,24.79937841931409,786432,0.7421832443621309,0.907200276851654,90.79016840591684,0.9630719989175343
94.99791463216147,19.991662006202652,0.9484288692474365,datasets\sentinel2_500_patch\images\sentinel2_patch_00474.png,474,jpeg2000_rate_20,1.0,39338,27.72465032887407,786432,0.8721466064453125,0.9697492718696594,96.0536062717438,0.9791393665680277
90.11917114257812,10.120608447224152,0.8691775798797607,datasets\sentinel2_500_patch\images\sentinel2_patch_00474.png,474,ccsds_wavelet_proxy_q24,0.7272727272727273,77706,24.205656428101538,786432,0.760711669921875,0.9107478260993958,82.40735823457894,0.9592124312022556
95.01190185546875,20.047721015601102,0.9472496509552002,datasets\sentinel2_500_patch\images\sentinel2_patch_00475.png,475,jpeg2000_rate_20,0.9310344827586207,39228,29.166682605647583,786432,0.8040204476374689,0.9592126607894897,93.04547821313113,0.9820312998226491
92.06352233886719,12.600048065368902,0.920572817325592,datasets\sentinel2_500_patch\images\sentinel2_patch_00475.png,475,ccsds_wavelet_proxy_q24,0.8275862068965517,62415,24.699519565190183,786432,0.8208068527217464,0.929516613483429,88.4488996968063,0.9548526445289222
95.05106608072916,20.206372045220967,0.9526396989822388,datasets\sentinel2_500_patch\images\sentinel2_patch_00476.png,476,jpeg2000_rate_20,1.0,38920,27.500866483428045,786432,0.8859049114151155,0.9658956527709961,96.28255012886065,0.9877355093827065
89.14578755696616,9.213012968451634,0.9027440547943115,datasets\sentinel2_500_patch\images\sentinel2_patch_00476.png,476,ccsds_wavelet_proxy_q24,0.9375,85361,24.8933941139507,786432,0.8318195410032144,0.9193388819694519,90.93973524119366,0.9808830523750199
94.99867757161459,19.99471168514187,0.9963050484657288,datasets\sentinel2_500_patch\images\sentinel2_patch_00477.png,477,jpeg2000_rate_20,1.0,39332,30.67438471602008,786432,0.8865118174409128,0.995781421661377,98.63294854626582,0.9924694274013292
92.28680928548178,12.964803244366045,0.9821363091468811,datasets\sentinel2_500_patch\images\sentinel2_patch_00477.png,477,ccsds_wavelet_proxy_q24,0.8518518518518519,60659,25.771593759885427,786432,1.0,0.9980283379554749,94.80157468054031,0.9796502659265663
94.99893188476562,19.995728451563693,1.0,datasets\sentinel2_500_patch\images\sentinel2_patch_00478.png,478,jpeg2000_rate_20,1.0,39330,35.2828853009072,786432,0.9751413248296854,0.9890782833099365,99.5329789144956,0.997368017688191
94.52616373697916,18.26872328563464,0.9491287469863892,datasets\sentinel2_500_patch\images\sentinel2_patch_00478.png,478,ccsds_wavelet_proxy_q24,0.88,43048,27.387962484806962,786432,0.8037034352804754,0.9234700202941895,90.87158463814413,0.9864246052997048
95.00172932942709,20.006919711000304,0.9736661911010742,datasets\sentinel2_500_patch\images\sentinel2_patch_00479.png,479,jpeg2000_rate_20,1.0,39308,41.1402521039776,786432,0.9952031179733174,0.9861351847648621,98.62138251907339,0.9977599742616822
98.67057800292969,75.2206599713056,1.0,datasets\sentinel2_500_patch\images\sentinel2_patch_00479.png,479,ccsds_wavelet_proxy_q24,1.0,10455,31.71016146888057,786432,0.8601409084095338,1.0,98.60140908409537,0.9834902419906761
95.025634765625,20.103067484662578,1.0,datasets\sentinel2_500_patch\images\sentinel2_patch_00480.png,480,jpeg2000_rate_20,1.0,39120,41.91309943696468,786432,1.0,1.0,100.0,0.9617997743668124
99.72216288248697,359.92311212814644,1.0,datasets\sentinel2_500_patch\images\sentinel2_patch_00480.png,480,ccsds_wavelet_proxy_q24,1.0,2185,31.699723021280157,786432,1.0,1.0,100.0,0.8487298260303812
94.99867757161459,19.99471168514187,0.6312766075134277,datasets\sentinel2_500_patch\images\sentinel2_patch_00481.png,481,jpeg2000_rate_20,1.0,39332,41.93809862991362,786432,0.08037825059101655,0.6314277052879333,68.68340091220595,0.9610151107969613
99.72394307454428,362.2441271303547,1.0,datasets\sentinel2_500_patch\images\sentinel2_patch_00481.png,481,ccsds_wavelet_proxy_q24,1.0,2171,31.40753832524874,786432,1.0,1.0,100.0,0.8558415732199938
95.00287373860678,20.011501564925315,0.9973637461662292,datasets\sentinel2_500_patch\images\sentinel2_patch_00482.png,482,jpeg2000_rate_20,0.9090909090909091,39299,27.74128397198048,786432,0.8949826417589685,0.9948166608810425,96.013436754587,0.9773686397826779
90.02774556477866,10.0278227605993,0.9496650099754333,datasets\sentinel2_500_patch\images\sentinel2_patch_00482.png,482,ccsds_wavelet_proxy_q24,0.6363636363636364,78425,24.426636262006603,786432,1.0,0.9755233526229858,86.58797654238616,0.9584638056358631
95.03351847330728,20.134978749551948,0.963351309299469,datasets\sentinel2_500_patch\images\sentinel2_patch_00483.png,483,jpeg2000_rate_20,1.0,39058,26.423605180544023,786432,0.8966565349544073,0.9773682951927185,97.04798362537723,0.9790209109947897
88.2043202718099,8.477680159542931,0.8629188537597656,datasets\sentinel2_500_patch\images\sentinel2_patch_00483.png,483,ccsds_wavelet_proxy_q24,0.9285714285714286,92765,24.108756445979953,786432,0.6963113062403843,0.8840519785881042,87.01804964169943,0.9699606108186404
95.00096638997397,20.00386630716793,0.9331011176109314,datasets\sentinel2_500_patch\images\sentinel2_patch_00484.png,484,jpeg2000_rate_20,0.9285714285714286,39314,29.345237760187246,786432,0.7659064823593992,0.9351480603218079,91.5432135916103,0.9857184572273228
91.24577840169272,11.423060163262935,0.8252665400505066,datasets\sentinel2_500_patch\images\sentinel2_patch_00484.png,484,ccsds_wavelet_proxy_q24,1.0,68846,24.67010431389138,786432,0.5295673436798244,0.8286347389221191,84.8790298172609,0.9643364829570338
94.99867757161459,19.99471168514187,0.9969710111618042,datasets\sentinel2_500_patch\images\sentinel2_patch_00485.png,485,jpeg2000_rate_20,1.0,39332,32.44563485267707,786432,0.9820135994735688,0.9952021241188049,99.60301892358397,0.9909546761396136
93.88949076334634,16.36524815315784,1.0,datasets\sentinel2_500_patch\images\sentinel2_patch_00485.png,485,ccsds_wavelet_proxy_q24,1.0,48055,25.92781015770297,786432,1.0,1.0,100.0,0.9667012240326249
95.00083923339844,20.003357497138495,1.0,datasets\sentinel2_500_patch\images\sentinel2_patch_00486.png,486,jpeg2000_rate_20,0.9444444444444444,39315,36.70510905362138,786432,1.0,1.0,98.33333333333336,0.9972301525110582
95.38116455078125,21.650479022134125,0.9608094692230225,datasets\sentinel2_500_patch\images\sentinel2_patch_00486.png,486,ccsds_wavelet_proxy_q24,1.0,36324,27.054903444534144,786432,0.6938945961747265,0.9695939421653748,94.76320357397567,0.9753356508636893
95.00923156738281,20.036994573110142,1.0,datasets\sentinel2_500_patch\images\sentinel2_patch_00487.png,487,jpeg2000_rate_20,1.0,39249,45.19596092504423,786432,1.0,1.0,100.0,0.999005024272314
98.895263671875,90.51933701657458,1.0,datasets\sentinel2_500_patch\images\sentinel2_patch_00487.png,487,ccsds_wavelet_proxy_q24,1.0,8688,28.530685707400657,786432,0.8392471459426103,1.0,98.39247145942613,0.9587294386825704
95.0341542561849,20.137556653778198,1.0,datasets\sentinel2_500_patch\images\sentinel2_patch_00488.png,488,jpeg2000_rate_20,0.0,39053,45.75309299883497,786432,1.0,1.0,70.0,0.9861611856020422
99.69609578450522,329.0510460251046,0.8636280298233032,datasets\sentinel2_500_patch\images\sentinel2_patch_00488.png,488,ccsds_wavelet_proxy_q24,1.0,2390,27.861972757335845,786432,0.5078125,0.8592445850372314,86.80813789367677,0.7331758153218724
95.01457214355469,20.058458948657126,0.8374921083450317,datasets\sentinel2_500_patch\images\sentinel2_patch_00489.png,489,jpeg2000_rate_20,1.0,39207,45.79747793011439,786432,0.22003452023269193,0.8370376825332642,82.44078318679348,0.9861622370191173
99.68783060709634,320.338900203666,0.8737632632255554,datasets\sentinel2_500_patch\images\sentinel2_patch_00489.png,489,ccsds_wavelet_proxy_q24,1.0,2455,27.71896771704512,786432,0.016365147350252508,0.8757373094558716,82.62892819164219,0.7285614035302742
95.0049082438151,20.019652266883895,0.9674472808837891,datasets\sentinel2_500_patch\images\sentinel2_patch_00490.png,490,jpeg2000_rate_20,0.9230769230769231,39283,29.811237733457602,786432,0.7929640718562875,0.9871640801429749,94.06312124908165,0.9692824856743524
92.83218383789062,13.951250665247471,0.9483470916748047,datasets\sentinel2_500_patch\images\sentinel2_patch_00490.png,490,ccsds_wavelet_proxy_q24,0.6538461538461539,56370,24.735806693752636,786432,1.0,0.9718617796897888,86.98650387617258,0.9202198394621701
95.00325520833334,20.01302931596091,0.9300593733787537,datasets\sentinel2_500_patch\images\sentinel2_patch_00491.png,491,jpeg2000_rate_20,1.0,39296,28.41852240513024,786432,0.736210644979467,0.9304866194725037,93.1742137743949,0.97095471564129
91.14367167154947,11.291360967135207,0.959147036075592,datasets\sentinel2_500_patch\images\sentinel2_patch_00491.png,491,ccsds_wavelet_proxy_q24,0.8260869565217391,69649,24.2141398463267,786432,1.0,0.9548748731613159,92.24598760190219,0.9395045219590015
95.00478108723959,20.019142653497607,1.0,datasets\sentinel2_500_patch\images\sentinel2_patch_00492.png,492,jpeg2000_rate_20,0.7647058823529411,39284,27.74757676506657,786432,1.0,1.0,92.94117647058825,0.9513887803665715
91.20661417643228,11.372183821615526,1.0,datasets\sentinel2_500_patch\images\sentinel2_patch_00492.png,492,ccsds_wavelet_proxy_q24,0.7647058823529411,69154,23.895589491623483,786432,1.0,1.0,92.94117647058825,0.9057583098484266
95.01088460286459,20.04363339789989,1.0,datasets\sentinel2_500_patch\images\sentinel2_patch_00493.png,493,jpeg2000_rate_20,1.0,39236,27.23586305987373,786432,1.0,1.0,100.0,0.9571703419701875
90.20614624023438,10.210485315883773,0.8937292695045471,datasets\sentinel2_500_patch\images\sentinel2_patch_00493.png,493,ccsds_wavelet_proxy_q24,0.8260869565217391,77022,23.60042630767834,786432,0.808479594901944,0.9145940542221069,86.90845650929565,0.9221385565862553
95.00885009765625,20.03546316111281,1.0,datasets\sentinel2_500_patch\images\sentinel2_patch_00494.png,494,jpeg2000_rate_20,1.0,39252,27.656130615273643,786432,1.0,1.0,100.0,0.9452721409071189
91.31571451822916,11.515052126039592,1.0,datasets\sentinel2_500_patch\images\sentinel2_patch_00494.png,494,ccsds_wavelet_proxy_q24,0.8947368421052632,68296,23.77148815441796,786432,1.0,1.0,96.8421052631579,0.8906468744673746
94.99982198079428,19.99928794852885,1.0,datasets\sentinel2_500_patch\images\sentinel2_patch_00495.png,495,jpeg2000_rate_20,1.0,39323,29.193341970555224,786432,1.0,1.0,100.0,0.9480602557028657
93.27608744303384,14.872293348966508,1.0,datasets\sentinel2_500_patch\images\sentinel2_patch_00495.png,495,ccsds_wavelet_proxy_q24,1.0,52879,24.422106148355528,786432,1.0,1.0,100.0,0.8719432228251208
95.00007629394531,20.000305180437934,0.9666165113449097,datasets\sentinel2_500_patch\images\sentinel2_patch_00496.png,496,jpeg2000_rate_20,0.88,39321,29.558362768934494,786432,0.7363387978142076,1.0,92.42804843193848,0.9584374059422269
93.34678649902344,15.030330829654263,0.736228346824646,datasets\sentinel2_500_patch\images\sentinel2_patch_00496.png,496,ccsds_wavelet_proxy_q24,0.32,52323,24.596478246936066,786432,0.38524590163934425,0.7852243781089783,58.60608045155885,0.8913132163579335
95.00630696614584,20.025259727031983,1.0,datasets\sentinel2_500_patch\images\sentinel2_patch_00497.png,497,jpeg2000_rate_20,1.0,39272,29.620716158473662,786432,1.0,1.0,100.0,0.9619075711309758
93.30724080403647,14.941520690048257,0.8601672053337097,datasets\sentinel2_500_patch\images\sentinel2_patch_00497.png,497,ccsds_wavelet_proxy_q24,0.6521739130434783,52634,24.61541060304787,786432,0.7914747777658777,0.9057179093360901,80.00101156903334,0.8984444643980054
95.00656127929688,20.02627960275019,1.0,datasets\sentinel2_500_patch\images\sentinel2_patch_00498.png,498,jpeg2000_rate_20,1.0,39270,28.773046231929392,786432,1.0,1.0,100.0,0.9607774830991728
92.24599202473959,12.896556247950148,0.8486820459365845,datasets\sentinel2_500_patch\images\sentinel2_patch_00498.png,498,ccsds_wavelet_proxy_q24,0.4782608695652174,60980,24.150331966792486,786432,0.724803681288451,0.8809686303138733,73.1625173435819,0.9065380152007025
95.00528971354166,20.021181262729126,1.0,datasets\sentinel2_500_patch\images\sentinel2_patch_00499.png,499,jpeg2000_rate_20,1.0,39280,28.282423854079504,786432,1.0,1.0,100.0,0.9530786292335961
91.81594848632812,12.21888692085392,0.8625909090042114,datasets\sentinel2_500_patch\images\sentinel2_patch_00499.png,499,ccsds_wavelet_proxy_q24,0.4,64362,24.1081729875032,786432,0.7594554677968278,0.887917697429657,71.85654498672989,0.9005332823995975
