dataset,checkpoint,image,semantic_utility_score,detector_retention,object_retention,relevance_retention,region_preservation,psnr,ssim,lpips,compression_ratio,bandwidth_saved_percent,semantic_token_count,total_token_count,inference_latency_ms
sentinel2_patches,original,sentinel2_patch_00000.png,82.13963194897302,0.7648093104362488,1.0,0.7747313976287842,0.6052631578947368,19.28652305826524,0.768215702973296,,61.38396111786148,98.37090995467051,819,1024,1382.9602000041632
sentinel2_patches,mixed_regularized,sentinel2_patch_00000.png,79.92080349671214,0.7436908483505249,1.0,0.7718163728713989,0.47368421052631576,23.109995659616274,0.8426616686218004,,60.50179640718563,98.34715651537046,819,1024,229.2749999978696
sentinel2_patches,original,sentinel2_patch_00001.png,93.58414239482204,1.0,0.8055555555555556,1.0,0.941747572815534,20.75147340974723,0.810382512431622,,61.53627394080093,98.3749422316957,819,1024,114.68470000545494
sentinel2_patches,mixed_regularized,sentinel2_patch_00001.png,80.02515741922323,0.7737268209457397,0.9166666666666666,0.7948236465454102,0.5679611650485437,23.265112859232037,0.8372529607022856,,60.276861853325755,98.34098861610721,819,1024,121.20280000090133
sentinel2_patches,original,sentinel2_patch_00002.png,95.20000000000002,1.0,0.84,1.0,1.0,24.581619151190537,0.9040528295206003,,59.51116199198626,98.31964296019852,819,1024,130.6241999991471
sentinel2_patches,mixed_regularized,sentinel2_patch_00002.png,82.92202805811817,0.860552191734314,0.76,0.8741059303283691,0.8217821782178217,26.68941399811784,0.917827439232756,,58.737853107344634,98.29752034318912,819,1024,114.17559999972582
sentinel2_patches,original,sentinel2_patch_00003.png,87.50000000000003,1.0,0.5833333333333334,1.0,1.0,24.42386174376717,0.9051555121878078,,59.64343786295006,98.32336961813331,819,1024,122.52040000021225
sentinel2_patches,mixed_regularized,sentinel2_patch_00003.png,83.5017835010182,0.8894216418266296,0.7083333333333334,0.9019277095794678,0.8636363636363636,26.80527155236193,0.9238076004063572,,59.06037952846464,98.30681751796389,819,1024,125.3498000005493
sentinel2_patches,original,sentinel2_patch_00004.png,91.00000000000001,1.0,0.7,1.0,1.0,22.400578709369256,0.8812126733427247,,60.83293838862559,98.3561537113141,819,1024,113.38999999861699
sentinel2_patches,mixed_regularized,sentinel2_patch_00004.png,83.40850094745036,0.8392611742019653,0.8,0.8445342779159546,0.8947368421052632,25.102056277451396,0.9002042813520736,,59.32177931831311,98.31427848002649,819,1024,111.1693999991985
sentinel2_patches,original,sentinel2_patch_00005.png,73.1284557432818,0.8053079843521118,0.71875,0.8108770847320557,0.3136094674556213,21.996992581020013,0.8564088387933169,,59.2019906323185,98.31086760880959,819,1024,110.93670000263955
sentinel2_patches,mixed_regularized,sentinel2_patch_00005.png,72.60870070852474,0.6941812038421631,0.875,0.7047205567359924,0.44970414201183434,23.143479497265368,0.867696537581436,,58.21358664363846,98.28218796048142,819,1024,112.23199999949429
sentinel2_patches,original,sentinel2_patch_00006.png,95.28494505172083,0.9649825692176819,1.0,0.9672608375549316,0.7340425531914894,21.189881231744565,0.8433861707103102,,60.45374707259953,98.34584281632851,819,1024,111.05420000239974
sentinel2_patches,mixed_regularized,sentinel2_patch_00006.png,80.87960212788686,0.7199335098266602,1.0,0.7317726612091064,0.7446808510638298,21.510738194874026,0.8401902401585358,,59.857971014492755,98.32937872258002,819,1024,107.95520000101533
sentinel2_patches,original,sentinel2_patch_00007.png,93.81485882012743,0.9349094033241272,1.0,0.9404893517494202,0.7608695652173914,19.800467084747446,0.8024814314978206,,61.58004778972521,98.37609739535334,819,1024,108.71319999569096
sentinel2_patches,mixed_regularized,sentinel2_patch_00007.png,73.6056235043899,0.6206855773925781,1.0,0.6345621943473816,0.6086956521739131,21.874717032636994,0.8470792160429141,,60.53141514973576,98.34796527137799,819,1024,107.16840000532102
sentinel2_patches,original,sentinel2_patch_00008.png,92.00831333796185,0.9201393723487854,1.0,0.9268035888671875,0.6666666666666666,20.177464843122088,0.8033257228748248,,60.462314540059346,98.34607720923842,819,1024,109.25719999795547
sentinel2_patches,mixed_regularized,sentinel2_patch_00008.png,67.03692013142157,0.5448527932167053,1.0,0.5611600279808044,0.4019607843137255,21.475702432533335,0.8337464395698124,,59.54354178842782,98.3205567388765,819,1024,107.75360000116052
sentinel2_patches,original,sentinel2_patch_00009.png,78.68558638557617,0.7640793919563293,0.9545454545454546,0.765606701374054,0.41739130434782606,20.013885014596255,0.7958958437738581,,61.87138461538461,98.38374394525616,819,1024,107.44590000103926
sentinel2_patches,mixed_regularized,sentinel2_patch_00009.png,69.7600231707803,0.6668134331703186,0.8181818181818182,0.6749276518821716,0.5043478260869565,25.34825718090698,0.8722273209652918,,59.35123966942149,98.31511522662396,819,1024,119.67300000105752
sentinel2_patches,original,sentinel2_patch_00010.png,81.64134825978961,0.7417725324630737,1.0,0.7592366337776184,0.6785714285714286,20.7447987133534,0.7916804778501659,,62.66832298136646,98.40429749444974,819,1024,113.38769999565557
sentinel2_patches,mixed_regularized,sentinel2_patch_00010.png,82.18389902796066,0.7670172452926636,1.0,0.7894461750984192,0.5714285714285714,24.79791677842462,0.8532149717439986,,60.56182472989196,98.3487947986045,819,1024,112.93269999441691
sentinel2_patches,original,sentinel2_patch_00011.png,80.09840522493636,0.7325055003166199,1.0,0.754194974899292,0.5714285714285714,20.685565358642542,0.7952145916109099,,62.23956442831216,98.39330495130343,819,1024,113.57580000185408
sentinel2_patches,mixed_regularized,sentinel2_patch_00011.png,80.93782572519214,0.7624538540840149,1.0,0.7838883399963379,0.47619047619047616,24.85316705388801,0.8519305468090574,,60.483245149911816,98.34664955968975,819,1024,110.11920000601094
sentinel2_patches,original,sentinel2_patch_00012.png,89.23883727759372,0.8659800291061401,1.0,0.9076677560806274,0.6446280991735537,20.22652087971869,0.7134690506241215,,62.31521739130435,98.39525553811268,819,1024,111.08890000468818
sentinel2_patches,mixed_regularized,sentinel2_patch_00012.png,77.21347013780895,0.6958402991294861,1.0,0.7210590243339539,0.49586776859504134,21.685722374289973,0.8028520253774453,,61.170124481327804,98.3652150318817,819,1024,113.5842000003322
sentinel2_patches,original,sentinel2_patch_00013.png,63.745400195426136,0.6477773189544678,0.6875,0.6583377122879028,0.40425531914893614,19.396384548501494,0.721621845076672,,64.84483850538315,98.45785721261842,819,1024,116.62599999544909
sentinel2_patches,mixed_regularized,sentinel2_patch_00013.png,69.41927600414196,0.6494610905647278,0.875,0.6574139595031738,0.40425531914893614,22.841886644779144,0.806536773329527,,63.2037037037037,98.41781423967184,819,1024,111.4467999941553
sentinel2_patches,original,sentinel2_patch_00014.png,80.35027650686413,0.7959572076797485,0.9166666666666666,0.8198301792144775,0.46153846153846156,20.129593439631517,0.7109415793606394,,62.270356234096695,98.39409943916068,819,1024,112.19229999551317
sentinel2_patches,mixed_regularized,sentinel2_patch_00014.png,76.12706617875534,0.6870564222335815,1.0,0.704967737197876,0.45454545454545453,24.949804616512644,0.7687117482053809,,60.27647783251231,98.34097804656294,819,1024,113.5396999961813
sentinel2_patches,original,sentinel2_patch_00015.png,68.52013871894067,0.6039583683013916,0.9285714285714286,0.6227940320968628,0.40487804878048783,18.67627877284338,0.6829747582242707,,63.08005164622337,98.41471277542958,819,1024,115.50820000411477
sentinel2_patches,mixed_regularized,sentinel2_patch_00015.png,76.69068241285532,0.7225061058998108,0.9285714285714286,0.7430062294006348,0.5073170731707317,22.4730994592731,0.7749323800105927,,61.031230480949404,98.36149461166092,819,1024,128.24080000427784
sentinel2_patches,original,sentinel2_patch_00016.png,61.053902506828315,0.48391231894493103,1.0,0.49502673745155334,0.1796875,18.863788705346888,0.6924495103008131,,62.19338422391858,98.39211193846657,819,1024,130.05259999772534
sentinel2_patches,mixed_regularized,sentinel2_patch_00016.png,72.19555735588075,0.6502222418785095,1.0,0.6530833840370178,0.3125,21.47494545314764,0.7548269343862222,,61.02871410736579,98.36142705179608,819,1024,129.19339999643853
sentinel2_patches,original,sentinel2_patch_00017.png,60.9798309658513,0.5787618160247803,0.7272727272727273,0.5922254920005798,0.4166666666666667,19.917875613545732,0.7227467656906137,,63.85786481364498,98.4340221789152,819,1024,117.94190000364324
sentinel2_patches,mixed_regularized,sentinel2_patch_00017.png,64.54712160817395,0.6288329362869263,0.7272727272727273,0.6383965015411377,0.4807692307692308,22.01308207032968,0.8041711374349335,,62.904169259489734,98.4102802536429,819,1024,123.76490000315243
sentinel2_patches,original,sentinel2_patch_00018.png,64.84756720826982,0.6424434185028076,0.75,0.6543000340461731,0.35638297872340424,19.19454836311995,0.7393665869532775,,61.89497135582432,98.3843598630151,819,1024,116.10769999970216
sentinel2_patches,mixed_regularized,sentinel2_patch_00018.png,70.97688758626899,0.760692834854126,0.6875,0.7701448798179626,0.4521276595744681,21.90179513928021,0.8263957663752115,,59.50856793145655,98.31956971111819,819,1024,110.2104000019608
sentinel2_patches,original,sentinel2_patch_00019.png,77.37813064186354,0.8909274935722351,0.6538461538461539,0.9068004488945007,0.39896373056994816,20.493906322466326,0.7515195467856196,,60.64923469387755,98.35117457780395,819,1024,111.07919999631122
sentinel2_patches,mixed_regularized,sentinel2_patch_00019.png,65.4604081140186,0.715580403804779,0.6538461538461539,0.7263753414154053,0.2694300518134715,22.615782744915002,0.8036002642515555,,58.593961799137396,98.29333950240805,819,1024,112.19469999923604
sentinel2_patches,original,sentinel2_patch_00020.png,76.58936427189755,0.7809316515922546,0.9230769230769231,0.7990051507949829,0.16796875,18.300030732536218,0.6968135956351165,,61.50582147477361,98.37413764092209,819,1024,109.9783000026946
sentinel2_patches,mixed_regularized,sentinel2_patch_00020.png,65.54415702819826,0.5819727182388306,1.0,0.587871789932251,0.05078125,20.47271012212118,0.773900521732375,,60.18227848101266,98.33838128891132,819,1024,110.87160000170115
sentinel2_patches,original,sentinel2_patch_00021.png,86.2084173387097,1.0,0.5806451612903226,1.0,0.87890625,20.030042101020527,0.8975205034576843,,65.58775029446407,98.47532504848789,819,1024,120.42040000233101
sentinel2_patches,mixed_regularized,sentinel2_patch_00021.png,68.60915507039716,0.7738569378852844,0.6129032258064516,0.7837015390396118,0.359375,20.816664815106456,0.9186420089960944,,64.3373772385904,98.44569355649739,819,1024,230.17709999840008
sentinel2_patches,original,sentinel2_patch_00022.png,90.90909090909093,1.0,0.696969696969697,1.0,1.0,18.855103591681054,0.8792491021658544,,67.0751708428246,98.50913536643347,819,1024,137.4370999983512
sentinel2_patches,mixed_regularized,sentinel2_patch_00022.png,95.45454545454547,1.0,0.8484848484848485,1.0,1.0,19.056121767804296,0.8802786796017058,,65.87472035794184,98.48196699042315,819,1024,130.6330999941565
sentinel2_patches,original,sentinel2_patch_00023.png,90.76177424854704,0.9977942705154419,0.7037037037037037,0.9908508658409119,0.9921875,18.320822061573217,0.8960458328082428,,65.16896551724138,98.46552727657549,819,1024,134.8597999967751
sentinel2_patches,mixed_regularized,sentinel2_patch_00023.png,97.7777777777778,1.0,0.9259259259259259,1.0,1.0,18.512100857995506,0.9041746519284768,,64.24589235127479,98.4434802546872,819,1024,128.13610000011977
sentinel2_patches,original,sentinel2_patch_00024.png,69.0909504890442,0.8083367347717285,0.5,0.8163896799087524,0.54296875,19.49560916782712,0.9292505972545412,,66.14849734826164,98.48824986192028,819,1024,135.34290000097826
sentinel2_patches,mixed_regularized,sentinel2_patch_00024.png,76.30631089210512,0.8259586095809937,0.75,0.8352733254432678,0.40625,19.641552479887743,0.9329188353696114,,65.03707995365006,98.46241559320826,819,1024,138.29870000336086
sentinel2_patches,original,sentinel2_patch_00025.png,74.18408600907578,0.781697154045105,0.7368421052631579,0.7846874594688416,0.51171875,19.370635964543666,0.9121965998019264,,66.1644236395553,98.48861375193457,819,1024,117.09460000565741
sentinel2_patches,mixed_regularized,sentinel2_patch_00025.png,69.65950809027021,0.7534676790237427,0.6842105263157895,0.7583180069923401,0.3828125,19.452306535139144,0.9103013312419611,,65.13536866359448,98.46473579482644,819,1024,131.21590000082506
sentinel2_patches,original,sentinel2_patch_00026.png,74.75935248228221,0.8739916682243347,0.48717948717948717,0.8646838068962097,0.7890625,19.95389484533828,0.9004890949461667,,66.32043879907621,98.49216920438421,819,1024,127.04939999821363
sentinel2_patches,mixed_regularized,sentinel2_patch_00026.png,85.92856709773726,0.9211857318878174,0.6923076923076923,0.9292672276496887,0.97265625,20.436338138724498,0.8979393715922755,,65.63828571428571,98.47649890743207,819,1024,118.8278999979957
sentinel2_patches,original,sentinel2_patch_00027.png,78.99232582612473,0.8087995052337646,0.8181818181818182,0.811775803565979,0.5859375,19.237045240272813,0.9005744994264175,,67.16461628588166,98.51112080244222,819,1024,115.83270000119228
sentinel2_patches,mixed_regularized,sentinel2_patch_00027.png,82.05812335014346,0.7932642698287964,1.0,0.7956745028495789,0.44140625,18.883446963782337,0.8814769957309336,,65.77739529546758,98.4797208896642,819,1024,120.58919999981299
sentinel2_patches,original,sentinel2_patch_00028.png,77.05541610717775,0.8836323022842407,0.5833333333333334,0.8843343257904053,0.65234375,19.042779902041183,0.894554837918912,,67.55985705777249,98.51983108971815,819,1024,117.05939999956172
sentinel2_patches,mixed_regularized,sentinel2_patch_00028.png,74.53578233718875,0.8128719925880432,0.75,0.8119826316833496,0.328125,19.169385782802834,0.8973684552673385,,65.83459082994777,98.48104167217653,819,1024,123.52409999584779
sentinel2_patches,original,sentinel2_patch_00029.png,78.56572303771974,0.8442449569702148,0.72,0.8472962379455566,0.625,19.40854641670947,0.8974810900450634,,67.38066825775657,98.51589480208979,819,1024,119.59219999698689
sentinel2_patches,mixed_regularized,sentinel2_patch_00029.png,82.22688937187196,0.876900851726532,0.8,0.8743396401405334,0.56640625,19.43572747354977,0.8968246577000957,,65.73341094295692,98.47870362171255,819,1024,116.99159999989206
sentinel2_patches,original,sentinel2_patch_00030.png,72.93519218762717,0.8856281638145447,0.4444444444444444,0.9041491150856018,0.609375,20.612203388273286,0.9207377377662525,,70.00246305418719,98.57147883607192,819,1024,119.40470000263304
sentinel2_patches,mixed_regularized,sentinel2_patch_00030.png,86.51127219200136,0.8558515906333923,1.0,0.8716729283332825,0.484375,21.027538600550958,0.9249011718932943,,68.73276904474002,98.54508989831463,819,1024,116.7356000005384
sentinel2_patches,original,sentinel2_patch_00031.png,73.32202746317938,0.9171723127365112,0.41025641025641024,0.9253565073013306,0.58203125,20.51546197469968,0.8932035277929704,,66.4157236450268,98.49433244852572,819,1024,122.79669999406906
sentinel2_patches,mixed_regularized,sentinel2_patch_00031.png,86.61358173076925,1.0,0.6410256410256411,1.0,0.73828125,18.63829976239789,0.8674869500217903,,64.64463768115942,98.4530812827319,819,1024,126.15240000013728
sentinel2_patches,original,sentinel2_patch_00032.png,83.94531250000001,1.0,0.5,1.0,0.89453125,19.074649923701145,0.872944240334074,,65.46538685282141,98.47247522992846,819,1024,134.18390000151703
sentinel2_patches,mixed_regularized,sentinel2_patch_00032.png,68.66278886795045,0.8196638822555542,0.5,0.8270148038864136,0.43359375,20.227016064645408,0.9040262786821612,,64.19566457501426,98.44226240725108,819,1024,124.2575000069337
sentinel2_patches,original,sentinel2_patch_00033.png,85.00000000000001,1.0,0.5,1.0,1.0,19.119123955188126,0.8716963927326731,,66.93573113207547,98.50602961514406,819,1024,125.4765000048792
sentinel2_patches,mixed_regularized,sentinel2_patch_00033.png,70.594391311918,0.8569764494895935,0.4642857142857143,0.8673849701881409,0.50390625,19.56905015170252,0.8677842304760865,,64.98168288494563,98.46110479814662,819,1024,124.37769999814918
sentinel2_patches,original,sentinel2_patch_00034.png,72.5145545270708,0.8975878953933716,0.48148148148148145,0.914970338344574,0.38671875,20.916382253235444,0.8723251102696359,,68.63680387409201,98.54305570254348,819,1024,124.05130000115605
sentinel2_patches,mixed_regularized,sentinel2_patch_00034.png,78.18005892965529,0.9538290500640869,0.5185185185185185,0.9657545685768127,0.515625,21.034538456149757,0.8703701569527633,,66.15402567094516,98.48837619501182,819,1024,126.7230000012205
sentinel2_patches,original,sentinel2_patch_00035.png,71.64420404927485,0.8730133771896362,0.4,0.8999765515327454,0.6724137931034483,21.31355675412376,0.8494537748515784,,64.12352941176471,98.44051004495,819,1024,127.92460000491701
sentinel2_patches,mixed_regularized,sentinel2_patch_00035.png,66.41363643229694,0.7226815819740295,0.55,0.7342267036437988,0.632183908045977,21.447759117980013,0.8528802495039322,,63.19420289855073,98.41757636914045,819,1024,129.81350000336533
sentinel2_patches,original,sentinel2_patch_00036.png,74.14768738383697,0.8249461650848389,0.5555555555555556,0.8462059497833252,0.7559055118110236,21.12469909118269,0.881012190951714,,64.246783625731,98.44350184777267,819,1024,123.87129999842728
sentinel2_patches,mixed_regularized,sentinel2_patch_00036.png,83.18762592756217,0.8921422362327576,0.7222222222222222,0.9039682149887085,0.7755905511811023,20.859823807554285,0.867609994387084,,63.24812895797352,98.41892556115855,819,1024,127.80709999788087
sentinel2_patches,original,sentinel2_patch_00037.png,81.85257291793823,0.8670313358306885,0.7,0.8808315992355347,0.85546875,20.951096994945438,0.8953133473677296,,64.72349150556532,98.4549659223591,819,1024,154.59450000344077
sentinel2_patches,mixed_regularized,sentinel2_patch_00037.png,87.08528900146486,0.9042803049087524,0.8,0.9140632152557373,0.86328125,21.255984494907576,0.9004114132452863,,63.16923956546598,98.41695102413946,819,1024,126.95019999955548
sentinel2_patches,original,sentinel2_patch_00038.png,62.09916364062917,0.7037025690078735,0.5454545454545454,0.7133556008338928,0.33203125,21.29993758587535,0.9173299892976827,,67.61121049493143,98.52095533761377,819,1024,124.94210000295425
sentinel2_patches,mixed_regularized,sentinel2_patch_00038.png,70.54989619688557,0.7581825852394104,0.6818181818181818,0.7676992416381836,0.44140625,21.91912110324124,0.9177380319883356,,65.42642815926139,98.47156565300219,819,1024,125.08740000339458
sentinel2_patches,original,sentinel2_patch_00039.png,79.28821382522584,0.9644749164581299,0.52,0.9585858583450317,0.59375,21.607288897056183,0.9267796714228902,,66.90706095353048,98.5053894376043,819,1024,215.99140000034822
sentinel2_patches,mixed_regularized,sentinel2_patch_00039.png,80.65087938308719,0.8482681512832642,0.8,0.8430389165878296,0.5859375,22.62655364504617,0.9351801081081121,,64.5314318975553,98.4503675641546,819,1024,134.19010000507114
sentinel2_patches,original,sentinel2_patch_00040.png,80.32962303895216,0.881280243396759,0.7307692307692307,0.8804230690002441,0.5546875,21.47384927412805,0.9084991156519611,,66.41484184914842,98.49431245764109,819,1024,130.7364000022062
sentinel2_patches,mixed_regularized,sentinel2_patch_00040.png,83.95923027625452,0.891555666923523,0.8846153846153846,0.8887083530426025,0.3984375,21.749310555859967,0.9088860448715848,,64.22705882352942,98.44302383089408,819,1024,146.39080000051763
sentinel2_patches,original,sentinel2_patch_00041.png,79.95232126292062,0.9251864552497864,0.6176470588235294,0.9141319394111633,0.61328125,21.7269077280119,0.8997767512961868,,67.30086313193588,98.5141349553874,819,1024,126.90180000208784
sentinel2_patches,mixed_regularized,sentinel2_patch_00041.png,84.76332720588238,1.0,0.6470588235294118,1.0,0.53515625,20.392740727842668,0.8942117322006521,,65.249252839211,98.46741540096372,819,1024,129.4516999987536
sentinel2_patches,original,sentinel2_patch_00042.png,70.65738201141359,0.5917047262191772,1.0,0.5994596481323242,0.5,29.221310647885666,0.9270955824521145,,64.06962509563887,98.43919798421285,819,1024,127.09500000346452
sentinel2_patches,mixed_regularized,sentinel2_patch_00042.png,86.13112926483156,0.8083316683769226,1.0,0.8148931264877319,0.75,31.379900950305924,0.9322256311885402,,63.77684691546078,98.43203286401796,819,1024,138.59799999772804
sentinel2_patches,original,sentinel2_patch_00043.png,100.0,1.0,1.0,1.0,1.0,30.988391921492273,0.8659469074568233,,73.7575488454707,98.64420657186548,819,1024,128.89300000097137
sentinel2_patches,mixed_regularized,sentinel2_patch_00043.png,100.0,1.0,1.0,1.0,1.0,34.45561796569456,0.85723981582089,,71.84342560553634,98.60808418923313,819,1024,126.72260000545066
sentinel2_patches,original,sentinel2_patch_00044.png,100.0,1.0,1.0,1.0,1.0,30.41247997700253,0.880296241569641,,68.34016393442623,98.5367316341829,819,1024,125.12340000102995
sentinel2_patches,mixed_regularized,sentinel2_patch_00044.png,99.31818181818184,1.0,1.0,1.0,0.9318181818181818,33.65019203047664,0.879801436265672,,66.22319301032566,98.48995502248876,819,1024,120.01940000482136
sentinel2_patches,original,sentinel2_patch_00045.png,62.732613780688794,0.5943073034286499,0.7777777777777778,0.6017719507217407,0.3591549295774648,29.753986460075623,0.8755835002010359,,63.88529638183218,98.43469459071903,819,1024,130.13570000475738
sentinel2_patches,mixed_regularized,sentinel2_patch_00045.png,85.98738297610217,0.7983077764511108,1.0,0.8083873987197876,0.7887323943661971,34.16757395281317,0.9055032857585263,,63.01214882308276,98.41300444647956,819,1024,129.88120000227354
sentinel2_patches,original,sentinel2_patch_00046.png,69.27421617143938,0.717891275882721,0.6666666666666666,0.7149511575698853,0.6259541984732825,29.696164102640573,0.9068089281534123,,63.86862442040186,98.43428599085256,819,1024,127.4799000020721
sentinel2_patches,mixed_regularized,sentinel2_patch_00046.png,98.33333333333336,1.0,0.9444444444444444,1.0,1.0,33.68140622062513,0.9253263684108982,,61.630126771066365,98.37741693487888,819,1024,126.82659999700263
sentinel2_patches,original,sentinel2_patch_00047.png,69.99028054679314,0.6076149344444275,1.0,0.613552451133728,0.34146341463414637,28.871609252773744,0.9630652538363457,,62.382183908045974,98.39697821180155,819,1024,126.14790000225184
sentinel2_patches,mixed_regularized,sentinel2_patch_00047.png,85.68567741207963,0.8439100384712219,1.0,0.852561354637146,0.4878048780487805,30.898059133800405,0.9735822042113255,,60.21914008321775,98.33939840619098,819,1024,149.38010000332724
sentinel2_patches,original,sentinel2_patch_00048.png,85.24118954485114,0.883314311504364,0.7272727272727273,0.9045217633247375,1.0,27.522303930974914,0.9953746859970467,,54.65510062456627,98.17034459991366,819,1024,122.99679999705404
sentinel2_patches,mixed_regularized,sentinel2_patch_00048.png,97.69201993942261,0.9539960026741028,1.0,0.9766089916229248,1.0,28.809901316322794,0.9961895432440854,,55.30758426966292,98.191929708728,819,1024,128.9277999967453
sentinel2_patches,original,sentinel2_patch_00049.png,100.0,1.0,1.0,1.0,1.0,7.637648022130716,0.47811153018253455,,52.41603317208017,98.09218679956754,819,1024,121.3350999969407
sentinel2_patches,mixed_regularized,sentinel2_patch_00049.png,100.0,1.0,1.0,1.0,1.0,7.551772432240424,0.47475850449429946,,53.71529745042493,98.138332937795,819,1024,122.24180000339402
sentinel2_patches,original,sentinel2_patch_00050.png,90.20190596580507,0.8272077441215515,1.0,0.8556798100471497,1.0,26.69768323422233,0.8968824758660652,,65.47804175665947,98.47277045377079,819,1024,127.3388999979943
sentinel2_patches,mixed_regularized,sentinel2_patch_00050.png,100.0,1.0,1.0,1.0,1.0,30.171195800884256,0.9198373977105119,,63.55625436757512,98.426590726671,819,1024,124.88799999846378
sentinel2_patches,original,sentinel2_patch_00051.png,81.72787026161667,0.720357358455658,1.0,0.7293792366981506,0.8325991189427313,28.786538866063054,0.8952776819796191,,66.61487481590575,98.49883377734542,819,1024,126.03659999876982
sentinel2_patches,mixed_regularized,sentinel2_patch_00051.png,77.17182180429873,0.6838474273681641,1.0,0.6891341209411621,0.6035242290748899,31.207731346264257,0.8972019528789227,,65.12814974802016,98.46456562351459,819,1024,127.33490000391612
sentinel2_patches,original,sentinel2_patch_00052.png,64.94279820114468,0.5393213629722595,0.9473684210526315,0.5415621995925903,0.4117647058823529,30.750413270903202,0.8781717038525657,,65.32200772200773,98.46912237563836,819,1024,125.00449999788543
sentinel2_patches,mixed_regularized,sentinel2_patch_00052.png,63.155600285147614,0.5007926821708679,1.0,0.5037882328033447,0.3048128342245989,33.74279007613278,0.8903763710765942,,63.31736526946108,98.42065443540761,819,1024,153.93509999557864
sentinel2_patches,original,sentinel2_patch_00053.png,57.061859002480155,0.6248622536659241,0.46153846153846156,0.6278576254844666,0.56640625,31.44232783678617,0.9061056256355978,,65.54758190327613,98.4743907083016,819,1024,126.83380000089528
sentinel2_patches,mixed_regularized,sentinel2_patch_00053.png,68.16490154999954,0.6865980625152588,0.7307692307692307,0.6908482313156128,0.49609375,34.08903340161218,0.9103822920642907,,63.75720789074355,98.4315498857578,819,1024,130.84730000264244
sentinel2_patches,original,sentinel2_patch_00054.png,43.56613936095403,0.4500869810581207,0.5172413793103449,0.4534428119659424,0.09765625,30.413622066123228,0.9160606696561552,,64.38792452830188,98.44691375389736,819,1024,127.17190000694245
sentinel2_patches,mixed_regularized,sentinel2_patch_00054.png,42.474603796827395,0.39078715443611145,0.6206896551724138,0.3935432732105255,0.03515625,33.12434590032765,0.9227054492112515,,64.29088168801809,98.44456947277116,819,1024,131.6198999993503
sentinel2_patches,original,sentinel2_patch_00055.png,61.58455181766202,0.6764576435089111,0.5,0.6857717633247375,0.581081081081081,28.680704200525962,0.9833103778575115,,61.89175977653631,98.38427602703405,819,1024,129.58049999724608
sentinel2_patches,mixed_regularized,sentinel2_patch_00055.png,78.80829215049745,0.8910644054412842,0.5,0.9082857966423035,1.0,30.257146636703723,0.987288309488978,,58.77254641909814,98.29852531338501,819,1024,124.63589999970281
sentinel2_patches,original,sentinel2_patch_00056.png,65.07169474699559,0.6927719116210938,0.6,0.7052204012870789,0.5256410256410257,28.07863744371315,0.9806307763725784,,60.49057920446616,98.34685001672761,819,1024,125.63779999618419
sentinel2_patches,mixed_regularized,sentinel2_patch_00056.png,85.69049859046936,0.8545830845832825,0.8,0.8753587603569031,1.0,29.35976775706019,0.9846121842580041,,58.648849797023004,98.29493672346365,819,1024,124.03529999573948
sentinel2_patches,original,sentinel2_patch_00057.png,96.12077355384828,0.9760938286781311,0.9166666666666666,0.9788510203361511,1.0,26.773910652359362,0.8841917541272301,,64.93949468085107,98.46010504868484,819,1024,125.86949999968056
sentinel2_patches,mixed_regularized,sentinel2_patch_00057.png,79.84278792622447,0.7445944547653198,1.0,0.7385826706886292,0.5287356321839081,27.090931440394158,0.8797838075093762,,63.42142857142857,98.42324586102038,819,1024,124.36069999967003
sentinel2_patches,original,sentinel2_patch_00058.png,88.27423691749576,0.8012593388557434,1.0,0.8209587931632996,0.98046875,27.882837881453945,0.9089331198309373,,65.67997198879551,98.47746585493277,819,1024,123.20309999631718
sentinel2_patches,mixed_regularized,sentinel2_patch_00058.png,89.68264222145082,0.8611845970153809,1.0,0.8809035420417786,0.76171875,29.789056323770705,0.9107291437195021,,63.58711864406779,98.42735443699289,819,1024,123.75849999807542
sentinel2_patches,original,sentinel2_patch_00059.png,49.80948368334597,0.453931599855423,0.6363636363636364,0.45852530002593994,0.3390804597701149,29.06350041668244,0.9087384834808507,,63.44048521607278,98.42371949616387,819,1024,119.70270000165328
sentinel2_patches,mixed_regularized,sentinel2_patch_00059.png,73.36619009916812,0.6522457599639893,1.0,0.6511743068695068,0.42528735632183906,33.04249973006509,0.9344383681642516,,62.86851990984223,98.40937880924497,819,1024,126.6135000041686
sentinel2_patches,original,sentinel2_patch_00060.png,73.01344084739686,0.7459313273429871,0.6,0.7588093876838684,1.0,29.311099353375823,0.9210281994534494,,65.8895800933126,98.48230934453703,819,1024,125.29009999707341
sentinel2_patches,mixed_regularized,sentinel2_patch_00060.png,79.04428076744081,0.7808133959770203,0.8,0.7905872464179993,0.8,31.160605464302876,0.931083390040775,,63.42365269461078,98.4233011542002,819,1024,185.56009999883827
sentinel2_patches,original,sentinel2_patch_00061.png,88.54725837707521,0.8032200336456299,1.0,0.8209228515625,1.0,29.111470622066097,0.9206478573611218,,65.37083010085337,98.47026571567592,819,1024,127.02830000489485
sentinel2_patches,mixed_regularized,sentinel2_patch_00061.png,94.66681480407718,0.9916703701019287,0.8333333333333334,1.0,1.0,30.894525426889984,0.9241453914367663,,63.02393418100225,98.41330121168247,819,1024,121.12820000038482
sentinel2_patches,original,sentinel2_patch_00062.png,32.43229030793714,0.4760498106479645,0.0,0.48241811990737915,0.3741935483870968,29.642073720989348,0.9480337966429548,,63.98830865159782,98.43721451453769,819,1024,121.54329999611946
sentinel2_patches,mixed_regularized,sentinel2_patch_00062.png,59.98107837092492,0.9055055975914001,0.0,0.9138491749763489,0.5483870967741935,31.99495500535909,0.9502691738439603,,63.151538461538465,98.41650730233748,819,1024,124.246100000164
sentinel2_patches,original,sentinel2_patch_00063.png,66.24387148919145,0.5177156329154968,1.0,0.5247297883033752,0.5040650406504065,29.1134620656633,0.9388786317780088,,64.79646017699115,98.4567058180825,819,1024,132.44269999995595
sentinel2_patches,mixed_regularized,sentinel2_patch_00063.png,80.2806403191109,0.7483470439910889,1.0,0.7571753263473511,0.5203252032520326,31.42907224618243,0.945029812235282,,62.09868928296068,98.38966005313998,819,1024,120.02609999763081
sentinel2_patches,original,sentinel2_patch_00064.png,92.64177774128163,0.9888710975646973,0.7894736842105263,0.9701361656188965,1.0,27.000293129604025,0.9230320235902925,,60.07801418439716,98.33549757997875,819,1024,126.5281000014511
sentinel2_patches,mixed_regularized,sentinel2_patch_00064.png,91.41059398651123,0.9437263011932373,1.0,0.9154989719390869,0.53515625,27.894814989409728,0.9218520645337756,,58.12913287585776,98.27969221193162,819,1024,130.7366999972146
sentinel2_patches,original,sentinel2_patch_00065.png,80.71428571428572,1.0,0.35714285714285715,1.0,1.0,28.265157604777936,0.9273695479303878,,61.11415220293725,98.36371779047286,819,1024,125.34840000444092
sentinel2_patches,mixed_regularized,sentinel2_patch_00065.png,99.53125000000003,1.0,1.0,1.0,0.953125,28.673342166050038,0.9192431651576368,,59.331821127673365,98.31456378551377,819,1024,128.6679999975604
sentinel2_patches,original,sentinel2_patch_00066.png,100.0,1.0,1.0,1.0,1.0,28.010908864788288,0.9082871062415036,,63.20511000709723,98.41784944304706,819,1024,130.56430000142427
sentinel2_patches,mixed_regularized,sentinel2_patch_00066.png,100.0,1.0,1.0,1.0,1.0,30.572179514154524,0.9169502902054308,,61.20687285223368,98.36619655048509,819,1024,127.49509999412112
sentinel2_patches,original,sentinel2_patch_00067.png,80.34113049507144,0.6680107712745667,1.0,0.6810349822044373,1.0,27.30588873602692,0.9076706625428064,,67.12987012987013,98.51035016444186,819,1024,131.5420000028098
sentinel2_patches,mixed_regularized,sentinel2_patch_00067.png,81.28953035672508,0.6963568329811096,1.0,0.7050961852073669,0.9333333333333333,29.36048027046614,0.9207971812447061,,65.77320359281437,98.47962400282225,819,1024,128.7748999966425
sentinel2_patches,original,sentinel2_patch_00068.png,65.95525724547251,0.6414574980735779,0.5714285714285714,0.6577050089836121,1.0,28.23280681562885,0.9120844542403177,,66.81265012009608,98.50327745089815,819,1024,128.65289999899687
sentinel2_patches,mixed_regularized,sentinel2_patch_00068.png,92.66995549201967,0.8739514350891113,1.0,0.88559490442276,1.0,29.987787882031757,0.9114567734935146,,66.01977848101266,98.48530240026842,819,1024,301.6721000021789
sentinel2_patches,original,sentinel2_patch_00069.png,20.634781224595994,0.3272811770439148,0.0,0.3372994065284729,0.07975460122699386,29.979127897947727,0.8409141874992465,,65.84157585917855,98.48120281607659,819,1024,123.082300000533
sentinel2_patches,mixed_regularized,sentinel2_patch_00069.png,25.28582825251153,0.41197696328163147,0.0,0.421932578086853,0.03680981595092025,32.544271046367186,0.8224970322278812,,64.3844262295082,98.44682936765585,819,1024,125.22019999596523
sentinel2_patches,original,sentinel2_patch_00070.png,58.08263719081879,0.43067798018455505,1.0,0.4314477741718292,0.22265625,30.32022450719863,0.8350102908123999,,67.91341991341992,98.5275369709332,819,1024,120.57519999507349
sentinel2_patches,mixed_regularized,sentinel2_patch_00070.png,77.2119438648224,0.728751003742218,1.0,0.7292670607566833,0.34765625,33.519327753985316,0.8247867610549409,,67.56244616709733,98.51988781234064,819,1024,117.23709999932908
sentinel2_patches,original,sentinel2_patch_00071.png,93.88492345809938,0.8852816820144653,1.0,0.9236828088760376,1.0,24.299552750458307,0.8974655962166932,,58.85964912280702,98.301043219076,819,1024,141.29400000092573
sentinel2_patches,mixed_regularized,sentinel2_patch_00071.png,92.64036401961616,0.8959424495697021,1.0,0.9323663115501404,0.8155339805825242,25.206806692451543,0.9018938099066557,,56.96785930867192,98.24462422823078,819,1024,127.2121999936644
sentinel2_patches,original,sentinel2_patch_00072.png,88.34946513175966,0.8209412097930908,1.0,0.8283252120018005,0.89453125,26.63770148468695,0.9211170536483277,,59.37683089214381,98.31584140653032,819,1024,123.46699999761768
sentinel2_patches,mixed_regularized,sentinel2_patch_00072.png,96.96776986122131,0.9781539440155029,1.0,0.9799712300300598,0.82421875,27.843134050855014,0.9219616436808448,,57.649644473173886,98.26538392536777,819,1024,124.63699999352684
sentinel2_patches,original,sentinel2_patch_00073.png,100.0,1.0,1.0,1.0,1.0,27.481321387521245,0.9020338360627522,,62.111034955448936,98.38998013683513,819,1024,163.35650000110036
sentinel2_patches,mixed_regularized,sentinel2_patch_00073.png,100.0,1.0,1.0,1.0,1.0,27.86983078396399,0.906888845633895,,60.09283819628647,98.33590818803796,819,1024,129.0870000011637
sentinel2_patches,original,sentinel2_patch_00074.png,100.0,1.0,1.0,1.0,1.0,21.70342764643692,0.8464217841444758,,65.75971502590673,98.47931214481991,819,1024,135.08599999477156
sentinel2_patches,mixed_regularized,sentinel2_patch_00074.png,94.09539580345155,0.9023751616477966,1.0,0.9000194668769836,1.0,25.04212488651295,0.8989225543707537,,65.12700449005773,98.46453862291078,819,1024,134.10970000404632
sentinel2_patches,original,sentinel2_patch_00075.png,100.0,1.0,1.0,1.0,1.0,23.467694390463354,0.7930261097290944,,68.29344151453685,98.53573055066036,819,1024,166.09020000032615
sentinel2_patches,mixed_regularized,sentinel2_patch_00075.png,98.06451612903228,1.0,1.0,1.0,0.8064516129032258,26.19644796104291,0.8247249469965833,,67.06905710491368,98.5089994653783,819,1024,137.32969999546185
sentinel2_patches,original,sentinel2_patch_00076.png,100.0,1.0,1.0,1.0,1.0,24.59644402157182,0.8407636822616252,,64.84213917525773,98.45779301435881,819,1024,136.89460000023246
sentinel2_patches,mixed_regularized,sentinel2_patch_00076.png,78.66403755019694,0.6577292084693909,1.0,0.647155225276947,0.9411764705882353,28.638396057379985,0.8633641458650271,,64.9677211103938,98.46077408456303,819,1024,132.7069999970263
sentinel2_patches,original,sentinel2_patch_00077.png,89.34533452987672,0.853213369846344,1.0,0.8358399868011475,0.85,19.25127382385799,0.7233665345074888,,62.54273237679351,98.4010932014044,819,1024,188.36819999705767
sentinel2_patches,mixed_regularized,sentinel2_patch_00077.png,62.47652363777163,0.42280468344688416,1.0,0.428216814994812,0.7,22.186510577131976,0.8043308849933343,,62.00123685837971,98.38712894988828,819,1024,130.1344000021345
sentinel2_patches,original,sentinel2_patch_00078.png,97.34375000000003,1.0,1.0,1.0,0.734375,20.797945712877855,0.8064824534868561,,60.73805202661827,98.35358565737052,819,1024,130.68729999940842
sentinel2_patches,mixed_regularized,sentinel2_patch_00078.png,87.59539365768435,0.8292046785354614,1.0,0.8385478258132935,0.765625,23.925052195954013,0.8612914935466381,,60.08378216636744,98.33565737051792,819,1024,126.71250000130385
sentinel2_patches,original,sentinel2_patch_00079.png,100.0,1.0,1.0,1.0,1.0,23.24727302867174,0.9225035190516149,,62.91077844311377,98.41044726397045,819,1024,160.7125000009546
sentinel2_patches,mixed_regularized,sentinel2_patch_00079.png,96.47562861442567,0.9441395401954651,1.0,0.9355023503303528,1.0,23.745612427007842,0.9258538431912005,,62.46195005945303,98.3990253281427,819,1024,123.10379999689758
sentinel2_patches,original,sentinel2_patch_00080.png,100.0,1.0,1.0,1.0,1.0,9.104334728109214,0.48026459871068117,,63.73797909407666,98.43107670777573,819,1024,112.82319999736501
sentinel2_patches,mixed_regularized,sentinel2_patch_00080.png,100.0,1.0,1.0,1.0,1.0,9.370845281741607,0.508242404118112,,62.178110129163834,98.39171695967812,819,1024,112.7691000001505
sentinel2_patches,original,sentinel2_patch_00081.png,100.0,1.0,1.0,1.0,1.0,8.977272517680015,0.45945822531811736,,61.90922087205146,98.38473173153525,819,1024,257.2833999947761
sentinel2_patches,mixed_regularized,sentinel2_patch_00081.png,100.0,1.0,1.0,1.0,1.0,9.134655223248988,0.48508785413131983,,60.99366197183099,98.36048538869197,819,1024,143.6122000013711
sentinel2_patches,original,sentinel2_patch_00082.png,100.0,1.0,1.0,1.0,1.0,24.59859031918449,0.8941204235241021,,64.98348082595871,98.46114737577965,819,1024,178.52490000223042
sentinel2_patches,mixed_regularized,sentinel2_patch_00082.png,92.65164136886598,0.878553569316864,1.0,0.8754749298095703,1.0,28.22715948213776,0.913496299062876,,64.18822843822844,98.44208194503709,819,1024,179.89189999934752
sentinel2_patches,original,sentinel2_patch_00083.png,99.81481481481484,1.0,1.0,1.0,0.9814814814814815,21.49457691486908,0.820772902008313,,65.40805288461539,98.47113626549306,819,1024,225.6005000017467
sentinel2_patches,mixed_regularized,sentinel2_patch_00083.png,72.71352079179553,0.6031088829040527,1.0,0.5822360515594482,0.6944444444444444,23.670994732816148,0.8513023008405676,,65.3295318127251,98.4692986888891,819,1024,119.76839999988442
sentinel2_patches,original,sentinel2_patch_00084.png,97.39130434782611,1.0,1.0,1.0,0.7391304347826086,22.039094772145372,0.7838758992782858,,64.01688555347091,98.4379121362211,819,1024,126.46639999729814
sentinel2_patches,mixed_regularized,sentinel2_patch_00084.png,56.304974685544565,0.3900192081928253,1.0,0.38303640484809875,0.30434782608695654,25.195464375370904,0.8213705380516769,,63.26514215080346,98.41935074196732,819,1024,122.28969999705441
sentinel2_patches,original,sentinel2_patch_00085.png,95.50000000000003,1.0,1.0,1.0,0.55,22.200293205416553,0.8142412717344852,,63.8925,98.43487107250459,819,1024,125.44380000326782
sentinel2_patches,mixed_regularized,sentinel2_patch_00085.png,74.27186775207521,0.642151415348053,1.0,0.6542905569076538,0.55,24.50258902830836,0.8532321059382154,,62.334146341463416,98.39574284931722,819,1024,125.12080000306014
sentinel2_patches,original,sentinel2_patch_00086.png,83.17946423064605,0.9283180236816406,0.6842105263157895,0.9028870463371277,0.746268656716418,20.816714606420078,0.8172908243856438,,64.49564676616916,98.44950775728239,819,1024,121.63610000425251
sentinel2_patches,mixed_regularized,sentinel2_patch_00086.png,62.36838751483508,0.6068284511566162,0.6842105263157895,0.6097899675369263,0.5373134328358209,24.54721929271741,0.8768100630026074,,64.21609907120742,98.44275810199693,819,1024,124.49059999926249
sentinel2_patches,original,sentinel2_patch_00087.png,85.00000000000001,1.0,0.5,1.0,1.0,22.633848386693053,0.9417022670330732,,65.1189749847468,98.46434929260751,819,1024,123.79489999875659
sentinel2_patches,mixed_regularized,sentinel2_patch_00087.png,85.00000000000001,1.0,0.5,1.0,1.0,25.49032507076444,0.9620298102313593,,64.802671523983,98.45685374309005,819,1024,122.51860000105808
sentinel2_patches,original,sentinel2_patch_00088.png,100.0,1.0,1.0,1.0,1.0,24.14327740194906,0.9543908742774772,,65.08009858287123,98.46343195266272,819,1024,121.01709999842569
sentinel2_patches,mixed_regularized,sentinel2_patch_00088.png,100.0,1.0,1.0,1.0,1.0,26.608391206186926,0.9670256651135253,,64.920098340504,98.4596449704142,819,1024,121.48249999881955
sentinel2_patches,original,sentinel2_patch_00089.png,97.51765315156234,0.9873202443122864,1.0,0.9959790110588074,0.8105263157894737,19.439789160874565,0.7994997419773927,,69.11350407450524,98.55310476094226,819,1024,124.14559999888297
sentinel2_patches,mixed_regularized,sentinel2_patch_00089.png,81.01133123197054,0.7167401909828186,1.0,0.7276124954223633,0.7789473684210526,22.288306489566907,0.8663419831417534,,68.7533294730747,98.5455249837877,819,1024,121.29319999803556
sentinel2_patches,original,sentinel2_patch_00090.png,99.56521739130437,1.0,1.0,1.0,0.9565217391304348,21.29612112072621,0.8554654253681476,,66.87110064743968,98.50458570246624,819,1024,122.7396000031149
sentinel2_patches,mixed_regularized,sentinel2_patch_00090.png,78.21189927018209,0.6900327205657959,1.0,0.68270343542099,0.6956521739130435,22.954192597252757,0.8798750837363768,,66.36331775700934,98.49314345063108,819,1024,118.55539999669418
sentinel2_patches,original,sentinel2_patch_00091.png,100.0,1.0,1.0,1.0,1.0,21.833762875928105,0.8500871196679688,,63.30143839899937,98.42025706636106,819,1024,123.62929999653716
sentinel2_patches,mixed_regularized,sentinel2_patch_00091.png,89.14838433265687,0.8208248019218445,1.0,0.815769612789154,1.0,24.441866549783178,0.8948102981655257,,61.41929611650485,98.37184718284117,819,1024,123.15839999791933
sentinel2_patches,original,sentinel2_patch_00092.png,100.0,1.0,1.0,1.0,1.0,25.94517943624464,0.893156310664262,,67.10684039087948,98.5098389461115,819,1024,128.89410000207135
sentinel2_patches,mixed_regularized,sentinel2_patch_00092.png,92.24727153778078,0.8727942705154419,1.0,0.8667750358581543,1.0,25.388750875869167,0.899243323604434,,66.28635778635778,98.49139395586793,819,1024,126.91359999735141
sentinel2_patches,original,sentinel2_patch_00093.png,100.0,1.0,1.0,1.0,1.0,26.776507325486534,0.8978083080695197,,66.31701030927834,98.49209125179745,819,1024,130.52130000141915
sentinel2_patches,mixed_regularized,sentinel2_patch_00093.png,98.32034707069398,0.9775645732879639,1.0,0.9608882069587708,1.0,27.117809746375055,0.9016044119733342,,65.51495862507957,98.47363102872022,819,1024,130.3150999956415
sentinel2_patches,original,sentinel2_patch_00094.png,99.58333333333336,1.0,1.0,1.0,0.9583333333333334,24.527003334485357,0.9104341284200718,,64.85832274459975,98.45817782871472,819,1024,129.25610000093002
sentinel2_patches,mixed_regularized,sentinel2_patch_00094.png,73.32729180653891,0.5620853304862976,1.0,0.5630272626876831,0.9583333333333334,24.97112405662291,0.9152878267733137,,63.964285714285715,98.43662758235622,819,1024,113.65760000626324
sentinel2_patches,original,sentinel2_patch_00095.png,83.2914293607076,0.9411916136741638,0.6,0.9030215740203857,0.9583333333333334,21.80484656304217,0.8665553660745848,,65.10095846645368,98.46392430533062,819,1024,132.20670000009704
sentinel2_patches,mixed_regularized,sentinel2_patch_00095.png,75.88393330574037,0.6087026596069336,1.0,0.6080413460731506,0.9375,23.751233854578025,0.8996194760328933,,63.71669793621013,98.43055269279468,819,1024,133.15549999970244
sentinel2_patches,original,sentinel2_patch_00096.png,81.72747850418092,0.9347361922264099,0.5625,0.9434640407562256,0.859375,21.83537005936266,0.8793669731576506,,66.52163742690058,98.49672972782896,819,1024,127.31320000602864
sentinel2_patches,mixed_regularized,sentinel2_patch_00096.png,88.96379828453065,0.884694516658783,0.875,0.8955977559089661,0.94140625,24.542517132369973,0.9108530028047485,,65.98143851508121,98.48442225191644,819,1024,127.23410000035074
sentinel2_patches,original,sentinel2_patch_00097.png,89.45355191256832,1.0,0.6666666666666666,1.0,0.9453551912568307,22.694715694908187,0.8947703338061193,,65.8819362455726,98.48213325687252,819,1024,156.06660000048578
sentinel2_patches,mixed_regularized,sentinel2_patch_00097.png,86.63326630175442,0.7967851161956787,1.0,0.8009346127510071,0.8743169398907104,25.564235442430515,0.9120543617294701,,65.41852286049237,98.47138095408766,819,1024,132.6111000016681
sentinel2_patches,original,sentinel2_patch_00098.png,100.0,1.0,1.0,1.0,1.0,24.641704319859905,0.8970423663622136,,64.0249406175772,98.43810866460146,819,1024,130.97410000045784
sentinel2_patches,mixed_regularized,sentinel2_patch_00098.png,100.0,1.0,1.0,1.0,1.0,26.911827157288926,0.9123844322791156,,63.014611338398595,98.41306646385576,819,1024,127.21159999637166
sentinel2_patches,original,sentinel2_patch_00099.png,100.0,1.0,1.0,1.0,1.0,25.65719042132362,0.89865638288788,,68.57567917205692,98.54175706012187,819,1024,124.39599999925122
sentinel2_patches,mixed_regularized,sentinel2_patch_00099.png,88.67039197967168,0.8402765393257141,1.0,0.8005855679512024,0.9047619047619048,27.5037943210782,0.914866672823471,,66.80403276622559,98.50308438189741,819,1024,118.62839999957941
sentinel2_patches,original,sentinel2_patch_00100.png,100.0,1.0,1.0,1.0,1.0,26.777938180166988,0.9034611359667938,,66.20420223243597,98.48952186374952,819,1024,126.09949999750825
sentinel2_patches,mixed_regularized,sentinel2_patch_00100.png,85.71887247702658,0.8006758093833923,1.0,0.7434155344963074,0.8823529411764706,28.349867670374827,0.9107730947036801,,65.4308890330954,98.47166985688641,819,1024,121.72370000189403
sentinel2_patches,original,sentinel2_patch_00101.png,92.50000000000003,1.0,1.0,1.0,0.25,25.94695982769241,0.7794012050284256,,66.4291553133515,98.49463688754896,819,1024,126.22830000327667
sentinel2_patches,mixed_regularized,sentinel2_patch_00101.png,55.32785868644715,0.36576399207115173,1.0,0.3598649501800537,0.35,26.885359708851038,0.8159882704464504,,63.73725490196078,98.43105888143727,819,1024,117.74449999938952
sentinel2_patches,original,sentinel2_patch_00102.png,100.0,1.0,1.0,1.0,1.0,24.013835963190253,0.7050581132969083,,66.53105802047781,98.49694258628473,819,1024,151.0848999969312
sentinel2_patches,mixed_regularized,sentinel2_patch_00102.png,89.37500000000001,1.0,0.75,1.0,0.6875,26.38805588547949,0.7941580181260567,,63.87155963302752,98.43435794311979,819,1024,128.73080000281334
sentinel2_patches,original,sentinel2_patch_00103.png,82.68348479270936,0.9589442610740662,0.55,0.9635513424873352,0.85546875,23.520260975583547,0.9087479627184899,,65.65287356321839,98.47683742427957,819,1024,124.2084999976214
sentinel2_patches,mixed_regularized,sentinel2_patch_00103.png,86.19882392883302,0.8683636784553528,0.85,0.8685263395309448,0.859375,24.62204152836717,0.912469399123097,,64.94371802160319,98.46020518925732,819,1024,122.73509999795351
sentinel2_patches,original,sentinel2_patch_00104.png,88.40895771980286,0.9883072376251221,0.6666666666666666,0.9907084107398987,0.90625,24.794797612189047,0.9181852171079262,,64.27143701951508,98.44409889311116,819,1024,119.77949999709381
sentinel2_patches,mixed_regularized,sentinel2_patch_00104.png,73.92066955566408,0.7786077857017517,0.6666666666666666,0.7794429063796997,0.71875,27.145927359282503,0.9288795847754961,,63.041183294663576,98.41373535879576,819,1024,121.06019999919226
sentinel2_patches,original,sentinel2_patch_00105.png,92.50000000000001,1.0,0.75,1.0,1.0,20.13786819843315,0.7913663755242962,,65.42033293697979,98.47142324854367,819,1024,124.01520000275923
sentinel2_patches,mixed_regularized,sentinel2_patch_00105.png,100.0,1.0,1.0,1.0,1.0,21.612246627259893,0.8512199569374341,,64.12412587412588,98.44052455083289,819,1024,125.33100000291597
sentinel2_patches,original,sentinel2_patch_00106.png,92.81250000000001,1.0,1.0,1.0,0.28125,25.866228354256048,0.7000924308780412,,71.56131479140329,98.60259694373289,819,1024,127.74399999761954
sentinel2_patches,mixed_regularized,sentinel2_patch_00106.png,81.78683042526245,0.8218330144882202,1.0,0.8284879922866821,0.234375,29.093092930167344,0.7368914441036999,,70.84480600750939,98.58846391661514,819,1024,125.02490000042599
sentinel2_patches,original,sentinel2_patch_00107.png,98.38709677419357,1.0,1.0,1.0,0.8387096774193549,24.511086446441883,0.7749497870314696,,67.45694956949569,98.51757305009801,819,1024,127.2781000006944
sentinel2_patches,mixed_regularized,sentinel2_patch_00107.png,78.21642383452388,0.7182992100715637,1.0,0.7322872877120972,0.4838709677419355,25.778807073458996,0.8109919186253323,,67.04462102689486,98.50845603318594,819,1024,127.6581000056467
sentinel2_patches,original,sentinel2_patch_00108.png,100.0,1.0,1.0,1.0,1.0,25.2677477955592,0.7832966233998107,,68.2147201946472,98.53404075081367,819,1024,127.93370000144932
sentinel2_patches,mixed_regularized,sentinel2_patch_00108.png,79.29392981529237,0.8092599511146545,0.75,0.8211765885353088,0.8,26.563759673778723,0.8002281558449466,,67.11250748055056,98.5099647777431,819,1024,129.17860000015935
sentinel2_patches,original,sentinel2_patch_00109.png,96.00000000000001,1.0,0.8666666666666667,1.0,1.0,27.15492268781212,0.8172463085522798,,69.32469879518072,98.55751266521258,819,1024,119.51509999926202
sentinel2_patches,mixed_regularized,sentinel2_patch_00109.png,74.59033131599428,0.7394208908081055,0.6666666666666666,0.7506747841835022,1.0,26.650765127059724,0.8261247303946634,,67.53462441314554,98.51927806115799,819,1024,121.80870000156574
sentinel2_patches,original,sentinel2_patch_00110.png,89.2857142857143,1.0,0.6428571428571429,1.0,1.0,26.326780087491713,0.8065461230670519,,68.5130023640662,98.54042303578207,819,1024,126.82830000267131
sentinel2_patches,mixed_regularized,sentinel2_patch_00110.png,73.37679880005975,0.8411776423454285,0.42857142857142855,0.8436275124549866,1.0,26.19116366513728,0.8329639996752666,,67.8711943793911,98.52662088954833,819,1024,125.99810000392608
sentinel2_patches,original,sentinel2_patch_00111.png,79.45242285728456,0.6521978974342346,1.0,0.6682253479957581,1.0,24.33852798035071,0.8094858531367422,,68.86520947176685,98.54788795725659,819,1024,125.45610000233864
sentinel2_patches,mixed_regularized,sentinel2_patch_00111.png,89.52579021453859,0.8176226019859314,1.0,0.8410443067550659,1.0,26.305197402900113,0.8369054258571651,,68.0389922015597,98.53025453840118,819,1024,130.86720000137575
sentinel2_patches,original,sentinel2_patch_00112.png,77.63630747795106,0.7859318852424622,0.6666666666666666,0.8099516034126282,1.0,25.89958571007475,0.8119284284158114,,69.05434782608695,98.55186526050684,819,1024,125.28610000299523
sentinel2_patches,mixed_regularized,sentinel2_patch_00112.png,86.86789921351843,0.7977978587150574,1.0,0.8192278146743774,0.8571428571428571,27.420539833499667,0.8438284590068389,,68.06785714285714,98.53087780051419,819,1024,123.34730000293348
sentinel2_patches,original,sentinel2_patch_00113.png,84.4033616845326,0.9594218730926514,0.6111111111111112,0.9572383165359497,0.8548387096774194,24.799515521352955,0.7800220774758435,,69.31321665660833,98.55727370877302,819,1024,126.00810000003548
sentinel2_patches,mixed_regularized,sentinel2_patch_00113.png,84.20548209580043,0.8776278495788574,0.7222222222222222,0.8878141045570374,0.967741935483871,25.25408561730861,0.812885332643891,,68.24242424242425,98.53463587921847,819,1024,125.21209999977145
sentinel2_patches,original,sentinel2_patch_00114.png,79.4289600926061,0.9250580072402954,0.55,0.9334287643432617,0.7258064516129032,23.79495802793695,0.7809783602408074,,68.58382877526753,98.5419303385981,819,1024,122.52820000139764
sentinel2_patches,mixed_regularized,sentinel2_patch_00114.png,77.73515945096172,0.8547004461288452,0.6,0.8620344996452332,0.8306451612903226,24.88822471508361,0.8092934103788914,,67.57937902753369,98.52025867300057,819,1024,125.28949999978067
sentinel2_patches,original,sentinel2_patch_00115.png,100.0,1.0,1.0,1.0,1.0,23.755271042254847,0.7932285056562409,,70.36478365384616,98.57883454183641,819,1024,127.3908000002848
sentinel2_patches,mixed_regularized,sentinel2_patch_00115.png,74.08238291740419,0.8080564737319946,0.5,0.8380061984062195,1.0,25.1251172915374,0.8175712836302652,,69.5704099821747,98.56260729201362,819,1024,125.3798999969149
sentinel2_patches,original,sentinel2_patch_00116.png,97.79196500778198,0.9514482617378235,1.0,0.9867017269134521,1.0,23.09743042488066,0.7833737812974799,,70.0041716328963,98.57151370172048,819,1024,125.97850000020117
sentinel2_patches,mixed_regularized,sentinel2_patch_00116.png,81.23825362750463,0.6962049007415771,1.0,0.7409314513206482,0.8571428571428571,25.633919151639006,0.815030794795014,,68.8148799062683,98.54682591706607,819,1024,127.65869999566348
sentinel2_patches,original,sentinel2_patch_00117.png,91.43592562430946,0.9461206793785095,0.8888888888888888,0.9616062045097351,0.7692307692307693,23.705861445296883,0.7747676952365573,,68.69840294840294,98.54436208546062,819,1024,134.77270000294084
sentinel2_patches,mixed_regularized,sentinel2_patch_00117.png,83.10756573310266,0.7707642316818237,1.0,0.7869267463684082,0.6538461538461539,26.02379648567752,0.8053400789183417,,67.90588949605343,98.5273736822811,819,1024,124.67299999843817
sentinel2_patches,original,sentinel2_patch_00118.png,87.01431035995485,0.8689528107643127,0.8888888888888888,0.8784348964691162,0.8020833333333334,22.23185444933999,0.7711441190660362,,67.55299818291944,98.51968080337129,819,1024,124.97050000092713
sentinel2_patches,mixed_regularized,sentinel2_patch_00118.png,82.74153232574464,0.8319011330604553,0.8333333333333334,0.8482743501663208,0.75,25.231501908113813,0.8094860261508827,,66.78443113772455,98.50264502824352,819,1024,127.18229999882169
sentinel2_patches,original,sentinel2_patch_00119.png,50.34704899787904,0.7973449230194092,0.0,0.8101626038551331,0.225,20.815466578712773,0.6977933446544833,,69.98606904906117,98.57114420971553,819,1024,127.90260000474518
sentinel2_patches,mixed_regularized,sentinel2_patch_00119.png,40.995358943939216,0.6460281610488892,0.0,0.6733366250991821,0.16875,23.52089646558731,0.7707885165715608,,70.36967113276492,98.57893324794239,819,1024,134.79689999803668
sentinel2_patches,original,sentinel2_patch_00120.png,23.749217391014103,0.38295966386795044,0.0,0.4020102918148041,0.0390625,23.52395284728147,0.690411919525395,,72.532427424336,98.62130631014222,819,1024,127.609900002426
sentinel2_patches,mixed_regularized,sentinel2_patch_00120.png,29.690844416618354,0.48160749673843384,0.0,0.4978897273540497,0.046875,26.275996172057766,0.7376361763002598,,71.47291539866099,98.60086860257175,819,1024,128.90329999936512
sentinel2_patches,original,sentinel2_patch_00121.png,64.6451268877302,0.7035892009735107,0.6428571428571429,0.7179350852966309,0.2857142857142857,24.338771544321716,0.7812471163374751,,67.75787523162445,98.52415679124886,819,1024,125.09899999713525
sentinel2_patches,mixed_regularized,sentinel2_patch_00121.png,70.4356153572307,0.7865505218505859,0.6428571428571429,0.8016209006309509,0.36554621848739494,27.18387477248109,0.8157305404311476,,67.79975278121137,98.52506836827712,819,1024,126.75559999479447
sentinel2_patches,original,sentinel2_patch_00122.png,89.53557312252967,1.0,0.7272727272727273,1.0,0.7717391304347826,23.88304685278434,0.803888209533676,,66.16224552745219,98.4885639959347,819,1024,121.1020999980974
sentinel2_patches,mixed_regularized,sentinel2_patch_00122.png,90.6225296442688,1.0,0.7272727272727273,1.0,0.8804347826086957,27.262913866799593,0.8486266051964587,,66.16224552745219,98.4885639959347,819,1024,138.01609999791253
sentinel2_patches,original,sentinel2_patch_00123.png,96.75761435291557,0.994025707244873,1.0,0.9933936595916748,0.7128712871287128,23.335335018351554,0.7605581701988037,,68.96441717791411,98.54997687079671,819,1024,121.75580000621267
sentinel2_patches,mixed_regularized,sentinel2_patch_00123.png,89.23021317708613,0.8840702772140503,1.0,0.8913899064064026,0.6039603960396039,26.33543902135864,0.803032881390625,,68.92213366033108,98.54908728605487,819,1024,125.61080000159563
sentinel2_patches,original,sentinel2_patch_00124.png,66.47790789604188,0.588338315486908,1.0,0.5983906388282776,0.09765625,23.919989272602994,0.6998878386003293,,70.80579531442663,98.58768622602244,819,1024,308.0357000071672
sentinel2_patches,mixed_regularized,sentinel2_patch_00124.png,74.51390624046327,0.7131901383399963,1.0,0.7192369103431702,0.16015625,26.479221356477737,0.7683784250267168,,70.2858017135863,98.57723754212125,819,1024,153.86359999683918
sentinel2_patches,original,sentinel2_patch_00125.png,72.7489745616913,0.8672642111778259,0.5833333333333334,0.8814359307289124,0.29296875,25.92671172833343,0.8516997280318275,,67.10571604179471,98.50981397862265,819,1024,125.03959999594372
sentinel2_patches,mixed_regularized,sentinel2_patch_00125.png,46.292060613632216,0.5768755078315735,0.3333333333333333,0.5885863900184631,0.14453125,28.900489183612265,0.8657177294662324,,66.614399023795,98.4988230552935,819,1024,129.20139999914682
sentinel2_patches,original,sentinel2_patch_00126.png,77.84472049689442,1.0,0.35714285714285715,1.0,0.7130434782608696,25.898496257533232,0.8585427388780473,,65.89154411764706,98.48235458222904,819,1024,123.91339999885531
sentinel2_patches,mixed_regularized,sentinel2_patch_00126.png,73.77449424222391,0.9297359585762024,0.35714285714285715,0.950060248374939,0.6869565217391305,28.419070549043305,0.8836835638561419,,66.09403810694529,98.48700423118053,819,1024,130.14359999942826
sentinel2_patches,original,sentinel2_patch_00127.png,98.20000000000002,1.0,1.0,1.0,0.82,22.775558153400155,0.7302573897575075,,67.69297163995068,98.52274176214503,819,1024,133.25970000005327
sentinel2_patches,mixed_regularized,sentinel2_patch_00127.png,88.38205122947696,0.864314079284668,1.0,0.8654744029045105,0.65,24.97101637758416,0.7772514159789993,,68.32482887367766,98.53640321317329,819,1024,126.45689999772003
sentinel2_patches,original,sentinel2_patch_00128.png,84.74196553230287,0.892643928527832,1.0,0.8814979195594788,0.140625,25.561742280444555,0.7130165976985613,,69.98449131513648,98.57111199751806,819,1024,130.5382999998983
sentinel2_patches,mixed_regularized,sentinel2_patch_00128.png,83.71698498725893,0.8437485098838806,1.0,0.8381959795951843,0.3203125,26.08486179912951,0.7716491610357586,,69.68190240889437,98.56490714887205,819,1024,126.34950000210665
sentinel2_patches,original,sentinel2_patch_00129.png,88.5552258592971,0.9065523743629456,1.0,0.9104012250900269,0.4085106382978723,26.687721007092478,0.823071481486105,,69.32226322263223,98.55746198477617,819,1024,126.9417000003159
sentinel2_patches,mixed_regularized,sentinel2_patch_00129.png,74.18173248717127,0.6899204254150391,1.0,0.6994585394859314,0.25957446808510637,27.04527085286599,0.8426766725465947,,67.6984984984985,98.52286236448482,819,1024,129.77620000310708
sentinel2_patches,original,sentinel2_patch_00130.png,65.82191780821918,1.0,0.0,1.0,0.5821917808219178,25.96452210045105,0.82680023556535,,69.24789915966386,98.55591286936473,819,1024,131.285299998126
sentinel2_patches,mixed_regularized,sentinel2_patch_00130.png,54.62013732897094,0.8163551092147827,0.0,0.8311733603477478,0.5342465753424658,27.359809569196187,0.8385957922343078,,68.22412773506801,98.53424289441521,819,1024,126.49709999823244
sentinel2_patches,original,sentinel2_patch_00131.png,99.21052631578951,1.0,1.0,1.0,0.9210526315789473,28.546738557179626,0.7377906844573545,,70.3176620076239,98.57788218286953,819,1024,125.12940000306116
sentinel2_patches,mixed_regularized,sentinel2_patch_00131.png,100.0,1.0,1.0,1.0,1.0,29.564085863886717,0.7506559211694609,,68.36318715256331,98.53722443079147,819,1024,123.76870000298368
sentinel2_patches,original,sentinel2_patch_00132.png,81.58263025076495,0.7329676151275635,1.0,0.7436310648918152,0.7391304347826086,26.554375866814613,0.837994889381212,,71.99633475870495,98.61104040455463,819,1024,133.95809999929043
sentinel2_patches,mixed_regularized,sentinel2_patch_00132.png,76.98554671329003,0.6752157807350159,1.0,0.6727588176727295,0.6521739130434783,26.608489845060937,0.8460709543783929,,70.828125,98.5881314802559,819,1024,146.6710000022431
sentinel2_patches,original,sentinel2_patch_00133.png,79.88957502625207,0.709947943687439,1.0,0.7109465003013611,0.7272727272727273,25.95729437731577,0.83340005275789,,71.73178016726403,98.60591777080089,819,1024,128.39399999938905
sentinel2_patches,mixed_regularized,sentinel2_patch_00133.png,70.9017790447582,0.5733333826065063,1.0,0.5802403688430786,0.6363636363636364,25.78105905184861,0.8389230099155977,,71.13684834123222,98.59425877963673,819,1024,126.1196999985259
sentinel2_patches,original,sentinel2_patch_00134.png,77.19695464770001,0.7371360659599304,0.8,0.7522422671318054,0.8666666666666667,24.782341172493155,0.8189139547561576,,70.7683780630105,98.5869394956182,819,1024,132.7512999996543
sentinel2_patches,mixed_regularized,sentinel2_patch_00134.png,75.27302376429242,0.606764018535614,1.0,0.6167898178100586,0.8666666666666667,24.352715059952246,0.8238880066417076,,70.48053457292272,98.58116853673215,819,1024,130.7786000033957
sentinel2_patches,original,sentinel2_patch_00135.png,100.0,1.0,1.0,1.0,1.0,27.578163502694263,0.6721179498975197,,73.60906148867313,98.64147160719624,819,1024,123.98949999624165
sentinel2_patches,mixed_regularized,sentinel2_patch_00135.png,99.21875000000003,1.0,1.0,1.0,0.921875,28.734798612158478,0.6875488085284607,,71.75141955835961,98.60629935107188,819,1024,134.38769999629585
sentinel2_patches,original,sentinel2_patch_00136.png,81.62287053854571,0.7456632256507874,1.0,0.7202518582344055,0.7391304347826086,26.281170882060188,0.823856974086766,,73.41271820448878,98.63783820507159,819,1024,135.9835999974166
sentinel2_patches,mixed_regularized,sentinel2_patch_00136.png,81.64274977601094,0.7505459785461426,1.0,0.7332194447517395,0.6956521739130435,26.408837995366543,0.8370845652920348,,71.67011564211808,98.60471831105525,819,1024,130.04889999865554
sentinel2_patches,original,sentinel2_patch_00137.png,77.3045294761658,0.6748883128166199,1.0,0.6754498481750488,0.68,25.293778238319014,0.8277307089076138,,73.64625850340136,98.6421577683355,819,1024,128.82559999707155
sentinel2_patches,mixed_regularized,sentinel2_patch_00137.png,69.74676146507265,0.5534877181053162,1.0,0.5603626370429993,0.64,24.317147392786772,0.8399145269337771,,72.48082775410833,98.62032480728213,819,1024,156.61489999911282
sentinel2_patches,original,sentinel2_patch_00138.png,65.05470674970877,0.8169530034065247,0.391304347826087,0.8033571839332581,0.45703125,17.59133377276902,0.7125211200099233,,76.57777777777778,98.69413813116657,819,1024,136.54040000255918
sentinel2_patches,mixed_regularized,sentinel2_patch_00138.png,68.52445317351301,0.8446471691131592,0.43478260869565216,0.8328012824058533,0.50390625,18.278103596026217,0.733575278597026,,74.61424501424501,98.65977334514464,819,1024,136.812299999292
sentinel2_patches,original,sentinel2_patch_00139.png,63.7349143581114,0.7504886388778687,0.40625,0.7647992372512817,0.6231884057971014,18.787620254731536,0.7990477125141491,,75.56645008860012,98.6766614035362,819,1024,136.05870000174036
sentinel2_patches,mixed_regularized,sentinel2_patch_00139.png,73.40812452749354,0.826926589012146,0.5625,0.822561502456665,0.7004830917874396,19.492518650928204,0.8109490775256317,,74.12166859791425,98.6508668532212,819,1024,138.50700000330107
sentinel2_patches,original,sentinel2_patch_00140.png,70.25776402506337,0.8427233695983887,0.4482758620689655,0.8370276689529419,0.636,18.531189930065462,0.7977056704158245,,76.34588235294117,98.69017166456067,819,1024,258.8015000001178
sentinel2_patches,mixed_regularized,sentinel2_patch_00140.png,69.76966812824382,0.8630961179733276,0.41379310344827586,0.8536015152931213,0.576,19.1085241203827,0.8116342534100603,,75.89941520467836,98.68246679199926,819,1024,176.28639999747975
sentinel2_patches,original,sentinel2_patch_00141.png,64.47795965454796,0.774744987487793,0.4090909090909091,0.756084144115448,0.609375,18.133912111046136,0.8210162246409476,,77.63807285546416,98.7119721507492,819,1024,139.9061999982223
sentinel2_patches,mixed_regularized,sentinel2_patch_00141.png,60.763096701015144,0.7054844498634338,0.45454545454545453,0.6953677535057068,0.5,18.684771847996906,0.8244373931000425,,77.32007021650088,98.70667473891326,819,1024,135.5972999954247
sentinel2_patches,original,sentinel2_patch_00142.png,71.17217815839328,0.8174269795417786,0.5384615384615384,0.7957501411437988,0.640625,17.87809411255887,0.8356710189771271,,78.2655233589592,98.72229820094147,819,1024,136.5488999945228
sentinel2_patches,mixed_regularized,sentinel2_patch_00142.png,74.32392899806685,0.8058590888977051,0.6923076923076923,0.7867198586463928,0.55859375,18.512986489744968,0.840534557982963,,75.67009719839909,98.67847401150007,819,1024,136.9233000004897
sentinel2_patches,original,sentinel2_patch_00143.png,75.78091430664064,0.8476899266242981,0.6,0.8557752370834351,0.67578125,18.419219159478907,0.7762538638633779,,77.69976218787158,98.71299477393241,819,1024,134.11559999804012
sentinel2_patches,mixed_regularized,sentinel2_patch_00143.png,78.34695904595513,0.8035992383956909,0.8285714285714286,0.811432957649231,0.51171875,18.522105150227265,0.7688645443830575,,76.02734147760326,98.68468371961345,819,1024,135.0428000005195
sentinel2_patches,original,sentinel2_patch_00144.png,63.981732981545605,0.7993495464324951,0.39285714285714285,0.7884455919265747,0.4453125,17.781986016367167,0.7810774081918652,,77.44391971664699,98.70874304443936,819,1024,200.1867999933893
sentinel2_patches,mixed_regularized,sentinel2_patch_00144.png,78.8766716207777,0.9384260773658752,0.5714285714285714,0.9266354441642761,0.56640625,18.61804891360583,0.8023241216679804,,77.03464474456841,98.70188276545468,819,1024,380.9264000010444
sentinel2_patches,original,sentinel2_patch_00145.png,64.9780058860779,0.7441495656967163,0.5,0.7449761629104614,0.53125,17.94655074737554,0.83262465027631,,77.66391021854696,98.712400654067,819,1024,137.10949999949662
sentinel2_patches,mixed_regularized,sentinel2_patch_00145.png,69.42667508125307,0.8004124760627747,0.55,0.7896494269371033,0.51171875,18.568272633493798,0.8421535445767455,,76.04684788895315,98.68502110506901,819,1024,142.79149999492802
sentinel2_patches,original,sentinel2_patch_00146.png,69.71048831939697,0.7535959482192993,0.7083333333333334,0.74200439453125,0.34765625,17.851679880780015,0.8205252535553502,,76.85680888369374,98.69887910450032,819,1024,144.81240000168327
sentinel2_patches,mixed_regularized,sentinel2_patch_00146.png,71.7529881000519,0.7639970779418945,0.75,0.7510614991188049,0.3671875,18.574981108371745,0.838683329069653,,75.70639032815198,98.67910754209062,819,1024,139.9611000015284
sentinel2_patches,original,sentinel2_patch_00147.png,59.25419961704929,0.6433449983596802,0.5294117647058824,0.6611992120742798,0.44140625,18.01568214706942,0.7811021930118471,,77.17623188405797,98.70426428501679,819,1024,143.43660000304226
sentinel2_patches,mixed_regularized,sentinel2_patch_00147.png,81.98712089482478,0.8018600344657898,0.8823529411764706,0.8166378140449524,0.7109375,18.344327414707816,0.7877888245424122,,76.59896432681242,98.69449932020822,819,1024,139.2280000000028
sentinel2_patches,original,sentinel2_patch_00148.png,71.47693991661073,0.7660061120986938,0.6666666666666666,0.7762097716331482,0.53125,17.324889950343533,0.7670832870478561,,76.71552221581074,98.69648283539429,819,1024,167.73220000322908
sentinel2_patches,mixed_regularized,sentinel2_patch_00148.png,89.73596746271309,0.9879837036132812,0.7272727272727273,1.0,0.83984375,18.13453934716122,0.7855291346004186,,76.36300976450316,98.69046544513644,819,1024,140.73340000322787
sentinel2_patches,original,sentinel2_patch_00149.png,53.270820114347686,0.7139061689376831,0.18518518518518517,0.7255290150642395,0.46484375,18.417984898570335,0.8072621886044917,,77.14565992865636,98.70375079955919,819,1024,141.612500003248
sentinel2_patches,mixed_regularized,sentinel2_patch_00149.png,69.76732929547629,0.8408116102218628,0.4444444444444444,0.8529672026634216,0.57421875,19.069022260592,0.8190398100348005,,76.28395061728395,98.68910826994659,819,1024,134.8682000025292
sentinel2_patches,original,sentinel2_patch_00150.png,55.902936077117936,0.6764233708381653,0.32,0.6712844371795654,0.58203125,18.19211564775319,0.8230638574060818,,76.13949381989406,98.68662116093722,819,1024,161.38879999925848
sentinel2_patches,mixed_regularized,sentinel2_patch_00150.png,81.42122197151184,0.9145656228065491,0.6,0.9044298529624939,0.875,19.22823973405315,0.8347117979729665,,74.34540229885057,98.65492690996514,819,1024,129.48809999943478
sentinel2_patches,original,sentinel2_patch_00151.png,75.39380482264929,0.8697318434715271,0.5357142857142857,0.861420750617981,0.73046875,17.971904265018296,0.7857463936373832,,76.27877385772122,98.6890193045509,819,1024,128.57399999484187
sentinel2_patches,mixed_regularized,sentinel2_patch_00151.png,76.57006672450476,0.7900561690330505,0.7857142857142857,0.7846633195877075,0.5703125,18.490258538548975,0.7931983201209364,,75.44965675057209,98.67461292328223,819,1024,134.87139999779174
sentinel2_patches,original,sentinel2_patch_00152.png,58.59222565378464,0.7129057049751282,0.35714285714285715,0.7200387120246887,0.49609375,17.42723733626445,0.741327748141775,,76.82603686635944,98.69835795156332,819,1024,160.0590999951237
sentinel2_patches,mixed_regularized,sentinel2_patch_00152.png,74.46379389081685,0.821661651134491,0.6428571428571429,0.814799427986145,0.6015625,18.04792427047119,0.752444319104041,,75.35028248587571,98.6728649621354,819,1024,132.90799999958836
sentinel2_patches,original,sentinel2_patch_00153.png,58.426580429077156,0.6984639167785645,0.4583333333333333,0.6904168128967285,0.29296875,19.031951226340873,0.7950056860126703,,75.13157894736842,98.66900175131349,819,1024,140.08189999731258
sentinel2_patches,mixed_regularized,sentinel2_patch_00153.png,74.44173812866211,0.8597004413604736,0.5833333333333334,0.8620610237121582,0.53125,19.638457979868488,0.8052708554714832,,74.17725173210161,98.65187779723682,819,1024,134.58840000384953
sentinel2_patches,original,sentinel2_patch_00154.png,56.93495988845826,0.6260623931884766,0.5,0.6317325830459595,0.42578125,19.244669302952598,0.8346292386263491,,75.93289394847214,98.68304769119086,819,1024,132.09130000177538
sentinel2_patches,mixed_regularized,sentinel2_patch_00154.png,71.70549631118774,0.7021505832672119,0.8125,0.7141767740249634,0.49609375,20.20054588527261,0.8449404351436938,,74.37323943661971,98.65543035697377,819,1024,131.65119999757735
sentinel2_patches,original,sentinel2_patch_00155.png,68.25524766962013,0.8970212340354919,0.23076923076923078,0.908929705619812,0.7272727272727273,18.611725773878472,0.787773716484766,,77.4557945041816,98.70894100770471,819,1024,145.09620000171708
sentinel2_patches,mixed_regularized,sentinel2_patch_00155.png,77.69125633230652,0.9081782698631287,0.5384615384615384,0.9113404154777527,0.6983471074380165,19.21853600752644,0.7975782269819641,,75.25304701102728,98.67115015309153,819,1024,138.18480000190903
sentinel2_patches,original,sentinel2_patch_00156.png,63.239672367389396,0.8321349620819092,0.2692307692307692,0.8282425403594971,0.53125,17.701498903348444,0.7417860427825591,,75.67586206896551,98.67857468331358,819,1024,137.06439999805298
sentinel2_patches,mixed_regularized,sentinel2_patch_00156.png,67.33734424297629,0.8714442253112793,0.3076923076923077,0.873377799987793,0.578125,18.361992237574743,0.7579539425143496,,74.47737556561086,98.65731036787265,819,1024,134.74679999490036
sentinel2_patches,original,sentinel2_patch_00157.png,58.03085350990297,0.7429873943328857,0.3,0.7292397618293762,0.47265625,19.35941123881353,0.8490048163722448,,76.17453676031081,98.68722536095417,819,1024,137.1309999958612
sentinel2_patches,mixed_regularized,sentinel2_patch_00157.png,74.9661147594452,0.9011052846908569,0.5,0.8953139185905457,0.6015625,19.82602790564816,0.8582851838046123,,74.6135831381733,98.65976145637163,819,1024,130.65629999618977
sentinel2_patches,original,sentinel2_patch_00158.png,50.549356937408454,0.6304304599761963,0.3125,0.6103569269180298,0.375,19.866142932041853,0.8602081202932473,,76.26189042745334,98.68872906979497,819,1024,131.81089999852702
sentinel2_patches,mixed_regularized,sentinel2_patch_00158.png,77.50018358230592,0.9258584380149841,0.5,0.8885266780853271,0.76953125,20.475271079728202,0.8727146412217432,,75.48927294398094,98.67530847628898,819,1024,128.46060000447324
sentinel2_patches,original,sentinel2_patch_00159.png,65.10927188734294,0.7926468253135681,0.46153846153846156,0.7870727777481079,0.3815789473684211,19.10653197592784,0.7529555352864371,,77.99817850637523,98.71791877816959,819,1024,140.8314000000246
sentinel2_patches,mixed_regularized,sentinel2_patch_00159.png,75.9931605547546,0.894036591053009,0.5769230769230769,0.8830423355102539,0.5263157894736842,19.67221127105336,0.7676895927524188,,76.42058298631767,98.69145201342022,819,1024,129.39080000069225
sentinel2_patches,original,sentinel2_patch_00160.png,66.30521841049196,0.8129966855049133,0.44,0.8144237995147705,0.4296875,18.198780310273253,0.7400896519737791,,76.73510324483776,98.69681546291883,819,1024,131.6166000033263
sentinel2_patches,mixed_regularized,sentinel2_patch_00160.png,68.48909068107606,0.7684385180473328,0.6,0.766874372959137,0.44140625,18.379737560854693,0.7601522103335897,,74.79355951696377,98.66298648378515,819,1024,127.23160000314238
sentinel2_patches,original,sentinel2_patch_00161.png,60.43019118309022,0.6855229735374451,0.48,0.6941354870796204,0.47265625,18.128943749580007,0.8086310826667075,,75.74193548387096,98.67972742759795,819,1024,134.30399999924703
sentinel2_patches,mixed_regularized,sentinel2_patch_00161.png,81.75771389007569,0.8848048448562622,0.72,0.8906197547912598,0.6953125,18.517145975319572,0.8167528172487155,,75.03776873910518,98.66733777295957,819,1024,133.50390000414336
sentinel2_patches,original,sentinel2_patch_00162.png,63.909268856048605,0.7566952705383301,0.43333333333333335,0.752776026725769,0.55859375,17.67473828164983,0.8203484535993361,,77.29018912529551,98.70617472758555,819,1024,164.07600000093225
sentinel2_patches,mixed_regularized,sentinel2_patch_00162.png,72.49643421173097,0.833154559135437,0.5333333333333333,0.8147625923156738,0.6875,18.068405942534984,0.8303589170217577,,75.41810841983852,98.67405849741924,819,1024,134.79930000175955
sentinel2_patches,original,sentinel2_patch_00163.png,55.896288951238006,0.5883916616439819,0.6111111111111112,0.5802707076072693,0.2421875,17.735798679519203,0.6898800987892394,,79.02692778457772,98.73460853403547,819,1024,153.44999999797437
sentinel2_patches,mixed_regularized,sentinel2_patch_00163.png,85.93775987625123,0.8454825282096863,1.0,0.8305323123931885,0.55078125,18.51314761143465,0.7080937341042447,,76.90887432995831,98.69975993185163,819,1024,139.86559999466408
sentinel2_patches,original,sentinel2_patch_00164.png,80.40352561257103,0.797782301902771,0.9090909090909091,0.7660534381866455,0.58984375,17.70478753243332,0.788098290857732,,77.5098389982111,98.709841211226,819,1024,146.42260000255192
sentinel2_patches,mixed_regularized,sentinel2_patch_00164.png,89.10392045974733,0.8971444368362427,1.0,0.8640321493148804,0.59375,17.70525679050476,0.788710463750343,,76.46117647058824,98.69214672575086,819,1024,399.6105999976862
sentinel2_patches,original,sentinel2_patch_00165.png,64.36745082178425,0.7919682860374451,0.3870967741935484,0.788165807723999,0.53125,17.574176428201103,0.801533681205703,,76.86846741045214,98.69907644358209,819,1024,299.9418999970658
sentinel2_patches,mixed_regularized,sentinel2_patch_00165.png,74.38660533197465,0.8353824019432068,0.6774193548387096,0.8273583054542542,0.41015625,17.65945784791946,0.8122498183443995,,75.58140877598153,98.67692331196956,819,1024,131.517800000438
sentinel2_patches,original,sentinel2_patch_00166.png,85.47120241018443,0.9458479881286621,0.6538461538461539,0.949923038482666,0.90234375,17.282601087824755,0.8049898261646669,,77.14668218859138,98.7037679759767,819,1024,129.05000000318978
sentinel2_patches,mixed_regularized,sentinel2_patch_00166.png,87.08994599489066,0.894919753074646,0.8461538461538461,0.8911301493644714,0.80859375,16.865820025584735,0.7787658421942855,,76.3907780979827,98.69094146584376,819,1024,128.84389999817358
sentinel2_patches,original,sentinel2_patch_00167.png,69.2927932739258,0.6303477883338928,1.0,0.6297253370285034,0.1484375,16.67405071341777,0.6489741572335759,,81.94867037724181,98.77972394744587,819,1024,148.73870000155875
sentinel2_patches,mixed_regularized,sentinel2_patch_00167.png,72.01863050460817,0.6677030324935913,1.0,0.6581035852432251,0.21484375,17.538715088186336,0.6658355495322519,,80.16394434361766,98.75255639154486,819,1024,127.74449999415083
sentinel2_patches,original,sentinel2_patch_00168.png,76.56159520149231,0.7145745754241943,1.0,0.7114306092262268,0.375,17.565873192528013,0.762771968221706,,81.46931184128952,98.77254394642722,819,1024,141.06850000098348
sentinel2_patches,mixed_regularized,sentinel2_patch_00168.png,77.30189204216006,0.7513270378112793,1.0,0.7198624014854431,0.28515625,17.71156521990256,0.7684960641258916,,78.45373134328358,98.72536336656268,819,1024,130.63189999957103
sentinel2_patches,original,sentinel2_patch_00169.png,82.95371569448444,0.9711741805076599,0.6,0.9545911550521851,0.7014925373134329,18.09047672018583,0.8102556265327054,,78.31141661685595,98.72304697935351,819,1024,133.73630000569392
sentinel2_patches,mixed_regularized,sentinel2_patch_00169.png,98.1034825870647,1.0,0.96,1.0,0.9303482587064676,18.26210032636521,0.8203944367069685,,77.15842167255595,98.70396519482502,819,1024,148.47390000068117
sentinel2_patches,original,sentinel2_patch_00170.png,77.50073782602948,1.0,0.28888888888888886,0.9690473079681396,0.9453125,20.342335079085743,0.9281313639248371,,64.37096774193549,98.44650463542972,819,1024,140.2992000002996
sentinel2_patches,mixed_regularized,sentinel2_patch_00170.png,82.19932397206625,0.989091157913208,0.4444444444444444,0.9651172161102295,1.0,20.78298955688275,0.931233960436413,,63.67407407407408,98.42950209399721,819,1024,129.67769999522716
sentinel2_patches,original,sentinel2_patch_00171.png,32.21865909030805,0.011492283083498478,1.0,0.011025311425328255,0.15384615384615385,28.856019356341886,0.8414368624558484,,84.20614469772052,98.81243820912387,819,1024,114.5669999968959
sentinel2_patches,mixed_regularized,sentinel2_patch_00171.png,43.9284873696474,0.1314387321472168,1.0,0.12585459649562836,0.6153846153846154,30.64070266777997,0.8812436850945574,,82.24975798644724,98.7841909514618,819,1024,118.94359999860171
sentinel2_patches,original,sentinel2_patch_00172.png,75.228209339739,0.8100446462631226,0.7142857142857143,0.7959564328193665,0.5478723404255319,23.87751898657406,0.92557652101689,,81.27856547122602,98.76966332488482,819,1024,124.3869999962044
sentinel2_patches,mixed_regularized,sentinel2_patch_00172.png,85.57848618385641,0.8235285878181458,1.0,0.8153777718544006,0.6329787234042553,24.613467483837095,0.940848841925134,,80.5396694214876,98.75837583245257,819,1024,141.80920000217156
sentinel2_patches,original,sentinel2_patch_00173.png,85.00000000000001,1.0,0.5,1.0,1.0,20.305494054301597,0.9247128004473458,,69.5240506329114,98.5616488238293,819,1024,135.90330000442918
sentinel2_patches,mixed_regularized,sentinel2_patch_00173.png,85.98151431364172,0.9690622687339783,0.5882352941176471,0.9785982370376587,1.0,21.866756713712384,0.9417288552536853,,68.27097576134246,98.53524870730463,819,1024,132.1925999945961
sentinel2_patches,original,sentinel2_patch_00174.png,81.66666666666667,1.0,0.3888888888888889,1.0,1.0,19.38048290104254,0.8978150620120637,,69.68012048192772,98.56487044929929,819,1024,138.34309999947436
sentinel2_patches,mixed_regularized,sentinel2_patch_00174.png,85.00000000000001,1.0,0.5,1.0,1.0,20.173247609755073,0.9075788840890285,,67.40617715617715,98.51645644035999,819,1024,128.2772999984445
sentinel2_patches,original,sentinel2_patch_00175.png,4.64063988855252,0.051974110305309296,0.0,0.051160696893930435,0.15384615384615385,28.687834298592485,0.8392056543268831,,84.34985133795837,98.81446145531025,819,1024,114.59540000214474
sentinel2_patches,mixed_regularized,sentinel2_patch_00175.png,5.27685474890929,0.05617126077413559,0.0,0.05534636974334717,0.19230769230769232,30.669392147814868,0.8786169072719482,,87.47070914696813,98.85676015462525,819,1024,112.78699999820674
sentinel2_patches,original,sentinel2_patch_00176.png,68.25874393485314,0.9124246835708618,0.26666666666666666,0.8811110854148865,0.6139534883720931,23.196003452712315,0.9317910309662003,,75.81947565543071,98.68107766328457,819,1024,121.49369999679038
sentinel2_patches,mixed_regularized,sentinel2_patch_00176.png,79.0846438075221,0.9440386295318604,0.5333333333333333,0.9126665592193604,0.7069767441860465,23.986823663755096,0.9443811398313608,,73.02958152958153,98.63069186615161,819,1024,121.84449999767821
sentinel2_patches,original,sentinel2_patch_00177.png,89.1307959135841,0.9783735871315002,0.6764705882352942,0.9850867390632629,1.0,19.477871792993174,0.9299577018821484,,69.98344573881054,98.57109064944851,819,1024,128.37389999913285
sentinel2_patches,mixed_regularized,sentinel2_patch_00177.png,90.68740052335403,0.9735982418060303,0.7352941176470589,0.9842323660850525,1.0,19.957096000751775,0.9338275424439013,,68.02324195470798,98.5299142303952,819,1024,123.3626999965054
sentinel2_patches,original,sentinel2_patch_00178.png,93.51351351351353,1.0,0.7837837837837838,1.0,1.0,11.322321155080967,0.24360388087289958,,66.33103051237767,98.49240997422255,819,1024,145.89189999969676
sentinel2_patches,mixed_regularized,sentinel2_patch_00178.png,85.40540540540542,1.0,0.5135135135135135,1.0,1.0,12.141111603217304,0.32401655471116675,,64.6923076923077,98.45422116527944,819,1024,129.84689999575494
sentinel2_patches,original,sentinel2_patch_00179.png,81.48496933605361,0.7684131860733032,1.0,0.6461177468299866,0.782608695652174,26.476692208670375,0.9039865020443427,,71.92376317923762,98.60963893462032,819,1024,126.85839999903692
sentinel2_patches,mixed_regularized,sentinel2_patch_00179.png,73.04295239241227,0.6194937825202942,1.0,0.5435948371887207,0.7391304347826086,27.272242737705806,0.9047807127247892,,72.33442088091354,98.61753230644325,819,1024,127.23869999899762
sentinel2_patches,original,sentinel2_patch_00180.png,79.31408658173694,0.9902060627937317,0.391304347826087,0.952522873878479,0.8916256157635468,22.40345625226599,0.9358711445435841,,65.52298136645963,98.47381791984226,819,1024,126.0958999991999
sentinel2_patches,mixed_regularized,sentinel2_patch_00180.png,76.2303006273696,0.9386816620826721,0.391304347826087,0.9161607027053833,0.8620689655172413,23.28575550419904,0.9481828529901682,,65.89131792629607,98.48234937246426,819,1024,130.07569999899715
sentinel2_patches,original,sentinel2_patch_00181.png,83.39257461684093,0.9655674695968628,0.5714285714285714,0.9731478095054626,0.81640625,18.060986996487145,0.9061250758215741,,67.38100820633059,98.51590228965134,819,1024,155.9856999956537
sentinel2_patches,mixed_regularized,sentinel2_patch_00181.png,97.42857142857144,1.0,0.9142857142857143,1.0,1.0,16.519535053170692,0.9038378649663982,,66.21658986175115,98.48980444011414,819,1024,132.68560000142315
sentinel2_patches,original,sentinel2_patch_00182.png,100.0,1.0,1.0,1.0,1.0,12.722429998890505,0.39506079649130293,,65.56643757159222,98.47482944470165,819,1024,134.24990000203252
sentinel2_patches,mixed_regularized,sentinel2_patch_00182.png,89.41176470588236,1.0,0.6470588235294118,1.0,1.0,13.424354816221909,0.4633757345883869,,64.60440180586907,98.45211785567659,819,1024,132.2744999997667
sentinel2_patches,original,sentinel2_patch_00183.png,98.18181818181822,1.0,1.0,1.0,0.8181818181818182,25.2821467406877,0.8976370967852448,,66.24827109266943,98.4905266454408,819,1024,144.34340000298107
sentinel2_patches,mixed_regularized,sentinel2_patch_00183.png,85.6950702295675,1.0,0.6666666666666666,0.9795587062835693,0.6103896103896104,26.20923192584335,0.9059180597671659,,65.5681040383299,98.47486820815283,819,1024,134.50909999664873
sentinel2_patches,original,sentinel2_patch_00184.png,75.73527841954618,0.9926028847694397,0.21621621621621623,0.9772338271141052,1.0,21.356010822868065,0.9304926070368251,,62.811494252873565,98.40793470702339,819,1024,344.9627000009059
sentinel2_patches,mixed_regularized,sentinel2_patch_00184.png,77.82515986545667,0.9721872210502625,0.32432432432432434,0.9603970646858215,1.0,22.082403479413912,0.9389905493121885,,62.097727272727276,98.38963510595468,819,1024,131.49549999798182
sentinel2_patches,original,sentinel2_patch_00185.png,68.24050272383342,0.8389971256256104,0.4878048780487805,0.846073567867279,0.3125,17.891327620188843,0.8745498345673287,,66.5460372960373,98.49728091914565,819,1024,133.29910000175005
sentinel2_patches,mixed_regularized,sentinel2_patch_00185.png,69.07071651482002,0.9434233903884888,0.14634146341463414,0.9604580998420715,0.7734375,15.378303341781036,0.8166030187606521,,65.40263459335624,98.47100960654332,819,1024,131.3975000011851
sentinel2_patches,original,sentinel2_patch_00186.png,91.00413602941178,1.0,0.7352941176470589,1.0,0.89453125,16.972189252384986,0.8005652853257075,,67.41270749856898,98.51660015284028,819,1024,133.8183999978355
sentinel2_patches,mixed_regularized,sentinel2_patch_00186.png,87.69847028395709,0.957643449306488,0.7941176470588235,0.9503351449966431,0.65625,16.668781920671535,0.8046388336628135,,65.42777777777778,98.4715971809459,819,1024,124.86899999930756
sentinel2_patches,original,sentinel2_patch_00187.png,86.60190025965375,0.963047981262207,0.6666666666666666,0.930040717124939,0.9479166666666666,23.576004489779493,0.8829424713622468,,66.27389352148813,98.49111022928543,819,1024,145.86229999986244
sentinel2_patches,mixed_regularized,sentinel2_patch_00187.png,90.71198614438376,0.9951159954071045,0.7333333333333333,0.9662006497383118,0.9583333333333334,24.936356728922448,0.8941909631535437,,65.10459987397606,98.46401022057472,819,1024,128.1416000056197
sentinel2_patches,original,sentinel2_patch_00188.png,75.86454355198406,0.9644247889518738,0.2826086956521739,0.9404645562171936,1.0,19.60787458903671,0.915792239125747,,66.34407971864009,98.49270650185981,819,1024,127.9114999997546
sentinel2_patches,mixed_regularized,sentinel2_patch_00188.png,82.3913043478261,1.0,0.41304347826086957,1.0,1.0,20.82684191021987,0.928196429648305,,64.75,98.45559845559846,819,1024,127.12530000135303
sentinel2_patches,original,sentinel2_patch_00189.png,74.64420580863953,0.8682923913002014,0.675,0.8620317578315735,0.2421875,16.99629312135538,0.8307267038789554,,66.61159420289854,98.49875984508942,819,1024,130.7237000000896
sentinel2_patches,mixed_regularized,sentinel2_patch_00189.png,51.71311354637147,0.699462890625,0.2,0.712901771068573,0.34765625,15.736133797149037,0.7865457811266824,,65.96153846153847,98.48396501457725,819,1024,133.10600000113482
sentinel2_patches,original,sentinel2_patch_00190.png,92.07770270270272,1.0,0.7567567567567568,1.0,0.9375,16.25346061147375,0.7539984942339047,,67.28002309468822,98.51367470758352,819,1024,133.90919999801554
sentinel2_patches,mixed_regularized,sentinel2_patch_00190.png,90.51154919572781,0.9607001543045044,0.8378378378378378,0.9939047694206238,0.70703125,15.177500304053169,0.7262832990836708,,66.28498293515358,98.49136266508765,819,1024,128.80730000324547
sentinel2_patches,original,sentinel2_patch_00191.png,74.83366174370084,0.9693055748939514,0.23684210526315788,0.9702577590942383,0.9551020408163265,22.259175180750095,0.9043818466552138,,65.9975505205144,98.48479225045001,819,1024,132.63480000023264
sentinel2_patches,mixed_regularized,sentinel2_patch_00191.png,79.0474367003436,0.94476318359375,0.42105263157894735,0.9353481531143188,0.9918367346938776,23.29289450408288,0.9161706030048886,,65.71585365853659,98.47829717742684,819,1024,130.3154000052018
sentinel2_patches,original,sentinel2_patch_00192.png,82.4644728501638,0.9875754714012146,0.4444444444444444,0.981406033039093,1.0,18.750564599532673,0.890199193281319,,68.37686344663089,98.53751700561621,819,1024,129.94829999661306
sentinel2_patches,mixed_regularized,sentinel2_patch_00192.png,85.6726417541504,0.9942913055419922,0.5333333333333333,0.9950494766235352,1.0,19.445839336838322,0.898244865026825,,66.43568945538819,98.49478494436111,819,1024,128.5654000021168
sentinel2_patches,original,sentinel2_patch_00193.png,79.4212169647217,0.996077299118042,0.4,1.0,0.7578125,16.41689401154317,0.7540128772922686,,67.39570017431726,98.51622581646377,819,1024,131.90040000336012
sentinel2_patches,mixed_regularized,sentinel2_patch_00193.png,89.68750000000001,1.0,0.75,1.0,0.71875,17.444376515348342,0.7873377716117336,,65.34535211267605,98.46966927613201,819,1024,131.40259999636328
sentinel2_patches,original,sentinel2_patch_00194.png,85.42857142857144,1.0,0.5142857142857142,1.0,1.0,16.078913331052284,0.7551463654575469,,66.21902017291066,98.48985986595873,819,1024,133.74680000561057
sentinel2_patches,mixed_regularized,sentinel2_patch_00194.png,86.36160714285715,1.0,0.5714285714285714,1.0,0.921875,16.271128322005257,0.7462176337032289,,65.20431328036322,98.46635912612064,819,1024,132.7707000018563
sentinel2_patches,original,sentinel2_patch_00195.png,90.7662337662338,1.0,0.696969696969697,1.0,0.9857142857142858,23.432575342984162,0.9253203958865471,,65.17076093469143,98.46556955042752,819,1024,115.17389999789884
sentinel2_patches,mixed_regularized,sentinel2_patch_00195.png,83.33294323512487,0.9133448600769043,0.6666666666666666,0.9113860130310059,0.8571428571428571,26.48820300648676,0.9434123407370091,,65.05382775119617,98.4628114369771,819,1024,116.61440000170842
sentinel2_patches,original,sentinel2_patch_00196.png,30.000000000000004,0.0,1.0,0.0,0.0,33.65041582951423,0.9588868198938936,,81.02361275088548,98.76579188948956,819,1024,93.91410000534961
sentinel2_patches,mixed_regularized,sentinel2_patch_00196.png,30.000000000000004,0.0,1.0,0.0,0.0,41.91084428732351,0.9712015550443467,,83.58952496954933,98.80367785274018,819,1024,92.99260000261711
sentinel2_patches,original,sentinel2_patch_00197.png,100.0,1.0,1.0,1.0,1.0,27.3056845560944,0.9173231366798331,,75.66203301476976,98.67833316109179,819,1024,102.84769999998389
sentinel2_patches,mixed_regularized,sentinel2_patch_00197.png,100.0,1.0,1.0,1.0,1.0,29.2408454954604,0.9294965644570985,,76.52636203866432,98.69326076222627,819,1024,104.9596999946516
sentinel2_patches,original,sentinel2_patch_00198.png,95.57539234601748,0.9808945059776306,0.9259259259259259,0.9605592489242554,0.935064935064935,22.722558624442456,0.9075359318204131,,67.98664971392245,98.52912299075209,819,1024,117.56500000046799
sentinel2_patches,mixed_regularized,sentinel2_patch_00198.png,87.21886730297305,0.8718817830085754,0.8888888888888888,0.8617685437202454,0.8441558441558441,25.69958487191129,0.9326110234720704,,66.5068407960199,98.49639527598815,819,1024,115.43159999564523
sentinel2_patches,original,sentinel2_patch_00199.png,87.14285714285715,1.0,0.5714285714285714,1.0,1.0,21.797049267061624,0.8699860896599456,,66.18601964182554,98.48910690594232,819,1024,124.88590000430122
sentinel2_patches,mixed_regularized,sentinel2_patch_00199.png,81.50401044911779,0.8197751045227051,0.7714285714285715,0.8237051963806152,0.9096045197740112,21.34153116598175,0.856622951414132,,65.9573978123201,98.48386984149151,819,1024,121.54419999569654
sentinel2_patches,original,sentinel2_patch_00200.png,30.000000000000004,0.0,1.0,0.0,0.0,32.48408747423823,0.9532273244951233,,88.09254498714652,98.8648301622505,819,1024,87.40460000262829
sentinel2_patches,mixed_regularized,sentinel2_patch_00200.png,30.000000000000004,0.0,1.0,0.0,0.0,38.083122677963715,0.9658769474991713,,91.25965379494008,98.90422551651686,819,1024,89.44440000050236
sentinel2_patches,original,sentinel2_patch_00201.png,88.75000000000001,1.0,0.625,1.0,1.0,26.898074251029488,0.9271076364385458,,72.69285714285714,98.6243490223052,819,1024,102.45549999672221
sentinel2_patches,mixed_regularized,sentinel2_patch_00201.png,90.13372182846071,0.9789246916770935,0.75,0.9550867080688477,0.9375,28.429722591753794,0.9428148267772887,,74.34496753246754,98.65491904403176,819,1024,103.30190000240691
sentinel2_patches,original,sentinel2_patch_00202.png,94.4708368994973,0.9577804803848267,0.9090909090909091,0.9443445205688477,1.0,20.407665765396942,0.8779770351034615,,70.05798889574336,98.57261103870944,819,1024,117.67620000318857
sentinel2_patches,mixed_regularized,sentinel2_patch_00202.png,91.56499572233723,0.8694384098052979,1.0,0.8666456937789917,0.9454545454545454,21.241600614390308,0.8908763989110574,,68.91019417475728,98.54883589870029,819,1024,115.4986999972607
sentinel2_patches,original,sentinel2_patch_00203.png,73.72452240723831,0.8867924809455872,0.5641025641025641,0.8867998123168945,0.359375,16.060505290186725,0.7275962717169917,,66.99365994236311,98.50732143778929,819,1024,136.20510000328068
sentinel2_patches,mixed_regularized,sentinel2_patch_00203.png,75.3846153846154,1.0,0.1794871794871795,1.0,1.0,14.011714566784246,0.44800869818986905,,66.34360730593608,98.49269576888003,819,1024,131.7436000026646
sentinel2_patches,original,sentinel2_patch_00204.png,100.0,1.0,1.0,1.0,1.0,30.157229255620702,0.9494724310355404,,74.79043743641913,98.662930670983,819,1024,97.40240000246558
sentinel2_patches,mixed_regularized,sentinel2_patch_00204.png,89.96950936317445,0.8853360414505005,1.0,0.877803385257721,0.7,37.01653975720842,0.9702621478945505,,77.71564482029598,98.7132577973041,819,1024,92.51970000332221
sentinel2_patches,original,sentinel2_patch_00205.png,78.82352941176471,1.0,0.29411764705882354,1.0,1.0,26.799438407335128,0.9414161300204914,,67.11309115832762,98.50997773647337,819,1024,108.00430000381311
sentinel2_patches,mixed_regularized,sentinel2_patch_00205.png,78.57415849087288,0.954257071018219,0.4117647058823529,0.9442133903503418,0.9166666666666666,28.955411022594447,0.9477898349627055,,67.48311509303929,98.51814783798689,819,1024,110.22010000306182
sentinel2_patches,original,sentinel2_patch_00206.png,76.43054261575855,0.7718694806098938,0.8181818181818182,0.7629048228263855,0.5752212389380531,21.352611145269016,0.8735092577420468,,68.04082840236687,98.53029420205411,819,1024,124.90880000405014
sentinel2_patches,mixed_regularized,sentinel2_patch_00206.png,73.56697136226052,0.7246243357658386,0.8181818181818182,0.7252784967422485,0.5530973451327433,21.56981115439396,0.8749037762667,,66.85406976744186,98.50420475001957,819,1024,142.07199999509612
sentinel2_patches,original,sentinel2_patch_00207.png,77.89835991086188,0.8865737318992615,0.5675675675675675,0.897372305393219,0.74609375,16.270208372939972,0.6772412839379978,,65.9819311123659,98.48443356667295,819,1024,134.0210999987903
sentinel2_patches,mixed_regularized,sentinel2_patch_00207.png,69.0616284834372,0.7093554139137268,0.5945945945945946,0.7206037044525146,0.84375,18.51450029285635,0.7128643287215745,,66.31895573212259,98.49213548530645,819,1024,123.03779999638209
sentinel2_patches,original,sentinel2_patch_00208.png,98.4615384615385,1.0,1.0,1.0,0.8461538461538461,27.848409762762408,0.9209380935210464,,69.76968174204355,98.56671268231199,819,1024,100.8538000023691
sentinel2_patches,mixed_regularized,sentinel2_patch_00208.png,77.40445155363818,0.7452825903892517,1.0,0.725811243057251,0.3076923076923077,32.870610303673764,0.9378855523308793,,70.47800338409475,98.58111757997719,819,1024,99.50270000263117
sentinel2_patches,original,sentinel2_patch_00209.png,75.6998635027706,0.917468786239624,0.46153846153846156,0.9094720482826233,0.696551724137931,25.32987946975039,0.9331359178377671,,63.59248029108551,98.42748703082087,819,1024,115.7736000022851
sentinel2_patches,mixed_regularized,sentinel2_patch_00209.png,76.54326907266675,0.8033949732780457,0.7307692307692307,0.800081729888916,0.6482758620689655,27.558364046788153,0.9417299977095172,,63.13305237808549,98.4160436374733,819,1024,115.99310000019614
sentinel2_patches,original,sentinel2_patch_00210.png,78.63309507536125,0.9825881719589233,0.41025641025641024,0.9856229424476624,0.7309417040358744,18.12633742315822,0.7930510087042255,,66.15286624203821,98.48834970152129,819,1024,129.7294000032707
sentinel2_patches,mixed_regularized,sentinel2_patch_00210.png,74.64095568936546,0.7898821234703064,0.6410256410256411,0.7983683943748474,0.7847533632286996,21.223019223507684,0.8427229159766662,,65.96189376443418,98.48397318068028,819,1024,130.9657000019797
sentinel2_patches,original,sentinel2_patch_00211.png,78.85484646348392,0.9042597413063049,0.5588235294117647,0.9131750464439392,0.765625,18.214509964924833,0.7447248763372845,,68.19671201814059,98.53365364633122,819,1024,127.03260000125738
sentinel2_patches,mixed_regularized,sentinel2_patch_00211.png,89.63908602209654,0.8750060200691223,0.9411764705882353,0.8826775550842285,0.875,20.112077419718567,0.7687713637568412,,68.04242081447964,98.53032859791021,819,1024,123.78529999841703
sentinel2_patches,original,sentinel2_patch_00212.png,100.0,1.0,1.0,1.0,1.0,27.52493014349762,0.9123098931498265,,63.19382964453387,98.41756702256373,819,1024,109.70670000097016
sentinel2_patches,mixed_regularized,sentinel2_patch_00212.png,89.5440717538198,0.8582240343093872,1.0,0.8440888524055481,0.8333333333333334,30.644875503909176,0.9116226261833607,,63.70655848546315,98.43030290165778,819,1024,110.33089999546064
sentinel2_patches,original,sentinel2_patch_00213.png,77.3195849742295,0.8140075206756592,0.7692307692307693,0.8065850138664246,0.5550660792951542,21.059280746646273,0.8811198997331522,,64.06724137931035,98.4391399122689,819,1024,119.55419999867445
sentinel2_patches,mixed_regularized,sentinel2_patch_00213.png,67.32528045717963,0.6541532278060913,0.8076923076923077,0.6547891497612,0.3832599118942731,23.5896231470924,0.914479167375682,,64.43757225433527,98.44811037254321,819,1024,119.35830000584247
sentinel2_patches,original,sentinel2_patch_00214.png,83.81654055489183,1.0,0.4838709677419355,1.0,0.9300411522633745,17.258638439260935,0.7531599334335942,,66.51485714285714,98.49657648989269,819,1024,128.50000000617
sentinel2_patches,mixed_regularized,sentinel2_patch_00214.png,93.22580645161291,1.0,0.7741935483870968,1.0,1.0,18.655120989126782,0.8091130252618969,,65.65200225606317,98.47681720947415,819,1024,132.6790000020992
sentinel2_patches,original,sentinel2_patch_00215.png,84.44619260985277,0.9288623332977295,0.6896551724137931,0.9394772052764893,0.78125,17.75822696488522,0.7473806617265736,,67.68338028169013,98.52253242104912,819,1024,125.51300000632182
sentinel2_patches,mixed_regularized,sentinel2_patch_00215.png,82.3055850226304,0.7935644388198853,0.896551724137931,0.7985571622848511,0.76953125,21.42386636872608,0.8040692121223568,,67.53119730185497,98.51920291664585,819,1024,126.84869999793591
sentinel2_patches,original,sentinel2_patch_00216.png,90.39935708045962,1.0,0.6875,0.9887178540229797,1.0,22.567382220993387,0.8830038670096076,,64.28832807570979,98.44450768913707,819,1024,120.80489999789279
sentinel2_patches,mixed_regularized,sentinel2_patch_00216.png,82.98708190088688,0.8827736377716064,0.6875,0.8742959499359131,0.9565217391304348,25.66332271251476,0.9189509922585739,,64.28832807570979,98.44450768913707,819,1024,119.2146999965189
sentinel2_patches,original,sentinel2_patch_00217.png,71.28321051597595,0.7057024240493774,0.8333333333333334,0.6957244277000427,0.4140625,21.507360337028565,0.8516642135223282,,67.43295924394566,98.51704565362111,819,1024,122.61070000386098
sentinel2_patches,mixed_regularized,sentinel2_patch_00217.png,77.34376478195192,0.7263351678848267,0.9333333333333333,0.7254554033279419,0.578125,20.893048163184126,0.8471615638901799,,66.14368482039397,98.48813986896045,819,1024,121.78769999445649
sentinel2_patches,original,sentinel2_patch_00218.png,88.00615719700106,0.9378129243850708,0.7352941176470589,0.9521756172180176,0.9391304347826087,19.05554444147125,0.7486987451595918,,67.15792474344356,98.51097245214143,819,1024,127.15529999695718
sentinel2_patches,mixed_regularized,sentinel2_patch_00218.png,70.38010134660377,0.6934958696365356,0.7058823529411765,0.7079724073410034,0.7304347826086957,19.64559890791685,0.7518774657460554,,67.19623502567028,98.51182138460885,819,1024,123.92399999953341
sentinel2_patches,original,sentinel2_patch_00219.png,87.56097560975611,1.0,0.5853658536585366,1.0,1.0,18.450279691153348,0.7606509425700432,,66.86363636363636,98.50441876274643,819,1024,125.49179999768967
sentinel2_patches,mixed_regularized,sentinel2_patch_00219.png,82.43902439024392,1.0,0.4146341463414634,1.0,1.0,15.98078328401103,0.5366642194016261,,66.48587570621469,98.49592114208022,819,1024,127.38520000129938
sentinel2_patches,original,sentinel2_patch_00220.png,100.0,1.0,1.0,1.0,1.0,17.61478183828396,0.8221966888260241,,74.77707006369427,98.66269165247019,819,1024,131.9489000015892
sentinel2_patches,mixed_regularized,sentinel2_patch_00220.png,89.7371554374695,0.8750125765800476,1.0,0.8813638687133789,0.7109375,18.683622267970986,0.8607052254338653,,73.04298642533936,98.63094316245935,819,1024,129.3082000047434
sentinel2_patches,original,sentinel2_patch_00221.png,81.84150083120481,0.9636653661727905,0.5116279069767442,0.9558961987495422,0.8828125,20.966062418660748,0.9198235965096183,,79.66919889502762,98.74480977106647,819,1024,105.75650000100723
sentinel2_patches,mixed_regularized,sentinel2_patch_00221.png,81.24328397041145,0.8962093591690063,0.6511627906976745,0.9062825441360474,0.7734375,21.144226280174337,0.9241494001023921,,76.55009953550099,98.69366597030192,819,1024,109.74980000173673
sentinel2_patches,original,sentinel2_patch_00222.png,98.98437500000003,1.0,1.0,1.0,0.8984375,15.989779939950184,0.8122009506952459,,72.78893905191873,98.62616489122513,819,1024,135.1829999985057
sentinel2_patches,mixed_regularized,sentinel2_patch_00222.png,100.0,1.0,1.0,1.0,1.0,10.701976698638374,0.2686283625908863,,72.29932735426009,98.61686126746368,819,1024,129.01769999734825
sentinel2_patches,original,sentinel2_patch_00223.png,88.88900722776143,0.990082323551178,0.6428571428571429,1.0,1.0,12.558512445567398,0.43100622483412027,,73.23735632183909,98.63457660103741,819,1024,168.50500000145985
sentinel2_patches,mixed_regularized,sentinel2_patch_00223.png,89.2857142857143,1.0,0.6428571428571429,1.0,1.0,12.53799289665354,0.4314387688029987,,71.75281531531532,98.60632646174852,819,1024,133.7610999980825
sentinel2_patches,original,sentinel2_patch_00224.png,85.15563368797304,0.9162980914115906,0.6666666666666666,0.92518550157547,1.0,18.845768177686047,0.8642736042660134,,72.25856164383562,98.61608094978554,819,1024,135.4799999971874
sentinel2_patches,mixed_regularized,sentinel2_patch_00224.png,91.4367711544037,0.9764460325241089,0.75,0.9939464926719666,1.0,19.660937235952083,0.8767665021974776,,70.29261521377013,98.57737545123501,819,1024,132.42680000257678
sentinel2_patches,original,sentinel2_patch_00225.png,92.96479325545464,0.9561659097671509,0.8421052631578947,0.9727499485015869,1.0,19.711089897521667,0.8295654420264787,,71.78893905191873,98.60702774939078,819,1024,149.52269999776036
sentinel2_patches,mixed_regularized,sentinel2_patch_00225.png,100.0,1.0,1.0,1.0,1.0,19.8430619083211,0.83997769557873,,71.22620380739082,98.59602232528889,819,1024,137.17420000466518
sentinel2_patches,original,sentinel2_patch_00226.png,86.046511627907,1.0,0.5348837209302325,1.0,1.0,19.59638574187507,0.9075775424737073,,75.40111593304401,98.67375968163654,819,1024,125.7737999985693
sentinel2_patches,mixed_regularized,sentinel2_patch_00226.png,82.73217714110088,0.9447610378265381,0.5581395348837209,0.9547993540763855,0.91015625,19.956231424197192,0.9112549747127678,,74.34107579462103,98.65484862935982,819,1024,119.64430000080029
sentinel2_patches,original,sentinel2_patch_00227.png,90.00000000000001,1.0,0.6666666666666666,1.0,1.0,12.754216375909074,0.49647686486999293,,73.42174160500853,98.63800561231609,819,1024,150.22619999945164
sentinel2_patches,mixed_regularized,sentinel2_patch_00227.png,98.8888888888889,1.0,0.9629629629629629,1.0,1.0,12.754603497191958,0.4987835819754791,,71.78742348358375,98.60699834111098,819,1024,135.92849999986356
sentinel2_patches,original,sentinel2_patch_00228.png,94.35883620689657,1.0,0.8275862068965517,1.0,0.953125,12.108115388400293,0.3857897706468342,,74.38986013986013,98.65573077013467,819,1024,133.83669999893755
sentinel2_patches,mixed_regularized,sentinel2_patch_00228.png,89.65517241379311,1.0,0.6551724137931034,1.0,1.0,12.877627862370014,0.4838553634832324,,72.07961603613778,98.61264521789539,819,1024,134.65719999658177
sentinel2_patches,original,sentinel2_patch_00229.png,100.0,1.0,1.0,1.0,1.0,18.238392955224896,0.8384855874648836,,72.19671201814059,98.61489537120647,819,1024,287.40030000335537
sentinel2_patches,mixed_regularized,sentinel2_patch_00229.png,96.08695652173915,1.0,0.8695652173913043,1.0,1.0,19.303757978212634,0.8517252138686489,,70.83147942157953,98.58819834321385,819,1024,174.35289999411907
sentinel2_patches,original,sentinel2_patch_00230.png,83.84615384615385,1.0,0.46153846153846156,1.0,1.0,19.421107036237935,0.847040564236935,,72.1954802259887,98.61487173868811,819,1024,383.88869999471353
sentinel2_patches,mixed_regularized,sentinel2_patch_00230.png,96.53846153846155,1.0,0.8846153846153846,1.0,1.0,19.410530920303383,0.8542843645131698,,70.32801320858557,98.57809149672107,819,1024,136.13140000234125
sentinel2_patches,original,sentinel2_patch_00231.png,95.13513513513516,1.0,0.8378378378378378,1.0,1.0,19.892832649883033,0.90399583278599,,74.94420861127956,98.6656740813866,819,1024,128.1546000027447
sentinel2_patches,mixed_regularized,sentinel2_patch_00231.png,95.67840692159294,0.9933115243911743,0.8648648648648649,1.0,1.0,20.13057534167902,0.9072628185920731,,73.16933096506808,98.63330717008003,819,1024,122.81769999390235
sentinel2_patches,original,sentinel2_patch_00232.png,91.42857142857144,1.0,0.7142857142857143,1.0,1.0,17.416341277415484,0.823962292992074,,73.62385844748859,98.6417446448922,819,1024,152.30639999936102
sentinel2_patches,mixed_regularized,sentinel2_patch_00232.png,93.19199650628227,0.9650680422782898,0.8285714285714286,0.9866065979003906,1.0,18.322453942371535,0.8435063842359668,,72.14149888143177,98.6138352882804,819,1024,135.59759999770904
sentinel2_patches,original,sentinel2_patch_00233.png,88.87853610900143,0.9050132036209106,0.8709677419354839,0.9211987853050232,0.8125,17.382750264440684,0.826781479136503,,73.17221908526257,98.63336111368338,819,1024,134.0079000001424
sentinel2_patches,mixed_regularized,sentinel2_patch_00233.png,94.30408439328596,0.9601688981056213,0.9032258064516129,0.9751839637756348,0.9296875,18.746219193005366,0.8438157465268504,,72.23411371237458,98.61561255671822,819,1024,131.12420000106795
sentinel2_patches,original,sentinel2_patch_00234.png,88.27945351600648,0.9334021210670471,0.75,0.9221684336662292,1.0,18.100274947626268,0.8545637832294254,,72.17756482525367,98.61452793202284,819,1024,134.10360000125365
sentinel2_patches,mixed_regularized,sentinel2_patch_00234.png,93.37501883506776,0.8985610008239746,1.0,0.8950664401054382,0.953125,18.61703805143633,0.864676067377707,,71.57238680827278,98.60281311746834,819,1024,132.17590000567725
sentinel2_patches,original,sentinel2_patch_00235.png,83.15341258049013,0.9468381404876709,0.55,0.9389943480491638,1.0,18.459916014693544,0.8731676874819198,,71.86118980169972,98.60842827295305,819,1024,139.96010000118986
sentinel2_patches,mixed_regularized,sentinel2_patch_00235.png,84.5301299095154,0.9409401416778564,0.6,0.9446262121200562,1.0,19.08300932624076,0.8848148377873496,,71.05602240896359,98.59265975479954,819,1024,134.33529999747407
sentinel2_patches,original,sentinel2_patch_00236.png,97.07098259645352,0.9929510354995728,0.9117647058823529,1.0,1.0,20.970248765529966,0.9281217420350963,,74.58084577114428,98.65917315678001,819,1024,130.99569999758387
sentinel2_patches,mixed_regularized,sentinel2_patch_00236.png,94.07316327095032,0.932861864566803,1.0,0.9434031844139099,0.7890625,21.23007396848211,0.930000815241832,,72.33172496984318,98.61748077981422,819,1024,127.25840000348398
sentinel2_patches,original,sentinel2_patch_00237.png,79.50097293467137,0.8344749808311462,0.7837837837837838,0.8550323843955994,0.55078125,17.146466747845185,0.8295597421945667,,72.90924755887421,98.62843187458148,819,1024,156.989800001611
sentinel2_patches,mixed_regularized,sentinel2_patch_00237.png,93.51351351351353,1.0,0.7837837837837838,1.0,1.0,16.073741383097147,0.8147251570590307,,71.3920134983127,98.59928309764841,819,1024,130.32409999868833
sentinel2_patches,original,sentinel2_patch_00238.png,76.77812576293947,0.7406136393547058,1.0,0.752210259437561,0.2109375,17.062570791461678,0.7691328555467746,,72.4577030812325,98.61988448781092,819,1024,146.61149999301415
sentinel2_patches,mixed_regularized,sentinel2_patch_00238.png,92.38742351531984,0.9050406217575073,1.0,0.9245243072509766,0.76953125,17.577576545303902,0.7884222334757403,,71.7741398446171,98.60674053055197,819,1024,137.73239999864018
sentinel2_patches,original,sentinel2_patch_00239.png,88.39235305786134,0.8599005937576294,1.0,0.8580195903778076,0.68359375,18.31113657073311,0.8286644136468705,,72.57492877492878,98.62211370113607,819,1024,163.4386000005179
sentinel2_patches,mixed_regularized,sentinel2_patch_00239.png,94.45025324821475,0.9397610425949097,1.0,0.9347874522209167,0.81640625,18.820568157674106,0.8408911052994196,,71.59584035975267,98.60327081157895,819,1024,131.10810000216588
sentinel2_patches,original,sentinel2_patch_00240.png,92.2380402508904,0.9623312950134277,0.8235294117647058,0.9519453048706055,1.0,19.277645532550125,0.8727806898061001,,72.23620689655172,98.61565267202901,819,1024,133.18429999344517
sentinel2_patches,mixed_regularized,sentinel2_patch_00240.png,84.42994117736818,0.7935922741889954,1.0,0.7886093854904175,0.69140625,20.123893126212636,0.8834297364607739,,70.41512605042017,98.5798505859608,819,1024,132.3908999984269
sentinel2_patches,original,sentinel2_patch_00241.png,87.59850593174207,0.9695516228675842,0.6764705882352942,0.9710380434989929,0.91015625,22.15635039216688,0.9442630923703518,,80.85152838427948,98.76316500135026,819,1024,139.62380000157282
sentinel2_patches,mixed_regularized,sentinel2_patch_00241.png,85.66217976457932,0.9098196029663086,0.7647058823529411,0.9218797087669373,0.7890625,22.75303356660181,0.9470213270123167,,78.84315117104329,98.7316590152129,819,1024,109.9095000026864
sentinel2_patches,original,sentinel2_patch_00242.png,99.9343228340149,0.9993346333503723,1.0,1.0,0.99609375,21.41976252196716,0.9172650400465208,,77.32058047493403,98.70668327389991,819,1024,119.88410000049043
sentinel2_patches,mixed_regularized,sentinel2_patch_00242.png,85.7481331175024,0.8639296293258667,0.9393939393939394,0.8711596131324768,0.55859375,21.811687605353555,0.9187477216237573,,74.94757033248082,98.66573393164873,819,1024,112.1726999990642
sentinel2_patches,original,sentinel2_patch_00243.png,95.94477905946621,0.9827929139137268,0.9117647058823529,0.9893966913223267,0.94921875,20.48091665274367,0.8802374810496352,,73.92931139549056,98.64735653406748,819,1024,137.60880000336329
sentinel2_patches,mixed_regularized,sentinel2_patch_00243.png,97.35640048980714,0.9714533686637878,1.0,0.9776476621627808,0.89453125,20.859804579715693,0.8819355622119488,,72.99518652226233,98.63004665424752,819,1024,141.51690000289818
sentinel2_patches,original,sentinel2_patch_00244.png,84.61538461538463,1.0,0.48717948717948717,1.0,1.0,19.089590116971777,0.805437868252825,,75.60398505603985,98.67731839894581,819,1024,128.24990000081016
sentinel2_patches,mixed_regularized,sentinel2_patch_00244.png,96.15384615384616,1.0,0.8717948717948718,1.0,1.0,19.54816794641934,0.819944650154829,,73.409915356711,98.6377861966727,819,1024,129.26570000126958
sentinel2_patches,original,sentinel2_patch_00245.png,87.44721467678366,0.960422933101654,0.6410256410256411,0.9899764060974121,1.0,19.423465980694964,0.819144291806375,,74.26666666666667,98.65350089766606,819,1024,131.00519999716198
sentinel2_patches,mixed_regularized,sentinel2_patch_00245.png,76.72869462233325,0.8268720507621765,0.7692307692307693,0.8452507257461548,0.3671875,20.32369487268867,0.8339452977266696,,71.63775811209439,98.60408808657124,819,1024,132.62679999752436
sentinel2_patches,original,sentinel2_patch_00246.png,63.76660549925316,0.6633391976356506,0.7058823529411765,0.6741154789924622,0.25742574257425743,23.709528806976486,0.805329069817181,,68.09694477085782,98.53150533645095,819,1024,157.82919999765
sentinel2_patches,mixed_regularized,sentinel2_patch_00246.png,42.03446393208791,0.4143037796020508,0.5294117647058824,0.4294930398464203,0.09900990099009901,26.056042590267964,0.8307167400820533,,66.45699541284404,98.49526751279109,819,1024,133.2745000036084
sentinel2_patches,original,sentinel2_patch_00247.png,100.0,1.0,1.0,1.0,1.0,27.803542636567435,0.912602125049232,,70.87341772151899,98.58903375602786,819,1024,113.90950000350131
sentinel2_patches,mixed_regularized,sentinel2_patch_00247.png,87.73460099726549,0.8467389345169067,1.0,0.8352274894714355,0.7160493827160493,29.171453514820776,0.916411778638433,,70.42767295597484,98.58010358992676,819,1024,107.7203999957419
sentinel2_patches,original,sentinel2_patch_00248.png,85.06506094565759,0.7696962356567383,1.0,0.7619374990463257,0.9038461538461539,22.553683884154236,0.7858807890496223,,69.56083429895713,98.56240942179873,819,1024,255.14860000112094
sentinel2_patches,mixed_regularized,sentinel2_patch_00248.png,77.22862844467164,0.6807493567466736,0.96,0.6849327087402344,0.75,23.420841571852286,0.797549358337572,,68.37243735763099,98.53742233179524,819,1024,167.5083000009181
sentinel2_patches,original,sentinel2_patch_00249.png,87.4418729183991,0.9842840433120728,0.64,0.9839879870414734,0.9190751445086706,23.416376844183013,0.8172147649291281,,67.87741935483871,98.52675601178595,819,1024,159.14019999763696
sentinel2_patches,mixed_regularized,sentinel2_patch_00249.png,73.24737947469504,0.7453276515007019,0.76,0.7542570233345032,0.5549132947976878,24.20759441348736,0.8263954588994763,,67.20731707317073,98.51206677553984,819,1024,132.92209999781335
sentinel2_patches,original,sentinel2_patch_00250.png,79.88428967339654,0.8681846261024475,0.7619047619047619,0.8630349636077881,0.50390625,22.333658773238728,0.817160232292554,,67.18621523579202,98.51159944567428,819,1024,128.74659999943106
sentinel2_patches,mixed_regularized,sentinel2_patch_00250.png,61.99560982840403,0.5148714184761047,0.9047619047619048,0.5195354223251343,0.38671875,23.554685068513535,0.8412350609607862,,66.38351254480287,98.49360185735111,819,1024,128.66430000576656
sentinel2_patches,original,sentinel2_patch_00251.png,94.85294117647062,1.0,1.0,1.0,0.4852941176470588,23.62199576327987,0.7891868920015798,,66.75971309025702,98.50209062665078,819,1024,124.57790000189561
sentinel2_patches,mixed_regularized,sentinel2_patch_00251.png,71.45386667812573,0.5988228917121887,1.0,0.6103416681289673,0.5294117647058824,24.774269173981097,0.7983960631694811,,66.01004728132388,98.48507910358228,819,1024,123.82069999875966
sentinel2_patches,original,sentinel2_patch_00252.png,96.20689655172416,1.0,1.0,1.0,0.6206896551724138,27.095478839820764,0.902450271247658,,70.10427461139896,98.57355345941002,819,1024,109.50659999798518
sentinel2_patches,mixed_regularized,sentinel2_patch_00252.png,80.50474738252575,0.778645932674408,1.0,0.778290331363678,0.3793103448275862,27.912802322949283,0.8971180679605785,,69.20780051150895,98.5550761726148,819,1024,109.86350000166567
sentinel2_patches,original,sentinel2_patch_00253.png,92.74077046548959,1.0,0.8928571428571429,1.0,0.5955056179775281,22.078576394561548,0.7685734287572099,,69.83555298204979,98.56806460706764,819,1024,130.50219999422552
sentinel2_patches,mixed_regularized,sentinel2_patch_00253.png,67.07060729519708,0.5898334980010986,1.0,0.6008296608924866,0.14606741573033707,22.54695467314342,0.8228833578218585,,68.37074829931973,98.53738619969155,819,1024,126.61229999503121
sentinel2_patches,original,sentinel2_patch_00254.png,100.0,1.0,1.0,1.0,1.0,21.68170167155795,0.6710852020732817,,68.8875,98.54835782979495,819,1024,122.94290000136243
sentinel2_patches,mixed_regularized,sentinel2_patch_00254.png,76.09048061393668,0.6810173988342285,1.0,0.6912930607795715,0.5023923444976076,21.163310018105634,0.8141531855239141,,68.07705882352941,98.53107637538776,819,1024,123.38740000268444
sentinel2_patches,original,sentinel2_patch_00255.png,81.71603703498842,0.8623250126838684,0.8,0.8564643263816833,0.609375,23.61545373826493,0.8013329955602021,,67.37989163154727,98.5158776961704,819,1024,122.1579000048223
sentinel2_patches,mixed_regularized,sentinel2_patch_00255.png,76.54895067214966,0.6937354803085327,1.0,0.6958359479904175,0.48828125,22.835958332653632,0.8092655100258088,,66.3021327014218,98.49175289050912,819,1024,123.25850000343053
sentinel2_patches,original,sentinel2_patch_00256.png,100.0,1.0,1.0,1.0,1.0,24.400441085242292,0.7934490374010033,,67.29724880382776,98.514055154149,819,1024,123.66869999823393
sentinel2_patches,mixed_regularized,sentinel2_patch_00256.png,84.47998166084291,0.7386078238487244,1.0,0.746783435344696,1.0,24.11055238897216,0.8337930612082997,,66.14991181657848,98.48828218732504,819,1024,128.26950000453508
sentinel2_patches,original,sentinel2_patch_00257.png,83.88058543205264,0.8174628615379333,1.0,0.8091035485267639,0.5,23.480606128977904,0.8832982527944694,,68.68835192069393,98.54414908490659,819,1024,115.86130000068806
sentinel2_patches,mixed_regularized,sentinel2_patch_00257.png,64.69598187340632,0.537550687789917,1.0,0.5485866069793701,0.2222222222222222,24.43403608291774,0.8980891222451117,,67.64063453325198,98.52159872996401,819,1024,115.93670000002021
sentinel2_patches,original,sentinel2_patch_00258.png,93.84290178616843,0.9416290521621704,1.0,0.9547203183174133,0.7083333333333334,19.986430779359665,0.7594684157811954,,67.64950838635049,98.5217926576954,819,1024,128.7921000039205
sentinel2_patches,mixed_regularized,sentinel2_patch_00258.png,48.83425546414926,0.44053563475608826,0.6363636363636364,0.4602627158164978,0.2916666666666667,22.042723741990166,0.7955858872409919,,66.83771428571428,98.50383872236377,819,1024,126.09839999640826
sentinel2_patches,original,sentinel2_patch_00259.png,93.375770459628,0.9150913953781128,1.0,0.9168180227279663,0.8435754189944135,23.18877275790536,0.812864408900574,,68.39444115907747,98.53789287103886,819,1024,123.05049999849871
sentinel2_patches,mixed_regularized,sentinel2_patch_00259.png,84.24990338986147,0.7921403646469116,1.0,0.7986055016517639,0.659217877094972,23.940014935352878,0.8256343630301972,,67.16318234610918,98.51108901474213,819,1024,123.38249999447726
sentinel2_patches,original,sentinel2_patch_00260.png,86.84125306295313,0.8259601593017578,1.0,0.8357945084571838,0.7086956521739131,22.140722704816326,0.80138148656531,,67.11486086441681,98.51001702585637,819,1024,119.90109999896958
sentinel2_patches,mixed_regularized,sentinel2_patch_00260.png,78.624915185182,0.7198522686958313,1.0,0.7284977436065674,0.5260869565217391,23.33142500268699,0.8284451119609448,,65.82868757259001,98.4809054579779,819,1024,121.85469999531051
sentinel2_patches,original,sentinel2_patch_00261.png,70.0,1.0,0.0,1.0,1.0,22.073653588596663,0.7930045486004836,,65.64110070257611,98.47656424207287,819,1024,126.62809999892488
sentinel2_patches,mixed_regularized,sentinel2_patch_00261.png,41.74178997675578,0.5665158033370972,0.0,0.5738495588302612,0.7604166666666666,22.266227737367576,0.8399374106461174,,65.10743321718931,98.4640770637292,819,1024,120.69719999999506
sentinel2_patches,original,sentinel2_patch_00262.png,67.4061399110606,0.6101784110069275,1.0,0.6076966524124146,0.08450704225352113,24.866943621019587,0.8868755939345452,,68.93519118600129,98.54936211418955,819,1024,114.74369999632472
sentinel2_patches,mixed_regularized,sentinel2_patch_00262.png,50.27141321712818,0.3336130380630493,1.0,0.33930233120918274,0.014084507042253521,26.823792278125758,0.9032991273047188,,68.57962604771116,98.54184098451587,819,1024,116.64569999993546
sentinel2_patches,original,sentinel2_patch_00263.png,37.920322872343526,0.3171650767326355,0.625,0.3182336091995239,0.011904761904761904,18.00092573577176,0.6652856314688852,,68.45629897528632,98.53921404608653,819,1024,130.77090000297176
sentinel2_patches,mixed_regularized,sentinel2_patch_00263.png,14.553318477812269,0.11220069229602814,0.25,0.12231215834617615,0.011904761904761904,19.590696866061354,0.7441274349061642,,67.60059523809524,98.52072308464457,819,1024,124.67959999776212
sentinel2_patches,original,sentinel2_patch_00264.png,68.79754005943074,0.7806447744369507,0.6129032258064516,0.7635804414749146,0.391304347826087,20.23622989233366,0.6883628296324518,,68.34316037735849,98.53679578983694,819,1024,129.42540000221925
sentinel2_patches,mixed_regularized,sentinel2_patch_00264.png,42.70309957782484,0.3761824369430542,0.5483870967741935,0.3819485902786255,0.3565217391304348,23.10540051481911,0.7491967119170284,,67.35037768739105,98.51522733155034,819,1024,125.57019999803742
sentinel2_patches,original,sentinel2_patch_00265.png,85.26770828277108,0.843967080116272,1.0,0.8274197578430176,0.49606299212598426,21.72177775650028,0.7754238018148613,,67.07541567695962,98.50914080828649,819,1024,123.88210000062827
sentinel2_patches,mixed_regularized,sentinel2_patch_00265.png,77.5968699380169,0.6937674880027771,1.0,0.6930959224700928,0.5984251968503937,24.08756049748112,0.8138213840002817,,65.67151162790698,98.47726970917621,819,1024,126.0922000001301
sentinel2_patches,original,sentinel2_patch_00266.png,89.01231591224673,0.8573322892189026,1.0,0.83995121717453,0.792,20.650841916852865,0.7708364315964639,,66.00771513353116,98.48502557924171,819,1024,134.84130000142613
sentinel2_patches,mixed_regularized,sentinel2_patch_00266.png,61.35774566173554,0.4450618624687195,1.0,0.44576355814933777,0.464,22.715135014852596,0.8274832674238961,,64.85306122448979,98.45805274088993,819,1024,121.568099995784
sentinel2_patches,original,sentinel2_patch_00267.png,98.75000000000003,1.0,1.0,1.0,0.875,27.37741000663941,0.9257458722663652,,70.75585789871504,98.58668945625467,819,1024,104.37310000270372
sentinel2_patches,mixed_regularized,sentinel2_patch_00267.png,73.35661888122561,0.6813269257545471,1.0,0.6801770925521851,0.25,29.28505144431703,0.940573266041036,,71.07820804859529,98.59309902788164,819,1024,108.95840000011958
sentinel2_patches,original,sentinel2_patch_00268.png,96.00000000000003,1.0,1.0,1.0,0.6,26.760676176283088,0.909801975972968,,69.89177793394238,98.56921653796654,819,1024,119.23749999550637
sentinel2_patches,mixed_regularized,sentinel2_patch_00268.png,73.20901584625246,0.6858323812484741,1.0,0.6887860298156738,0.2,28.70922598911943,0.9273294512651296,,69.01873698820263,98.55111808236808,819,1024,118.92139999690698
sentinel2_patches,original,sentinel2_patch_00269.png,83.80086031070975,0.8073949813842773,1.0,0.7903693318367004,0.5697674418604651,23.2441213686603,0.8355525782137485,,68.25605762933857,98.53492856937261,819,1024,140.3543999986141
sentinel2_patches,mixed_regularized,sentinel2_patch_00269.png,60.54901463248802,0.6933535933494568,0.47619047619047616,0.6938996911048889,0.46511627906976744,26.36941077704734,0.8796783544112358,,67.59208819714657,98.52053690502461,819,1024,117.04420000023674
sentinel2_patches,original,sentinel2_patch_00270.png,81.3759927671464,0.7559565305709839,1.0,0.7372144460678101,0.639344262295082,22.32316168981701,0.8292014454100431,,69.67986798679868,98.56486524889878,819,1024,310.4280999978073
sentinel2_patches,mixed_regularized,sentinel2_patch_00270.png,42.917380970870035,0.3860354721546173,0.5357142857142857,0.38989880681037903,0.36065573770491804,22.454645711126368,0.8454100428771553,,68.95166557805356,98.5497087102733,819,1024,137.32469999376917
sentinel2_patches,original,sentinel2_patch_00271.png,51.06030068738121,0.49358347058296204,0.56,0.48299095034599304,0.4857142857142857,18.616830377227885,0.6369257632075513,,67.84502551020408,98.52605258457807,819,1024,125.75880000076722
sentinel2_patches,mixed_regularized,sentinel2_patch_00271.png,21.747868110452384,0.19709520041942596,0.28,0.20177443325519562,0.14285714285714285,19.851259676803863,0.716754663658261,,67.0750315258512,98.50913226986022,819,1024,120.05199999839533
sentinel2_patches,original,sentinel2_patch_00272.png,95.51612903225809,1.0,0.8666666666666667,1.0,0.9516129032258065,23.75543621875177,0.8384128503548045,,68.31669747381393,98.53622900845976,819,1024,130.1984999954584
sentinel2_patches,mixed_regularized,sentinel2_patch_00272.png,96.00000000000001,1.0,0.8666666666666667,1.0,1.0,21.95224768462184,0.7581644957534479,,66.83423749246533,98.50376089034795,819,1024,127.37300000299001
sentinel2_patches,original,sentinel2_patch_00273.png,74.62378501892091,0.8167415261268616,0.5833333333333334,0.8242686986923218,0.796875,20.025573326727468,0.8664890365832646,,71.59537914691943,98.60326181393924,819,1024,126.19019999692682
sentinel2_patches,mixed_regularized,sentinel2_patch_00273.png,80.48099875450136,0.7924505472183228,0.875,0.7926644682884216,0.66796875,20.651352684893716,0.8742230965949785,,70.79847685998828,98.58754023483074,819,1024,141.06400000309804
sentinel2_patches,original,sentinel2_patch_00274.png,67.74253783554866,0.7734527587890625,0.4827586206896552,0.7742865681648254,0.68359375,20.487929307921796,0.8771166253064455,,71.83853541416566,98.6079894387674,819,1024,126.9975000031991
sentinel2_patches,mixed_regularized,sentinel2_patch_00274.png,94.27574375580097,0.9899786710739136,0.8275862068965517,0.9924505352973938,1.0,21.242015682755145,0.8865591340911159,,69.10103926096998,98.552843762272,819,1024,127.23489999916637
sentinel2_patches,original,sentinel2_patch_00275.png,74.67386198043823,0.9069730043411255,0.4,0.8978720903396606,0.84375,19.710200661942594,0.9234733524150611,,70.61121267519805,98.58379432654716,819,1024,126.36470000143163
sentinel2_patches,mixed_regularized,sentinel2_patch_00275.png,83.42076721191408,0.9878069162368774,0.48,0.9832370281219482,0.984375,19.309962699661757,0.9233892174895039,,68.52335895919575,98.54064363570461,819,1024,123.63480000203708
sentinel2_patches,original,sentinel2_patch_00276.png,83.84615384615385,1.0,0.46153846153846156,1.0,1.0,19.887414489035272,0.9298820682752059,,71.25046612802983,98.59650040997191,819,1024,128.8697999989381
sentinel2_patches,mixed_regularized,sentinel2_patch_00276.png,81.53846153846155,1.0,0.38461538461538464,1.0,1.0,20.536989209763608,0.9330293878217844,,70.37569060773481,98.57905479667137,819,1024,127.0550999979605
sentinel2_patches,original,sentinel2_patch_00277.png,81.11111111111113,1.0,0.37037037037037035,1.0,1.0,19.504553270072723,0.9127338731848859,,72.16242424242424,98.61423724258407,819,1024,133.1826000023284
sentinel2_patches,mixed_regularized,sentinel2_patch_00277.png,80.00000000000001,1.0,0.3333333333333333,1.0,1.0,19.879809557147997,0.912370763135372,,71.59831629585088,98.60331911176806,819,1024,128.81300000299234
sentinel2_patches,original,sentinel2_patch_00278.png,77.500864982605,0.9865434765815735,0.275,0.989456295967102,1.0,19.088296440215476,0.8882141425318707,,73.92665474060823,98.64730792498487,819,1024,171.31859999790322
sentinel2_patches,mixed_regularized,sentinel2_patch_00278.png,82.75000000000001,1.0,0.425,1.0,1.0,19.428350822718052,0.8901588096838364,,73.09846698113208,98.6319822544868,819,1024,131.88539999828208
sentinel2_patches,original,sentinel2_patch_00279.png,60.37505438250881,0.7681735157966614,0.22580645161290322,0.7804147601127625,0.7265625,19.11305620197375,0.8863528456654576,,73.20560190703218,98.63398432094041,819,1024,138.81799999944633
sentinel2_patches,mixed_regularized,sentinel2_patch_00279.png,83.50932459677422,1.0,0.45161290322580644,1.0,0.99609375,19.48573550917492,0.8951146034601133,,70.35452462772051,98.57862730891654,819,1024,131.6439999936847
sentinel2_patches,original,sentinel2_patch_00280.png,88.21428571428574,1.0,0.6071428571428571,1.0,1.0,20.165880862847455,0.8554712850924755,,72.09532374100719,98.612947486591,819,1024,135.4090999957407
sentinel2_patches,mixed_regularized,sentinel2_patch_00280.png,95.71428571428572,1.0,0.8571428571428571,1.0,1.0,21.012484800566536,0.8730548989276766,,69.47140381282496,98.5605588125234,819,1024,124.81790000310866
sentinel2_patches,original,sentinel2_patch_00281.png,81.58393825803485,0.9949555993080139,0.39285714285714285,1.0,1.0,20.626121642711567,0.8533093716413181,,72.43361244019138,98.6194254762239,819,1024,127.97849999333266
sentinel2_patches,mixed_regularized,sentinel2_patch_00281.png,84.72404054233009,0.8934670090675354,0.7857142857142857,0.8878840804100037,0.765625,21.137816432463783,0.8578034027385005,,69.88401615695327,98.56905762577513,819,1024,124.94069999956992
sentinel2_patches,original,sentinel2_patch_00282.png,73.37233675850764,0.8805217742919922,0.4074074074074074,0.8941184282302856,0.8046875,20.14640849295365,0.8417275206857924,,71.797513321492,98.60719410222157,819,1024,162.949599995045
sentinel2_patches,mixed_regularized,sentinel2_patch_00282.png,85.17197675175139,0.9309655427932739,0.7037037037037037,0.9387684464454651,0.8046875,20.780865599383414,0.8503908716799985,,71.08206330597889,98.59317533356423,819,1024,124.64219999674242
sentinel2_patches,original,sentinel2_patch_00283.png,81.66666666666667,1.0,0.3888888888888889,1.0,1.0,18.28556087442717,0.8053961518554279,,71.276,98.59700319883271,819,1024,131.38940000499133
sentinel2_patches,mixed_regularized,sentinel2_patch_00283.png,85.00000000000001,1.0,0.5,1.0,1.0,19.263773541242767,0.8241137303406079,,70.07471910112359,98.57295182509841,819,1024,126.04489999648649
sentinel2_patches,original,sentinel2_patch_00284.png,83.42105263157896,1.0,0.4473684210526316,1.0,1.0,18.769136682985096,0.8368863208419374,,72.95677570093459,98.62932539110662,819,1024,132.72200000210432
sentinel2_patches,mixed_regularized,sentinel2_patch_00284.png,86.57894736842107,1.0,0.5526315789473685,1.0,1.0,19.71818191521036,0.8509875384192046,,70.96704545454546,98.59089526188531,819,1024,134.89359999948647
sentinel2_patches,original,sentinel2_patch_00285.png,82.00000000000001,1.0,0.4,1.0,1.0,20.241413015833984,0.9141269155901133,,72.38075313807532,98.618417249552,819,1024,137.94549999875017
sentinel2_patches,mixed_regularized,sentinel2_patch_00285.png,83.71428571428574,1.0,0.45714285714285713,1.0,1.0,20.590824652523196,0.920814811297919,,70.52591729761211,98.58208154063406,819,1024,132.14200000220444
sentinel2_patches,original,sentinel2_patch_00286.png,83.20000000000002,1.0,0.44,1.0,1.0,19.830905066875005,0.9042035651262476,,72.55515151515152,98.62173811353536,819,1024,137.12040000245906
sentinel2_patches,mixed_regularized,sentinel2_patch_00286.png,85.60000000000001,1.0,0.52,1.0,1.0,20.13325794930962,0.9120559672447883,,69.52148664343787,98.56159577667145,819,1024,133.99800000479445
sentinel2_patches,original,sentinel2_patch_00287.png,78.0769230769231,1.0,0.2692307692307692,1.0,1.0,19.302103044935997,0.8696177183609338,,72.19598583234946,98.61488143908423,819,1024,128.2714999979362
sentinel2_patches,mixed_regularized,sentinel2_patch_00287.png,85.00000000000001,1.0,0.5,1.0,1.0,19.074342041245124,0.8699052164761124,,70.57126370455858,98.5829926410466,819,1024,131.69579999521375
sentinel2_patches,original,sentinel2_patch_00288.png,92.10526315789475,1.0,0.7368421052631579,1.0,1.0,12.49510892830319,0.5264735965022606,,71.05814657783162,98.59270182496995,819,1024,139.62020000326447
sentinel2_patches,mixed_regularized,sentinel2_patch_00288.png,90.5263157894737,1.0,0.6842105263157895,1.0,1.0,12.279212606821714,0.5035206113952092,,70.04,98.57224443175329,819,1024,131.54080000094837
sentinel2_patches,original,sentinel2_patch_00289.png,97.00000000000001,1.0,0.9,1.0,1.0,13.994489980172142,0.647575286410048,,67.7757685352622,98.52454642475988,819,1024,132.2375999952783
sentinel2_patches,mixed_regularized,sentinel2_patch_00289.png,97.00000000000001,1.0,0.9,1.0,1.0,13.613013007948368,0.5788529809237132,,66.65085951393006,98.49964425471363,819,1024,128.8330000024871
sentinel2_patches,original,sentinel2_patch_00290.png,85.28598475261612,1.0,0.52,0.9945033192634583,0.9795918367346939,23.107454058218106,0.8740582793498697,,67.0166172106825,98.50783277100325,819,1024,147.77450000110548
sentinel2_patches,mixed_regularized,sentinel2_patch_00290.png,90.40000000000002,1.0,0.68,1.0,1.0,23.694656774754467,0.8718651745655062,,65.16041546451241,98.46532593005854,819,1024,273.73090000037337
sentinel2_patches,original,sentinel2_patch_00291.png,87.04054388132964,0.9653713703155518,0.6363636363636364,0.9667389988899231,1.0,22.504203578366354,0.8756990816107038,,67.9048473967684,98.52735108267456,819,1024,187.16580000182148
sentinel2_patches,mixed_regularized,sentinel2_patch_00291.png,84.9709392677654,0.9776371121406555,0.5454545454545454,0.9750909209251404,1.0,21.95580223809547,0.859870560616475,,66.3561403508772,98.49298046162389,819,1024,126.36709999787854
sentinel2_patches,original,sentinel2_patch_00292.png,81.50338668768903,0.9486801028251648,0.5384615384615384,0.9349316358566284,0.8703703703703703,21.585471015163556,0.8796088566329212,,68.30065750149433,98.53588525120989,819,1024,130.46800000302028
sentinel2_patches,mixed_regularized,sentinel2_patch_00292.png,90.76923076923077,1.0,0.6923076923076923,1.0,1.0,21.719430471164024,0.8842999883757607,,66.78375219170076,98.50262980563068,819,1024,127.53089999750955
sentinel2_patches,original,sentinel2_patch_00293.png,82.58064516129033,1.0,0.41935483870967744,1.0,1.0,20.214319766262918,0.857800286404625,,69.67524868344061,98.56477010287634,819,1024,129.45339999714633
sentinel2_patches,mixed_regularized,sentinel2_patch_00293.png,83.5483870967742,1.0,0.45161290322580644,1.0,1.0,20.41924430881526,0.8683477594719761,,68.47326049453709,98.53957589754356,819,1024,128.79629999952158
sentinel2_patches,original,sentinel2_patch_00294.png,75.15543270111085,0.9500841498374939,0.26666666666666666,0.9576033353805542,1.0,19.46967647268022,0.8493961727998687,,71.08968347010551,98.5933261323065,819,1024,158.0074000012246
sentinel2_patches,mixed_regularized,sentinel2_patch_00294.png,89.00000000000001,1.0,0.6333333333333333,1.0,1.0,19.493328416507435,0.8704553246903318,,69.70057471264367,98.5652916003595,819,1024,139.54740000190213
sentinel2_patches,original,sentinel2_patch_00295.png,79.60000000000001,1.0,0.32,1.0,1.0,19.83646737278301,0.8603817954262385,,70.02535377358491,98.57194580803785,819,1024,138.99970000056783
sentinel2_patches,mixed_regularized,sentinel2_patch_00295.png,83.61955580711366,0.9774196743965149,0.52,0.9695759415626526,0.953125,21.23607499557516,0.8838077917507193,,68.45129682997118,98.5391072977274,819,1024,132.98719999875175
sentinel2_patches,original,sentinel2_patch_00296.png,67.26168655834876,0.8498554825782776,0.3181818181818182,0.8344057202339172,0.7033898305084746,20.28166657312644,0.8269020261993012,,69.01095556908095,98.55095471182254,819,1024,127.3972999988473
sentinel2_patches,mixed_regularized,sentinel2_patch_00296.png,78.2742681047766,1.0,0.3181818181818182,1.0,0.8728813559322034,21.872289371918498,0.8532195826088154,,67.41082045184304,98.51655862768443,819,1024,127.17089999932796
sentinel2_patches,original,sentinel2_patch_00297.png,77.46715856152912,0.8807129859924316,0.5416666666666666,0.8750133514404297,0.8488372093023255,21.74589529363052,0.8781464209310988,,70.34097954122753,98.57835360479464,819,1024,130.13309999951161
sentinel2_patches,mixed_regularized,sentinel2_patch_00297.png,93.75000000000001,1.0,0.7916666666666666,1.0,1.0,20.42917873318862,0.8627400999790391,,68.02158273381295,98.52987837123214,819,1024,129.7095000045374
sentinel2_patches,original,sentinel2_patch_00298.png,99.26307320594789,0.9868671894073486,1.0,0.9894192814826965,1.0,22.11567967897906,0.9459155627028464,,66.77032019704434,98.5023285839443,819,1024,127.50109999615233
sentinel2_patches,mixed_regularized,sentinel2_patch_00298.png,100.0,1.0,1.0,1.0,1.0,13.128466575836722,0.6072416389112584,,66.15924344112264,98.48849541199797,819,1024,126.97209999896586
sentinel2_patches,original,sentinel2_patch_00299.png,100.0,1.0,1.0,1.0,1.0,14.953997177941305,0.7051978720137205,,64.93688118811882,98.46004307305266,819,1024,148.4654000014416
sentinel2_patches,mixed_regularized,sentinel2_patch_00299.png,100.0,1.0,1.0,1.0,1.0,14.297365359564928,0.6189808840873727,,64.45823095823096,98.4486077493377,819,1024,123.00209999375511
sentinel2_patches,original,sentinel2_patch_00300.png,78.73684210526318,1.0,0.3,1.0,0.9736842105263158,26.443154361343687,0.8946215429097282,,67.64084507042253,98.52160333159813,819,1024,126.8493999959901
sentinel2_patches,mixed_regularized,sentinel2_patch_00300.png,82.00000000000001,1.0,0.4,1.0,1.0,27.067653778142358,0.8921289359020453,,64.34531059683313,98.44588519237139,819,1024,123.46870000328636
sentinel2_patches,original,sentinel2_patch_00301.png,84.13043478260872,1.0,0.5,1.0,0.9130434782608695,23.915003478630418,0.8696191190934253,,66.42981366459627,98.49465180641783,819,1024,136.85610000538873
sentinel2_patches,mixed_regularized,sentinel2_patch_00301.png,90.34782608695654,1.0,0.7,1.0,0.9347826086956522,25.11229320028013,0.8804834290786396,,64.3126879134095,98.44509686588377,819,1024,124.57310000172583
sentinel2_patches,original,sentinel2_patch_00302.png,89.72222222222224,1.0,0.6666666666666666,1.0,0.9722222222222222,23.650858012981374,0.886010169739173,,65.83659730722154,98.48108796489956,819,1024,127.16419999924256
sentinel2_patches,mixed_regularized,sentinel2_patch_00302.png,86.66666666666669,1.0,0.5555555555555556,1.0,1.0,24.81266724484412,0.8988396879754514,,63.730450236966824,98.43089136153638,819,1024,130.71349999518134
sentinel2_patches,original,sentinel2_patch_00303.png,82.72727272727273,1.0,0.42424242424242425,1.0,1.0,20.905206178246935,0.8915654382351962,,68.56352583586626,98.54149857696366,819,1024,128.30539999413304
sentinel2_patches,mixed_regularized,sentinel2_patch_00303.png,91.81818181818183,1.0,0.7272727272727273,1.0,1.0,21.100408500493977,0.8998028302262527,,66.11195779601407,98.48741432966565,819,1024,126.39209999906598
sentinel2_patches,original,sentinel2_patch_00304.png,78.39592218399048,0.6293319463729858,1.0,0.6611322164535522,1.0,17.516473912459304,0.6753127409675255,,73.11006879299562,98.63219934475592,819,1024,128.84790000680368
sentinel2_patches,mixed_regularized,sentinel2_patch_00304.png,84.83738422393799,0.7392513751983643,1.0,0.7633664608001709,1.0,19.292998762857422,0.7315800477497518,,72.61055900621118,98.62278983430708,819,1024,129.11329999769805
sentinel2_patches,original,sentinel2_patch_00305.png,75.90708971023561,0.9317846298217773,0.3333333333333333,0.9317852258682251,1.0,18.814177653366613,0.8035442965871847,,75.74405107370865,98.67976430383044,819,1024,134.8571999988053
sentinel2_patches,mixed_regularized,sentinel2_patch_00305.png,87.01661626497906,0.8790999054908752,0.8055555555555556,0.8842976689338684,1.0,21.854978371223723,0.8534268086738074,,74.61806746712406,98.65984200081222,819,1024,128.06569999520434
sentinel2_patches,original,sentinel2_patch_00306.png,83.00000000000001,1.0,0.43333333333333335,1.0,1.0,20.52443245919218,0.8394539789639548,,76.60575793184489,98.69461509552626,819,1024,128.41360000311397
sentinel2_patches,mixed_regularized,sentinel2_patch_00306.png,91.88343834877016,1.0,0.7333333333333333,0.9941719174385071,1.0,20.813225226967184,0.8481805484255096,,75.19204152249135,98.67007201859138,819,1024,126.2667999981204
sentinel2_patches,original,sentinel2_patch_00307.png,85.00000000000001,1.0,0.5,1.0,1.0,22.216346326911818,0.9424029333548058,,78.94772447724478,98.73333904603136,819,1024,125.87889999849722
sentinel2_patches,mixed_regularized,sentinel2_patch_00307.png,91.42857142857144,1.0,0.7142857142857143,1.0,1.0,23.094009130506233,0.9395751030079633,,77.28416616496087,98.70607389634569,819,1024,126.19500000437256
sentinel2_patches,original,sentinel2_patch_00308.png,85.88235294117649,1.0,0.5294117647058824,1.0,1.0,21.89889383243353,0.9520801064188538,,82.13141025641026,98.78243902439024,819,1024,127.42660000367323
sentinel2_patches,mixed_regularized,sentinel2_patch_00308.png,89.41176470588236,1.0,0.6470588235294118,1.0,1.0,22.701754833745504,0.9518609582742079,,81.55633354551242,98.77385365853658,819,1024,125.35240000579506
sentinel2_patches,original,sentinel2_patch_00309.png,79.47368421052633,1.0,0.3157894736842105,1.0,1.0,21.49157053660427,0.9390918139005499,,85.04134860050891,98.82410143247185,819,1024,125.82249999832129
sentinel2_patches,mixed_regularized,sentinel2_patch_00309.png,82.63157894736844,1.0,0.42105263157894735,1.0,1.0,21.9402216015187,0.9405239020277532,,83.13743781094527,98.79717245764297,819,1024,130.62630000058562
sentinel2_patches,original,sentinel2_patch_00310.png,78.40000000000002,1.0,0.28,1.0,1.0,20.65960283292297,0.9132584904862078,,85.17439024390244,98.82593817562247,819,1024,127.46329999936279
sentinel2_patches,mixed_regularized,sentinel2_patch_00310.png,84.4,1.0,0.48,1.0,1.0,21.191773265651648,0.9148096445368742,,83.44444444444444,98.80159786950732,819,1024,125.44350000098348
sentinel2_patches,original,sentinel2_patch_00311.png,88.75000000000001,1.0,0.625,1.0,1.0,20.827510824692222,0.9032200538657007,,81.8289156626506,98.77793810182868,819,1024,130.74870000127703
sentinel2_patches,mixed_regularized,sentinel2_patch_00311.png,94.37500000000001,1.0,0.8125,1.0,1.0,21.442579012411493,0.9080425511823998,,79.15850815850816,98.73671191731205,819,1024,144.59219999844208
sentinel2_patches,original,sentinel2_patch_00312.png,86.45161290322582,1.0,0.5483870967741935,1.0,1.0,21.20939712369286,0.8582790758818067,,76.69488536155202,98.69613208848826,819,1024,135.40979999379488
sentinel2_patches,mixed_regularized,sentinel2_patch_00312.png,91.29032258064518,1.0,0.7096774193548387,1.0,1.0,22.864445066710452,0.8786669500795287,,75.71561230412073,98.67926842355395,819,1024,129.3846999978996
sentinel2_patches,original,sentinel2_patch_00313.png,74.60029421850693,0.7596936821937561,0.6666666666666666,0.771673858165741,0.877906976744186,19.968987660659646,0.8258633652743664,,76.3834015195792,98.6908150460625,819,1024,128.11479999800213
sentinel2_patches,mixed_regularized,sentinel2_patch_00313.png,85.7074540992116,0.7791497707366943,1.0,0.7910266518592834,0.872093023255814,22.113349110853665,0.8456343406608735,,73.96264855687606,98.64796621063263,819,1024,131.212799999048
sentinel2_patches,original,sentinel2_patch_00314.png,74.90163956369675,0.8141875267028809,0.5238095238095238,0.8309926390647888,1.0,17.183956034921003,0.7547000317935463,,76.10865775711795,98.68608903445485,819,1024,129.9005999971996
sentinel2_patches,mixed_regularized,sentinel2_patch_00314.png,85.82771673609622,0.8087732791900635,0.9047619047619048,0.8196550011634827,0.9940828402366864,18.86911592197941,0.7996833048072244,,74.97595878649113,98.66623913026882,819,1024,150.3489000024274
sentinel2_patches,original,sentinel2_patch_00315.png,83.63636363636365,1.0,0.45454545454545453,1.0,1.0,18.50342295778717,0.7354705396084802,,76.72840203274986,98.69670164696879,819,1024,134.08740000159014
sentinel2_patches,mixed_regularized,sentinel2_patch_00315.png,94.54545454545456,1.0,0.8181818181818182,1.0,1.0,19.465961570736688,0.7616955894918314,,75.9564002235886,98.68345524925304,819,1024,130.4865000056452
sentinel2_patches,original,sentinel2_patch_00316.png,83.44827586206898,1.0,0.4482758620689655,1.0,1.0,17.065854303196872,0.7421921422859425,,78.52492836676218,98.72651905477792,819,1024,135.73290000203997
sentinel2_patches,mixed_regularized,sentinel2_patch_00316.png,94.2477152676418,0.9879952669143677,0.8275862068965517,0.9950159192085266,1.0,18.85125152399254,0.783914964979922,,76.72228443449048,98.696597725979,819,1024,131.04340000427328
sentinel2_patches,original,sentinel2_patch_00317.png,85.00000000000001,1.0,0.5,1.0,1.0,21.29358212302403,0.9089031687507318,,79.56357185097575,98.74314340503338,819,1024,134.12830000015674
sentinel2_patches,mixed_regularized,sentinel2_patch_00317.png,82.00000000000001,1.0,0.4,1.0,1.0,21.514413310093104,0.9104203924824206,,77.05727376861398,98.70226397704805,819,1024,129.5920999982627
sentinel2_patches,original,sentinel2_patch_00318.png,81.42857142857144,1.0,0.38095238095238093,1.0,1.0,21.063970314475995,0.9095283423505842,,79.5116002379536,98.742321878811,819,1024,131.47950000711717
sentinel2_patches,mixed_regularized,sentinel2_patch_00318.png,84.28571428571429,1.0,0.47619047619047616,1.0,1.0,21.95885580579916,0.9161609593438588,,78.25468384074941,98.72212121892278,819,1024,133.3253999982844
sentinel2_patches,original,sentinel2_patch_00319.png,87.14285714285715,1.0,0.5714285714285714,1.0,1.0,20.006503555630214,0.8659973063462192,,80.83047844063792,98.76284290370198,819,1024,130.95229999453295
sentinel2_patches,mixed_regularized,sentinel2_patch_00319.png,87.14285714285715,1.0,0.5714285714285714,1.0,1.0,20.63867596869831,0.8576628989966403,,78.87377521613833,98.7321514695351,819,1024,129.82860000192886
sentinel2_patches,original,sentinel2_patch_00320.png,86.00620667139691,0.9834885001182556,0.5555555555555556,1.0,1.0,19.631780602444707,0.8393020831562922,,77.0942956926659,98.70288717081421,819,1024,131.90359999862267
sentinel2_patches,mixed_regularized,sentinel2_patch_00320.png,93.33333333333334,1.0,0.7777777777777778,1.0,1.0,19.35512309815825,0.8139946091115953,,76.47113163972287,98.69231698477893,819,1024,128.3300000068266
sentinel2_patches,original,sentinel2_patch_00321.png,88.26439100153307,0.9029395580291748,0.7647058823529411,0.9602816104888916,1.0,21.636458988208478,0.8896047369983496,,72.2864768683274,98.61661538461539,819,1024,126.30300000455463
sentinel2_patches,mixed_regularized,sentinel2_patch_00321.png,96.47058823529413,1.0,0.8823529411764706,1.0,1.0,21.238866784318233,0.8342063810965793,,70.85755813953489,98.58871794871796,819,1024,124.30920000042534
sentinel2_patches,original,sentinel2_patch_00322.png,73.59123171904149,0.6715349555015564,0.7777777777777778,0.6986711621284485,0.9423076923076923,20.096157395612227,0.7962961653932827,,71.19532654284002,98.59541342310119,819,1024,121.5236999996705
sentinel2_patches,mixed_regularized,sentinel2_patch_00322.png,79.36349193255107,0.7815842032432556,0.7222222222222222,0.8216728568077087,1.0,21.12994935411521,0.8106830226517896,,70.77129243597379,98.5869976856722,819,1024,122.90760000178125
sentinel2_patches,original,sentinel2_patch_00323.png,80.26200373967491,0.7722251415252686,0.7777777777777778,0.8019832372665405,1.0,19.55661147997288,0.8004294907595336,,73.97966728280961,98.64827724058667,819,1024,124.44200000027195
sentinel2_patches,mixed_regularized,sentinel2_patch_00323.png,89.29456353187561,0.8163782954216003,1.0,0.8319715857505798,1.0,21.32036196795122,0.8362188177440055,,72.11351351351351,98.61329735402144,819,1024,122.86509999830741
sentinel2_patches,original,sentinel2_patch_00324.png,72.72075772285463,0.7862489223480225,0.5,0.8135400414466858,1.0,16.795547448930506,0.7567614583524289,,73.90200852099818,98.64685680401249,819,1024,124.92059999931371
sentinel2_patches,mixed_regularized,sentinel2_patch_00324.png,75.71008443832397,0.8364731073379517,0.5,0.8625580072402954,1.0,18.681677219223282,0.8116390914941366,,72.23140987507436,98.61556073496347,819,1024,120.83590000111144
sentinel2_patches,original,sentinel2_patch_00325.png,86.36363636363637,1.0,0.5454545454545454,1.0,1.0,21.09200521826098,0.8565586246734114,,77.91340450771055,98.71652380444877,819,1024,129.84460000006948
sentinel2_patches,mixed_regularized,sentinel2_patch_00325.png,89.09090909090911,1.0,0.6363636363636364,1.0,1.0,21.853084725169168,0.8682613444032242,,75.800346220427,98.6807448120461,819,1024,127.56480000098236
sentinel2_patches,original,sentinel2_patch_00326.png,83.20000000000002,1.0,0.44,1.0,1.0,20.790776595212,0.8599128937699049,,78.78181818181818,98.73067159012233,819,1024,131.69729999935953
sentinel2_patches,mixed_regularized,sentinel2_patch_00326.png,92.49925403594972,0.9933340549468994,0.76,0.9982945919036865,1.0,21.536571898878584,0.8731200366471354,,77.06425702811245,98.70238157277606,819,1024,126.27950000023702
sentinel2_patches,original,sentinel2_patch_00327.png,83.33333333333334,1.0,0.4444444444444444,1.0,1.0,20.77627934254147,0.853350235902197,,75.37041351193943,98.67321943266029,819,1024,130.44749999971827
sentinel2_patches,mixed_regularized,sentinel2_patch_00327.png,91.66666666666669,1.0,0.7222222222222222,1.0,1.0,23.01155894138898,0.8823150503698021,,73.69646924829158,98.64308289094436,819,1024,134.31020000280114
sentinel2_patches,original,sentinel2_patch_00328.png,85.24893283843996,0.9356848001480103,0.625,0.9535770416259766,1.0,18.220430956308554,0.7585732639773103,,74.28895705521472,98.6539049144858,819,1024,129.67010000284063
sentinel2_patches,mixed_regularized,sentinel2_patch_00328.png,81.85574769973756,0.8170057535171509,0.75,0.8337758779525757,1.0,21.930223875030592,0.8375658450128759,,72.64007198560287,98.62334938186983,819,1024,127.46619999961695
sentinel2_patches,original,sentinel2_patch_00329.png,82.69230769230771,1.0,0.4230769230769231,1.0,1.0,19.68564469500933,0.8344614710530734,,75.68640897755611,98.67875882406241,819,1024,136.01139999809675
sentinel2_patches,mixed_regularized,sentinel2_patch_00329.png,93.0769230769231,1.0,0.7692307692307693,1.0,1.0,20.249881956202863,0.8437979321322432,,73.17721518987342,98.63345441965058,819,1024,129.79189999896334
sentinel2_patches,original,sentinel2_patch_00330.png,94.54545454545456,1.0,0.8181818181818182,1.0,1.0,20.064997970435492,0.8925123621661636,,70.23022010707912,98.57611153934116,819,1024,133.9192000014009
sentinel2_patches,mixed_regularized,sentinel2_patch_00330.png,94.54545454545456,1.0,0.8181818181818182,1.0,1.0,20.281194461370433,0.8566523273794299,,69.40446796002351,98.55917057014831,819,1024,136.61189999402268
sentinel2_patches,original,sentinel2_patch_00331.png,85.00000000000001,1.0,0.5,1.0,1.0,20.00125696182202,0.8953549191906255,,67.47575757575757,98.51798625769075,819,1024,205.00609999726294
sentinel2_patches,mixed_regularized,sentinel2_patch_00331.png,97.50000000000001,1.0,0.9166666666666666,1.0,1.0,20.59350585272885,0.8449392960230973,,67.31257557436517,98.51439349710334,819,1024,127.71019999490818
sentinel2_patches,original,sentinel2_patch_00332.png,91.4218854904175,0.838239848613739,1.0,0.894614577293396,1.0,19.16453061349714,0.714321304149126,,69.94136597938144,98.5702309556053,819,1024,135.7341999973869
sentinel2_patches,mixed_regularized,sentinel2_patch_00332.png,95.42871236801147,0.9101316332817078,1.0,0.9511723518371582,1.0,23.363574946910127,0.7233792735284537,,69.76156812339332,98.56654598384141,819,1024,126.91400000039721
sentinel2_patches,original,sentinel2_patch_00333.png,89.06946420669557,0.8043562173843384,1.0,0.8447607755661011,1.0,15.387747413721431,0.6326715617258399,,73.12837393021725,98.6325417259322,819,1024,753.9981000008993
sentinel2_patches,mixed_regularized,sentinel2_patch_00333.png,87.67426013946535,0.7787438631057739,1.0,0.8262252807617188,1.0,17.535934151024783,0.7347526455189616,,71.85122897800777,98.60823535766372,819,1024,170.68989999825135
sentinel2_patches,original,sentinel2_patch_00334.png,93.4119212627411,0.8814492225646973,1.0,0.9076976180076599,1.0,15.501595313588407,0.6759993508752882,,72.93107932379714,98.6288424506098,819,1024,164.02350000134902
sentinel2_patches,mixed_regularized,sentinel2_patch_00334.png,88.53131890296937,0.7985369563102722,1.0,0.8294920325279236,1.0,17.58563635246735,0.7782156469893939,,71.53571428571429,98.60209685471793,819,1024,128.86209999851417
sentinel2_patches,original,sentinel2_patch_00335.png,98.23529411764707,1.0,0.9411764705882353,1.0,1.0,22.3620222045297,0.8965651715792472,,74.04702380952381,98.64950682883304,819,1024,133.15480000164825
sentinel2_patches,mixed_regularized,sentinel2_patch_00335.png,100.0,1.0,1.0,1.0,1.0,23.173362925312485,0.9052767835745739,,72.15719257540603,98.61413676958819,819,1024,132.72920000599697
sentinel2_patches,original,sentinel2_patch_00336.png,71.01458628972372,0.781099259853363,0.4444444444444444,0.821864128112793,1.0,20.983181031408225,0.8154101858337054,,70.42988364972443,98.58014815845303,819,1024,131.95910000649747
sentinel2_patches,mixed_regularized,sentinel2_patch_00336.png,72.06514676411948,0.7998907566070557,0.4444444444444444,0.8368091583251953,1.0,22.403991958572817,0.8379495012865634,,68.2158956109134,98.53406601050325,819,1024,138.0141999979969
sentinel2_patches,original,sentinel2_patch_00337.png,86.00728515331254,0.96620112657547,0.5833333333333334,0.9950717091560364,0.9957805907172996,24.498618328133674,0.9327299478937633,,68.99654576856649,98.55065208140378,819,1024,137.3470999969868
sentinel2_patches,mixed_regularized,sentinel2_patch_00337.png,99.91561181434602,1.0,1.0,1.0,0.9915611814345991,26.195483141496144,0.9412748457208701,,67.71016949152542,98.52311697414203,819,1024,128.47640000109095
sentinel2_patches,original,sentinel2_patch_00338.png,94.78260869565219,1.0,0.8260869565217391,1.0,1.0,12.807359616689702,0.35488923742019357,,77.02053990610328,98.70164504011643,819,1024,135.91340000130003
sentinel2_patches,mixed_regularized,sentinel2_patch_00338.png,93.47826086956523,1.0,0.782608695652174,1.0,1.0,12.904742675562286,0.3172618617164672,,75.99478865083961,98.68412029593959,819,1024,132.6762000026065
sentinel2_patches,original,sentinel2_patch_00339.png,96.25000000000001,1.0,0.875,1.0,1.0,17.478492018711126,0.7762941123825153,,76.61384976525821,98.69475296821142,819,1024,128.2218999986071
sentinel2_patches,mixed_regularized,sentinel2_patch_00339.png,100.0,1.0,1.0,1.0,1.0,19.457164689500473,0.8189316534291031,,75.46242774566474,98.67483722711606,819,1024,130.98700000409735
sentinel2_patches,original,sentinel2_patch_00340.png,93.0769230769231,1.0,0.7692307692307693,1.0,1.0,20.57370018017898,0.8555899408864158,,72.6938775510204,98.62436833239752,819,1024,137.44120000046678
sentinel2_patches,mixed_regularized,sentinel2_patch_00340.png,99.81149196624757,0.995287299156189,1.0,1.0,1.0,22.309911456659258,0.8933360439813115,,71.45014749262536,98.60042276315355,819,1024,129.22019999678014
sentinel2_patches,original,sentinel2_patch_00341.png,86.87500000000001,1.0,0.5625,1.0,1.0,14.140059964468767,0.45204713046343037,,70.30360307147076,98.57759779540261,819,1024,124.0923000004841
sentinel2_patches,mixed_regularized,sentinel2_patch_00341.png,83.12500000000001,1.0,0.4375,1.0,1.0,15.670466706974226,0.5278495856059313,,70.6373887240356,98.58431912891518,819,1024,126.3052000067546
sentinel2_patches,original,sentinel2_patch_00342.png,100.0,1.0,1.0,1.0,1.0,13.420133965500831,0.44114803631993077,,74.86545454545454,98.66427044880513,819,1024,130.13800000044284
sentinel2_patches,mixed_regularized,sentinel2_patch_00342.png,90.00000000000001,1.0,0.6666666666666666,1.0,1.0,14.25806699083937,0.5486046069965859,,72.53552554315912,98.62136519655462,819,1024,130.7992000001832
sentinel2_patches,original,sentinel2_patch_00343.png,100.0,1.0,1.0,1.0,1.0,14.846109480113409,0.41933421912775837,,77.27329192546584,98.70589180934009,819,1024,163.26130000379635
sentinel2_patches,mixed_regularized,sentinel2_patch_00343.png,100.0,1.0,1.0,1.0,1.0,14.935125648458211,0.4035386210834731,,75.49150485436893,98.67534764086489,819,1024,132.35140000324463
sentinel2_patches,original,sentinel2_patch_00344.png,100.0,1.0,1.0,1.0,1.0,16.16553828753827,0.5622936223982826,,76.64268292682927,98.69524400528266,819,1024,133.97149999946123
sentinel2_patches,mixed_regularized,sentinel2_patch_00344.png,100.0,1.0,1.0,1.0,1.0,16.299969157299575,0.5389320647792764,,75.53725961538461,98.67615001511606,819,1024,132.76670000050217
sentinel2_patches,original,sentinel2_patch_00345.png,87.30769230769232,1.0,0.5769230769230769,1.0,1.0,16.170656322202976,0.7903962829130903,,74.87713109935332,98.66447874629021,819,1024,139.36829999875044
sentinel2_patches,mixed_regularized,sentinel2_patch_00345.png,91.92307692307693,1.0,0.7307692307692307,1.0,1.0,19.17711911176791,0.831299549905107,,74.30921820303384,98.65427194070631,819,1024,131.80170000123326
sentinel2_patches,original,sentinel2_patch_00346.png,81.53846153846155,1.0,0.38461538461538464,1.0,1.0,18.988445646680027,0.8222796275600394,,76.82641729982467,98.69836439710916,819,1024,132.38149999961024
sentinel2_patches,mixed_regularized,sentinel2_patch_00346.png,81.53846153846155,1.0,0.38461538461538464,1.0,1.0,20.352847235197927,0.8425741506205757,,76.24709976798144,98.6884747052111,819,1024,135.67069999407977
sentinel2_patches,original,sentinel2_patch_00347.png,81.92778314862933,0.8587892055511475,0.6428571428571429,0.914525032043457,1.0,16.386295083381924,0.7178356335923944,,73.88895705521472,98.64661778991855,819,1024,145.83139999740524
sentinel2_patches,mixed_regularized,sentinel2_patch_00347.png,88.82811989103047,0.988560140132904,0.6428571428571429,1.0,1.0,18.407606488792734,0.7869936420379804,,72.64113389626056,98.62336950655518,819,1024,143.61720000306377
sentinel2_patches,original,sentinel2_patch_00348.png,62.65366009574248,0.5266882181167603,0.7647058823529411,0.553869366645813,0.7567567567567568,17.493819094905323,0.6564440126291679,,72.17672682016179,98.61451184605305,819,1024,136.11569999920903
sentinel2_patches,mixed_regularized,sentinel2_patch_00348.png,62.33974865017332,0.4799003601074219,0.8235294117647058,0.5029736757278442,0.8378378378378378,17.46641308738762,0.6892591873925868,,70.72439024390243,98.58606062696141,819,1024,135.8085999963805
sentinel2_patches,original,sentinel2_patch_00349.png,97.2727272727273,1.0,0.9090909090909091,1.0,1.0,21.013523609819728,0.855800752967266,,70.51020408163265,98.58176555716354,819,1024,133.58529999823077
sentinel2_patches,mixed_regularized,sentinel2_patch_00349.png,100.0,1.0,1.0,1.0,1.0,23.05210217192148,0.872317273451613,,69.41733639494834,98.55943766797601,819,1024,129.33460000203922
sentinel2_patches,original,sentinel2_patch_00350.png,85.00000000000001,1.0,0.5,1.0,1.0,17.74948128881092,0.8260723535697332,,73.47933409873708,98.63907313224115,819,1024,128.48289999965345
sentinel2_patches,mixed_regularized,sentinel2_patch_00350.png,94.37500000000001,1.0,0.8125,1.0,1.0,20.04199905899236,0.869812234857914,,72.60408394781622,98.62266701041398,819,1024,129.435700000613
sentinel2_patches,original,sentinel2_patch_00351.png,100.0,1.0,1.0,1.0,1.0,11.524990503217268,0.1885580868676973,,76.01433691756273,98.68445869483213,819,1024,128.02879999799188
sentinel2_patches,mixed_regularized,sentinel2_patch_00351.png,93.57142857142858,1.0,0.7857142857142857,1.0,1.0,12.532869860439995,0.32478293870127406,,74.89582107121836,98.66481202062116,819,1024,125.64710000151535
sentinel2_patches,original,sentinel2_patch_00352.png,100.0,1.0,1.0,1.0,1.0,13.350508446409407,0.3472928273367703,,76.41354292623942,98.69133145551793,819,1024,126.11499999911757
sentinel2_patches,mixed_regularized,sentinel2_patch_00352.png,100.0,1.0,1.0,1.0,1.0,13.262548479930143,0.3201374065488482,,75.5005973715651,98.67550716840206,819,1024,131.23829999676673
sentinel2_patches,original,sentinel2_patch_00353.png,82.00000000000001,1.0,0.4,1.0,1.0,18.424741937745104,0.7902255867760547,,74.10011641443539,98.65047445484824,819,1024,128.47619999956805
sentinel2_patches,mixed_regularized,sentinel2_patch_00353.png,83.00000000000001,1.0,0.43333333333333335,1.0,1.0,20.193601282636177,0.8197850765305191,,73.71395483497395,98.643404763401,819,1024,128.10349999926984
sentinel2_patches,original,sentinel2_patch_00354.png,59.36006247607711,0.6531770825386047,0.3333333333333333,0.6649169325828552,0.9934640522875817,15.14292714466401,0.6424018949412529,,72.58612440191388,98.62232622523977,819,1024,129.3814000018756
sentinel2_patches,mixed_regularized,sentinel2_patch_00354.png,75.5900332927704,0.8200544118881226,0.5333333333333333,0.8393928408622742,1.0,17.553393456123803,0.7295363589919606,,71.55896226415095,98.6025510035925,819,1024,130.32820000080392
sentinel2_patches,original,sentinel2_patch_00355.png,50.0463671591029,0.43763625621795654,0.6875,0.4561310410499573,0.27932960893854747,14.853562943810951,0.5682429930674434,,72.53054662379421,98.62127055902825,819,1024,135.70000000618165
sentinel2_patches,mixed_regularized,sentinel2_patch_00355.png,51.336537969179005,0.44130876660346985,0.75,0.45306411385536194,0.2122905027932961,16.79055306467943,0.6671020957191536,,70.35870243293824,98.57871170811721,819,1024,130.7258000015281
sentinel2_patches,original,sentinel2_patch_00356.png,67.91908303896587,0.6769683957099915,0.5555555555555556,0.7086840271949768,1.0,17.32529980206436,0.7204764760620551,,68.78302450687389,98.5461529103012,819,1024,133.60800000373274
sentinel2_patches,mixed_regularized,sentinel2_patch_00356.png,77.15181708335878,0.7755828499794006,0.6666666666666666,0.806425154209137,1.0,20.778791070731067,0.8074631472547461,,67.41300527240773,98.51660670525052,819,1024,132.73570000455948
sentinel2_patches,original,sentinel2_patch_00357.png,82.17164039611818,0.9917910099029541,0.4166666666666667,1.0,1.0,22.093643325782452,0.8831688746310323,,68.25527192008879,98.53491170444568,819,1024,133.3322999998927
sentinel2_patches,mixed_regularized,sentinel2_patch_00357.png,86.20170950889589,0.8679006099700928,0.7916666666666666,0.8867842555046082,1.0,23.095215804666562,0.8973623064374571,,68.02876106194691,98.53003349702429,819,1024,133.3904999992228
sentinel2_patches,original,sentinel2_patch_00358.png,78.57142857142858,1.0,0.2857142857142857,1.0,1.0,20.520653442476036,0.8660699650751867,,70.6036892118502,98.58364341698994,819,1024,134.2990000048303
sentinel2_patches,mixed_regularized,sentinel2_patch_00358.png,85.5738423551832,0.967218279838562,0.5714285714285714,0.9871127009391785,1.0,22.11553616251457,0.8882614656603705,,70.32850779510022,98.57810149631858,819,1024,133.44550000329036
sentinel2_patches,original,sentinel2_patch_00359.png,80.00000000000001,1.0,0.3333333333333333,1.0,1.0,22.322274412511515,0.9066476252718241,,70.41019830028328,98.57975119494021,819,1024,134.21479999669828
sentinel2_patches,mixed_regularized,sentinel2_patch_00359.png,89.15642619132996,0.9397029876708984,0.75,0.9534153342247009,1.0,20.60021610409233,0.887869738708594,,69.58230683090706,98.5628530505174,819,1024,126.64789999689674
sentinel2_patches,original,sentinel2_patch_00360.png,86.95652173913044,1.0,0.5652173913043478,1.0,1.0,18.37579103855648,0.86703837987399,,72.35536231884058,98.61793242691066,819,1024,129.9790999983088
sentinel2_patches,mixed_regularized,sentinel2_patch_00360.png,86.95652173913044,1.0,0.5652173913043478,1.0,1.0,21.408499205606898,0.9014772725051275,,71.24029680365297,98.5963000648971,819,1024,126.5110000022105
sentinel2_patches,original,sentinel2_patch_00361.png,88.21429443359376,0.9711335301399231,0.65,0.9934476613998413,1.0,17.435211338327402,0.7471078545006159,,74.14112903225806,98.65122097133845,819,1024,128.72230000357376
sentinel2_patches,mixed_regularized,sentinel2_patch_00361.png,89.39080905914308,0.9972702264785767,0.65,1.0,1.0,20.150769324915032,0.8144583862296675,,73.38027366020525,98.63723593532698,819,1024,124.12359999871114
sentinel2_patches,original,sentinel2_patch_00362.png,100.0,1.0,1.0,1.0,1.0,16.814392583993097,0.7490075095936254,,73.58903301886792,98.64110186127381,819,1024,123.10900000011316
sentinel2_patches,mixed_regularized,sentinel2_patch_00362.png,100.0,1.0,1.0,1.0,1.0,18.182398343214704,0.7952971732802148,,71.27755568246717,98.59703382021841,819,1024,121.65829999867128
sentinel2_patches,original,sentinel2_patch_00363.png,80.49289464950562,0.9811121225357056,0.375,0.9999204874038696,1.0,19.615739794365766,0.8286576216949613,,72.44112372982666,98.61956862550952,819,1024,124.78420000115875
sentinel2_patches,mixed_regularized,sentinel2_patch_00363.png,94.37500000000001,1.0,0.8125,1.0,1.0,20.60946315194925,0.8589589467394114,,71.29058823529412,98.59729029489908,819,1024,121.519399996032
sentinel2_patches,original,sentinel2_patch_00364.png,79.05488778804911,0.9349278211593628,0.41379310344827586,0.9621990919113159,1.0,17.311915740407457,0.7587821664540911,,70.34202898550724,98.57837481457062,819,1024,127.54290000157198
sentinel2_patches,mixed_regularized,sentinel2_patch_00364.png,90.38910236851923,0.9705085754394531,0.7241379310344828,0.9922310709953308,1.0,19.30499097579163,0.8129267917592169,,69.93659942363112,98.57013350914785,819,1024,127.9080000022077
sentinel2_patches,original,sentinel2_patch_00365.png,82.85714285714288,1.0,0.42857142857142855,1.0,1.0,18.589779546278205,0.799645767388764,,73.18325526932084,98.63356720561293,819,1024,134.20960000075866
sentinel2_patches,mixed_regularized,sentinel2_patch_00365.png,94.64121321269445,0.9646610021591187,0.8857142857142857,0.9741672277450562,1.0,20.15203750419177,0.842811961406495,,70.69966063348416,98.58556605358528,819,1024,129.3431000012788
sentinel2_patches,original,sentinel2_patch_00366.png,76.92307692307693,1.0,0.23076923076923078,1.0,1.0,22.691633360152363,0.8922407969631144,,69.28292971057294,98.55664302277998,819,1024,131.73499999538762
sentinel2_patches,mixed_regularized,sentinel2_patch_00366.png,91.1892405575328,0.9936807155609131,0.7307692307692307,0.9989593029022217,0.9539748953974896,24.592289095421613,0.9126179634601866,,67.76198729058348,98.52424635111173,819,1024,128.7940999973216
sentinel2_patches,original,sentinel2_patch_00367.png,92.69298350488819,0.9658551812171936,0.8333333333333334,0.9732090830802917,0.9594594594594594,22.891093588998025,0.8542762672562193,,67.03210741389375,98.50817759044119,819,1024,128.06759999511996
sentinel2_patches,mixed_regularized,sentinel2_patch_00367.png,97.25490885811885,0.9538531303405762,1.0,0.9651743173599243,0.9797297297297297,24.445253766712334,0.870891593694909,,66.1821325648415,98.48901816661731,819,1024,131.76849999581464
sentinel2_patches,original,sentinel2_patch_00368.png,75.4707124233246,0.9395163655281067,0.3,0.9445028901100159,1.0,21.869915636523597,0.87279437529314,,66.58212560386474,98.49809541084709,819,1024,142.03779999661492
sentinel2_patches,mixed_regularized,sentinel2_patch_00368.png,82.00000000000001,1.0,0.4,1.0,1.0,23.749990626913657,0.8854867853367914,,64.93521790341579,98.46000362778886,819,1024,165.34129999490688
sentinel2_patches,original,sentinel2_patch_00369.png,73.52941176470588,1.0,0.11764705882352941,1.0,1.0,19.75509496214758,0.9011226276296332,,67.55662073097663,98.51976018163757,819,1024,156.21449999889592
sentinel2_patches,mixed_regularized,sentinel2_patch_00369.png,84.11764705882354,1.0,0.47058823529411764,1.0,1.0,22.148241969976535,0.9237415235088209,,66.36374337845791,98.49315311480062,819,1024,201.8806999985827
sentinel2_patches,original,sentinel2_patch_00370.png,77.20000000000002,1.0,0.24,1.0,1.0,19.171964146337697,0.8912297346901945,,71.99225729600953,98.61096173733196,819,1024,254.1934000037145
sentinel2_patches,mixed_regularized,sentinel2_patch_00370.png,82.30834074020386,0.9856574535369873,0.44,0.9841021299362183,1.0,20.52419377841568,0.9025611630331155,,69.99131441806601,98.5712512926577,819,1024,196.5185000008205
sentinel2_patches,original,sentinel2_patch_00371.png,83.04347826086958,1.0,0.43478260869565216,1.0,1.0,19.24397256351234,0.8622114892951084,,72.37989163154727,98.6184008051704,819,1024,149.58459999616025
sentinel2_patches,mixed_regularized,sentinel2_patch_00371.png,88.2608695652174,1.0,0.6086956521739131,1.0,1.0,19.72241916705117,0.8741403770644766,,70.80270906949352,98.58762466416576,819,1024,184.70150000212016
sentinel2_patches,original,sentinel2_patch_00372.png,85.88235294117649,1.0,0.5294117647058824,1.0,1.0,20.763843715765656,0.9048585853633372,,67.79630732578916,98.52499341122727,819,1024,169.54249999980675
sentinel2_patches,mixed_regularized,sentinel2_patch_00372.png,94.70588235294119,1.0,0.8235294117647058,1.0,1.0,20.9912422619438,0.9008044411137506,,66.95882352941176,98.50654484757972,819,1024,129.36050000280375
sentinel2_patches,original,sentinel2_patch_00373.png,74.6520009123046,0.9748135805130005,0.20689655172413793,0.9726280570030212,1.0,19.66856905042568,0.8939891877421594,,68.36695018226003,98.53730494437139,819,1024,154.92649999941932
sentinel2_patches,mixed_regularized,sentinel2_patch_00373.png,85.51724137931036,1.0,0.5172413793103449,1.0,1.0,21.49231673194206,0.9178381540200754,,66.54760496747487,98.49731631891373,819,1024,127.35519999841927
sentinel2_patches,original,sentinel2_patch_00374.png,81.05263157894737,1.0,0.3684210526315789,1.0,1.0,19.00623367731535,0.8897013329467077,,68.79082240762813,98.54631771361247,819,1024,128.26769999810494
sentinel2_patches,mixed_regularized,sentinel2_patch_00374.png,81.05263157894737,1.0,0.3684210526315789,1.0,1.0,20.630814330632298,0.9057373216329719,,68.4644128113879,98.53938716635912,819,1024,126.5787000011187
sentinel2_patches,original,sentinel2_patch_00375.png,97.96875000000003,1.0,1.0,1.0,0.796875,12.45779828448743,0.20048601307029054,,71.58775252525253,98.60311301203757,819,1024,131.69439999910537
sentinel2_patches,mixed_regularized,sentinel2_patch_00375.png,91.16753472222224,1.0,0.7407407407407407,1.0,0.89453125,13.455503374842433,0.30919957033082995,,70.17017326732673,98.57489307288681,819,1024,128.92740000097547
sentinel2_patches,original,sentinel2_patch_00376.png,86.34483218193057,0.9171046018600464,1.0,0.9576417803764343,0.05078125,14.002816793281283,0.3722793383533333,,70.57070386810399,98.58298139994609,819,1024,132.96170000103302
sentinel2_patches,mixed_regularized,sentinel2_patch_00376.png,90.60396634615387,1.0,0.9615384615384616,1.0,0.17578125,14.894098402205353,0.434897275654989,,70.88535031847134,98.58927127325006,819,1024,140.31790000444744
sentinel2_patches,original,sentinel2_patch_00377.png,75.15340089797975,0.9758121371269226,0.20833333333333334,0.9935457706451416,1.0,21.157397807642976,0.9137099301121562,,69.9186943620178,98.56976734316247,819,1024,130.9051999996882
sentinel2_patches,mixed_regularized,sentinel2_patch_00377.png,80.00000000000001,1.0,0.3333333333333333,1.0,1.0,20.976396083520967,0.9096766252858072,,68.85622443015781,98.54769847130622,819,1024,126.00709999969695
sentinel2_patches,original,sentinel2_patch_00378.png,76.00000000000001,1.0,0.2,1.0,1.0,18.90977198904026,0.8637842507393738,,70.86918604651163,98.58894950572214,819,1024,137.81469999958063
sentinel2_patches,mixed_regularized,sentinel2_patch_00378.png,77.20000000000002,1.0,0.24,1.0,1.0,20.32344867154481,0.8832213232952452,,69.73398169336384,98.5659789162804,819,1024,125.96489999850746
sentinel2_patches,original,sentinel2_patch_00379.png,75.44930524826053,0.9937326312065125,0.25,1.0,0.82,23.131719223755137,0.8795815355966314,,67.00940070505288,98.5076720736519,819,1024,127.56249999802094
sentinel2_patches,mixed_regularized,sentinel2_patch_00379.png,81.25000000000001,1.0,0.375,1.0,1.0,21.662632650460296,0.8564950303929537,,65.73487031700289,98.478737395879,819,1024,125.20850000146311
sentinel2_patches,original,sentinel2_patch_00380.png,90.26859504132233,1.0,0.75,1.0,0.7768595041322314,22.67782770236954,0.8196583498369556,,67.24697336561744,98.51294422640694,819,1024,128.718599997228
sentinel2_patches,mixed_regularized,sentinel2_patch_00380.png,93.12809917355374,1.0,0.95,1.0,0.4628099173553719,24.072909878360296,0.818838086206363,,65.8908659549229,98.48233896230153,819,1024,136.87629999913042
sentinel2_patches,original,sentinel2_patch_00381.png,77.43138463156565,0.8550729155540466,0.625,0.8417805433273315,0.7642857142857142,21.829051200956467,0.8860208279431843,,68.9166163141994,98.54897112847085,819,1024,126.634300002479
sentinel2_patches,mixed_regularized,sentinel2_patch_00381.png,92.50000000000001,1.0,0.75,1.0,1.0,23.18385064609767,0.8931138937785037,,67.36975782634377,98.51565445347502,819,1024,131.1035999970045
sentinel2_patches,original,sentinel2_patch_00382.png,82.85714285714288,1.0,0.42857142857142855,1.0,1.0,20.417607996473443,0.9154364179512492,,71.68700906344411,98.60504711653546,819,1024,129.2874999999185
sentinel2_patches,mixed_regularized,sentinel2_patch_00382.png,89.2857142857143,1.0,0.6428571428571429,1.0,1.0,21.667321180352527,0.9251874916428627,,69.95400943396227,98.57048937138619,819,1024,141.05990000098245
sentinel2_patches,original,sentinel2_patch_00383.png,83.12500000000001,1.0,0.6666666666666666,1.0,0.3125,10.346708262887498,0.14941352255696946,,71.68999386126458,98.60510519510545,819,1024,142.09139999729814
sentinel2_patches,mixed_regularized,sentinel2_patch_00383.png,76.5696022727273,1.0,0.24242424242424243,1.0,0.9296875,11.238477461170422,0.2730816395142761,,70.35120481927711,98.57856023565074,819,1024,132.49990000622347
sentinel2_patches,original,sentinel2_patch_00384.png,92.96875000000003,1.0,1.0,1.0,0.296875,10.891481212938494,0.1004163047479199,,70.9698302954117,98.59095055485196,819,1024,132.18610000330955
sentinel2_patches,mixed_regularized,sentinel2_patch_00384.png,89.73958333333336,1.0,0.7777777777777778,1.0,0.640625,11.721071273495848,0.19455974259293862,,71.01446540880504,98.59183619246676,819,1024,132.23789999756264
sentinel2_patches,original,sentinel2_patch_00385.png,83.20000000000002,1.0,0.44,1.0,1.0,21.232794477540327,0.8796700298529617,,68.18165989553106,98.53332992841152,819,1024,129.02179999946384
sentinel2_patches,mixed_regularized,sentinel2_patch_00385.png,89.20000000000002,1.0,0.64,1.0,1.0,20.806548038585465,0.8819117887112218,,66.86226522481502,98.50438809298842,819,1024,126.26630000158912
sentinel2_patches,original,sentinel2_patch_00386.png,76.751087029775,0.9363327026367188,0.4,0.948222279548645,0.8333333333333334,22.270444240121584,0.8571787980298011,,67.38209479227619,98.51592622182083,819,1024,133.9769999976852
sentinel2_patches,mixed_regularized,sentinel2_patch_00386.png,82.09779468146705,0.9985470175743103,0.45,1.0,0.8655913978494624,22.11429342928982,0.8672658449947317,,66.33410138248848,98.49247976657752,819,1024,155.93280000030063
sentinel2_patches,original,sentinel2_patch_00387.png,91.11111111111111,1.0,0.7037037037037037,1.0,1.0,24.419158321738085,0.887391465083233,,66.01264298615293,98.4851386722847,819,1024,128.75889999850187
sentinel2_patches,mixed_regularized,sentinel2_patch_00387.png,80.83091787439616,1.0,0.4074074074074074,1.0,0.8608695652173913,25.760152014079463,0.8822296079997346,,65.0338078291815,98.46233823086816,819,1024,134.55419999809237
sentinel2_patches,original,sentinel2_patch_00388.png,84.75903614457833,1.0,0.5,1.0,0.9759036144578314,22.59466146211723,0.9042958355353984,,64.31683168316832,98.44519704433498,819,1024,131.0691999970004
sentinel2_patches,mixed_regularized,sentinel2_patch_00388.png,92.50000000000001,1.0,0.75,1.0,1.0,22.624411093886803,0.8925693546591216,,63.61290322580645,98.42799188640974,819,1024,126.09499999962281
sentinel2_patches,original,sentinel2_patch_00389.png,76.66666666666669,1.0,0.2222222222222222,1.0,1.0,20.110855292617895,0.9037767927777842,,67.72823529411765,98.52351091733398,819,1024,129.2373000032967
sentinel2_patches,mixed_regularized,sentinel2_patch_00389.png,82.22222222222224,1.0,0.4074074074074074,1.0,1.0,21.98665319983791,0.9212923510175139,,66.63078703703704,98.49919227361949,819,1024,123.58479999966221
sentinel2_patches,original,sentinel2_patch_00390.png,76.20689655172414,1.0,0.20689655172413793,1.0,1.0,19.808825507548576,0.9030306846341485,,69.84266984505363,98.56821051913035,819,1024,284.66779999871505
sentinel2_patches,mixed_regularized,sentinel2_patch_00390.png,76.34328998368363,0.9475871324539185,0.3103448275862069,0.9564729928970337,1.0,21.557355462000395,0.91743504506886,,67.58708189158016,98.5204273183385,819,1024,187.16310000309022
sentinel2_patches,original,sentinel2_patch_00391.png,77.5349866260182,0.8992550373077393,0.45454545454545453,0.9003273248672485,0.9921875,20.49065503443496,0.9175702134432687,,67.49146556798117,98.51833118219555,819,1024,149.89950000017416
sentinel2_patches,mixed_regularized,sentinel2_patch_00391.png,89.09090909090911,1.0,0.6363636363636364,1.0,1.0,21.69289001288005,0.9276228958163489,,65.97698504027618,98.48431994976804,819,1024,127.445500002068
sentinel2_patches,original,sentinel2_patch_00392.png,72.52267956733705,0.8973234295845032,0.3333333333333333,0.8998464941978455,0.86328125,20.547981104582448,0.9270495172387709,,66.90504103165298,98.50534431400035,819,1024,135.92290000087814
sentinel2_patches,mixed_regularized,sentinel2_patch_00392.png,73.43757224082947,0.8670027256011963,0.4,0.8691231608390808,0.9375,21.08573424862429,0.9264366015420107,,65.67318757192174,98.47730856842473,819,1024,128.921999996237
sentinel2_patches,original,sentinel2_patch_00393.png,80.3846153846154,1.0,0.34615384615384615,1.0,1.0,21.426775947644643,0.8782170175073207,,69.59400705052879,98.56309466521456,819,1024,135.66590000118595
sentinel2_patches,mixed_regularized,sentinel2_patch_00393.png,87.30769230769232,1.0,0.5769230769230769,1.0,1.0,21.806906911246486,0.8786311512239302,,67.99598163030998,98.5293248571115,819,1024,129.26840000000084
sentinel2_patches,original,sentinel2_patch_00394.png,82.00000000000001,1.0,0.4,1.0,1.0,21.042360922422784,0.8920899925144148,,67.69413813116657,98.5227672179497,819,1024,134.44959999469575
sentinel2_patches,mixed_regularized,sentinel2_patch_00394.png,88.00000000000001,1.0,0.6,1.0,1.0,21.941612831223708,0.8972440082642922,,66.87901376146789,98.50476263964265,819,1024,129.60219999513356
sentinel2_patches,original,sentinel2_patch_00395.png,76.00000000000001,1.0,0.2,1.0,1.0,22.10627588757601,0.9096221943605505,,66.71320093457943,98.50104629070245,819,1024,133.63200000458164
sentinel2_patches,mixed_regularized,sentinel2_patch_00395.png,85.00000000000001,1.0,0.5,1.0,1.0,22.115622074323777,0.9151793740213419,,65.30188679245283,98.4686506789945,819,1024,138.88869999937015
sentinel2_patches,original,sentinel2_patch_00396.png,78.1818181818182,1.0,0.2727272727272727,1.0,1.0,21.943887819442708,0.9077479655496948,,65.15720022948939,98.46525020031875,819,1024,151.79189999616938
sentinel2_patches,mixed_regularized,sentinel2_patch_00396.png,81.81818181818184,1.0,0.3939393939393939,1.0,1.0,22.431127701078687,0.9076574934345383,,63.76698483997754,98.43179036532857,819,1024,131.10929999675136
sentinel2_patches,original,sentinel2_patch_00397.png,74.83870967741937,1.0,0.16129032258064516,1.0,1.0,20.71921335535223,0.9018917292050285,,67.17112922002329,98.51126516464471,819,1024,130.73820000136038
sentinel2_patches,mixed_regularized,sentinel2_patch_00397.png,79.67741935483872,1.0,0.3225806451612903,1.0,1.0,21.41016882184118,0.9040216341098712,,66.13180515759312,98.48786828422877,819,1024,130.53190000209725
sentinel2_patches,original,sentinel2_patch_00398.png,77.50000000000001,1.0,0.25,1.0,1.0,21.944463398131283,0.9138312319739765,,67.64422483014206,98.52167719785237,819,1024,123.44950000260724
sentinel2_patches,mixed_regularized,sentinel2_patch_00398.png,78.95706176757812,0.9099897742271423,0.4583333333333333,0.9403735399246216,1.0,22.707223116810553,0.9199803656357932,,65.61773517076094,98.47602176850872,819,1024,127.7196000010008
sentinel2_patches,original,sentinel2_patch_00399.png,73.16628857092425,0.7890048027038574,0.5909090909090909,0.8075775504112244,0.7727272727272727,22.206978410050056,0.8604994965753463,,66.10135135135135,98.48717162424614,819,1024,126.71879999834346
sentinel2_patches,mixed_regularized,sentinel2_patch_00399.png,85.40634276650171,0.8995868563652039,0.7272727272727273,0.907507061958313,0.9454545454545454,23.501288298066896,0.8723666398422288,,64.32337118947997,98.44535511508833,819,1024,129.5559999998659
sentinel2_patches,original,sentinel2_patch_00400.png,60.27390947708717,0.6400163769721985,0.6153846153846154,0.6523826718330383,0.31640625,19.26322938589138,0.7518610686299142,,68.66186107470512,98.54358739430033,819,1024,121.10449999454431
sentinel2_patches,mixed_regularized,sentinel2_patch_00400.png,70.84498854783867,0.6731626987457275,0.8461538461538461,0.6864588856697083,0.48046875,20.898072314452225,0.8207000014988741,,67.46812620734063,98.51781862604744,819,1024,119.23109999770531
sentinel2_patches,original,sentinel2_patch_00401.png,79.72696593467225,0.7539692521095276,1.0,0.765643835067749,0.425531914893617,24.132448829258063,0.8321728219058189,,66.28125,98.49127769919849,819,1024,126.45709999924293
sentinel2_patches,mixed_regularized,sentinel2_patch_00401.png,79.62585010427112,0.7698256373405457,1.0,0.7820667624473572,0.3191489361702128,27.25721285144621,0.8695526858814845,,65.46296296296296,98.47241867043847,819,1024,140.43749999837019
sentinel2_patches,original,sentinel2_patch_00402.png,88.63994846343995,0.8524152636528015,1.0,0.847166895866394,0.76,21.283212670631507,0.7487891313244741,,69.17703045685279,98.55443346816728,819,1024,134.929200001352
sentinel2_patches,mixed_regularized,sentinel2_patch_00402.png,94.76708183288576,0.9528544545173645,1.0,0.9526451826095581,0.76,25.913638554287385,0.8497893614368931,,69.66325878594249,98.56452308228539,819,1024,133.000699999684
sentinel2_patches,original,sentinel2_patch_00403.png,57.69020720062969,0.859157919883728,0.0,0.862456202507019,0.6074766355140186,21.64191233247971,0.736789329873892,,68.49937578027466,98.54013268207335,819,1024,124.91690000024391
sentinel2_patches,mixed_regularized,sentinel2_patch_00403.png,41.71209740861555,0.6346643567085266,0.0,0.6480518579483032,0.3364485981308411,23.716938512678205,0.795262654436937,,67.65474722564736,98.52190712254865,819,1024,125.87389999680454
sentinel2_patches,original,sentinel2_patch_00404.png,50.18805349810741,0.7717801928520203,0.0,0.7888759970664978,0.3539325842696629,24.441536155554992,0.7512035697979014,,67.22690638561686,98.51250034582291,819,1024,124.96980000287294
sentinel2_patches,mixed_regularized,sentinel2_patch_00404.png,54.962965102677956,0.8372606039047241,0.0,0.8545259237289429,0.43820224719101125,28.452997492608432,0.7719386790373973,,66.24129505192425,98.49036767892878,819,1024,122.61120000039227
sentinel2_patches,original,sentinel2_patch_00405.png,58.250204519349715,0.8753500580787659,0.0,0.8914019465446472,0.5408163265306123,25.821393438637074,0.7582143809354999,,66.46765249537893,98.49550877388137,819,1024,123.14499999774853
sentinel2_patches,mixed_regularized,sentinel2_patch_00405.png,66.83925137227898,0.9456708431243896,0.0,0.965927004814148,0.9693877551020408,27.49913913845625,0.7728818481948924,,65.3403997577226,98.46955328754044,819,1024,127.75759999931324
sentinel2_patches,original,sentinel2_patch_00406.png,77.14353701535394,0.7991503477096558,0.8823529411764706,0.8133467435836792,0.244,26.584440236196297,0.7968914175670303,,67.0584126984127,98.50876279386841,819,1024,126.91300000005867
sentinel2_patches,mixed_regularized,sentinel2_patch_00406.png,80.24304463779227,0.8482948541641235,0.8235294117647058,0.8562684059143066,0.448,28.511807625608945,0.8031962492163771,,67.01586294416244,98.50781597659469,819,1024,123.65769999451004
sentinel2_patches,original,sentinel2_patch_00407.png,77.37206419308981,0.7256894707679749,1.0,0.7505576014518738,0.3333333333333333,26.066191507494576,0.8146415508468824,,68.91036236490783,98.54883944056976,819,1024,158.08100000140257
sentinel2_patches,mixed_regularized,sentinel2_patch_00407.png,67.88090106212734,0.6084521412849426,1.0,0.6165347099304199,0.12121212121212122,27.795555058956182,0.8237624918496912,,68.045197740113,98.53038857522418,819,1024,127.76219999796012
sentinel2_patches,original,sentinel2_patch_00408.png,75.2462863354456,0.6738258600234985,1.0,0.7122816443443298,0.40476190476190477,24.961824908196814,0.8003255000043457,,68.77035236938032,98.54588501360472,819,1024,125.6063999971957
sentinel2_patches,mixed_regularized,sentinel2_patch_00408.png,64.04229595547632,0.5231682062149048,1.0,0.5367307662963867,0.23809523809523808,25.51351443073832,0.8324851873316614,,67.62007168458781,98.52114915721404,819,1024,130.91179999901215
sentinel2_patches,original,sentinel2_patch_00409.png,39.48817565728026,0.6115267872810364,0.0,0.6289485692977905,0.24481327800829875,23.720396133868476,0.8087847090751099,,66.83782201405153,98.50384113385716,819,1024,124.05330000183312
sentinel2_patches,mixed_regularized,sentinel2_patch_00409.png,41.19713141215789,0.6451389193534851,0.0,0.6554708480834961,0.22821576763485477,26.806818073047193,0.8375177193886025,,66.4487776484284,98.49508142152612,819,1024,124.57160000485601
sentinel2_patches,original,sentinel2_patch_00410.png,51.72766144379326,0.7617802023887634,0.0,0.7976052761077881,0.5304347826086957,23.36096037658831,0.8264123184387504,,67.29964953271028,98.51410816112207,819,1024,143.59279999916907
sentinel2_patches,mixed_regularized,sentinel2_patch_00410.png,45.90900793282883,0.6782951354980469,0.0,0.7084253430366516,0.4608695652173913,25.732910441196417,0.8570713519802309,,67.02559627690518,98.5080326687902,819,1024,128.51260000024922
sentinel2_patches,original,sentinel2_patch_00411.png,74.9470303853353,0.7066996097564697,1.0,0.7172856330871582,0.23333333333333334,22.5446860610555,0.8002956351794333,,67.15708101422388,98.51095374471652,819,1024,644.1025000021909
sentinel2_patches,mixed_regularized,sentinel2_patch_00411.png,74.61075592041017,0.6897448301315308,1.0,0.7010481357574463,0.3,25.552083109018277,0.8575722171158091,,66.90881084411583,98.50542852670061,819,1024,137.77549999940675
sentinel2_patches,original,sentinel2_patch_00412.png,97.3875805659172,0.9556208252906799,1.0,0.9645476341247559,0.9871794871794872,22.97967075133911,0.7944026740590688,,67.74179292929293,98.52380641734155,819,1024,150.77409999503288
sentinel2_patches,mixed_regularized,sentinel2_patch_00412.png,86.22018976089282,0.8141899108886719,1.0,0.8236553072929382,0.717948717948718,26.636751424160284,0.8508810329996559,,67.48616352201257,98.518214774983,819,1024,131.51949999883072
sentinel2_patches,original,sentinel2_patch_00413.png,89.04609505335492,0.8654943108558655,1.0,0.8754827976226807,0.6916666666666667,24.313710614343165,0.8090789079180877,,66.264,98.49088494506822,819,1024,129.05870000395225
sentinel2_patches,mixed_regularized,sentinel2_patch_00413.png,81.3038517634074,0.7660898566246033,1.0,0.7746795415878296,0.5166666666666667,27.09640080904432,0.8359412928160884,,66.02023298589822,98.48531282794231,819,1024,131.3910000026226
sentinel2_patches,original,sentinel2_patch_00414.png,77.5195121765137,0.6984419226646423,1.0,0.7290917634963989,0.5,24.719229175569637,0.7873402968391487,,65.18844984802432,98.46598591877652,819,1024,131.96670000615995
sentinel2_patches,mixed_regularized,sentinel2_patch_00414.png,72.48367428779603,0.6434988379478455,1.0,0.6496860384941101,0.375,27.369607660375443,0.822676642793414,,65.30755176613886,98.46878351284562,819,1024,130.1573000018834
sentinel2_patches,original,sentinel2_patch_00415.png,79.06120684411792,0.7335823774337769,1.0,0.7636733651161194,0.4444444444444444,26.44250487957684,0.8474589829666883,,67.4594249201278,98.51762744615151,819,1024,136.3670999999158
sentinel2_patches,mixed_regularized,sentinel2_patch_00415.png,63.21498539712695,0.5603251457214355,0.8333333333333334,0.5678767561912537,0.4444444444444444,28.695592365870223,0.8710053866744906,,66.39874213836478,98.49394737340633,819,1024,124.32889999763574
sentinel2_patches,original,sentinel2_patch_00416.png,48.91742147408523,0.40775972604751587,0.7272727272727273,0.4322996735572815,0.21428571428571427,26.351718746596116,0.8475581777018384,,68.724818959842,98.54492159435978,819,1024,125.70349999441532
sentinel2_patches,mixed_regularized,sentinel2_patch_00416.png,28.187674593615846,0.300992488861084,0.2727272727272727,0.30902212858200073,0.17857142857142858,25.86591804202167,0.8610683115441212,,67.56828478964401,98.5200157098656,819,1024,126.34409999736818
sentinel2_patches,original,sentinel2_patch_00417.png,60.82369403044383,0.4604850709438324,1.0,0.48688122630119324,0.26666666666666666,24.619730395669524,0.7739065026331302,,70.2970684039088,98.57746557188665,819,1024,125.77179999789223
sentinel2_patches,mixed_regularized,sentinel2_patch_00417.png,70.34177501996359,0.6141980290412903,1.0,0.6220260262489319,0.3333333333333333,25.041700647023188,0.7931501871088434,,68.64249363867684,98.5431764684077,819,1024,126.61159999697702
sentinel2_patches,original,sentinel2_patch_00418.png,57.452931141449234,0.4331803321838379,1.0,0.45543843507766724,0.1016949152542373,23.678577156481744,0.7804601199784793,,68.6441525953721,98.54321167617208,819,1024,128.90989999868907
sentinel2_patches,mixed_regularized,sentinel2_patch_00418.png,62.5822918472119,0.6047796010971069,0.8235294117647058,0.6079900860786438,0.15254237288135594,23.64980251876622,0.7953190787546044,,67.05070250458155,98.50859131575591,819,1024,128.0137000067043
sentinel2_patches,original,sentinel2_patch_00419.png,39.47697401046753,0.6255900263786316,0.0,0.6484498977661133,0.1484375,23.61263198551381,0.7838228464947034,,66.01029055690073,98.48508468670047,819,1024,130.03690000186907
sentinel2_patches,mixed_regularized,sentinel2_patch_00419.png,36.97487354278565,0.5845310091972351,0.0,0.595697283744812,0.16796875,27.774549702978923,0.819923818413863,,65.33792690233673,98.46949536446918,819,1024,131.1061999949743
sentinel2_patches,original,sentinel2_patch_00420.png,30.016980767250068,0.4819463789463043,0.0,0.4900812804698944,0.09375,23.52643421198738,0.7861432403404962,,67.08828939301043,98.50942689246122,819,1024,133.92780000140192
sentinel2_patches,mixed_regularized,sentinel2_patch_00420.png,43.06377649307252,0.695547342300415,0.0,0.7035003900527954,0.1171875,27.269481011689287,0.8006365649415117,,65.20917759237187,98.4664735288473,819,1024,138.6117000001832
sentinel2_patches,original,sentinel2_patch_00421.png,81.24112327575685,0.750352144241333,1.0,0.7573518753051758,0.608,23.45775940297056,0.8122235096444185,,65.60536159600997,98.4757343368399,819,1024,130.54659999761498
sentinel2_patches,mixed_regularized,sentinel2_patch_00421.png,94.07564163208009,0.8968809843063354,1.0,0.910020112991333,1.0,25.040986571851217,0.847632712077348,,64.9574074074074,98.46052969182085,819,1024,129.31350000144448
sentinel2_patches,original,sentinel2_patch_00422.png,84.9791338728435,0.7865411043167114,1.0,0.8027401566505432,0.746268656716418,25.036030665979556,0.8230540578284553,,64.66936488169365,98.45367276788724,819,1024,128.53999999788357
sentinel2_patches,mixed_regularized,sentinel2_patch_00422.png,95.76399675056119,0.9379727244377136,1.0,0.9532991647720337,0.917910447761194,28.623922215495355,0.8473291540494837,,64.70965732087227,98.45463561174284,819,1024,126.76649999775691
sentinel2_patches,original,sentinel2_patch_00423.png,85.9575184604578,0.7994902729988098,1.0,0.8129304647445679,0.7719298245614035,22.72669650911423,0.7728231571644091,,65.25639426076107,98.46758312142707,819,1024,137.4539999960689
sentinel2_patches,mixed_regularized,sentinel2_patch_00423.png,77.8862453970993,0.7049667239189148,1.0,0.7168349623680115,0.5350877192982456,25.428607023716296,0.8200779117912972,,64.21485573971762,98.44272795059557,819,1024,129.22470000194153
sentinel2_patches,original,sentinel2_patch_00424.png,69.18798353936938,0.5718479752540588,1.0,0.5934810042381287,0.4444444444444444,23.2641256216308,0.8005615483251237,,66.71563088512241,98.50110088635465,819,1024,138.16310000402154
sentinel2_patches,mixed_regularized,sentinel2_patch_00424.png,71.22159865167407,0.6067013144493103,1.0,0.6254550814628601,0.4444444444444444,23.774791859665214,0.8247707352942902,,65.24125230202579,98.46722746005759,819,1024,129.7192999991239
sentinel2_patches,original,sentinel2_patch_00425.png,67.6277198791504,0.5120807886123657,1.0,0.5322244167327881,0.65,23.081281136634416,0.8246053874823167,,69.17974683544304,98.55449022908586,819,1024,132.42059999902267
sentinel2_patches,mixed_regularized,sentinel2_patch_00425.png,64.67687809467317,0.4657619893550873,1.0,0.4773199260234833,0.65,24.309295112447302,0.8588713348516304,,68.27232979387882,98.53527775744712,819,1024,127.86059999780264
sentinel2_patches,original,sentinel2_patch_00426.png,69.44121586649042,0.5335792303085327,1.0,0.5627970695495605,0.6842105263157895,23.296614001872513,0.8269616211274237,,70.22507836990596,98.57600728512888,819,1024,129.55700000020443
sentinel2_patches,mixed_regularized,sentinel2_patch_00426.png,66.18156972684359,0.5019990801811218,1.0,0.5156066417694092,0.5789473684210527,26.71800799355389,0.8576313591692987,,68.33984136668701,98.53672472747725,819,1024,125.52380000124685
sentinel2_patches,original,sentinel2_patch_00427.png,53.14953804016114,0.36810484528541565,1.0,0.38025158643722534,0.08203125,21.204628549696388,0.7324255939990731,,67.33210332103322,98.51482435468844,819,1024,126.2057999992976
sentinel2_patches,mixed_regularized,sentinel2_patch_00427.png,61.73887133598328,0.5096006393432617,1.0,0.5169610381126404,0.1015625,25.268985914928347,0.7752984467223513,,67.16687116564417,98.51117078606529,819,1024,123.75939999765251
sentinel2_patches,original,sentinel2_patch_00428.png,64.38356724450755,0.5327001214027405,1.0,0.544475793838501,0.2186046511627907,20.3839323014575,0.6768701253354308,,65.96141879278159,98.48396226415095,819,1024,127.95960000221385
sentinel2_patches,mixed_regularized,sentinel2_patch_00428.png,79.24031114023788,0.7392811179161072,1.0,0.7578719258308411,0.4511627906976744,23.74185321022621,0.7341588674572131,,64.99080318822809,98.46132075471698,819,1024,125.61330000607995
sentinel2_patches,original,sentinel2_patch_00429.png,54.79198622292486,0.4527232348918915,0.896551724137931,0.46979400515556335,0.0390625,20.847496035024626,0.7497526614475274,,66.89069331667707,98.50502371792477,819,1024,131.16879999870434
sentinel2_patches,mixed_regularized,sentinel2_patch_00429.png,57.30773905227925,0.5255782604217529,0.8275862068965517,0.5376948714256287,0.0703125,21.943030763088395,0.7845879535670863,,64.43561973525873,98.44806334740224,819,1024,124.75999999878695
sentinel2_patches,original,sentinel2_patch_00430.png,41.61903173759067,0.3075334131717682,0.7586206896551724,0.3142818510532379,0.02734375,20.104942484000922,0.7531148882062433,,67.56856606136506,98.52002187068494,819,1024,130.94370000180788
sentinel2_patches,mixed_regularized,sentinel2_patch_00430.png,60.28313875198366,0.49396786093711853,1.0,0.5008305907249451,0.05078125,23.02387781915325,0.8148882125775433,,65.12190706095353,98.46441843439257,819,1024,159.71469999931287
sentinel2_patches,original,sentinel2_patch_00431.png,75.87424301086588,0.7317590713500977,1.0,0.7344493269920349,0.19148936170212766,24.023267358920126,0.8128799835687115,,63.446270543615675,98.42386322878892,819,1024,131.33110000489978
sentinel2_patches,mixed_regularized,sentinel2_patch_00431.png,70.82878465348104,0.6443301439285278,1.0,0.649055540561676,0.2074468085106383,27.582477951568475,0.8544134249886591,,62.96863237139272,98.41190770334356,819,1024,129.45010000112234
sentinel2_patches,original,sentinel2_patch_00432.png,88.64864864864866,1.0,0.6216216216216216,1.0,1.0,20.009195298861226,0.8899941087411267,,74.72838002436053,98.66182031555614,819,1024,141.07140000123763
sentinel2_patches,mixed_regularized,sentinel2_patch_00432.png,90.27027027027029,1.0,0.6756756756756757,1.0,1.0,20.568675933190434,0.8927165364950334,,72.263839811543,98.61618203155561,819,1024,144.88060000439873
sentinel2_patches,original,sentinel2_patch_00433.png,89.39075804525807,0.9780556559562683,0.7419354838709677,0.9005233645439148,1.0,20.168147258487515,0.8742380342262692,,80.20792722547108,98.75324044069993,819,1024,152.3684999992838
sentinel2_patches,mixed_regularized,sentinel2_patch_00433.png,100.0,1.0,1.0,1.0,1.0,20.333709432334473,0.8695628172790113,,77.34335839598998,98.70706416072585,819,1024,141.33849999780068
sentinel2_patches,original,sentinel2_patch_00434.png,91.09646865299771,1.0,0.7142857142857143,0.9833948612213135,1.0,20.23596553895715,0.873588958993545,,82.18964401294498,98.7833017018026,819,1024,158.4182999940822
sentinel2_patches,mixed_regularized,sentinel2_patch_00434.png,100.0,1.0,1.0,1.0,1.0,21.023356075662036,0.8817845447478563,,79.21584529008109,98.73762629643338,819,1024,131.86359999963315
sentinel2_patches,original,sentinel2_patch_00435.png,60.08337767922172,0.6475489735603333,0.5806451612903226,0.662943959236145,0.3503184713375796,19.606573971722188,0.8182233035808317,,79.96,98.74937468734367,819,1024,134.57390000257874
sentinel2_patches,mixed_regularized,sentinel2_patch_00435.png,83.45280279975078,0.8542378544807434,0.8387096774193549,0.8653355836868286,0.6815286624203821,20.34020210334444,0.8320709450072388,,77.63106796116504,98.71185592796398,819,1024,144.81260000320617
sentinel2_patches,original,sentinel2_patch_00436.png,60.02913030418191,0.7680221199989319,0.35135135135135137,0.7606508731842041,0.35546875,18.267420781460345,0.7334531410918038,,77.17153284671532,98.70418538661622,819,1024,131.52290000289213
sentinel2_patches,mixed_regularized,sentinel2_patch_00436.png,62.48022933264037,0.6038181185722351,0.8108108108108109,0.5888308882713318,0.22265625,19.40208091954615,0.7540591945625297,,75.87918660287082,98.68211555135179,819,1024,127.07569999474799
sentinel2_patches,original,sentinel2_patch_00437.png,78.43633747869924,0.8537127375602722,0.7419354838709677,0.8612537980079651,0.48046875,18.607281919293857,0.7653244520641308,,76.15712545676004,98.68692522990804,819,1024,129.0854999970179
sentinel2_patches,mixed_regularized,sentinel2_patch_00437.png,79.72899771505789,0.8558034300804138,0.7419354838709677,0.861158549785614,0.6015625,19.33687415337728,0.7758007770019132,,74.70131421744325,98.66133546581366,819,1024,128.57430000440218
sentinel2_patches,original,sentinel2_patch_00438.png,69.01186159005749,0.761123776435852,0.625,0.7714779376983643,0.43873517786561267,19.18940053526257,0.8161297900702192,,73.68468468468468,98.64286587602396,819,1024,123.43690000125207
sentinel2_patches,mixed_regularized,sentinel2_patch_00438.png,78.5842663968505,0.8380765914916992,0.75,0.8474277257919312,0.5612648221343873,20.004880725750596,0.8370652875579803,,71.99823943661971,98.6110771487957,819,1024,127.60159999743337
sentinel2_patches,original,sentinel2_patch_00439.png,73.96607526499942,0.7418836951255798,0.8095238095238095,0.7337217330932617,0.5330578512396694,19.209319486276396,0.8480616646265359,,74.73074626865672,98.6618626871395,819,1024,133.94870000047376
sentinel2_patches,mixed_regularized,sentinel2_patch_00439.png,89.02131715800434,0.9172280430793762,0.9047619047619048,0.9061611294746399,0.7066115702479339,20.14082645888534,0.8673229923520106,,73.4158357771261,98.63789604870021,819,1024,133.17860000097426
sentinel2_patches,original,sentinel2_patch_00440.png,71.9445009067141,0.80389004945755,0.5862068965517241,0.8171658515930176,0.5859375,18.737667520971264,0.851702665534801,,74.5534991324465,98.65868133402637,819,1024,133.25179999810643
sentinel2_patches,mixed_regularized,sentinel2_patch_00440.png,82.57595736404947,0.9246714115142822,0.6551724137931034,0.9256026744842529,0.7421875,19.269402071108924,0.8591300368296819,,73.57477168949772,98.64083845992722,819,1024,131.83079999726033
sentinel2_patches,original,sentinel2_patch_00441.png,73.07400533131192,0.760961651802063,0.7142857142857143,0.769332766532898,0.58203125,18.375062871781328,0.8327908580191431,,75.98182883939039,98.68389585342334,819,1024,144.98099999764236
sentinel2_patches,mixed_regularized,sentinel2_patch_00441.png,92.37543041365488,0.9243450164794922,0.9714285714285714,0.9008292555809021,0.82421875,18.21072034763908,0.8188432850298123,,74.62579159470351,98.65998071359692,819,1024,133.52259999373928
sentinel2_patches,original,sentinel2_patch_00442.png,81.69581413269043,0.7569582462310791,1.0,0.7564210891723633,0.62890625,17.481397652999455,0.8086384978193736,,76.9649018441404,98.70070645704834,819,1024,131.3752000060049
sentinel2_patches,mixed_regularized,sentinel2_patch_00442.png,99.16485309600831,0.9873891472816467,1.0,0.9834643602371216,1.0,17.633728696561676,0.7983986654487161,,75.4830805134189,98.67519980213018,819,1024,131.87140000081854
sentinel2_patches,original,sentinel2_patch_00443.png,82.06477428541479,0.8432692289352417,0.7586206896551724,0.8075650334358215,0.9424083769633508,19.69957269756104,0.8700383764495422,,79.66985340981518,98.74482008287868,819,1024,137.30500000383472
sentinel2_patches,mixed_regularized,sentinel2_patch_00443.png,100.0,1.0,1.0,1.0,1.0,20.104405091259693,0.8732386147739364,,76.50061199510404,98.69282091486537,819,1024,138.32779999938793
sentinel2_patches,original,sentinel2_patch_00444.png,69.9899845625225,0.7709644436836243,0.5625,0.7506624460220337,0.7263157894736842,20.25982846374085,0.866003888533785,,81.58658854166667,98.77430835401422,819,1024,134.43810000171652
sentinel2_patches,mixed_regularized,sentinel2_patch_00444.png,75.72138629461591,0.7714126706123352,0.8125,0.7481781840324402,0.5526315789473685,21.236419636782003,0.8772356237867585,,79.01450189155108,98.73440953741313,819,1024,137.9499999966356
sentinel2_patches,original,sentinel2_patch_00445.png,84.39117574441559,0.8810220956802368,0.8260869565217391,0.8563151955604553,0.7241379310344828,19.7490692702543,0.8408745154253718,,77.58790869833436,98.7111393814105,819,1024,135.58280000142986
sentinel2_patches,mixed_regularized,sentinel2_patch_00445.png,98.53969573974611,0.9827842712402344,1.0,0.9614162445068359,1.0,20.57328015545962,0.8517779794848428,,75.31137724550898,98.6721793750497,819,1024,131.15639999887208
sentinel2_patches,original,sentinel2_patch_00446.png,79.57058859055162,0.9103355407714844,0.6086956521739131,0.8840553760528564,0.7215189873417721,18.650599922398868,0.7785104070745777,,73.49735760422783,98.63940686767972,819,1024,152.35150000080466
sentinel2_patches,mixed_regularized,sentinel2_patch_00446.png,94.78260869565219,1.0,0.8260869565217391,1.0,1.0,19.42690506854218,0.7887239654951707,,72.60208816705337,98.6226291484908,819,1024,131.88850000005914
sentinel2_patches,original,sentinel2_patch_00447.png,69.65065660147833,0.8306920528411865,0.5172413793103449,0.8167710304260254,0.45703125,20.347229786842824,0.8529088256044406,,71.81818181818181,98.60759493670886,819,1024,129.9931000030483
sentinel2_patches,mixed_regularized,sentinel2_patch_00447.png,88.62068965517243,1.0,0.6206896551724138,1.0,1.0,20.475832463686775,0.855529525045557,,71.06790481717934,98.59289505920785,819,1024,125.68969999847468
sentinel2_patches,original,sentinel2_patch_00448.png,88.62756354640229,1.0,0.7037037037037037,0.9818832278251648,0.7878787878787878,20.51510902347458,0.8552982454576298,,70.34704519119352,98.57847618576994,819,1024,128.13209999876563
sentinel2_patches,mixed_regularized,sentinel2_patch_00448.png,74.97190684983227,0.8427565693855286,0.6296296296296297,0.8282337188720703,0.5808080808080808,20.89152024819706,0.8681549624644131,,70.06289671090595,98.57271102545731,819,1024,126.52870000601979
sentinel2_patches,original,sentinel2_patch_00449.png,91.11111111111111,1.0,0.7037037037037037,1.0,1.0,19.859117007871102,0.8401726050610406,,72.92919836161498,98.62880708623511,819,1024,126.15460000233725
sentinel2_patches,mixed_regularized,sentinel2_patch_00449.png,93.33333333333334,1.0,0.7777777777777778,1.0,1.0,20.30133452238744,0.8483943561754711,,70.77569562748438,98.58708559324754,819,1024,127.8392000021995
sentinel2_patches,original,sentinel2_patch_00450.png,86.75156730871936,0.940074622631073,0.7692307692307693,0.9246767163276672,0.7578125,19.536486765156734,0.8349407305436983,,73.90568248388986,98.64692407080067,819,1024,153.41459999763174
sentinel2_patches,mixed_regularized,sentinel2_patch_00450.png,96.53846153846155,1.0,0.8846153846153846,1.0,1.0,18.88340567795379,0.8231499899952494,,71.84339407744875,98.60808357839834,819,1024,131.36450000456534
sentinel2_patches,original,sentinel2_patch_00451.png,78.70873093605042,0.8953052163124084,0.625,0.8909198641777039,0.6328125,19.185731942086512,0.8401986872773566,,72.29047072330654,98.61669181291194,819,1024,245.49950000073295
sentinel2_patches,mixed_regularized,sentinel2_patch_00451.png,81.35213375091554,0.8669165968894958,0.75,0.8728359937667847,0.671875,18.604837140049256,0.8275638244282263,,71.63253697383391,98.60398634161835,819,1024,170.09600000164937
sentinel2_patches,original,sentinel2_patch_00452.png,70.26711271359372,0.7778047323226929,0.5897435897435898,0.7801620364189148,0.5859375,18.462462783021355,0.8323401327458768,,73.35793143521208,98.63682088570998,819,1024,137.24970000475878
sentinel2_patches,mixed_regularized,sentinel2_patch_00452.png,89.23076923076924,1.0,0.6410256410256411,1.0,1.0,19.228455776902067,0.8467381254370921,,71.73238636363637,98.60592955191724,819,1024,129.33020000491524
sentinel2_patches,original,sentinel2_patch_00453.png,95.3846153846154,1.0,0.8461538461538461,1.0,1.0,19.591900319299555,0.8638686089714278,,75.25623858794887,98.67120650890445,819,1024,136.2377000041306
sentinel2_patches,mixed_regularized,sentinel2_patch_00453.png,100.0,1.0,1.0,1.0,1.0,20.845292638757805,0.8786548945234957,,73.64264443120905,98.64209113113243,819,1024,136.682500000461
sentinel2_patches,original,sentinel2_patch_00454.png,90.3225806451613,1.0,0.6774193548387096,1.0,1.0,19.98249283459278,0.8528900281490549,,77.07321652065082,98.70253241639129,819,1024,128.62630000017816
sentinel2_patches,mixed_regularized,sentinel2_patch_00454.png,87.92905769040509,0.8693762421607971,0.9032258064516129,0.8692679405212402,0.8671875,21.242288109755055,0.8662127682643859,,74.689508793208,98.66112387648887,819,1024,128.31229999574134
sentinel2_patches,original,sentinel2_patch_00455.png,84.68307837889189,0.9591869115829468,0.6190476190476191,0.9138044118881226,0.9468085106382979,18.97290617926996,0.8185404998733146,,75.72671568627452,98.6794620749923,819,1024,125.6710000016028
sentinel2_patches,mixed_regularized,sentinel2_patch_00455.png,93.77590400832042,0.9509132504463196,0.9047619047619048,0.9298258423805237,1.0,20.53074423087574,0.842283951096285,,73.08456534594914,98.63172203971324,819,1024,128.904600001988
sentinel2_patches,original,sentinel2_patch_00456.png,100.0,1.0,1.0,1.0,1.0,19.30537493751098,0.8144907891480685,,74.25402504472272,98.65327165847548,819,1024,133.3812000011676
sentinel2_patches,mixed_regularized,sentinel2_patch_00456.png,100.0,1.0,1.0,1.0,1.0,20.196478423952456,0.8306849944257277,,72.0625,98.61231569817866,819,1024,125.78450000000885
sentinel2_patches,original,sentinel2_patch_00457.png,87.53906250000001,1.0,0.59375,1.0,0.97265625,20.314521658072945,0.8676338332044814,,74.26948245092207,98.65355194758384,819,1024,126.09389999852283
sentinel2_patches,mixed_regularized,sentinel2_patch_00457.png,91.56250000000001,1.0,0.71875,1.0,1.0,20.3998810670131,0.8716447391741804,,72.96727060198714,98.62952253558356,819,1024,124.30059999314835
sentinel2_patches,original,sentinel2_patch_00458.png,73.1122381840983,0.8772909045219421,0.4838709677419355,0.8646767735481262,0.62109375,19.532895542438634,0.8480022146574477,,74.92678571428571,98.66536380752639,819,1024,127.17700000212062
sentinel2_patches,mixed_regularized,sentinel2_patch_00458.png,84.23387096774195,1.0,0.5161290322580645,1.0,0.875,19.842628514194654,0.8535870284335781,,73.1843023255814,98.63358675532464,819,1024,125.91009999596281
sentinel2_patches,original,sentinel2_patch_00459.png,73.06214213371278,0.8341823220252991,0.625,0.8148205876350403,0.46484375,20.01398726819374,0.8328404872573978,,73.95710928319625,98.64786494538232,819,1024,132.45170000300277
sentinel2_patches,mixed_regularized,sentinel2_patch_00459.png,75.50803065299989,0.8380357623100281,0.7083333333333334,0.8180800080299377,0.4375,20.20602839687848,0.8380682036321118,,72.71808203350665,98.6248262164846,819,1024,127.98389999807114
sentinel2_patches,original,sentinel2_patch_00460.png,94.82758620689657,1.0,0.8275862068965517,1.0,1.0,19.392251408078202,0.8123772890438015,,71.62875288683603,98.6039125913865,819,1024,134.5112999988487
sentinel2_patches,mixed_regularized,sentinel2_patch_00460.png,98.96551724137933,1.0,0.9655172413793104,1.0,1.0,19.77064223832565,0.81447269142853,,70.77067883628067,98.58698543458459,819,1024,128.5993999990751
sentinel2_patches,original,sentinel2_patch_00461.png,73.82125002997263,0.8637533187866211,0.5714285714285714,0.8544598817825317,0.50390625,19.725500434949602,0.8615900831799878,,71.65300230946882,98.60438506724253,819,1024,173.98980000143638
sentinel2_patches,mixed_regularized,sentinel2_patch_00461.png,82.2522168500083,0.9646236896514893,0.5357142857142857,0.9637764096260071,0.83203125,20.356709086618345,0.8699936255572156,,70.11468926553673,98.57376534008043,819,1024,131.331799995678
sentinel2_patches,original,sentinel2_patch_00462.png,74.82738057772319,0.8452314734458923,0.5555555555555556,0.8445258736610413,0.74609375,18.03794570007361,0.842931713162232,,71.94348327566321,98.61002004008016,819,1024,129.98979999974836
sentinel2_patches,mixed_regularized,sentinel2_patch_00462.png,91.11111111111111,1.0,0.7037037037037037,1.0,1.0,20.22289011238523,0.8784210480737695,,70.52006783493499,98.58196392785571,819,1024,133.946099995228
sentinel2_patches,original,sentinel2_patch_00463.png,87.96558728584878,0.9983977675437927,0.6153846153846154,0.9784069061279297,1.0,19.09431292967429,0.8385165491573047,,74.80012414649286,98.66310382314133,819,1024,131.96130000142148
sentinel2_patches,mixed_regularized,sentinel2_patch_00463.png,94.23076923076925,1.0,0.8076923076923077,1.0,1.0,21.531234483016885,0.8636093858384735,,72.81148036253776,98.62659020937238,819,1024,137.9503000061959
sentinel2_patches,original,sentinel2_patch_00464.png,52.094822072982794,0.34038177132606506,1.0,0.3539775609970093,0.14,22.225448202313338,0.8109218952216048,,68.1530293566521,98.53271379212376,819,1024,154.06899999652524
sentinel2_patches,mixed_regularized,sentinel2_patch_00464.png,60.04259760379793,0.4764116108417511,1.0,0.48930665850639343,0.12,24.931396918329494,0.842715875523771,,67.27065351418003,98.51346768945956,819,1024,126.870100000815
sentinel2_patches,original,sentinel2_patch_00465.png,81.57991459603944,0.7563126087188721,1.0,0.7744629979133606,0.5838150289017341,20.500956341905876,0.7506036552407086,,69.13333333333334,98.55351976856316,819,1024,126.849599997513
sentinel2_patches,mixed_regularized,sentinel2_patch_00465.png,79.8739284862673,0.7252282500267029,1.0,0.7455520629882812,0.5953757225433526,22.2117656817639,0.7923493773157473,,68.4193918531268,98.53842606180035,819,1024,121.95129999599885
sentinel2_patches,original,sentinel2_patch_00466.png,81.5657471176377,0.7703481912612915,1.0,0.7894706726074219,0.49624060150375937,22.360963250027844,0.7781870602761167,,67.17948717948718,98.5114503816794,819,1024,161.8324000010034
sentinel2_patches,mixed_regularized,sentinel2_patch_00466.png,87.15132747377669,0.852156400680542,1.0,0.8675392866134644,0.5714285714285714,26.07132950436135,0.8162979180769009,,65.6144437973209,98.47594532220842,819,1024,122.77120000362629
sentinel2_patches,original,sentinel2_patch_00467.png,90.5835570210088,0.873589038848877,1.0,0.8987880945205688,0.7664233576642335,21.406957450950536,0.787109090486645,,70.61319073083779,98.58383399808149,819,1024,122.15899999864632
sentinel2_patches,mixed_regularized,sentinel2_patch_00467.png,76.0089609396719,0.6826084852218628,1.0,0.7016544342041016,0.46715328467153283,24.992674441377893,0.8440500209680804,,69.45762711864407,98.56027330405077,819,1024,124.02540000039153
sentinel2_patches,original,sentinel2_patch_00468.png,81.96526002439654,0.7633404731750488,1.0,0.7796565890312195,0.5838509316770186,21.562129559462413,0.7917389960003788,,69.75732708089097,98.56645883400837,819,1024,119.72879999666475
sentinel2_patches,mixed_regularized,sentinel2_patch_00468.png,81.23387031673647,0.7530220150947571,1.0,0.7668296098709106,0.577639751552795,23.801561825115485,0.8373160742261083,,68.51237766263672,98.54040972724064,819,1024,122.9587999987416
sentinel2_patches,original,sentinel2_patch_00469.png,78.88276003954707,0.7412553429603577,1.0,0.7554869651794434,0.41228070175438597,21.243428612229867,0.7817239543171512,,66.61328588374852,98.49879796990473,819,1024,124.51909999799682
sentinel2_patches,mixed_regularized,sentinel2_patch_00469.png,73.31451390918934,0.6562003493309021,1.0,0.6691144704818726,0.3684210526315789,23.992010278185308,0.839885340384728,,65.41059988351776,98.47119579734664,819,1024,130.32530000054976
sentinel2_patches,original,sentinel2_patch_00470.png,100.0,1.0,1.0,1.0,1.0,22.837548971385033,0.913557106924804,,63.479812755997656,98.42469604653093,819,1024,132.36300000426127
sentinel2_patches,mixed_regularized,sentinel2_patch_00470.png,92.52629399299622,0.8745150566101074,1.0,0.877284586429596,1.0,23.72597164159111,0.9329090601134321,,62.927494199535964,98.410869505102,819,1024,130.3565999987768
sentinel2_patches,original,sentinel2_patch_00471.png,80.00000000000001,1.0,0.3333333333333333,1.0,1.0,24.08470541057593,0.9294331964538439,,62.72594752186589,98.40576342086916,819,1024,154.95699999883072
sentinel2_patches,mixed_regularized,sentinel2_patch_00471.png,82.22228884696962,0.871313750743866,0.6666666666666666,0.8684869408607483,1.0,24.39821426936572,0.9459454710801865,,62.54360465116279,98.40111550081339,819,1024,227.66740000224672
sentinel2_patches,original,sentinel2_patch_00472.png,85.58898505710421,0.7647796869277954,1.0,0.7736994028091431,0.9523809523809523,23.457636104719896,0.8651679091466903,,65.38941736028538,98.47070055007501,819,1024,168.37630000372883
sentinel2_patches,mixed_regularized,sentinel2_patch_00472.png,86.59105300903322,0.7775297164916992,1.0,0.7744932174682617,1.0,25.52245045502403,0.8988750404658087,,64.69705882352942,98.45433468200208,819,1024,266.9956000027014
sentinel2_patches,original,sentinel2_patch_00473.png,76.35344223487074,0.7230313420295715,0.8461538461538461,0.7357119917869568,0.7333333333333333,23.162097868871243,0.849888985884912,,70.00061162079511,98.57144105337655,819,1024,142.1104999972158
sentinel2_patches,mixed_regularized,sentinel2_patch_00473.png,86.24800674120586,0.7920398116111755,1.0,0.7949873805046082,0.8666666666666667,25.15329476299403,0.8809833107062722,,69.36424242424242,98.55833500799469,819,1024,124.88949999533361
sentinel2_patches,original,sentinel2_patch_00474.png,89.03218626976013,0.8124359250068665,1.0,0.8267374634742737,1.0,23.536758307768494,0.8502746965704527,,69.33150183150182,98.55765420684189,819,1024,126.51809999806574
sentinel2_patches,mixed_regularized,sentinel2_patch_00474.png,94.85983848571779,0.9098151326179504,1.0,0.9233616590499878,1.0,25.555681158493805,0.8807357460051771,,69.54378444580527,98.56205697177828,819,1024,127.10159999551252
sentinel2_patches,original,sentinel2_patch_00475.png,63.35590761640799,0.5223479270935059,1.0,0.5361430048942566,0.17391304347826086,20.546942364150826,0.763278178284551,,66.38937536485697,98.4937348867883,819,1024,162.54079999634996
sentinel2_patches,mixed_regularized,sentinel2_patch_00475.png,67.8009313258572,0.583958625793457,1.0,0.598940908908844,0.2463768115942029,24.84144306282799,0.8420868068625134,,66.42815420560747,98.49461420092328,819,1024,127.96349999553058
sentinel2_patches,original,sentinel2_patch_00476.png,68.17773866181328,0.605839729309082,1.0,0.6179995536804199,0.15841584158415842,21.055809700560975,0.7756710039397886,,65.82374100719424,98.48079130007105,819,1024,129.9686999991536
sentinel2_patches,mixed_regularized,sentinel2_patch_00476.png,59.6475807682659,0.5184993147850037,0.8636363636363636,0.5311139822006226,0.2376237623762376,22.913580220815597,0.8294063130253002,,64.47093364650617,98.44891341967686,819,1024,125.20399999630172
sentinel2_patches,original,sentinel2_patch_00477.png,82.71267557144168,0.766173243522644,1.0,0.7782872915267944,0.65,21.04859115731042,0.7733835299661196,,69.63729631864815,98.56398790179306,819,1024,125.92029999359511
sentinel2_patches,mixed_regularized,sentinel2_patch_00477.png,69.42372783025108,0.5932487845420837,1.0,0.6055221557617188,0.35833333333333334,23.193955298417187,0.82808190256975,,67.9958750736594,98.52932255240967,819,1024,126.08870000258321
sentinel2_patches,original,sentinel2_patch_00478.png,79.18585656382514,0.7060117721557617,1.0,0.7210281491279602,0.6524822695035462,20.353683480850155,0.7556904698222473,,69.5077380952381,98.56131126202119,819,1024,124.69160000182455
sentinel2_patches,mixed_regularized,sentinel2_patch_00478.png,77.08640356435845,0.6967408061027527,1.0,0.7126116156578064,0.49645390070921985,22.31410445020677,0.8169686377464032,,68.81143193871539,98.54675310217259,819,1024,128.03590000112308
sentinel2_patches,original,sentinel2_patch_00479.png,82.04582880338035,0.7688649892807007,1.0,0.7778947949409485,0.5733333333333334,24.043354828596915,0.8436461864292044,,65.63283582089552,98.47637240187383,819,1024,129.50139999884414
sentinel2_patches,mixed_regularized,sentinel2_patch_00479.png,79.57365795771281,0.733293890953064,1.0,0.7387617826461792,0.5466666666666666,25.317952491415205,0.8709585518003499,,65.08880994671404,98.46363760403875,819,1024,126.81419999717036
sentinel2_patches,original,sentinel2_patch_00480.png,88.04488782955306,0.8348987698554993,1.0,0.8415839076042175,0.7817258883248731,24.354682183741318,0.8663458724629333,,63.92232415902141,98.43560131275535,819,1024,127.66420000116341
sentinel2_patches,mixed_regularized,sentinel2_patch_00480.png,90.2770271337577,0.8518050312995911,1.0,0.8559265732765198,0.9086294416243654,27.337797039658717,0.8944801806102186,,64.0006123698714,98.43751495029326,819,1024,155.2668000003905
sentinel2_patches,original,sentinel2_patch_00481.png,79.18102179000628,0.7162854671478271,1.0,0.7205100059509277,0.6119402985074627,22.81721231079228,0.794525901979895,,64.16083486801719,98.44141678945253,819,1024,125.31229999876814
sentinel2_patches,mixed_regularized,sentinel2_patch_00481.png,75.43593187830344,0.6943703293800354,1.0,0.6927574276924133,0.3805970149253731,24.714791667286967,0.8063364046780614,,63.344242424242424,98.42132455653572,819,1024,124.72420000267448
sentinel2_patches,original,sentinel2_patch_00482.png,92.64897624651593,0.9037700891494751,1.0,0.913450300693512,0.8229166666666666,23.063842212499384,0.7892785393057337,,67.69834457388106,98.52285900594117,819,1024,129.1447000039625
sentinel2_patches,mixed_regularized,sentinel2_patch_00482.png,89.57271774609885,0.8415459990501404,1.0,0.8476272225379944,0.8958333333333334,25.295495772320606,0.8283619265178924,,66.3956704750451,98.49387769888422,819,1024,127.39139999757754
sentinel2_patches,original,sentinel2_patch_00483.png,88.33837849753246,0.849703311920166,1.0,0.8603694438934326,0.7142857142857143,22.197623612420557,0.8365664114524691,,70.76393237319975,98.58685072117511,819,1024,127.34240000281716
sentinel2_patches,mixed_regularized,sentinel2_patch_00483.png,85.42333756174362,0.826151430606842,1.0,0.8331497311592102,0.5714285714285714,27.004844730425063,0.9017282181041507,,69.8886827458256,98.56915317228564,819,1024,129.6513999986928
sentinel2_patches,original,sentinel2_patch_00484.png,95.4397367295765,0.9485142827033997,1.0,0.9701963663101196,0.8095238095238095,24.387847622794943,0.8768867496096933,,69.66212027278364,98.56449962176835,819,1024,135.67719999991823
sentinel2_patches,mixed_regularized,sentinel2_patch_00484.png,91.0437343801771,0.89504474401474,1.0,0.9049543738365173,0.7142857142857143,27.450751189992335,0.9069653772953876,,69.02027027027027,98.55115026921194,819,1024,130.53390000277432
sentinel2_patches,original,sentinel2_patch_00485.png,55.4926665779812,0.48726192116737366,0.8235294117647058,0.49537092447280884,0.1388888888888889,22.460812368356336,0.8027588520037839,,63.940600122473974,98.43604846047023,819,1024,129.87040000007255
sentinel2_patches,mixed_regularized,sentinel2_patch_00485.png,53.957397345623946,0.5190873742103577,0.7058823529411765,0.5314271450042725,0.1388888888888889,25.94742512394966,0.8694678207067391,,63.74542124542125,98.43125987645453,819,1024,146.88450000539888
sentinel2_patches,original,sentinel2_patch_00486.png,69.29343270701031,0.6276208758354187,1.0,0.6338484883308411,0.1511627906976744,24.41230221965647,0.8589182211090589,,64.03890577507599,98.43844927095991,819,1024,128.88379999640165
sentinel2_patches,mixed_regularized,sentinel2_patch_00486.png,71.30880613659704,0.6504983901977539,1.0,0.6597923636436462,0.20930232558139536,28.13469393279498,0.8989789766306742,,63.575135787567895,98.42705801944108,819,1024,126.52470000466565
sentinel2_patches,original,sentinel2_patch_00487.png,81.94241691784687,0.7414196133613586,1.0,0.7588599324226379,0.7108433734939759,23.22980737928949,0.8252627965045697,,66.40244648318043,98.49403139046497,819,1024,131.46279999637045
sentinel2_patches,mixed_regularized,sentinel2_patch_00487.png,73.48066252398205,0.6344574689865112,1.0,0.6460820436477661,0.5180722891566265,25.67970897345515,0.8630887869471325,,64.66229898749255,98.45350379485667,819,1024,129.68540000292705
sentinel2_patches,original,sentinel2_patch_00488.png,82.49894324215975,0.7551565766334534,1.0,0.7691794633865356,0.6909090909090909,22.611410419429546,0.7986313293691094,,66.35679314565483,98.49299528715171,819,1024,124.13240000023507
sentinel2_patches,mixed_regularized,sentinel2_patch_00488.png,91.64428472518922,0.8562508225440979,1.0,0.8697125911712646,1.0,25.165585558035946,0.8456943573078619,,66.0737355271176,98.48653933060953,819,1024,122.28789999790024
sentinel2_patches,original,sentinel2_patch_00489.png,86.24191579364596,0.7753454446792603,1.0,0.7852144241333008,0.9523809523809523,22.456152822071655,0.8117920688724406,,65.78088144009932,98.47980145886216,819,1024,136.70139999885578
sentinel2_patches,mixed_regularized,sentinel2_patch_00489.png,85.85437189965023,0.8122729659080505,0.9285714285714286,0.8229345679283142,0.9047619047619048,24.829271627787257,0.8614262753496398,,65.09398034398035,98.46375963688864,819,1024,128.24019999970915
sentinel2_patches,original,sentinel2_patch_00490.png,84.6397413657262,0.7732328772544861,1.0,0.7816751599311829,0.8076923076923077,23.559517871713297,0.820778279636171,,66.39401654996817,98.49384018024064,819,1024,128.73949999629986
sentinel2_patches,mixed_regularized,sentinel2_patch_00490.png,79.48229633844817,0.7366916537284851,1.0,0.7459238171577454,0.5096153846153846,26.930515652246267,0.8644283041674997,,64.8662935323383,98.4583672882412,819,1024,126.69289999757893
sentinel2_patches,original,sentinel2_patch_00491.png,62.27149577574297,0.5202144384384155,1.0,0.5254186391830444,0.09545454545454546,22.47631803935483,0.7530795186206927,,65.7944099378882,98.48011403864852,819,1024,151.2739000027068
sentinel2_patches,mixed_regularized,sentinel2_patch_00491.png,77.47793644124813,0.7133201956748962,1.0,0.7131655216217041,0.4681818181818182,24.678656791313824,0.8363406634757335,,64.90747549019608,98.45934541060521,819,1024,125.00050000380725
sentinel2_patches,original,sentinel2_patch_00492.png,78.43917684121567,0.7284018993377686,1.0,0.7378823161125183,0.45454545454545453,20.605345342412544,0.7332093079483226,,67.07875457875458,98.50921501706485,819,1024,209.45839999330929
sentinel2_patches,mixed_regularized,sentinel2_patch_00492.png,84.63383472327033,0.776293933391571,1.0,0.785164475440979,0.7878787878787878,25.555275252519447,0.8429236404932282,,66.11010830324909,98.48737201365188,819,1024,166.54929999640444
sentinel2_patches,original,sentinel2_patch_00493.png,83.00594260727152,0.7627831697463989,1.0,0.7696583271026611,0.7101449275362319,23.850207018366927,0.829543599534995,,67.22568578553616,98.51247333766113,819,1024,265.20809999783523
sentinel2_patches,mixed_regularized,sentinel2_patch_00493.png,91.79695227871773,0.8762869834899902,1.0,0.88075190782547,0.9130434782608695,26.666888923111898,0.8710294650709097,,66.93358162631905,98.50598163776314,819,1024,128.61809999594698
sentinel2_patches,original,sentinel2_patch_00494.png,92.82357215881349,0.8791342973709106,1.0,0.8829100131988525,1.0,21.81539922295205,0.7891572913082981,,67.36065573770492,98.51545388172305,819,1024,129.7783999980311
sentinel2_patches,mixed_regularized,sentinel2_patch_00494.png,81.4936344256768,0.731273353099823,1.0,0.7429042458534241,0.7384615384615385,23.651645582513368,0.8449518179732385,,67.27581863979849,98.51358181852218,819,1024,129.6074999991106
sentinel2_patches,original,sentinel2_patch_00495.png,86.53267938811501,0.8499234914779663,1.0,0.8610212206840515,0.5315315315315315,24.241675829598385,0.8247921955916498,,63.77114427860697,98.43189265095958,819,1024,142.8760000053444
sentinel2_patches,mixed_regularized,sentinel2_patch_00495.png,91.52670547768878,0.908832848072052,1.0,0.9208317399024963,0.6756756756756757,26.887724122584842,0.8611062461791165,,63.3770086526576,98.42214073958496,819,1024,123.39009999413975
sentinel2_patches,original,sentinel2_patch_00496.png,92.50000000000001,1.0,0.75,1.0,1.0,21.09202134132072,0.8994991603949017,,69.51926394479585,98.56154978741708,819,1024,132.0966999992379
sentinel2_patches,mixed_regularized,sentinel2_patch_00496.png,98.33333333333336,1.0,0.9444444444444444,1.0,1.0,21.542737707845518,0.9079908424843522,,67.76569506726457,98.52432709646467,819,1024,126.71400000544963
sentinel2_patches,original,sentinel2_patch_00497.png,92.46245980262759,0.8843947052955627,1.0,0.8816773295402527,0.9453125,18.57438159628034,0.8505252242865998,,75.45661280670258,98.67473510564051,819,1024,133.2371000025887
sentinel2_patches,mixed_regularized,sentinel2_patch_00497.png,100.0,1.0,1.0,1.0,1.0,18.921171232578818,0.858676899599431,,73.6065382370111,98.64142503648246,819,1024,128.68679999519372
sentinel2_patches,original,sentinel2_patch_00498.png,82.00589813288495,0.8673310875892639,0.7027027027027027,0.8620172739028931,0.8991228070175439,19.616058564415855,0.8537298468310718,,76.24627791563276,98.688460568388,819,1024,147.83650000026682
sentinel2_patches,mixed_regularized,sentinel2_patch_00498.png,84.02455971047686,0.8305425047874451,0.8918918918918919,0.8273051381111145,0.75,20.044332050467133,0.8615402714922827,,74.4001210653753,98.65591616561846,819,1024,133.94780000089668
sentinel2_patches,original,sentinel2_patch_00499.png,87.03919286844088,0.8423839211463928,0.9310344827586207,0.8185442686080933,0.9041916167664671,19.398468089400723,0.8724561340547768,,77.57107992678462,98.71085976765586,819,1024,133.91289999708533
sentinel2_patches,mixed_regularized,sentinel2_patch_00499.png,100.0,1.0,1.0,1.0,1.0,19.859468249633153,0.8832518594269309,,75.67797619047619,98.6786115983294,819,1024,153.90820000175154
