image,selector,keep_ratio,semantic_utility_score,detector_retention,object_retention,relevance_retention,region_preservation,psnr,ssim,lpips,compression_ratio,bandwidth_saved_percent,original_size_kb,compressed_size_kb,full_payload_kb,semantic_token_count,total_token_count,token_entropy_bits,semantic_fidelity_percent,inference_latency_ms
sentinel2_patch_00020.png,fixed_mission_utility,0.8,76.58936427189755,0.7809316515922546,0.9230769230769231,0.7990051507949829,0.16796875,18.300030732536218,0.6968135956351165,0.6119495034217834,61.50582147477361,98.37413764092209,92.859375,1.509765625,1.408203125,819,1024,4.79284309762772,89.89134630359449,710.0658000053954
sentinel2_patch_00020.png,learned_1500_patch,0.8,79.02668760373044,0.8143869042396545,0.9230769230769231,0.8324764370918274,0.2109375,18.282270032986435,0.6954672996707661,0.6166406869888306,61.54563106796117,98.37518929833418,92.859375,1.5087890625,1.408203125,819,1024,4.750366045110441,90.31986060222764,123.42560000251979
sentinel2_patch_00020.png,learned_full_3224_patch,0.8,78.605025273103,0.8053017854690552,0.9230769230769231,0.823704183101654,0.22265625,18.35075049853336,0.7021632053746556,0.6121630072593689,61.189189189189186,98.36572438162544,92.859375,1.517578125,1.408203125,819,1024,4.841680633354475,89.03870772910953,59.36709999514278
sentinel2_patch_00020.png,hybrid_fixed_0p90_learned_0p10,0.8,78.55574213541472,0.7918185591697693,0.9615384615384616,0.8100454211235046,0.18359375,18.30313556813136,0.6977358079668071,0.6123889684677124,61.46606334841629,98.37308598351001,92.859375,1.5107421875,1.408203125,819,1024,4.798746361472662,89.86136257451179,73.92040000559064
sentinel2_patch_00020.png,hybrid_fixed_0p80_learned_0p20,0.8,77.77564929081846,0.7967592477798462,0.9230769230769231,0.8149454593658447,0.19140625,18.304752602810932,0.698463603995214,0.6117781400680542,61.54563106796117,98.37518929833418,92.859375,1.5087890625,1.408203125,819,1024,4.799574616016901,89.80503870874121,66.37600000249222
sentinel2_patch_00020.png,hybrid_fixed_0p70_learned_0p30,0.8,77.72104428364682,0.7951913475990295,0.9230769230769231,0.8133978843688965,0.1953125,18.348378162097415,0.7013944742358006,0.6133268475532532,61.347096774193545,98.36993101127376,92.859375,1.513671875,1.408203125,819,1024,4.811886953311291,89.63571287328003,66.59319999744184
sentinel2_patch_00020.png,hybrid_fixed_0p60_learned_0p40,0.8,77.7306835467999,0.7953486442565918,0.9230769230769231,0.8135652542114258,0.1953125,18.34825207205357,0.7013571203693167,0.6135422587394714,61.42635658914729,98.37203432609793,92.859375,1.51171875,1.408203125,819,1024,4.811886953311291,89.6100053047163,72.49310000042897
sentinel2_patch_00020.png,hybrid_fixed_0p50_learned_0p50,0.8,79.03554402864897,0.7971826195716858,0.9615384615384616,0.8154948949813843,0.19921875,18.346802023192097,0.7016247552805035,0.6129453778266907,61.22858982614295,98.36677603903752,92.859375,1.5166015625,1.408203125,819,1024,4.817775889406736,89.5354761283339,68.92030000017257
sentinel2_patch_00023.png,fixed_mission_utility,0.8,90.76177424854704,0.9977942705154419,0.7037037037037037,0.9908508658409119,0.9921875,18.320822061573217,0.8960458328082428,0.6268149018287659,65.16896551724138,98.46552727657549,110.736328125,1.69921875,1.6181640625,819,1024,5.883692706288537,88.64745203950324,65.20959999761544
sentinel2_patch_00023.png,learned_1500_patch,0.8,93.48524358537465,0.9915270805358887,0.8148148148148148,0.9846107959747314,0.96875,18.308261897783744,0.8933288716950719,0.6212066411972046,65.09414466130885,98.46376351482442,110.736328125,1.701171875,1.6181640625,819,1024,5.85046009234347,88.42332153267914,54.90489999647252
sentinel2_patch_00023.png,learned_full_3224_patch,0.8,94.08366706636218,0.9970181584358215,0.8148148148148148,0.9898779392242432,0.99609375,18.238931114936033,0.8919813164002635,0.6258009672164917,65.20644048303623,98.46640915745101,110.736328125,1.6982421875,1.6181640625,819,1024,5.86511047364189,88.5798884053306,53.984500002115965
sentinel2_patch_00023.png,hybrid_fixed_0p90_learned_0p10,0.8,90.7559461063809,0.9976937770843506,0.7037037037037037,0.9907604455947876,0.9921875,18.320558841506088,0.8960204571780318,0.6266491413116455,65.13153360137852,98.46464539569995,110.736328125,1.7001953125,1.6181640625,819,1024,5.881718249279181,88.65122350713872,66.10550000186777
sentinel2_patch_00023.png,hybrid_fixed_0p80_learned_0p20,0.8,92.00912488831415,1.0,0.7407407407407407,0.993251383304596,0.9921875,18.354022504118028,0.8969393977509954,0.6267492771148682,65.09414466130885,98.46376351482442,110.736328125,1.701171875,1.6181640625,819,1024,5.883363831361045,88.68133295671511,66.51559999590972
sentinel2_patch_00023.png,hybrid_fixed_0p70_learned_0p30,0.8,92.10970772637262,1.0,0.7407407407407407,0.9943742752075195,1.0,18.339557100579455,0.8963772393563312,0.6261287927627563,64.98223495702005,98.46111787219782,110.736328125,1.7041015625,1.6181640625,819,1024,5.873567535735202,88.6626115272813,67.24730000132695
sentinel2_patch_00023.png,hybrid_fixed_0p60_learned_0p40,0.8,92.14885009659662,1.0,0.7407407407407407,0.9963313937187195,1.0,18.331436407800922,0.896268176023457,0.6260900497436523,65.01949541284404,98.46199975307336,110.736328125,1.703125,1.6181640625,819,1024,5.872455863122255,88.68157079701643,82.03459999640472
sentinel2_patch_00023.png,hybrid_fixed_0p50_learned_0p50,0.8,92.12717784775629,1.0,0.7407407407407407,0.9952477812767029,1.0,18.273975673388673,0.8941659005399547,0.6268828511238098,65.13153360137852,98.46464539569995,110.736328125,1.7001953125,1.6181640625,819,1024,5.873479423200648,88.66052759321245,67.1615000028396
sentinel2_patch_00026.png,fixed_mission_utility,0.8,74.75935248228221,0.8739916682243347,0.48717948717948717,0.8646838068962097,0.7890625,19.95389484533828,0.9004890949461667,0.6000649333000183,66.32043879907621,98.49216920438421,112.1748046875,1.69140625,1.5908203125,819,1024,5.798115269691127,86.65145364686005,69.29870000021765
sentinel2_patch_00026.png,learned_1500_patch,0.8,72.99280790182262,0.8524264097213745,0.48717948717948717,0.8429245948791504,0.7421875,19.741545558643207,0.8915461043104331,0.6056122779846191,66.70557491289199,98.50087492491316,112.1748046875,1.681640625,1.5908203125,819,1024,5.743788580422256,86.90787553823294,54.55590000201482
sentinel2_patch_00026.png,learned_full_3224_patch,0.8,74.15882073915922,0.8768678903579712,0.46153846153846156,0.8673663139343262,0.7890625,19.787765016736564,0.8936665143955074,0.6001834869384766,66.43551185656449,98.4947809205429,112.1748046875,1.6884765625,1.5908203125,819,1024,5.767191882141468,86.76745903561486,55.162800003017765
sentinel2_patch_00026.png,hybrid_fixed_0p90_learned_0p10,0.8,74.94098397401665,0.863753080368042,0.5128205128205128,0.8616403937339783,0.77734375,19.885125268902804,0.899332173971889,0.5994336605072021,66.28216964800923,98.49129863233131,112.1748046875,1.6923828125,1.5908203125,819,1024,5.790915563452147,86.62272097545286,68.03149999905145
sentinel2_patch_00026.png,hybrid_fixed_0p80_learned_0p20,0.8,74.49977902265698,0.8714978694915771,0.48717948717948717,0.8625521063804626,0.77734375,19.94070758269431,0.8981809681098778,0.6023086905479431,66.35875216637781,98.4930397764371,112.1748046875,1.6904296875,1.5908203125,819,1024,5.790700933593719,86.6839278772987,66.26920000417158
sentinel2_patch_00026.png,hybrid_fixed_0p70_learned_0p30,0.8,74.50172571035534,0.8721824288368225,0.48717948717948717,0.8632334470748901,0.7734375,19.90647400369519,0.8972023796783727,0.6022721529006958,66.43551185656449,98.4947809205429,112.1748046875,1.6884765625,1.5908203125,819,1024,5.783503207041825,86.7235497364646,68.44720000663074
sentinel2_patch_00026.png,hybrid_fixed_0p60_learned_0p40,0.8,73.72497402704681,0.8715109825134277,0.46153846153846156,0.8622471690177917,0.77734375,19.903745863359664,0.8971963714615088,0.6021425724029541,66.55098493626883,98.49739263670158,112.1748046875,1.685546875,1.5908203125,819,1024,5.783503207041825,86.72820678334418,70.7750000001397
sentinel2_patch_00026.png,hybrid_fixed_0p50_learned_0p50,0.8,73.2435401586386,0.8631386160850525,0.46153846153846156,0.8607795834541321,0.765625,19.740736939636577,0.894649596429406,0.59669029712677,66.55098493626883,98.49739263670158,112.1748046875,1.685546875,1.5908203125,819,1024,5.77996827019761,86.72278777763448,68.53379999665776
sentinel2_patch_00036.png,fixed_mission_utility,0.8,74.14768738383697,0.8249461650848389,0.5555555555555556,0.8462059497833252,0.7559055118110236,21.12469909118269,0.881012190951714,0.5951607823371887,64.246783625731,98.44350184777267,107.287109375,1.669921875,1.5458984375,819,1024,5.50077564462876,93.0499473992126,68.02389999938896
sentinel2_patch_00036.png,learned_1500_patch,0.8,74.70084471339631,0.8341230154037476,0.5555555555555556,0.8555101156234741,0.7559055118110236,21.129627223767542,0.8830514256462709,0.5884584784507751,64.35969537199766,98.44623254628534,107.287109375,1.6669921875,1.5458984375,819,1024,5.4987682327600576,93.06065217529583,54.676699997799005
sentinel2_patch_00036.png,learned_full_3224_patch,0.8,74.57807106608794,0.8320757746696472,0.5555555555555556,0.8534659147262573,0.7559055118110236,21.198877342265487,0.8828453526168637,0.596570611000061,64.05947521865889,98.43895068358486,107.287109375,1.6748046875,1.5458984375,819,1024,5.512583384986533,92.87455972729816,54.71160000161035
sentinel2_patch_00036.png,hybrid_fixed_0p90_learned_0p10,0.8,74.17689723605561,0.8254199624061584,0.5555555555555556,0.8467188477516174,0.7559055118110236,21.120274882380585,0.8809141887119387,0.5967563390731812,64.246783625731,98.44350184777267,107.287109375,1.669921875,1.5458984375,819,1024,5.499386421643895,93.04029758656944,68.33999999798834
sentinel2_patch_00036.png,hybrid_fixed_0p80_learned_0p20,0.8,74.17689723605561,0.8254199624061584,0.5555555555555556,0.8467188477516174,0.7559055118110236,21.120274882380585,0.8809141887119387,0.5967563390731812,64.246783625731,98.44350184777267,107.287109375,1.669921875,1.5458984375,819,1024,5.499386421643895,93.04029758656944,67.87469999835594
sentinel2_patch_00036.png,hybrid_fixed_0p70_learned_0p30,0.8,74.08126396769927,0.823838472366333,0.5555555555555556,0.8451001644134521,0.7559055118110236,21.143323616304226,0.881825658623938,0.5944388508796692,64.246783625731,98.44350184777267,107.287109375,1.669921875,1.5458984375,819,1024,5.50443073982138,93.03708615374447,67.70569999935105
sentinel2_patch_00036.png,hybrid_fixed_0p60_learned_0p40,0.8,74.17889399165558,0.8254534006118774,0.5555555555555556,0.8467518091201782,0.7559055118110236,21.144584766096504,0.8818446452326567,0.5944781303405762,64.246783625731,98.44350184777267,107.287109375,1.669921875,1.5458984375,819,1024,5.504009998744985,93.01867859313178,66.9181999983266
sentinel2_patch_00036.png,hybrid_fixed_0p50_learned_0p50,0.8,74.21947164172578,0.8261292576789856,0.5555555555555556,0.8474289774894714,0.7559055118110236,21.168565376521272,0.8821491649009302,0.5950489640235901,64.28437682855471,98.44441208061022,107.287109375,1.6689453125,1.5458984375,819,1024,5.507278308047142,92.99598136500168,69.00570000289008
sentinel2_patch_00039.png,fixed_mission_utility,0.8,79.28821382522584,0.9644749164581299,0.52,0.9585858583450317,0.59375,21.607288897056183,0.9267796714228902,0.6275883913040161,66.90706095353048,98.5053894376043,108.2666015625,1.6181640625,1.5361328125,819,1024,5.577192359874983,92.62203059289382,67.94790000276407
sentinel2_patch_00039.png,learned_1500_patch,0.8,79.44004950523377,0.966970682144165,0.52,0.9611861109733582,0.59375,21.527721916065026,0.92536830610027,0.627534031867981,66.42600359496704,98.49456546249944,108.2666015625,1.6298828125,1.5361328125,819,1024,5.570286963068179,92.47003464821879,58.11050000193063
sentinel2_patch_00039.png,learned_full_3224_patch,0.8,79.51696929931643,0.9676406979560852,0.52,0.9617389440536499,0.59765625,21.59607185579344,0.9270217810630288,0.6339927315711975,66.94746376811594,98.5062914355297,108.2666015625,1.6171875,1.5361328125,819,1024,5.581687302542786,92.62966249256269,56.53099999472033
sentinel2_patch_00039.png,hybrid_fixed_0p90_learned_0p10,0.8,79.30358109474184,0.964729905128479,0.52,0.9588442444801331,0.59375,21.604010389439516,0.9267156945349583,0.6286048889160156,66.94746376811594,98.5062914355297,108.2666015625,1.6171875,1.5361328125,819,1024,5.577970594606784,92.61551319285914,70.22620000498137
sentinel2_patch_00039.png,hybrid_fixed_0p80_learned_0p20,0.8,79.30358109474184,0.964729905128479,0.52,0.9588442444801331,0.59375,21.604010389439516,0.9267156945349583,0.6286048889160156,66.94746376811594,98.5062914355297,108.2666015625,1.6171875,1.5361328125,819,1024,5.577970594606784,92.61551319285914,68.10499999846797
sentinel2_patch_00039.png,hybrid_fixed_0p70_learned_0p30,0.8,79.27167472839356,0.9642086029052734,0.52,0.9582915306091309,0.59375,21.611429422256478,0.9268999357127723,0.6292587518692017,66.98791540785498,98.5071934334551,108.2666015625,1.6162109375,1.5361328125,819,1024,5.5794686603522,92.61759076554678,71.12480000068899
sentinel2_patch_00039.png,hybrid_fixed_0p60_learned_0p40,0.8,79.27167472839356,0.9642086029052734,0.52,0.9582915306091309,0.59375,21.611429422256478,0.9268999357127723,0.6292587518692017,66.98791540785498,98.5071934334551,108.2666015625,1.6162109375,1.5361328125,819,1024,5.5794686603522,92.61759076554678,69.28329999936977
sentinel2_patch_00039.png,hybrid_fixed_0p50_learned_0p50,0.8,79.34425888061524,0.965419590473175,0.52,0.9594987630844116,0.59375,21.602616727138212,0.9265788805612313,0.6314991116523743,66.90706095353048,98.5053894376043,108.2666015625,1.6181640625,1.5361328125,819,1024,5.575672337908369,92.6214672860135,68.57299999683164
sentinel2_patch_00040.png,fixed_mission_utility,0.8,80.32962303895216,0.881280243396759,0.7307692307692307,0.8804230690002441,0.5546875,21.47384927412805,0.9084991156519611,0.5926213264465332,66.41484184914842,98.49431245764109,106.626953125,1.60546875,1.5302734375,819,1024,5.518796506170675,91.88670423128274,66.87769999552984
sentinel2_patch_00040.png,learned_1500_patch,0.8,80.50085764664871,0.883274495601654,0.7307692307692307,0.8830431699752808,0.55859375,21.49746860594594,0.9080777456469713,0.5951031446456909,66.13325257419746,98.48790137929771,106.626953125,1.6123046875,1.5302734375,819,1024,5.518821147181965,91.71770394688573,54.88789999799337
sentinel2_patch_00040.png,learned_full_3224_patch,0.8,81.13099795121414,0.8930238485336304,0.7307692307692307,0.8930983543395996,0.5625,21.529953719317433,0.908432386445716,0.5996657013893127,66.45526475958613,98.49522832597586,106.626953125,1.6044921875,1.5302734375,819,1024,5.5268418168881555,91.83508825999824,54.35919999581529
sentinel2_patch_00040.png,hybrid_fixed_0p90_learned_0p10,0.8,80.30156236428483,0.8801299333572388,0.7307692307692307,0.8793675303459167,0.55859375,21.462289517156016,0.9082740001144751,0.592350959777832,66.37446808510639,98.49339658930633,106.626953125,1.6064453125,1.5302734375,819,1024,5.519234378256326,91.85568189151738,68.59059999987949
sentinel2_patch_00040.png,hybrid_fixed_0p80_learned_0p20,0.8,79.9098263337062,0.876017689704895,0.7307692307692307,0.8758177161216736,0.54296875,21.491402325330142,0.9074735973159891,0.6001453995704651,66.33414337788578,98.49248072097156,106.626953125,1.607421875,1.5302734375,819,1024,5.525089455370523,91.83468338073692,68.42069999402156
sentinel2_patch_00040.png,hybrid_fixed_0p70_learned_0p30,0.8,81.13933902520401,0.8931514620780945,0.7307692307692307,0.8932601809501648,0.5625,21.50648509897071,0.9076857483172612,0.5995935797691345,66.33414337788578,98.49248072097156,106.626953125,1.607421875,1.5302734375,819,1024,5.52529141444818,91.84753523001682,67.09440000122413
sentinel2_patch_00040.png,hybrid_fixed_0p60_learned_0p40,0.8,81.13933902520401,0.8931514620780945,0.7307692307692307,0.8932601809501648,0.5625,21.50648509897071,0.9076857483172612,0.5995935797691345,66.33414337788578,98.49248072097156,106.626953125,1.607421875,1.5302734375,819,1024,5.52529141444818,91.84753523001682,68.9083000033861
sentinel2_patch_00040.png,hybrid_fixed_0p50_learned_0p50,0.8,81.13933902520401,0.8931514620780945,0.7307692307692307,0.8932601809501648,0.5625,21.50648509897071,0.9076857483172612,0.5995935797691345,66.33414337788578,98.49248072097156,106.626953125,1.607421875,1.5302734375,819,1024,5.52529141444818,91.84753523001682,68.79810000100406
sentinel2_patch_00047.png,fixed_mission_utility,0.8,69.99028054679314,0.6076149344444275,1.0,0.613552451133728,0.34146341463414637,28.871609252773744,0.9630652538363457,0.45640838146209717,62.382183908045974,98.39697821180155,84.80078125,1.359375,1.171875,819,1024,4.237105400426246,89.52743307300169,66.92599999951199
sentinel2_patch_00047.png,learned_1500_patch,0.8,73.49530472988037,0.6580938100814819,1.0,0.6634556651115417,0.3902439024390244,28.879850626392248,0.962957468349497,0.45839905738830566,61.324858757062145,98.36933990510848,84.80078125,1.3828125,1.171875,819,1024,4.268623164354493,89.41937363204964,56.09969999932218
sentinel2_patch_00047.png,learned_full_3224_patch,0.8,74.57175150150208,0.6755709052085876,1.0,0.6823238134384155,0.3902439024390244,29.22835257954535,0.9662110103538203,0.45786571502685547,61.58581560283688,98.37624948178176,84.80078125,1.376953125,1.171875,819,1024,4.24551880701918,89.26108763174216,54.579499999817926
sentinel2_patch_00047.png,hybrid_fixed_0p90_learned_0p10,0.8,69.99028054679314,0.6076149344444275,1.0,0.613552451133728,0.34146341463414637,28.871609252773744,0.9630652538363457,0.45640838146209717,62.382183908045974,98.39697821180155,84.80078125,1.359375,1.171875,819,1024,4.237105400426246,89.52743307300169,66.9555999993463
sentinel2_patch_00047.png,hybrid_fixed_0p80_learned_0p20,0.8,69.99028054679314,0.6076149344444275,1.0,0.613552451133728,0.34146341463414637,28.871609252773744,0.9630652538363457,0.45640838146209717,62.51691864650828,98.4004330001382,84.80078125,1.3564453125,1.171875,819,1024,4.237105400426246,89.52602409492863,68.02470000548055
sentinel2_patch_00047.png,hybrid_fixed_0p70_learned_0p30,0.8,71.01519575933132,0.6208503246307373,1.0,0.6261323094367981,0.36585365853658536,28.93307310250643,0.9636658873854532,0.4573192894458771,62.382183908045974,98.39697821180155,84.80078125,1.359375,1.171875,819,1024,4.241604254413838,89.50254652542769,68.87119999737479
sentinel2_patch_00047.png,hybrid_fixed_0p60_learned_0p40,0.8,70.98080507138882,0.6202682852745056,1.0,0.6255768537521362,0.36585365853658536,28.93239533819997,0.9636733028259254,0.4573971629142761,62.158911954187545,98.3912202312405,84.80078125,1.3642578125,1.171875,819,1024,4.238407888757131,89.47218601706408,68.24520000373013
sentinel2_patch_00047.png,hybrid_fixed_0p50_learned_0p50,0.8,71.98054781774196,0.6366202235221863,1.0,0.6428601145744324,0.36585365853658536,28.95727648641217,0.9639326026202318,0.4578944742679596,62.11444921316166,98.39006863512829,84.80078125,1.365234375,1.171875,819,1024,4.239556438738346,89.42208362052733,68.94570000440581
sentinel2_patch_00053.png,fixed_mission_utility,0.8,57.061859002480155,0.6248622536659241,0.46153846153846156,0.6278576254844666,0.56640625,31.44232783678617,0.9061056256355978,0.489233136177063,65.54758190327613,98.4743907083016,82.0625,1.251953125,1.0654296875,819,1024,3.4658234840318705,88.67449957032062,61.187200000858866
sentinel2_patch_00053.png,learned_1500_patch,0.8,58.28454732894899,0.6272909641265869,0.5,0.6303485631942749,0.55859375,31.51871298371202,0.9075471539997293,0.48866626620292664,65.59875097580016,98.47558073115003,82.0625,1.2509765625,1.0654296875,819,1024,3.4673863371781515,88.31515229829535,50.65860000468092
sentinel2_patch_00053.png,learned_full_3224_patch,0.8,57.623892655739425,0.6335929036140442,0.46153846153846156,0.6365448832511902,0.5703125,31.428049045062288,0.9062005657259616,0.48827075958251953,64.78951426368543,98.45654036557502,82.0625,1.2666015625,1.0654296875,819,1024,3.477316349073166,88.34319032517406,51.34410000027856
sentinel2_patch_00053.png,hybrid_fixed_0p90_learned_0p10,0.8,56.989150872597335,0.6236504316329956,0.46153846153846156,0.6266458630561829,0.56640625,31.424430961569698,0.9060028283954871,0.48979347944259644,65.49649259547934,98.47320068545316,82.0625,1.2529296875,1.0654296875,819,1024,3.4701372591325956,88.66240393843526,62.93379999988247
sentinel2_patch_00053.png,hybrid_fixed_0p80_learned_0p20,0.8,57.44984232462371,0.6294050812721252,0.46153846153846156,0.6323117613792419,0.578125,31.424514832150273,0.9060442135980559,0.4894065856933594,65.44548286604362,98.47201066260473,82.0625,1.25390625,1.0654296875,819,1024,3.4721342576103185,88.63027533951917,62.87290000182111
sentinel2_patch_00053.png,hybrid_fixed_0p70_learned_0p30,0.8,57.514146199593185,0.6304669976234436,0.46153846153846156,0.6334031224250793,0.578125,31.44090309175799,0.906219148934315,0.48898181319236755,65.24223602484471,98.46725057121097,82.0625,1.2578125,1.0654296875,819,1024,3.475422874335867,88.66209917727355,62.42969999584602
sentinel2_patch_00053.png,hybrid_fixed_0p60_learned_0p40,0.8,57.514146199593185,0.6304669976234436,0.46153846153846156,0.6334031224250793,0.578125,31.44090309175799,0.906219148934315,0.48898181319236755,64.8395061728395,98.45773038842346,82.0625,1.265625,1.0654296875,819,1024,3.475422874335867,88.6299434884764,63.27009999949951
sentinel2_patch_00053.png,hybrid_fixed_0p50_learned_0p50,0.8,57.542273631462706,0.6322349905967712,0.46153846153846156,0.6351797580718994,0.5703125,31.438777764698553,0.9062890919730163,0.4883284568786621,65.04024767801857,98.4624904798172,82.0625,1.26171875,1.0654296875,819,1024,3.4677119708343183,88.64783635490481,63.681500003440306
sentinel2_patch_00054.png,fixed_mission_utility,0.8,43.56613936095403,0.4500869810581207,0.5172413793103449,0.4534428119659424,0.09765625,30.413622066123228,0.9160606696561552,0.4752882421016693,64.38792452830188,98.44691375389736,83.314453125,1.2939453125,1.087890625,819,1024,3.529603832547528,87.20282104900589,65.2092999953311
sentinel2_patch_00054.png,learned_1500_patch,0.8,42.883334221511056,0.4241010248661041,0.5517241379310345,0.4273628294467926,0.08203125,30.59594065870963,0.9185133580343958,0.47689539194107056,63.95352323838081,98.4363644888295,83.314453125,1.302734375,1.087890625,819,1024,3.5427252233881714,87.04014758084773,54.152099997736514
sentinel2_patch_00054.png,learned_full_3224_patch,0.8,42.09338011412786,0.4270728826522827,0.5172413793103449,0.4297392964363098,0.08984375,30.478632174454063,0.9169529375024548,0.4744032621383667,63.85778443113772,98.43402020770331,83.314453125,1.3046875,1.087890625,819,1024,3.552450872240693,87.05005159717393,55.04780000046594
sentinel2_patch_00054.png,hybrid_fixed_0p90_learned_0p10,0.8,44.15272838082808,0.443281888961792,0.5517241379310345,0.4466114342212677,0.09375,30.418962564400903,0.9162544371522092,0.4761882424354553,64.48526077097506,98.44925803502356,83.314453125,1.2919921875,1.087890625,819,1024,3.5332332965696494,87.17913394329236,65.48800000018673
sentinel2_patch_00054.png,hybrid_fixed_0p80_learned_0p20,0.8,44.435241284041574,0.4479929506778717,0.5517241379310345,0.4513149559497833,0.09375,30.390882516516964,0.9159833558838215,0.4756028652191162,64.14586466165413,98.44105305108188,83.314453125,1.298828125,1.087890625,819,1024,3.5392364815432846,87.13241312183123,66.51989999954822
sentinel2_patch_00054.png,hybrid_fixed_0p70_learned_0p30,0.8,44.435241284041574,0.4479929506778717,0.5517241379310345,0.4513149559497833,0.09375,30.390882516516964,0.9159833558838215,0.4756028652191162,64.14586466165413,98.44105305108188,83.314453125,1.298828125,1.087890625,819,1024,3.5392364815432846,87.13241312183123,65.05330000072718
sentinel2_patch_00054.png,hybrid_fixed_0p60_learned_0p40,0.8,44.39407474008101,0.44731029868125916,0.5517241379310345,0.45062193274497986,0.09375,30.393664623864698,0.9160452436280491,0.47569283843040466,63.95352323838081,98.4363644888295,83.314453125,1.302734375,1.087890625,819,1024,3.5446810737523315,87.10389093036954,65.98339999618474
sentinel2_patch_00054.png,hybrid_fixed_0p50_learned_0p50,0.8,43.04620566039251,0.4420850872993469,0.5172413793103449,0.4454030394554138,0.09375,30.405220502737265,0.9162122033848149,0.47617170214653015,63.85778443113772,98.43402020770331,83.314453125,1.3046875,1.087890625,819,1024,3.552423772855722,87.09378058036985,66.64309999905527
sentinel2_patch_00056.png,fixed_mission_utility,0.8,65.07169474699559,0.6927719116210938,0.6,0.7052204012870789,0.5256410256410257,28.07863744371315,0.9806307763725784,0.43825483322143555,60.49057920446616,98.34685001672761,84.6513671875,1.3994140625,1.18359375,819,1024,4.533692281337168,90.27444932150281,67.74050000240095
sentinel2_patch_00056.png,learned_1500_patch,0.8,63.7399880886078,0.6748810410499573,0.6,0.6872373223304749,0.5,28.119672417069275,0.980597195372606,0.4426070749759674,59.65794907088782,98.32377744194363,84.6513671875,1.4189453125,1.18359375,819,1024,4.515108745513643,90.28616844179979,52.4781999993138
sentinel2_patch_00056.png,learned_full_3224_patch,0.8,65.67657698729101,0.7025859951972961,0.6,0.7158363461494446,0.5256410256410257,28.072719149344817,0.9805170600249367,0.44772350788116455,60.28025034770515,98.34108187303163,84.6513671875,1.404296875,1.18359375,819,1024,4.540841617534932,89.91314045733816,53.67649999971036
sentinel2_patch_00056.png,hybrid_fixed_0p90_learned_0p10,0.8,65.15332450010838,0.6941167116165161,0.6,0.7066122889518738,0.5256410256410257,28.08260870033838,0.9806360753251885,0.4384791851043701,60.40627177700348,98.34454275924922,84.6513671875,1.4013671875,1.18359375,819,1024,4.52965384844588,90.29852158082137,67.90050000563497
sentinel2_patch_00056.png,hybrid_fixed_0p80_learned_0p20,0.8,65.30430664160313,0.6965930461883545,0.6,0.7092087268829346,0.5256410256410257,28.092750242442172,0.9807185790903883,0.4383254051208496,60.196527777777774,98.33877461555322,84.6513671875,1.40625,1.18359375,819,1024,4.533780600420851,90.26874315298126,66.68350000109058
sentinel2_patch_00056.png,hybrid_fixed_0p70_learned_0p30,0.8,65.27499546148839,0.6961080431938171,0.6,0.708713173866272,0.5256410256410257,28.089367856174952,0.980704319437435,0.4384757876396179,60.15475364330326,98.33762098681402,84.6513671875,1.4072265625,1.18359375,819,1024,4.5324561464645825,90.25743307702274,66.24759999976959
sentinel2_patch_00056.png,hybrid_fixed_0p60_learned_0p40,0.8,65.20114292242589,0.6948879361152649,0.6,0.7074607610702515,0.5256410256410257,28.085516649493115,0.9806900734574229,0.4383988678455353,60.28025034770515,98.34108187303163,84.6513671875,1.404296875,1.18359375,819,1024,4.5344757232207265,90.19553444250478,66.68099999660626
sentinel2_patch_00056.png,hybrid_fixed_0p50_learned_0p50,0.8,65.33582557776036,0.6970841884613037,0.6,0.7098023891448975,0.5256410256410257,28.097665471119058,0.9807611505402829,0.4392472207546234,60.23835997220292,98.33992824429242,84.6513671875,1.4052734375,1.18359375,819,1024,4.533123129467197,90.19010437891167,67.31140000192681
sentinel2_patch_00063.png,fixed_mission_utility,0.8,66.24387148919145,0.5177156329154968,1.0,0.5247297883033752,0.5040650406504065,29.1134620656633,0.9388786317780088,0.47717204689979553,64.79646017699115,98.4567058180825,78.654296875,1.2138671875,0.9970703125,819,1024,3.395162471981126,89.4486380428054,61.29619999410352
sentinel2_patch_00063.png,learned_1500_patch,0.8,65.42654264263992,0.5070634484291077,1.0,0.5132977962493896,0.4878048780487805,28.983945580050765,0.9368859110526625,0.4732850193977356,64.12579617834395,98.44056517096669,78.654296875,1.2265625,0.9970703125,819,1024,3.3375274459317597,89.13534812339509,52.747900001122616
sentinel2_patch_00063.png,learned_full_3224_patch,0.8,70.31125945773552,0.5786886811256409,1.0,0.5858278870582581,0.5447154471544715,29.177098781569445,0.9412703246189579,0.4737066626548767,64.17689243027888,98.44180675920637,78.654296875,1.2255859375,0.9970703125,819,1024,3.435177534885365,88.85226680002751,53.19860000599874
sentinel2_patch_00063.png,hybrid_fixed_0p90_learned_0p10,0.8,66.14461425843278,0.5160714983940125,1.0,0.5230551958084106,0.5040650406504065,29.109162975820723,0.9388634074263078,0.4772418141365051,64.84863123993559,98.45794740632216,78.654296875,1.212890625,0.9970703125,819,1024,3.392656010709868,89.41638747821901,66.53709999955026
sentinel2_patch_00063.png,hybrid_fixed_0p80_learned_0p20,0.8,65.97773198189776,0.5132966041564941,1.0,0.5202608704566956,0.5040650406504065,29.124712393458985,0.9394351267013208,0.47618862986564636,64.53685897435898,98.45049787688411,78.654296875,1.21875,0.9970703125,819,1024,3.401174234022928,89.32406900564013,63.775900001928676
sentinel2_patch_00063.png,hybrid_fixed_0p70_learned_0p30,0.8,65.97773198189776,0.5132966041564941,1.0,0.5202608704566956,0.5040650406504065,29.124712393458985,0.9394351267013208,0.47618862986564636,64.53685897435898,98.45049787688411,78.654296875,1.21875,0.9970703125,819,1024,3.401174234022928,89.32406900564013,64.69429999560816
sentinel2_patch_00063.png,hybrid_fixed_0p60_learned_0p40,0.8,65.53858618426129,0.5100494623184204,1.0,0.51699298620224,0.4796747967479675,29.133821572022857,0.9399002027981374,0.4769785404205322,64.38209432454036,98.44677311216509,78.654296875,1.2216796875,0.9970703125,819,1024,3.411348963477898,89.17112735292095,63.98489999992307
sentinel2_patch_00063.png,hybrid_fixed_0p50_learned_0p50,0.8,70.34014029231498,0.579180121421814,1.0,0.5862890481948853,0.5447154471544715,29.152534181199975,0.9405228040753969,0.4748874008655548,64.2280701754386,98.44304834744605,78.654296875,1.224609375,0.9970703125,819,1024,3.4238176587123226,89.06722876925899,64.8023000030662
sentinel2_patch_00069.png,fixed_mission_utility,0.8,20.634781224595994,0.3272811770439148,0.0,0.3372994065284729,0.07975460122699386,29.979127897947727,0.8409141874992465,0.5022528171539307,65.84157585917855,98.48120281607659,76.7080078125,1.1650390625,0.92578125,819,1024,2.920978406028079,86.52710106240035,64.82089999917662
sentinel2_patch_00069.png,learned_1500_patch,0.8,20.697543127405137,0.3284934461116791,0.0,0.3380129635334015,0.07975460122699386,29.654700649368316,0.834094515566893,0.5050745010375977,65.78643216080403,98.47992972539434,76.7080078125,1.166015625,0.92578125,819,1024,2.887913148045529,86.35079635236576,51.53400000563124
sentinel2_patch_00069.png,learned_full_3224_patch,0.8,21.036948664056748,0.333932101726532,0.0,0.34410592913627625,0.07975460122699386,30.04395358440281,0.8440646197961736,0.502743124961853,65.24003322259136,98.46719881857184,76.7080078125,1.17578125,0.92578125,819,1024,2.947256008862508,86.36874787251196,51.11459999898216
sentinel2_patch_00069.png,hybrid_fixed_0p90_learned_0p10,0.8,20.624905331003156,0.3271229565143585,0.0,0.3371220529079437,0.07975460122699386,29.97723793218214,0.841051656902512,0.5020643472671509,65.95214105793451,98.48374899744108,76.7080078125,1.1630859375,0.92578125,819,1024,2.9232703439400645,86.52214916602469,63.8935999959358
sentinel2_patch_00069.png,hybrid_fixed_0p80_learned_0p20,0.8,20.583775145875897,0.3264397084712982,0.0,0.3364320397377014,0.07975460122699386,29.96917319933853,0.8408356688147434,0.5025249123573303,65.95214105793451,98.48374899744108,76.7080078125,1.1630859375,0.92578125,819,1024,2.9261376170239086,86.50924270383575,67.45360000059009
sentinel2_patch_00069.png,hybrid_fixed_0p70_learned_0p30,0.8,20.42185734020421,0.32377177476882935,0.0,0.33367201685905457,0.07975460122699386,29.960811253309956,0.8412114624516451,0.5024514198303223,65.78643216080403,98.47992972539434,76.7080078125,1.166015625,0.92578125,819,1024,2.9312724239183625,86.44160739559632,65.50909999350552
sentinel2_patch_00069.png,hybrid_fixed_0p60_learned_0p40,0.8,20.419401628839463,0.3237297534942627,0.0,0.33363327383995056,0.07975460122699386,29.960759145080896,0.8411630558278674,0.5020007491111755,65.73138075313807,98.4786566347121,76.7080078125,1.1669921875,0.92578125,819,1024,2.9292968943775475,86.46064102334414,63.81819999660365
sentinel2_patch_00069.png,hybrid_fixed_0p50_learned_0p50,0.8,20.419401628839463,0.3237297534942627,0.0,0.33363327383995056,0.07975460122699386,29.960759145080896,0.8411630558278674,0.5020007491111755,65.73138075313807,98.4786566347121,76.7080078125,1.1669921875,0.92578125,819,1024,2.9292968943775475,86.46064102334414,66.22369999968214
sentinel2_patch_00082.png,fixed_mission_utility,0.8,100.0,1.0,1.0,1.0,1.0,24.59859031918449,0.8941204235241021,0.5915700793266296,64.98348082595871,98.46114737577965,107.5654296875,1.6552734375,1.5439453125,819,1024,5.695012137132416,89.78369581338367,68.19349999568658
sentinel2_patch_00082.png,learned_1500_patch,0.8,100.0,1.0,1.0,1.0,1.0,23.38791835408008,0.8811124449323949,0.5823034048080444,64.48887587822014,98.44934496627235,107.5654296875,1.66796875,1.5439453125,819,1024,5.693322205694842,89.61053374719087,56.699499997193925
sentinel2_patch_00082.png,learned_full_3224_patch,0.8,100.0,1.0,1.0,1.0,1.0,24.46117620722738,0.8927484779464034,0.5875059366226196,64.90689451974072,98.45933162047082,107.5654296875,1.6572265625,1.5439453125,819,1024,5.697746651793742,89.71165094970195,58.865399994829204
sentinel2_patch_00082.png,hybrid_fixed_0p90_learned_0p10,0.8,100.0,1.0,1.0,1.0,1.0,24.57788078726857,0.8939038850359513,0.5911426544189453,64.90689451974072,98.45933162047082,107.5654296875,1.6572265625,1.5439453125,819,1024,5.693258285573261,89.78339652708175,71.47179999446962
sentinel2_patch_00082.png,hybrid_fixed_0p80_learned_0p20,0.8,100.0,1.0,1.0,1.0,1.0,24.560726911072276,0.8937561305867817,0.5912030935287476,65.02184179456907,98.46205525343404,107.5654296875,1.654296875,1.5439453125,819,1024,5.695911917816241,89.76153200002395,69.56500000524102
sentinel2_patch_00082.png,hybrid_fixed_0p70_learned_0p30,0.8,100.0,1.0,1.0,1.0,1.0,24.560726911072276,0.8937561305867817,0.5912030935287476,65.02184179456907,98.46205525343404,107.5654296875,1.654296875,1.5439453125,819,1024,5.695911917816241,89.76153200002395,70.4702000002726
sentinel2_patch_00082.png,hybrid_fixed_0p60_learned_0p40,0.8,100.0,1.0,1.0,1.0,1.0,24.550293853656182,0.8937422170185731,0.5906206369400024,65.02184179456907,98.46205525343404,107.5654296875,1.654296875,1.5439453125,819,1024,5.69616126514397,89.76621250524582,69.15380000282312
sentinel2_patch_00082.png,hybrid_fixed_0p50_learned_0p50,0.8,100.0,1.0,1.0,1.0,1.0,24.554300849984394,0.8938107761925947,0.5906440019607544,65.02184179456907,98.46205525343404,107.5654296875,1.654296875,1.5439453125,819,1024,5.699123476452051,89.76313650714263,70.90310000057798
sentinel2_patch_00083.png,fixed_mission_utility,0.8,99.81481481481484,1.0,1.0,1.0,0.9814814814814815,21.49457691486908,0.820772902008313,0.5536487698554993,65.40805288461539,98.47113626549306,106.2880859375,1.625,1.4814453125,819,1024,5.308403165233754,88.904138505263,69.71299999713665
sentinel2_patch_00083.png,learned_1500_patch,0.8,99.81481481481484,1.0,1.0,1.0,0.9814814814814815,21.63124271938556,0.823754021222346,0.5520429611206055,65.25119904076739,98.46746111228512,106.2880859375,1.62890625,1.4814453125,819,1024,5.29882469728034,88.85283820146415,55.20329999853857
sentinel2_patch_00083.png,learned_full_3224_patch,0.8,99.72222222222224,1.0,1.0,1.0,0.9722222222222222,21.46701830826945,0.8192458321144445,0.5519706010818481,65.25119904076739,98.46746111228512,106.2880859375,1.62890625,1.4814453125,819,1024,5.301560180432036,88.85664143996514,55.32390000007581
sentinel2_patch_00083.png,hybrid_fixed_0p90_learned_0p10,0.8,99.72222222222224,1.0,1.0,1.0,0.9722222222222222,21.501427681671196,0.8209986735120924,0.5529443621635437,65.40805288461539,98.47113626549306,106.2880859375,1.625,1.4814453125,819,1024,5.312301163044011,88.90393879182574,68.68219999887515
sentinel2_patch_00083.png,hybrid_fixed_0p80_learned_0p20,0.8,99.72222222222224,1.0,1.0,1.0,0.9722222222222222,21.49612840508945,0.820971112718469,0.5531681180000305,65.21210305572198,98.46654232398313,106.2880859375,1.6298828125,1.4814453125,819,1024,5.312279846119871,88.90474632876774,67.99650000175461
sentinel2_patch_00083.png,hybrid_fixed_0p70_learned_0p30,0.8,99.72222222222224,1.0,1.0,1.0,0.9722222222222222,21.491522638493265,0.8208907143710189,0.5534616708755493,65.21210305572198,98.46654232398313,106.2880859375,1.6298828125,1.4814453125,819,1024,5.3128061265281,88.90361751368754,67.71890000527492
sentinel2_patch_00083.png,hybrid_fixed_0p60_learned_0p40,0.8,99.81481481481484,1.0,1.0,1.0,0.9814814814814815,21.466506617128502,0.8197399199791627,0.5524492859840393,65.17305389221556,98.46562353568115,106.2880859375,1.630859375,1.4814453125,819,1024,5.306601016124036,88.89893727270113,68.01020000420976
sentinel2_patch_00083.png,hybrid_fixed_0p50_learned_0p50,0.8,99.62962962962966,1.0,1.0,1.0,0.9629629629629629,21.47080556263179,0.819870451598458,0.5523109436035156,65.29034193161368,98.46837990058711,106.2880859375,1.6279296875,1.4814453125,819,1024,5.306039326915747,88.90014423651768,69.47460000083083
sentinel2_patch_00084.png,fixed_mission_utility,0.8,97.39130434782611,1.0,1.0,1.0,0.7391304347826086,22.039094772145372,0.7838758992782858,0.4841596484184265,64.01688555347091,98.4379121362211,99.9638671875,1.5615234375,1.3994140625,819,1024,4.925537586803796,87.44361003212967,67.6512999998522
sentinel2_patch_00084.png,learned_1500_patch,0.8,96.0745469901873,1.0,1.0,0.9667708277702332,0.6739130434782609,20.128283054628014,0.7264596631870988,0.49304038286209106,64.37924528301886,98.44670437560447,99.9638671875,1.552734375,1.3994140625,819,1024,4.877468110114615,87.14367237327963,57.37560000125086
sentinel2_patch_00084.png,learned_full_3224_patch,0.8,96.95652173913047,1.0,1.0,1.0,0.6956521739130435,21.236355921799284,0.763123431897899,0.4884486496448517,63.50062034739454,98.42521223488956,99.9638671875,1.57421875,1.3994140625,819,1024,4.952673782744957,87.36066752985182,58.506499997747596
sentinel2_patch_00084.png,hybrid_fixed_0p90_learned_0p10,0.8,97.1739130434783,1.0,1.0,1.0,0.717391304347826,22.04041969354676,0.7836660395942555,0.4836199879646301,64.13721804511279,98.44084288268222,99.9638671875,1.55859375,1.3994140625,819,1024,4.929178716595118,87.43442190572101,72.82380000106059
sentinel2_patch_00084.png,hybrid_fixed_0p80_learned_0p20,0.8,97.60869565217394,1.0,1.0,1.0,0.7608695652173914,22.062162575662715,0.7842315716099617,0.48473554849624634,63.777570093457946,98.43205064329885,99.9638671875,1.5673828125,1.3994140625,819,1024,4.938533878111625,87.36897328921498,71.2511000019731
sentinel2_patch_00084.png,hybrid_fixed_0p70_learned_0p30,0.8,97.39130434782611,1.0,1.0,1.0,0.7391304347826086,22.067553819253924,0.7840016541232888,0.48482847213745117,63.54003724394786,98.4261891503766,99.9638671875,1.5732421875,1.3994140625,819,1024,4.942113005920065,87.39522370881888,71.55280000006314
sentinel2_patch_00084.png,hybrid_fixed_0p60_learned_0p40,0.8,97.60869565217394,1.0,1.0,1.0,0.7608695652173914,22.066354680356284,0.7834257535414004,0.48462289571762085,63.61901802361715,98.42814298135069,99.9638671875,1.5712890625,1.3994140625,819,1024,4.9382016292439,87.37048865870618,71.0012999988976
sentinel2_patch_00084.png,hybrid_fixed_0p50_learned_0p50,0.8,96.95652173913047,1.0,1.0,1.0,0.6956521739130435,21.237375473710664,0.7624521183215424,0.48849695920944214,63.579503105590064,98.42716606586364,99.9638671875,1.572265625,1.3994140625,819,1024,4.939394185666947,87.3607250755287,71.68210000236286
sentinel2_patch_00085.png,fixed_mission_utility,0.8,95.50000000000003,1.0,1.0,1.0,0.55,22.200293205416553,0.8142412717344852,0.5371105670928955,63.8925,98.43487107250459,99.83203125,1.5625,1.4091796875,819,1024,4.971204687728052,88.71091610209493,69.51899999694433
sentinel2_patch_00085.png,learned_1500_patch,0.8,89.37871885299684,0.906794548034668,1.0,0.8990968465805054,0.5125,20.930239078313377,0.7812874324092303,0.538795530796051,63.852592129918804,98.43389286692491,99.83203125,1.5634765625,1.4091796875,819,1024,4.924614923207453,88.51903020672297,56.57899999641813
sentinel2_patch_00085.png,learned_full_3224_patch,0.8,78.68514108657837,0.7320061326026917,1.0,0.7264947891235352,0.4875,19.884126034281916,0.7498248296616816,0.5450249910354614,63.8925,98.43487107250459,99.83203125,1.5625,1.4091796875,819,1024,4.972101548848392,88.51035424476935,57.8213999979198
sentinel2_patch_00085.png,hybrid_fixed_0p90_learned_0p10,0.8,95.50000000000003,1.0,1.0,1.0,0.55,22.20576771307046,0.8140638239029384,0.5368883609771729,63.852592129918804,98.43389286692491,99.83203125,1.5634765625,1.4091796875,819,1024,4.975627495833648,88.68720518852967,70.3256999986479
sentinel2_patch_00085.png,hybrid_fixed_0p80_learned_0p20,0.8,95.50000000000003,1.0,1.0,1.0,0.55,22.199832385477354,0.8139945848627917,0.5365164279937744,63.8925,98.43487107250459,99.83203125,1.5625,1.4091796875,819,1024,4.977845551681037,88.67721007446615,70.0012000015704
sentinel2_patch_00085.png,hybrid_fixed_0p70_learned_0p30,0.8,95.50000000000003,1.0,1.0,1.0,0.55,22.077702133602482,0.8107539846680257,0.5337926149368286,63.8925,98.43487107250459,99.83203125,1.5625,1.4091796875,819,1024,4.978680271380522,88.64450186702304,70.05349999963073
sentinel2_patch_00085.png,hybrid_fixed_0p60_learned_0p40,0.8,95.50000000000003,1.0,1.0,1.0,0.55,22.087610606312236,0.8106075151131239,0.5337289571762085,63.972465581977474,98.43682748366398,99.83203125,1.560546875,1.4091796875,819,1024,4.972951181208948,88.63790610647351,71.25629999791272
sentinel2_patch_00085.png,hybrid_fixed_0p50_learned_0p50,0.8,94.7101275920868,0.9896540641784668,1.0,0.981198251247406,0.55,21.82572817034891,0.8029526045518476,0.5331721901893616,63.93245778611632,98.43584927808429,99.83203125,1.5615234375,1.4091796875,819,1024,4.972622282210697,88.59569323895646,71.00290000380483
sentinel2_patch_00093.png,fixed_mission_utility,0.8,100.0,1.0,1.0,1.0,1.0,26.776507325486534,0.8978083080695197,0.5086320638656616,66.31701030927834,98.49209125179745,100.51171875,1.515625,1.328125,819,1024,4.7786547271545805,88.39589648788868,74.04369999858318
sentinel2_patch_00093.png,learned_1500_patch,0.8,100.0,1.0,1.0,1.0,1.0,23.929684154517297,0.8623163250582484,0.5245609879493713,66.61747572815534,98.49889238661537,100.51171875,1.5087890625,1.328125,819,1024,4.726323658419395,88.40628843126042,60.48029999510618
sentinel2_patch_00093.png,learned_full_3224_patch,0.8,100.0,1.0,1.0,1.0,1.0,24.90738763806779,0.8747051952671181,0.5246936082839966,66.31701030927834,98.49209125179745,100.51171875,1.515625,1.328125,819,1024,4.76417838045021,88.33438036079365,62.54890000127489
sentinel2_patch_00093.png,hybrid_fixed_0p90_learned_0p10,0.8,100.0,1.0,1.0,1.0,1.0,26.014406761177852,0.890100038083175,0.5140101909637451,66.61747572815534,98.49889238661537,100.51171875,1.5087890625,1.328125,819,1024,4.769278837455952,88.44548537947566,74.57199999771547
sentinel2_patch_00093.png,hybrid_fixed_0p80_learned_0p20,0.8,100.0,1.0,1.0,1.0,1.0,25.725241872862487,0.8865431478097097,0.5166324377059937,66.53135100193924,98.49694920523882,100.51171875,1.5107421875,1.328125,819,1024,4.769229337315141,88.46261380875168,73.67540000268491
sentinel2_patch_00093.png,hybrid_fixed_0p70_learned_0p30,0.8,100.0,1.0,1.0,1.0,1.0,25.723275854270064,0.8865966892027787,0.5167360305786133,66.48837209302326,98.49597761455054,100.51171875,1.51171875,1.328125,819,1024,4.766220039368797,88.46426398669414,72.2576999978628
sentinel2_patch_00093.png,hybrid_fixed_0p60_learned_0p40,0.8,100.0,1.0,1.0,1.0,1.0,25.698867440425733,0.8868760315960883,0.5172198414802551,66.48837209302326,98.49597761455054,100.51171875,1.51171875,1.328125,819,1024,4.769419671153272,88.41114496761003,76.36060000368161
sentinel2_patch_00093.png,hybrid_fixed_0p50_learned_0p50,0.8,100.0,1.0,1.0,1.0,1.0,25.705082601360488,0.8868815009551068,0.5167293548583984,66.35976789168278,98.49306284248571,100.51171875,1.5146484375,1.328125,819,1024,4.7759561193305435,88.33938311544196,73.83000000118045
sentinel2_patch_00095.png,fixed_mission_utility,0.8,83.2914293607076,0.9411916136741638,0.6,0.9030215740203857,0.9583333333333334,21.80484656304217,0.8665553660745848,0.5261330008506775,65.10095846645368,98.46392430533062,99.4951171875,1.5283203125,1.3779296875,819,1024,4.8122598519379425,90.05996286340263,74.07170000078622
sentinel2_patch_00095.png,learned_1500_patch,0.8,86.76461346944174,1.0,0.6,0.9590640068054199,0.9583333333333334,21.959159343818126,0.8706256977934375,0.5221027731895447,64.85232336091661,98.45803519723604,99.4951171875,1.5341796875,1.3779296875,819,1024,4.819307484333433,89.75670713618287,61.68659999821102
sentinel2_patch_00095.png,learned_full_3224_patch,0.8,98.98048480351768,1.0,1.0,0.9698575735092163,0.9583333333333334,22.24675824067752,0.8766549887933267,0.5193034410476685,64.81106870229007,98.45705367922028,99.4951171875,1.53515625,1.3779296875,819,1024,4.825705856652065,89.70647882087235,61.42200000613229
sentinel2_patch_00095.png,hybrid_fixed_0p90_learned_0p10,0.8,81.07481845219931,0.9037569165229797,0.6,0.8670604228973389,0.9583333333333334,21.372703576309156,0.8563273178131401,0.5312309265136719,65.05938697318008,98.46294278731487,99.4951171875,1.529296875,1.3779296875,819,1024,4.804770490059495,90.09654041110636,72.95840000006137
sentinel2_patch_00095.png,hybrid_fixed_0p80_learned_0p20,0.8,81.23412497838339,0.906432032585144,0.6,0.8696755170822144,0.9583333333333334,21.397108517024535,0.8574615276496308,0.5312303900718689,64.8936305732484,98.4590167152518,99.4951171875,1.533203125,1.3779296875,819,1024,4.806962942446874,90.04000364148106,76.31399999809219
sentinel2_patch_00095.png,hybrid_fixed_0p70_learned_0p30,0.8,81.11815102895102,0.9044557809829712,0.6,0.8678293228149414,0.9583333333333334,21.37001822901353,0.856661680031351,0.5304181575775146,64.97640306122449,98.46097975128333,99.4951171875,1.53125,1.3779296875,819,1024,4.804080209863288,90.03872089052784,73.51000000198837
sentinel2_patch_00095.png,hybrid_fixed_0p60_learned_0p40,0.8,80.78007109959921,0.8987359404563904,0.6,0.8623650074005127,0.9583333333333334,21.234594048648923,0.8529066753362085,0.5301589369773865,65.10095846645368,98.46392430533062,99.4951171875,1.5283203125,1.3779296875,819,1024,4.802073063072121,90.05579870918878,74.85290000477107
sentinel2_patch_00095.png,hybrid_fixed_0p50_learned_0p50,0.8,82.4468613465627,0.9268110990524292,0.6,0.8895542025566101,0.9583333333333334,21.590178722301893,0.8617401500180178,0.5219308733940125,65.01786853860881,98.46196126929911,99.4951171875,1.5302734375,1.3779296875,819,1024,4.811694873304853,89.9575533880468,75.21789999736939
sentinel2_patch_00104.png,fixed_mission_utility,0.8,88.40895771980286,0.9883072376251221,0.6666666666666666,0.9907084107398987,0.90625,24.794797612189047,0.9181852171079262,0.5145151615142822,64.27143701951508,98.44409889311116,106.1357421875,1.6513671875,1.611328125,819,1024,6.018263931900619,92.93138287070946,72.24769999447744
sentinel2_patch_00104.png,learned_1500_patch,0.8,84.78201746940614,0.970212459564209,0.5833333333333334,0.9725040793418884,0.90234375,24.372743660449437,0.9109576584877973,0.5165210366249084,63.81855549031121,98.43305760790557,106.1357421875,1.6630859375,1.611328125,819,1024,5.988020484031334,92.75328917220607,62.280600002850406
sentinel2_patch_00104.png,learned_full_3224_patch,0.8,85.11336445808413,0.9751527905464172,0.5833333333333334,0.9772376418113708,0.90625,24.55448525155394,0.9135781667809354,0.5165935754776001,63.931176470588234,98.43581792920696,106.1357421875,1.66015625,1.611328125,819,1024,6.017867263990013,92.72687259276032,61.489600004279055
sentinel2_patch_00104.png,hybrid_fixed_0p90_learned_0p10,0.8,88.17891597747804,0.9859073758125305,0.6666666666666666,0.9879122972488403,0.8984375,24.648452500415342,0.9157924099155462,0.51363205909729,64.23345153664303,98.44317878601069,106.1357421875,1.65234375,1.611328125,819,1024,6.0180280188926245,92.92940611986657,73.18600000144215
sentinel2_patch_00104.png,hybrid_fixed_0p80_learned_0p20,0.8,85.42693257331851,0.9816121459007263,0.5833333333333334,0.9839035868644714,0.8984375,24.49421606861796,0.9138589398766156,0.5156204700469971,64.15761511216057,98.44133857180975,106.1357421875,1.654296875,1.611328125,819,1024,6.014453769063845,92.91958654587435,74.52229999762494
sentinel2_patch_00104.png,hybrid_fixed_0p70_learned_0p30,0.8,85.41831016540529,0.9814648032188416,0.5833333333333334,0.9837671518325806,0.8984375,24.491283611285247,0.9137813087629703,0.5157070755958557,64.08195754716981,98.43949835760883,106.1357421875,1.65625,1.611328125,819,1024,6.009477813475294,92.89303518796204,74.10499999969034
sentinel2_patch_00104.png,hybrid_fixed_0p60_learned_0p40,0.8,85.47948479652405,0.9825867414474487,0.5833333333333334,0.9845820069313049,0.8984375,24.49916792720495,0.9139668521198717,0.515751302242279,63.931176470588234,98.43581792920696,106.1357421875,1.66015625,1.611328125,819,1024,6.012306998267582,92.8397656035598,72.72430000011809
sentinel2_patch_00104.png,hybrid_fixed_0p50_learned_0p50,0.8,85.5654788017273,0.983270525932312,0.5833333333333334,0.9855610132217407,0.90234375,24.51319639300383,0.9136553324097457,0.5160795450210571,63.931176470588234,98.43581792920696,106.1357421875,1.66015625,1.611328125,819,1024,6.009639048268468,92.83998381631517,72.04500000079861
sentinel2_patch_00106.png,fixed_mission_utility,0.8,92.81250000000001,1.0,1.0,1.0,0.28125,25.866228354256048,0.7000924308780412,0.5361320972442627,71.56131479140329,98.60259694373289,110.556640625,1.544921875,1.4287109375,819,1024,4.889763767648696,91.52278826464931,73.56070000241743
sentinel2_patch_00106.png,learned_1500_patch,0.8,95.03906250000003,1.0,1.0,1.0,0.50390625,23.602580892564355,0.6876302213675258,0.528953492641449,70.84480600750939,98.58846391661514,110.556640625,1.560546875,1.4287109375,819,1024,4.8491301015945645,91.0136408718706,60.49340000026859
sentinel2_patch_00106.png,learned_full_3224_patch,0.8,91.77343750000003,1.0,0.9666666666666667,1.0,0.27734375,25.749076655183124,0.699623853661613,0.5360369086265564,70.84480600750939,98.58846391661514,110.556640625,1.560546875,1.4287109375,819,1024,4.8733922318061325,91.39283062662096,60.541300001204945
sentinel2_patch_00106.png,hybrid_fixed_0p90_learned_0p10,0.8,92.77343750000003,1.0,1.0,1.0,0.27734375,25.87062546031866,0.6993001002508396,0.536685049533844,71.60657811511702,98.60348025792774,110.556640625,1.5439453125,1.4287109375,819,1024,4.884222345082681,91.52213928768037,72.45200000033947
sentinel2_patch_00106.png,hybrid_fixed_0p80_learned_0p20,0.8,91.73437500000003,1.0,0.9666666666666667,1.0,0.2734375,25.870100729258514,0.6996866864733314,0.5364463925361633,71.65189873417721,98.6043635721226,110.556640625,1.54296875,1.4287109375,819,1024,4.883801604006285,91.5282421672536,72.7303000021493
sentinel2_patch_00106.png,hybrid_fixed_0p70_learned_0p30,0.8,92.77343750000003,1.0,1.0,1.0,0.27734375,25.871188942815447,0.6997269023965462,0.5366580486297607,71.38083228247163,98.59906368695344,110.556640625,1.548828125,1.4287109375,819,1024,4.881405412547426,91.52594578720968,73.07930000388296
sentinel2_patch_00106.png,hybrid_fixed_0p60_learned_0p40,0.8,92.73437500000003,1.0,1.0,1.0,0.2734375,25.87375249951968,0.7002704328361883,0.5372112989425659,71.42586750788644,98.59994700114831,110.556640625,1.5478515625,1.4287109375,819,1024,4.881405412547426,91.51267920032559,71.9870999964769
sentinel2_patch_00106.png,hybrid_fixed_0p50_learned_0p50,0.8,91.81250000000001,1.0,0.9666666666666667,1.0,0.28125,25.877294244323146,0.7006183194792693,0.5374212861061096,71.33585381222433,98.59818037275859,110.556640625,1.5498046875,1.4287109375,819,1024,4.881183927946642,91.51848879223014,73.99219999933848
sentinel2_patch_00108.png,fixed_mission_utility,0.8,100.0,1.0,1.0,1.0,1.0,25.2677477955592,0.7832966233998107,0.5704235434532166,68.2147201946472,98.53404075081367,109.5166015625,1.60546875,1.4501953125,819,1024,5.0418678137820505,88.78977747651649,75.05299999320414
sentinel2_patch_00108.png,learned_1500_patch,0.8,100.0,1.0,1.0,1.0,1.0,24.722203632974985,0.7677655069067201,0.5659997463226318,67.96666666666667,98.52869053457577,109.5166015625,1.611328125,1.4501953125,819,1024,5.009286853965388,88.42737612812068,61.412700000801124
sentinel2_patch_00108.png,learned_full_3224_patch,0.8,100.0,1.0,1.0,1.0,1.0,25.234757760725245,0.782642280525965,0.5699963569641113,68.0491504854369,98.53047393998841,109.5166015625,1.609375,1.4501953125,819,1024,5.05158554286302,88.23808756493727,61.214100001961924
sentinel2_patch_00108.png,hybrid_fixed_0p90_learned_0p10,0.8,100.0,1.0,1.0,1.0,1.0,25.259167538045702,0.7827466053061267,0.5706009864807129,68.33942717854967,98.53671585893264,109.5166015625,1.6025390625,1.4501953125,819,1024,5.038990810236001,88.71655145198027,77.15479999751551
sentinel2_patch_00108.png,hybrid_fixed_0p80_learned_0p20,0.8,100.0,1.0,1.0,1.0,1.0,25.258757534476118,0.7822797132787158,0.5698645114898682,68.17325227963526,98.53314904810736,109.5166015625,1.6064453125,1.4501953125,819,1024,5.036640615534116,88.60105710750989,75.31739999831188
sentinel2_patch_00108.png,hybrid_fixed_0p70_learned_0p30,0.8,100.0,1.0,1.0,1.0,1.0,25.254317856331276,0.7823419957433179,0.5692521333694458,68.0491504854369,98.53047393998841,109.5166015625,1.609375,1.4501953125,819,1024,5.038198916547948,88.55276060248114,76.1318000004394
sentinel2_patch_00108.png,hybrid_fixed_0p60_learned_0p40,0.8,100.0,1.0,1.0,1.0,1.0,25.244542695719595,0.7824537924477459,0.5691476464271545,67.96666666666667,98.52869053457577,109.5166015625,1.611328125,1.4501953125,819,1024,5.043203504739712,88.53470268129944,76.29450000240467
sentinel2_patch_00108.png,hybrid_fixed_0p50_learned_0p50,0.8,100.0,1.0,1.0,1.0,1.0,25.243194851652188,0.7824817219785511,0.5699719190597534,68.09046751669702,98.53136564269472,109.5166015625,1.6083984375,1.4501953125,819,1024,5.043001878720419,88.47124249417712,73.08149999880698
sentinel2_patch_00111.png,fixed_mission_utility,0.8,79.45242285728456,0.6521978974342346,1.0,0.6682253479957581,1.0,24.33852798035071,0.8094858531367422,0.530100405216217,68.86520947176685,98.54788795725659,110.7626953125,1.6083984375,1.4658203125,819,1024,5.103598444678287,90.4576943757576,76.53369999752613
sentinel2_patch_00111.png,learned_1500_patch,0.8,63.819521665573134,0.6411446928977966,0.5,0.6586866974830627,1.0,22.74282966889237,0.7844696234867264,0.5283607244491577,68.53232628398791,98.54083458971444,110.7626953125,1.6162109375,1.4658203125,819,1024,5.102018734405817,90.12119842717264,64.71179999789456
sentinel2_patch_00111.png,learned_full_3224_patch,0.8,79.0302097797394,0.6450490355491638,1.0,0.6614124178886414,1.0,24.092364749615736,0.8059757040602461,0.5278455018997192,68.94893617021276,98.54965129914214,110.7626953125,1.6064453125,1.4658203125,819,1024,5.098303112036601,90.25664200169379,63.359600004332606
sentinel2_patch_00111.png,hybrid_fixed_0p90_learned_0p10,0.8,79.43422555923463,0.6518598794937134,1.0,0.6679915189743042,1.0,24.33999176653684,0.8095905641769644,0.5301539301872253,69.03286670724285,98.55141464102768,110.7626953125,1.6044921875,1.4658203125,819,1024,5.103598444678287,90.43976052522716,78.12279999780003
sentinel2_patch_00111.png,hybrid_fixed_0p80_learned_0p20,0.8,79.62446928024292,0.6550354957580566,1.0,0.6711524724960327,1.0,24.341048306022728,0.8094298565858148,0.5303955078125,69.03286670724285,98.55141464102768,110.7626953125,1.6044921875,1.4658203125,819,1024,5.100094505315635,90.42202841724266,77.2140999979456
sentinel2_patch_00111.png,hybrid_fixed_0p70_learned_0p30,0.8,79.48922634124756,0.6527273654937744,1.0,0.6690065860748291,1.0,24.343013724586196,0.8094119039796344,0.5294116735458374,69.15914634146341,98.55405965385599,110.7626953125,1.6015625,1.4658203125,819,1024,5.101602532547438,90.37375885862137,79.63469999958761
sentinel2_patch_00111.png,hybrid_fixed_0p60_learned_0p40,0.8,64.3579423427582,0.6505822539329529,0.5,0.6667326092720032,1.0,24.323185476515498,0.808910425520097,0.5290864109992981,69.07490864799026,98.55229631197045,110.7626953125,1.603515625,1.4658203125,819,1024,5.1007035622704375,90.34910379590279,80.20280000346247
sentinel2_patch_00111.png,hybrid_fixed_0p50_learned_0p50,0.8,64.51046228408815,0.6531615257263184,0.5,0.66920006275177,1.0,24.328556339895776,0.8091804165340023,0.528976321220398,68.99087591240875,98.5505329700849,110.7626953125,1.60546875,1.4658203125,819,1024,5.101602532547438,90.3197449464554,79.87219999631634
sentinel2_patch_00115.png,fixed_mission_utility,0.8,100.0,1.0,1.0,1.0,1.0,23.755271042254847,0.7932285056562409,0.5408954620361328,70.36478365384616,98.57883454183641,114.3427734375,1.625,1.4951171875,819,1024,5.260203975231428,90.67998668660364,78.66210000065621
sentinel2_patch_00115.png,learned_1500_patch,0.8,85.00000000000001,1.0,0.5,1.0,1.0,21.552886458764306,0.7531218020796596,0.5352381467819214,70.23815236952609,98.57627234449598,114.3427734375,1.6279296875,1.4951171875,819,1024,5.254115545502324,90.02300038251177,65.65170000249054
sentinel2_patch_00115.png,learned_full_3224_patch,0.8,100.0,1.0,1.0,1.0,1.0,22.653404984486958,0.7771636277075777,0.5405286550521851,70.32252252252252,98.57798047605627,114.3427734375,1.6259765625,1.4951171875,819,1024,5.253000929724101,90.34180654840263,68.1477999969502
sentinel2_patch_00115.png,hybrid_fixed_0p90_learned_0p10,0.8,100.0,1.0,1.0,1.0,1.0,23.987168063598,0.796436793718197,0.5410740375518799,70.36478365384616,98.57883454183641,114.3427734375,1.625,1.4951171875,819,1024,5.263258912004769,90.71576395546967,79.35880000150064
sentinel2_patch_00115.png,hybrid_fixed_0p80_learned_0p20,0.8,100.0,1.0,1.0,1.0,1.0,23.987168063598,0.796436793718197,0.5410740375518799,70.36478365384616,98.57883454183641,114.3427734375,1.625,1.4951171875,819,1024,5.263258912004769,90.71576395546967,77.02699999936158
sentinel2_patch_00115.png,hybrid_fixed_0p70_learned_0p30,0.8,100.0,1.0,1.0,1.0,1.0,22.66888404473567,0.7765620845434638,0.5426108837127686,70.53433734939759,98.582250804957,114.3427734375,1.62109375,1.4951171875,819,1024,5.260115262106107,90.66495447116507,77.90009999735048
sentinel2_patch_00115.png,hybrid_fixed_0p60_learned_0p40,0.8,100.0,1.0,1.0,1.0,1.0,22.669239627863785,0.7765936577562735,0.5425916910171509,70.40709561034275,98.57968860761656,114.3427734375,1.6240234375,1.4951171875,819,1024,5.260115262106107,90.63897347752868,76.58149999770103
sentinel2_patch_00115.png,hybrid_fixed_0p50_learned_0p50,0.8,100.0,1.0,1.0,1.0,1.0,22.66920934046938,0.7765772029744928,0.542514443397522,70.53433734939759,98.582250804957,114.3427734375,1.62109375,1.4951171875,819,1024,5.260115262106107,90.60513360589366,76.72810000076424
sentinel2_patch_00122.png,fixed_mission_utility,0.8,89.53557312252967,1.0,0.7272727272727273,1.0,0.7717391304347826,23.88304685278434,0.803888209533676,0.5031392574310303,66.16224552745219,98.4885639959347,104.7353515625,1.5830078125,1.4296875,819,1024,4.959356859040991,89.2767796969943,73.3498999979929
sentinel2_patch_00122.png,learned_1500_patch,0.8,88.38932806324112,1.0,0.6818181818181818,1.0,0.7934782608695652,24.131806010282876,0.8078817306307249,0.49900394678115845,65.67605633802818,98.47737508042033,104.7353515625,1.5947265625,1.4296875,819,1024,4.949114851271732,88.7622612959026,59.721799996623304
sentinel2_patch_00122.png,learned_full_3224_patch,0.8,88.49802371541503,1.0,0.6818181818181818,1.0,0.8043478260869565,23.89143014714707,0.8038129473155738,0.5028544664382935,65.83732351135666,98.48110471892511,104.7353515625,1.5908203125,1.4296875,819,1024,4.945450753843741,88.83476136781103,58.830900001339614
sentinel2_patch_00122.png,hybrid_fixed_0p90_learned_0p10,0.8,89.53557312252967,1.0,0.7272727272727273,1.0,0.7717391304347826,23.884087882872095,0.8040566955283249,0.5029960870742798,65.95879458794587,98.48390194780372,104.7353515625,1.587890625,1.4296875,819,1024,4.963296064485431,89.24686943506195,72.25200000539189
sentinel2_patch_00122.png,hybrid_fixed_0p80_learned_0p20,0.8,88.38932806324112,1.0,0.6818181818181818,1.0,0.7934782608695652,23.887541141327056,0.8039092971210074,0.5032222867012024,65.79693251533742,98.48017230929892,104.7353515625,1.591796875,1.4296875,819,1024,4.961184641868645,89.24437539617898,72.233499995491
sentinel2_patch_00122.png,hybrid_fixed_0p70_learned_0p30,0.8,88.38932806324112,1.0,0.6818181818181818,1.0,0.7934782608695652,23.887541141327056,0.8039092971210074,0.5032222867012024,65.79693251533742,98.48017230929892,104.7353515625,1.591796875,1.4296875,819,1024,4.961184641868645,89.24437539617898,73.64009999582777
sentinel2_patch_00122.png,hybrid_fixed_0p60_learned_0p40,0.8,88.38932806324112,1.0,0.6818181818181818,1.0,0.7934782608695652,23.890082244254423,0.8039912205463882,0.5032979249954224,65.75659104843655,98.47923989967272,104.7353515625,1.5927734375,1.4296875,819,1024,4.96126295339673,89.22930193490085,73.7851000012597
sentinel2_patch_00122.png,hybrid_fixed_0p50_learned_0p50,0.8,87.13438735177867,1.0,0.6363636363636364,1.0,0.8043478260869565,23.891367721236733,0.804061061555912,0.5035749673843384,65.83732351135666,98.48110471892511,104.7353515625,1.5908203125,1.4296875,819,1024,4.955895908917064,89.02091315319697,72.463800002879
sentinel2_patch_00124.png,fixed_mission_utility,0.8,66.47790789604188,0.588338315486908,1.0,0.5983906388282776,0.09765625,23.919989272602994,0.6998878386003293,0.5444409847259521,70.80579531442663,98.58768622602244,112.1552734375,1.583984375,1.498046875,819,1024,5.019372180970504,91.318990572484,72.95349999913014
sentinel2_patch_00124.png,learned_1500_patch,0.8,65.31018853187561,0.5717030167579651,1.0,0.5830408930778503,0.078125,23.168135258158387,0.6943441172407036,0.5423770546913147,70.5448402948403,98.58246188407185,112.1552734375,1.58984375,1.498046875,819,1024,5.00594064695907,90.84597760178676,62.31699999625562
sentinel2_patch_00124.png,learned_full_3224_patch,0.8,65.2265477180481,0.5684740543365479,1.0,0.5833636522293091,0.08203125,23.7627525373219,0.7018184894988095,0.5475279092788696,70.67507692307693,98.58507405504714,112.1552734375,1.5869140625,1.498046875,819,1024,5.0148897898527,91.12239472964102,61.562700000649784
sentinel2_patch_00124.png,hybrid_fixed_0p90_learned_0p10,0.8,66.28597259521486,0.5851642489433289,1.0,0.5951420068740845,0.09765625,23.92768579168638,0.7000095235630093,0.5449904203414917,70.63161131611317,98.58420333138872,112.1552734375,1.587890625,1.498046875,819,1024,5.022927351156065,91.30251423815018,71.19380000222009
sentinel2_patch_00124.png,hybrid_fixed_0p80_learned_0p20,0.8,66.28597259521486,0.5851642489433289,1.0,0.5951420068740845,0.09765625,23.92768579168638,0.7000095235630093,0.5449904203414917,70.63161131611317,98.58420333138872,112.1552734375,1.587890625,1.498046875,819,1024,5.022927351156065,91.30251423815018,72.32199999998556
sentinel2_patch_00124.png,hybrid_fixed_0p70_learned_0p30,0.8,66.3909125328064,0.5868834853172302,1.0,0.5969505310058594,0.09765625,23.926889001691386,0.6994352578039643,0.5445001125335693,70.63161131611317,98.58420333138872,112.1552734375,1.587890625,1.498046875,819,1024,5.0169954917827235,91.28746581176013,73.08270000066841
sentinel2_patch_00124.png,hybrid_fixed_0p60_learned_0p40,0.8,66.29354715347291,0.585293173789978,1.0,0.595262885093689,0.09765625,23.928222895633606,0.6996577587713643,0.5440762639045715,70.58819913952058,98.58333260773028,112.1552734375,1.5888671875,1.498046875,819,1024,5.0209190686131215,91.29418682673679,71.43499999801861
sentinel2_patch_00124.png,hybrid_fixed_0p50_learned_0p50,0.8,66.43324971199036,0.5895707011222839,1.0,0.59955233335495,0.0859375,24.108270369933695,0.7020007124228811,0.545351505279541,70.63161131611317,98.58420333138872,112.1552734375,1.587890625,1.498046875,819,1024,5.019800663312607,91.27313133934194,72.64250000298489
sentinel2_patch_00131.png,fixed_mission_utility,0.8,99.21052631578951,1.0,1.0,1.0,0.9210526315789473,28.546738557179626,0.7377906844573545,0.521523118019104,70.3176620076239,98.57788218286953,108.0859375,1.537109375,1.3525390625,819,1024,4.806179286192181,88.44823258860524,69.5073999959277
sentinel2_patch_00131.png,learned_1500_patch,0.8,89.03070550215874,0.9086043834686279,1.0,0.8711686134338379,0.5263157894736842,26.048871132754993,0.6852622041368864,0.5395278930664062,71.40645161290323,98.59956631731117,108.0859375,1.513671875,1.3525390625,819,1024,4.730077501806203,88.2022743828905,59.37709999852814
sentinel2_patch_00131.png,learned_full_3224_patch,0.8,99.7368421052632,1.0,1.0,1.0,0.9736842105263158,28.635019248931478,0.7388520688606027,0.5232440829277039,70.81253998720409,98.58782074448862,108.0859375,1.5263671875,1.3525390625,819,1024,4.817371765711589,88.19762195781394,60.08760000258917
sentinel2_patch_00131.png,hybrid_fixed_0p90_learned_0p10,0.8,99.34210526315792,1.0,1.0,1.0,0.9342105263157895,28.624124041594207,0.739444861651528,0.523530900478363,70.3176620076239,98.57788218286953,108.0859375,1.537109375,1.3525390625,819,1024,4.809202120119226,88.45783127613163,71.25839999935124
sentinel2_patch_00131.png,hybrid_fixed_0p80_learned_0p20,0.8,99.34210526315792,1.0,1.0,1.0,0.9342105263157895,28.62277478403797,0.7394821842725421,0.5237293243408203,70.27301587301588,98.5769786772678,108.0859375,1.5380859375,1.3525390625,819,1024,4.808300181414268,88.41188653796318,71.73340000008466
sentinel2_patch_00131.png,hybrid_fixed_0p70_learned_0p30,0.8,99.34210526315792,1.0,1.0,1.0,0.9342105263157895,28.619762562332017,0.739492821591981,0.5239526033401489,70.45194143857415,98.58059269967474,108.0859375,1.5341796875,1.3525390625,819,1024,4.811481018459384,88.38696749628112,73.45189999614377
sentinel2_patch_00131.png,hybrid_fixed_0p60_learned_0p40,0.8,99.21052631578951,1.0,1.0,1.0,0.9210526315789473,28.613455225446675,0.7392764345700769,0.5236860513687134,70.72204472843451,98.58601373328514,108.0859375,1.5283203125,1.3525390625,819,1024,4.814550968402935,88.36051397053872,72.88249999692198
sentinel2_patch_00131.png,hybrid_fixed_0p50_learned_0p50,0.8,99.34210526315792,1.0,1.0,1.0,0.9342105263157895,28.614163264304867,0.7392411085750075,0.5243293642997742,70.54174633524538,98.5823997108782,108.0859375,1.5322265625,1.3525390625,819,1024,4.813971159508241,88.35173966008729,72.24959999439307
sentinel2_patch_00146.png,fixed_mission_utility,0.8,69.71048831939697,0.7535959482192993,0.7083333333333334,0.74200439453125,0.34765625,17.851679880780015,0.8205252535553502,0.7084798216819763,76.85680888369374,98.69887910450032,128.419921875,1.6708984375,1.5595703125,819,1024,5.558793134572994,87.71334781633932,74.99870000174269
sentinel2_patch_00146.png,learned_1500_patch,0.8,70.76859354972841,0.7496861815452576,0.75,0.7382760643959045,0.3515625,17.858470573557213,0.820881196220832,0.7130573987960815,76.85680888369374,98.69887910450032,128.419921875,1.6708984375,1.5595703125,819,1024,5.575090236349846,87.64270122078625,61.42109999927925
sentinel2_patch_00146.png,learned_full_3224_patch,0.8,69.59430336952211,0.7509757280349731,0.7083333333333334,0.7394824624061584,0.3515625,17.84669186664376,0.820228423686766,0.7111652493476868,76.99180327868852,98.7011604386245,128.419921875,1.66796875,1.5595703125,819,1024,5.5629769770364135,87.63511910351485,60.20370000624098
sentinel2_patch_00146.png,hybrid_fixed_0p90_learned_0p10,0.8,69.55393195152284,0.7509489059448242,0.7083333333333334,0.7394706606864929,0.34765625,17.843642131841815,0.8202640849369333,0.7078477740287781,76.99180327868852,98.7011604386245,128.419921875,1.66796875,1.5595703125,819,1024,5.560805107006184,87.69766067715715,74.666000000434
sentinel2_patch_00146.png,hybrid_fixed_0p80_learned_0p20,0.8,69.55393195152284,0.7509489059448242,0.7083333333333334,0.7394706606864929,0.34765625,17.843642131841815,0.8202640849369333,0.7078477740287781,76.99180327868852,98.7011604386245,128.419921875,1.66796875,1.5595703125,819,1024,5.560805107006184,87.69766067715715,74.49630000337493
sentinel2_patch_00146.png,hybrid_fixed_0p70_learned_0p30,0.8,69.49692964553834,0.7499934434890747,0.7083333333333334,0.7385314702987671,0.34765625,17.85131685113762,0.8204661911708154,0.7095805406570435,76.94675248683441,98.70039999391645,128.419921875,1.6689453125,1.5595703125,819,1024,5.563155556451134,87.69667478403494,73.44830000511138
sentinel2_patch_00146.png,hybrid_fixed_0p60_learned_0p40,0.8,69.48210358619691,0.749742865562439,0.7083333333333334,0.738291323184967,0.34765625,17.843711062136062,0.8200460270418246,0.7097499966621399,76.9017543859649,98.69963954920837,128.419921875,1.669921875,1.5595703125,819,1024,5.557044274957921,87.65673794220031,77.74829999834765
sentinel2_patch_00146.png,hybrid_fixed_0p50_learned_0p50,0.8,69.44893360137941,0.7491911053657532,0.7083333333333334,0.7377363443374634,0.34765625,17.847116595849815,0.8201996242122148,0.7100965976715088,76.85680888369374,98.69887910450032,128.419921875,1.6708984375,1.5595703125,819,1024,5.56340045724523,87.63087595024301,74.95779999590013
sentinel2_patch_00149.png,fixed_mission_utility,0.8,53.270820114347686,0.7139061689376831,0.18518518518518517,0.7255290150642395,0.46484375,18.417984898570335,0.8072621886044917,0.710420548915863,77.14565992865636,98.70375079955919,126.7177734375,1.642578125,1.56640625,819,1024,5.518812095023394,89.67119208802673,77.66119999723742
sentinel2_patch_00149.png,learned_1500_patch,0.8,51.628979841868095,0.6696575880050659,0.2222222222222222,0.676378607749939,0.46484375,18.440225222390463,0.8073056765491118,0.7135385870933533,76.46375957572187,98.69219090775977,126.7177734375,1.6572265625,1.56640625,819,1024,5.532353784746303,89.67387026735598,63.81859999964945
sentinel2_patch_00149.png,learned_full_3224_patch,0.8,53.69124147627089,0.7196866869926453,0.18518518518518517,0.7310827970504761,0.47265625,18.43986457746269,0.8069493192745556,0.7115251421928406,77.14565992865636,98.70375079955919,126.7177734375,1.642578125,1.56640625,819,1024,5.527235144599235,89.55181429106898,62.18389999412466
sentinel2_patch_00149.png,hybrid_fixed_0p90_learned_0p10,0.8,53.131893608305205,0.7115230560302734,0.18518518518518517,0.7233489155769348,0.46484375,18.42256146175291,0.8073445369019628,0.7108893394470215,77.09982174688056,98.7029801401059,126.7177734375,1.6435546875,1.56640625,819,1024,5.520251761439031,89.68051893525414,77.85679999506101
sentinel2_patch_00149.png,hybrid_fixed_0p80_learned_0p20,0.8,53.11700436804031,0.711296021938324,0.18518518518518517,0.7230585217475891,0.46484375,18.43003590384356,0.8073849831474806,0.7108022570610046,76.9626334519573,98.70066816174601,126.7177734375,1.646484375,1.56640625,819,1024,5.52268414916,89.65723397872777,78.07519999914803
sentinel2_patch_00149.png,hybrid_fixed_0p70_learned_0p30,0.8,53.32251403066848,0.7141643762588501,0.18518518518518517,0.7256441712379456,0.46875,18.42613463897562,0.8074096495269346,0.7104586958885193,76.9626334519573,98.70066816174601,126.7177734375,1.646484375,1.56640625,819,1024,5.522667982044139,89.64448631292478,76.11379999434575
sentinel2_patch_00149.png,hybrid_fixed_0p60_learned_0p40,0.8,53.50695941183303,0.7165825963020325,0.18518518518518517,0.7280768752098083,0.47265625,18.42939211707524,0.8071075272736545,0.7099965214729309,77.0540380047506,98.7022094806526,126.7177734375,1.64453125,1.56640625,819,1024,5.52358041595649,89.63092583723804,78.19169999856967
sentinel2_patch_00149.png,hybrid_fixed_0p50_learned_0p50,0.8,53.50327584478591,0.7165209650993347,0.18518518518518517,0.7280159592628479,0.47265625,18.432773838130423,0.8072907718078149,0.7106537818908691,77.0540380047506,98.7022094806526,126.7177734375,1.64453125,1.56640625,819,1024,5.522313699117542,89.66066064485646,78.21770000009565
sentinel2_patch_00151.png,fixed_mission_utility,0.8,75.39380482264929,0.8697318434715271,0.5357142857142857,0.861420750617981,0.73046875,17.971904265018296,0.7857463936373832,0.6564891338348389,76.27877385772122,98.6890193045509,128.794921875,1.6884765625,1.55859375,819,1024,5.555585405866765,89.68062746801759,76.70559999678517
sentinel2_patch_00151.png,learned_1500_patch,0.8,69.83661719730925,0.8184071183204651,0.4642857142857143,0.8128849267959595,0.69140625,17.96539477049652,0.7854852782205737,0.6581875681877136,76.32291666666667,98.68977753514399,128.794921875,1.6875,1.55859375,819,1024,5.543368923492452,89.5810642440981,62.70309999672463
sentinel2_patch_00151.png,learned_full_3224_patch,0.8,71.80252909660341,0.8329965472221375,0.5,0.8245239853858948,0.69921875,18.022567130003296,0.7881682770616116,0.6591789722442627,76.19064124783363,98.68750284336473,128.794921875,1.6904296875,1.55859375,819,1024,5.562222537456681,89.62106455441857,61.01009999838425
sentinel2_patch_00151.png,hybrid_fixed_0p90_learned_0p10,0.8,75.37620953151159,0.8700940608978271,0.5357142857142857,0.8617696762084961,0.7265625,17.981870830387358,0.786201387349331,0.6567071676254272,76.32291666666667,98.68977753514399,128.794921875,1.6875,1.55859375,819,1024,5.558156998156443,89.69767647537995,74.63829999323934
sentinel2_patch_00151.png,hybrid_fixed_0p80_learned_0p20,0.8,75.4788785321372,0.8705074191093445,0.5357142857142857,0.8621701598167419,0.734375,17.987101620924417,0.7864952054085439,0.6574040651321411,76.5,98.69281045751634,128.794921875,1.68359375,1.55859375,819,1024,5.561588095349956,89.68126052180389,75.53099999495316
sentinel2_patch_00151.png,hybrid_fixed_0p70_learned_0p30,0.8,75.4788785321372,0.8705074191093445,0.5357142857142857,0.8621701598167419,0.734375,17.987101620924417,0.7864952054085439,0.6574040651321411,76.5,98.69281045751634,128.794921875,1.68359375,1.55859375,819,1024,5.561588095349956,89.68126052180389,74.16489999741316
sentinel2_patch_00151.png,hybrid_fixed_0p60_learned_0p40,0.8,75.49850395747595,0.8714985847473145,0.5357142857142857,0.8631222248077393,0.73046875,17.990420347751233,0.7864775009118699,0.6576902866363525,76.41135573580533,98.69129399633016,128.794921875,1.685546875,1.55859375,819,1024,5.55998535621542,89.6855863893436,74.37489999574609
sentinel2_patch_00151.png,hybrid_fixed_0p50_learned_0p50,0.8,75.49850395747595,0.8714985847473145,0.5357142857142857,0.8631222248077393,0.73046875,17.990420347751233,0.7864775009118699,0.6576902866363525,76.41135573580533,98.69129399633016,128.794921875,1.685546875,1.55859375,819,1024,5.55998535621542,89.6855863893436,73.94789999671048
sentinel2_patch_00152.png,fixed_mission_utility,0.8,58.59222565378464,0.7129057049751282,0.35714285714285715,0.7200387120246887,0.49609375,17.42723733626445,0.741327748141775,0.6861199736595154,76.82603686635944,98.69835795156332,130.244140625,1.6953125,1.6220703125,819,1024,5.797780453421662,90.31068735251242,76.5908000030322
sentinel2_patch_00152.png,learned_1500_patch,0.8,59.90277920450484,0.7347896099090576,0.35714285714285715,0.7320329546928406,0.515625,17.409519924845643,0.7403273367021199,0.6820339560508728,76.87031700288185,98.69910774537001,130.244140625,1.6943359375,1.6220703125,819,1024,5.8000551336527195,90.20346045163798,65.45700000424404
sentinel2_patch_00152.png,learned_full_3224_patch,0.8,59.840216977255686,0.7345858216285706,0.35714285714285715,0.7312655448913574,0.51171875,17.420961213435067,0.7408178856327812,0.6871989965438843,76.87031700288185,98.69910774537001,130.244140625,1.6943359375,1.6220703125,819,1024,5.787185962410644,90.17738729096888,65.80430000030901
sentinel2_patch_00152.png,hybrid_fixed_0p90_learned_0p10,0.8,58.59222565378464,0.7129057049751282,0.35714285714285715,0.7200387120246887,0.49609375,17.42723733626445,0.741327748141775,0.6861199736595154,76.82603686635944,98.69835795156332,130.244140625,1.6953125,1.6220703125,819,1024,5.797780453421662,90.31068735251242,78.16620000085095
sentinel2_patch_00152.png,hybrid_fixed_0p80_learned_0p20,0.8,58.57458863939557,0.7125985026359558,0.35714285714285715,0.7197712659835815,0.49609375,17.433819120433448,0.7417504065258635,0.6851632595062256,76.91464821222607,98.69985753917673,130.244140625,1.693359375,1.6220703125,819,1024,5.799774918514466,90.27369293342092,80.47480000095675
sentinel2_patch_00152.png,hybrid_fixed_0p70_learned_0p30,0.8,58.43812618936812,0.7116481065750122,0.35714285714285715,0.7187551856040955,0.48828125,17.416706746579557,0.7412980845158654,0.6856657266616821,76.87031700288185,98.69910774537001,130.244140625,1.6943359375,1.6220703125,819,1024,5.799465303604114,90.28022545221093,77.21529999980703
sentinel2_patch_00152.png,hybrid_fixed_0p60_learned_0p40,0.8,58.64640985216414,0.7138031125068665,0.35714285714285715,0.720953106880188,0.49609375,17.4297659931554,0.7412372524381664,0.6851071119308472,76.95903058280439,98.70060733298342,130.244140625,1.6923828125,1.6220703125,819,1024,5.797955373844937,90.25025681083065,76.85059999494115
sentinel2_patch_00152.png,hybrid_fixed_0p50_learned_0p50,0.8,58.696699483054026,0.7145878672599792,0.35714285714285715,0.721898078918457,0.49609375,17.423901904997592,0.7410187176366893,0.684259295463562,76.69350201265095,98.69610857014321,130.244140625,1.6982421875,1.6220703125,819,1024,5.796222862336266,90.25420920603273,76.29610000003595
sentinel2_patch_00156.png,fixed_mission_utility,0.8,63.239672367389396,0.8321349620819092,0.2692307692307692,0.8282425403594971,0.53125,17.701498903348444,0.7417860427825591,0.6321325302124023,75.67586206896551,98.67857468331358,128.58984375,1.69921875,1.59765625,819,1024,5.726481374062617,90.02820032609479,75.94180000160122
sentinel2_patch_00156.png,learned_1500_patch,0.8,62.22966652650101,0.8326124548912048,0.23076923076923078,0.832526445388794,0.53515625,17.766670063096512,0.7453696166426086,0.6328874230384827,76.02540415704388,98.684650202011,128.58984375,1.69140625,1.59765625,819,1024,5.727936905993257,89.96478389016413,64.75269999646116
sentinel2_patch_00156.png,learned_full_3224_patch,0.8,62.893579189593986,0.8262476325035095,0.2692307692307692,0.8227125406265259,0.53125,17.724131559449575,0.742393716992766,0.6303356885910034,75.63239517518667,98.6778152434764,128.58984375,1.7001953125,1.59765625,819,1024,5.7319229657384145,89.82946354788997,64.00030000077095
sentinel2_patch_00156.png,hybrid_fixed_0p90_learned_0p10,0.8,63.202170316989616,0.8314788341522217,0.2692307692307692,0.8276796936988831,0.53125,17.702919110188102,0.7420133765241327,0.6317985653877258,75.71937895342151,98.67933412315077,128.58984375,1.6982421875,1.59765625,819,1024,5.727632618003803,90.01862976781024,75.5801999985124
sentinel2_patch_00156.png,hybrid_fixed_0p80_learned_0p20,0.8,63.202170316989616,0.8314788341522217,0.2692307692307692,0.8276796936988831,0.53125,17.702919110188102,0.7420133765241327,0.6317985653877258,75.71937895342151,98.67933412315077,128.58984375,1.6982421875,1.59765625,819,1024,5.727632618003803,90.01862976781024,76.41650000005029
sentinel2_patch_00156.png,hybrid_fixed_0p70_learned_0p30,0.8,64.42355449383076,0.8325749039649963,0.3076923076923077,0.8288644552230835,0.53125,17.721175273798377,0.7423256810911466,0.6325303912162781,75.45902578796561,98.6747774841277,128.58984375,1.7041015625,1.59765625,819,1024,5.727964870103522,90.02403207883094,78.40360000409419
sentinel2_patch_00156.png,hybrid_fixed_0p60_learned_0p40,0.8,63.194496815021225,0.8312718272209167,0.2692307692307692,0.8277100324630737,0.53125,17.73000269018445,0.7427514008142226,0.630565345287323,75.45902578796561,98.6747774841277,128.58984375,1.7041015625,1.59765625,819,1024,5.728381872377014,89.92676422378277,74.55859999754466
sentinel2_patch_00156.png,hybrid_fixed_0p50_learned_0p50,0.8,63.11404842596788,0.8299366235733032,0.2692307692307692,0.8263580203056335,0.53125,17.735304019515436,0.7429505931121796,0.6309841275215149,75.45902578796561,98.6747774841277,128.58984375,1.7041015625,1.59765625,819,1024,5.731731584854028,89.90043534224691,77.5735999995959
sentinel2_patch_00159.png,fixed_mission_utility,0.8,65.10927188734294,0.7926468253135681,0.46153846153846156,0.7870727777481079,0.3815789473684211,19.10653197592784,0.7529555352864371,0.6638890504837036,77.99817850637523,98.71791877816959,125.4521484375,1.6083984375,1.458984375,819,1024,5.227139083663905,86.7677620542694,75.8858000044711
sentinel2_patch_00159.png,learned_1500_patch,0.8,67.62463115809258,0.8106799721717834,0.5,0.8037312626838684,0.41228070175438597,19.11940794939938,0.7527747737121133,0.6667738556861877,77.80920654149,98.71480504114025,125.4521484375,1.6123046875,1.458984375,819,1024,5.217481729107797,86.68069632823914,65.89830000302754
sentinel2_patch_00159.png,learned_full_3224_patch,0.8,66.21960204944277,0.7911443114280701,0.5,0.785709023475647,0.38596491228070173,19.102148788113297,0.7538357192632104,0.6614986062049866,77.85636363636364,98.71558347539758,125.4521484375,1.611328125,1.458984375,819,1024,5.226890935489702,86.65942381948571,66.7191999964416
sentinel2_patch_00159.png,hybrid_fixed_0p90_learned_0p10,0.8,65.21337974409344,0.7943907380104065,0.46153846153846156,0.7887903451919556,0.3815789473684211,19.110791053115296,0.7527362169220034,0.6632145047187805,77.9508495145631,98.71714034391226,125.4521484375,1.609375,1.458984375,819,1024,5.225257373219856,86.75224746693745,78.8925000015297
sentinel2_patch_00159.png,hybrid_fixed_0p80_learned_0p20,0.8,65.05798209051375,0.791771650314331,0.46153846153846156,0.7862586379051208,0.3815789473684211,19.103156736925996,0.7526464927450658,0.6617167592048645,77.90357792601577,98.71636190965492,125.4521484375,1.6103515625,1.458984375,819,1024,5.225132970368273,86.77176756482348,77.79339999979129
sentinel2_patch_00159.png,hybrid_fixed_0p70_learned_0p30,0.8,65.14174807409528,0.7931743860244751,0.46153846153846156,0.7876414656639099,0.3815789473684211,19.109908192554286,0.7529888302883722,0.6611706018447876,77.9508495145631,98.71714034391226,125.4521484375,1.609375,1.458984375,819,1024,5.223507503565509,86.73249055677206,77.61960000061663
sentinel2_patch_00159.png,hybrid_fixed_0p60_learned_0p40,0.8,64.93095131216424,0.7903827428817749,0.46153846153846156,0.7848778963088989,0.37719298245614036,19.10483629395936,0.753060647140661,0.6613413691520691,77.90357792601577,98.71636190965492,125.4521484375,1.6103515625,1.458984375,819,1024,5.223064737768667,86.74121201471836,75.97199999872828
sentinel2_patch_00159.png,hybrid_fixed_0p50_learned_0p50,0.8,64.8898551016845,0.7896931767463684,0.46153846153846156,0.7842022180557251,0.37719298245614036,19.10285110371279,0.7530876067922896,0.6612036228179932,77.90357792601577,98.71636190965492,125.4521484375,1.6103515625,1.458984375,819,1024,5.224232465691497,86.75071157015405,76.98650000384077
sentinel2_patch_00166.png,fixed_mission_utility,0.8,85.47120241018443,0.9458479881286621,0.6538461538461539,0.949923038482666,0.90234375,17.282601087824755,0.8049898261646669,0.6922430992126465,77.14668218859138,98.7037679759767,129.431640625,1.677734375,1.5869140625,819,1024,5.527235979539619,89.51251972081992,72.92790000064997
sentinel2_patch_00166.png,learned_1500_patch,0.8,80.44387973271884,0.9254910349845886,0.5384615384615384,0.9299258589744568,0.8671875,17.05512050798244,0.7947898913808682,0.692489504814148,77.59836065573771,98.71131298193725,129.431640625,1.66796875,1.5869140625,819,1024,5.5127727900628445,89.47405826687634,61.119400001189206
sentinel2_patch_00166.png,learned_full_3224_patch,0.8,82.72874547885016,0.9398850202560425,0.5769230769230769,0.9440169930458069,0.89453125,17.162381119172025,0.7994032150388632,0.6936408281326294,77.05697674418604,98.70225897478458,129.431640625,1.6796875,1.5869140625,819,1024,5.51967310755839,89.46291479645848,63.27629999577766
sentinel2_patch_00166.png,hybrid_fixed_0p90_learned_0p10,0.8,85.36425260397105,0.9440754055976868,0.6538461538461539,0.9481207132339478,0.90234375,17.28255349243899,0.80499558888989,0.692690372467041,77.01220220801859,98.70150447418854,129.431640625,1.6806640625,1.5869140625,819,1024,5.528017153812104,89.51210335866627,73.26089999696705
sentinel2_patch_00166.png,hybrid_fixed_0p80_learned_0p20,0.8,85.3491130241981,0.9438245892524719,0.6538461538461539,0.94786536693573,0.90234375,17.275751853128266,0.8049179940705585,0.6934310793876648,77.14668218859138,98.7037679759767,129.431640625,1.677734375,1.5869140625,819,1024,5.526183923512476,89.51829096289416,73.64609999785898
sentinel2_patch_00166.png,hybrid_fixed_0p70_learned_0p30,0.8,85.3491130241981,0.9438245892524719,0.6538461538461539,0.94786536693573,0.90234375,17.275751853128266,0.8049179940705585,0.6934310793876648,77.14668218859138,98.7037679759767,129.431640625,1.677734375,1.5869140625,819,1024,5.526183923512476,89.51829096289416,74.757900001714
sentinel2_patch_00166.png,hybrid_fixed_0p60_learned_0p40,0.8,85.33460525365977,0.9435861706733704,0.6538461538461539,0.9476168155670166,0.90234375,17.281222331017606,0.8048945809357702,0.6932955384254456,76.96747967479675,98.70074997359248,129.431640625,1.681640625,1.5869140625,819,1024,5.528822614080695,89.4783086305282,75.20429999567568
sentinel2_patch_00166.png,hybrid_fixed_0p50_learned_0p50,0.8,85.5225839981666,0.946708619594574,0.6538461538461539,0.9507708549499512,0.90234375,17.26992023522217,0.8042208217963502,0.693528413772583,76.92280905397563,98.69999547299642,129.431640625,1.6826171875,1.5869140625,819,1024,5.524419556791942,89.5034060159011,73.99980000627693
sentinel2_patch_00167.png,fixed_mission_utility,0.8,69.2927932739258,0.6303477883338928,1.0,0.6297253370285034,0.1484375,16.67405071341777,0.6489741572335759,0.7660648226737976,81.94867037724181,98.77972394744587,129.4052734375,1.5791015625,1.455078125,819,1024,5.091155289130696,87.84792521824885,76.68069999635918
sentinel2_patch_00167.png,learned_1500_patch,0.8,65.68430521271446,0.6153690218925476,0.9090909090909091,0.6195283532142639,0.140625,16.821120984978304,0.6529076653037007,0.7842049598693848,81.74645280690932,98.77670533012353,129.4052734375,1.5830078125,1.455078125,819,1024,5.065743670229639,87.84129912459147,64.35100000089733
sentinel2_patch_00167.png,learned_full_3224_patch,0.8,66.83831334114076,0.5907852649688721,1.0,0.5939388871192932,0.1328125,16.80091662937299,0.6521698916277407,0.7745521068572998,82.15189088654681,98.78274256476821,129.4052734375,1.5751953125,1.455078125,819,1024,5.085461034599691,87.93080669020287,65.3634000045713
sentinel2_patch_00167.png,hybrid_fixed_0p90_learned_0p10,0.8,66.91488385200502,0.5923173427581787,1.0,0.5927501320838928,0.13671875,16.68484919637603,0.6487401656076804,0.7665061950683594,82.10099132589839,98.78198791043762,129.4052734375,1.576171875,1.455078125,819,1024,5.080592993279891,87.88450447276404,76.36659999843687
sentinel2_patch_00167.png,hybrid_fixed_0p80_learned_0p20,0.8,66.87975764274599,0.5917254686355591,1.0,0.5921775698661804,0.13671875,16.68255808874409,0.6490171647760906,0.7670143842697144,81.99938118811882,98.78047860177645,129.4052734375,1.578125,1.455078125,819,1024,5.079748798634841,87.89595685618701,75.02560000284575
sentinel2_patch_00167.png,hybrid_fixed_0p70_learned_0p30,0.8,66.87975764274599,0.5917254686355591,1.0,0.5921775698661804,0.13671875,16.68255808874409,0.6490171647760906,0.7670143842697144,81.99938118811882,98.78047860177645,129.4052734375,1.578125,1.455078125,819,1024,5.079748798634841,87.89595685618701,76.43879999523051
sentinel2_patch_00167.png,hybrid_fixed_0p60_learned_0p40,0.8,66.9846820831299,0.5934990644454956,1.0,0.5938766002655029,0.13671875,16.68544874782684,0.6489972369892972,0.7677592039108276,82.20285359801488,98.78349721909879,129.4052734375,1.57421875,1.455078125,819,1024,5.080755998658623,87.92249139512754,76.3375000024098
sentinel2_patch_00167.png,hybrid_fixed_0p50_learned_0p50,0.8,66.91306114196779,0.5923036932945251,1.0,0.5926862955093384,0.13671875,16.687912302287636,0.6491567544987245,0.7680443525314331,82.20285359801488,98.78349721909879,129.4052734375,1.57421875,1.455078125,819,1024,5.083525164165831,87.92697582270141,75.9128999998211
sentinel2_patch_00170.png,fixed_mission_utility,0.8,77.50073782602948,1.0,0.28888888888888886,0.9690473079681396,0.9453125,20.342335079085743,0.9281313639248371,0.5784810185432434,64.37096774193549,98.44650463542972,109.12890625,1.6953125,1.5849609375,819,1024,5.998842466631929,90.63044329866938,75.86340000125347
sentinel2_patch_00170.png,learned_1500_patch,0.8,77.53487579027814,1.0,0.28888888888888886,0.9707542061805725,0.9453125,20.20070557918642,0.9259948207161803,0.5786621570587158,65.12121212121212,98.46440204746393,109.12890625,1.67578125,1.5849609375,819,1024,5.989896492564303,90.41792381300048,61.54950000200188
sentinel2_patch_00170.png,learned_full_3224_patch,0.8,77.43822209040326,1.0,0.28888888888888886,0.9678746461868286,0.94140625,20.35716884009197,0.9285326774900156,0.5798669457435608,64.44521337946944,98.44829437663314,109.12890625,1.693359375,1.5849609375,819,1024,6.003726793902478,90.50491532103756,62.12240000604652
sentinel2_patch_00170.png,hybrid_fixed_0p90_learned_0p10,0.8,77.50148169199628,1.0,0.28888888888888886,0.9690845012664795,0.9453125,20.37129251209104,0.9285800502471147,0.5783258080482483,64.44521337946944,98.44829437663314,109.12890625,1.693359375,1.5849609375,819,1024,6.002065503766032,90.6123635050042,76.73990000330377
sentinel2_patch_00170.png,hybrid_fixed_0p80_learned_0p20,0.8,77.40343562761943,1.0,0.28888888888888886,0.9661353230476379,0.94140625,20.320338588347845,0.9280948911974293,0.5768636465072632,64.55690352397458,98.45097898843828,109.12890625,1.6904296875,1.5849609375,819,1024,5.997694119713028,90.59801881204021,74.72989999951096
sentinel2_patch_00170.png,hybrid_fixed_0p70_learned_0p30,0.8,77.44450561205547,1.0,0.28888888888888886,0.9681888222694397,0.94140625,20.352704220848704,0.9284645287081059,0.5771161317825317,64.51963048498845,98.45008411783655,109.12890625,1.69140625,1.5849609375,819,1024,6.00304596050028,90.5904235115713,75.84279999719001
sentinel2_patch_00170.png,hybrid_fixed_0p60_learned_0p40,0.8,77.44450561205547,1.0,0.28888888888888886,0.9681888222694397,0.94140625,20.352704220848704,0.9284645287081059,0.5771161317825317,64.51963048498845,98.45008411783655,109.12890625,1.69140625,1.5849609375,819,1024,6.00304596050028,90.5904235115713,78.05869999720016
sentinel2_patch_00170.png,hybrid_fixed_0p50_learned_0p50,0.8,77.43947498003642,1.0,0.28888888888888886,0.9679372906684875,0.94140625,20.353473746193558,0.9284617667680046,0.5774905681610107,64.51963048498845,98.45008411783655,109.12890625,1.69140625,1.5849609375,819,1024,6.0024088497140315,90.57553672265227,77.52319999417523
sentinel2_patch_00171.png,fixed_mission_utility,0.8,32.21865909030805,0.011492283083498478,1.0,0.011025311425328255,0.15384615384615385,28.856019356341886,0.8414368624558484,0.3959811329841614,84.20614469772052,98.81243820912387,82.97265625,0.9853515625,0.6865234375,819,1024,2.6406767344937765,87.83499068711565,60.72739999945043
sentinel2_patch_00171.png,learned_1500_patch,0.8,32.632098289636474,0.0184710081666708,1.0,0.01773982122540474,0.15384615384615385,28.663303299687723,0.8144990500537,0.40512514114379883,84.12277227722772,98.81126124005462,82.97265625,0.986328125,0.6865234375,819,1024,2.618189943846026,87.35340889891287,46.54169999412261
sentinel2_patch_00171.png,learned_full_3224_patch,0.8,32.48839598005781,0.01605858840048313,1.0,0.015379545278847218,0.15384615384615385,28.913874135359812,0.8460028748885218,0.40344691276550293,83.13502935420743,98.79713761122358,82.97265625,0.998046875,0.6865234375,819,1024,2.657581473379639,87.22498708872547,46.60410000360571
sentinel2_patch_00171.png,hybrid_fixed_0p90_learned_0p10,0.8,32.28172287201653,0.012557798065245152,1.0,0.012047470547258854,0.15384615384615385,28.857012488157817,0.8410260536637744,0.3964601457118988,84.12277227722772,98.81126124005462,82.97265625,0.986328125,0.6865234375,819,1024,2.639160000548538,87.79769861483166,58.85109999508131
sentinel2_patch_00171.png,hybrid_fixed_0p80_learned_0p20,0.8,32.261436803696256,0.012215261347591877,1.0,0.011718240566551685,0.15384615384615385,28.85503344307393,0.8406273051213392,0.3980265259742737,84.03956478733927,98.81008427098536,82.97265625,0.9873046875,0.6865234375,819,1024,2.638060701757979,87.79721956647228,59.53899999440182
sentinel2_patch_00171.png,hybrid_fixed_0p70_learned_0p30,0.8,32.344939856288526,0.013626746833324432,1.0,0.013070422224700451,0.15384615384615385,28.857635448461217,0.8406324780051525,0.3966043293476105,84.12277227722772,98.81126124005462,82.97265625,0.986328125,0.6865234375,819,1024,2.636452910139025,87.73414179499788,53.78950000158511
sentinel2_patch_00171.png,hybrid_fixed_0p60_learned_0p40,0.8,32.54616694381605,0.017029013484716415,1.0,0.01632724329829216,0.15384615384615385,28.856494912254238,0.840161078635538,0.39918601512908936,84.3733862959285,98.81479214726237,82.97265625,0.9833984375,0.6865234375,819,1024,2.636408186516726,87.69796443139631,53.03930000081891
sentinel2_patch_00171.png,hybrid_fixed_0p50_learned_0p50,0.8,32.54616694381605,0.017029013484716415,1.0,0.01632724329829216,0.15384615384615385,28.866488961050525,0.8411633651721301,0.39994776248931885,84.54129353233832,98.81714608540088,82.97265625,0.9814453125,0.6865234375,819,1024,2.6405860216629473,87.6477933282198,53.43749999883585
sentinel2_patch_00175.png,fixed_mission_utility,0.8,4.64063988855252,0.051974110305309296,0.0,0.051160696893930435,0.15384615384615385,28.687834298592485,0.8392056543268831,0.38390040397644043,84.34985133795837,98.81446145531025,83.1142578125,0.9853515625,0.6865234375,819,1024,2.4728219889070724,88.00979090566643,52.86329999944428
sentinel2_patch_00175.png,learned_1500_patch,0.8,4.587198744217556,0.048930224031209946,0.0,0.04816615581512451,0.16666666666666666,28.621169404408263,0.8235008216837214,0.38731101155281067,84.26633663366337,98.8132864914404,83.1142578125,0.986328125,0.6865234375,819,1024,2.4335990914260464,87.73869895495778,40.95980000420241
sentinel2_patch_00175.png,learned_full_3224_patch,0.8,4.708277756969135,0.05095916986465454,0.0,0.050162214785814285,0.16666666666666666,28.667216222268223,0.8338372356731708,0.38466334342956543,83.8512315270936,98.80741167209108,83.1142578125,0.9912109375,0.6865234375,819,1024,2.4826512622982526,87.56438721409194,41.32210000534542
sentinel2_patch_00175.png,hybrid_fixed_0p90_learned_0p10,0.8,4.621342065242621,0.05165079981088638,0.0,0.05084242671728134,0.15384615384615385,28.69092292178623,0.8393725765112721,0.3840995132923126,84.43353174603175,98.81563641918011,83.1142578125,0.984375,0.6865234375,819,1024,2.475531979156376,88.01091054993245,53.18249999982072
sentinel2_patch_00175.png,hybrid_fixed_0p80_learned_0p20,0.8,4.626523869541977,0.05173760652542114,0.0,0.05092790350317955,0.15384615384615385,28.69196093201581,0.8396774459895171,0.385145902633667,84.0998023715415,98.81093656370066,83.1142578125,0.98828125,0.6865234375,819,1024,2.4769807333377183,87.98894711720743,55.624600005103275
sentinel2_patch_00175.png,hybrid_fixed_0p70_learned_0p30,0.8,4.766080031792324,0.05192771181464195,0.0,0.0511152446269989,0.16666666666666666,28.681446054361924,0.8380221685576383,0.38531494140625,84.26633663366337,98.8132864914404,83.1142578125,0.986328125,0.6865234375,819,1024,2.4730946386035337,87.94245887377897,54.22700000053737
sentinel2_patch_00175.png,hybrid_fixed_0p60_learned_0p40,0.8,4.737239877382915,0.051444537937641144,0.0,0.05063958466053009,0.16666666666666666,28.68645314878419,0.8381806569673529,0.3840574622154236,84.0998023715415,98.81093656370066,83.1142578125,0.98828125,0.6865234375,819,1024,2.480009201050088,87.85589350066442,54.62940000143135
sentinel2_patch_00175.png,hybrid_fixed_0p50_learned_0p50,0.8,4.749286795655887,0.05164626985788345,0.0,0.05083846673369408,0.16666666666666666,28.685881908676492,0.8379097201992742,0.38524529337882996,84.0167818361303,98.80976159983081,83.1142578125,0.9892578125,0.6865234375,819,1024,2.480795128657633,87.79433607242288,53.389499997138046
sentinel2_patch_00179.png,fixed_mission_utility,0.8,81.48496933605361,0.7684131860733032,1.0,0.6461177468299866,0.782608695652174,26.476692208670375,0.9039865020443427,0.4849420487880707,71.92376317923762,98.60963893462032,86.603515625,1.2041015625,0.9248046875,819,1024,3.845914602664282,86.06300593134988,60.25980000413256
sentinel2_patch_00179.png,learned_1500_patch,0.8,74.07095468562584,0.6600316166877747,1.0,0.5573975443840027,0.6521739130434783,26.202046964362623,0.8897894025327616,0.47318586707115173,72.51185609157808,98.62091518008164,86.603515625,1.1943359375,0.9248046875,819,1024,3.789375477544855,86.39607487905145,46.18550000304822
sentinel2_patch_00179.png,learned_full_3224_patch,0.8,77.23480400831805,0.7007821798324585,1.0,0.5906106233596802,0.7391304347826086,26.367098515251133,0.8981239720699233,0.4826631546020508,71.92376317923762,98.60963893462032,86.603515625,1.2041015625,0.9248046875,819,1024,3.8148123354266454,86.04892636654172,46.646599999803584
sentinel2_patch_00179.png,hybrid_fixed_0p90_learned_0p10,0.8,80.9928745808809,0.7597359418869019,1.0,0.6388674974441528,0.782608695652174,26.474407445626674,0.903747129768932,0.48553764820098877,71.86547811993518,98.60851131007419,86.603515625,1.205078125,0.9248046875,819,1024,3.844579308136965,86.05297939100673,62.52479999966454
sentinel2_patch_00179.png,hybrid_fixed_0p80_learned_0p20,0.8,80.4619748177736,0.7503355145454407,1.0,0.6311233639717102,0.782608695652174,26.461499376094487,0.9031061133219594,0.48500776290893555,71.6911883589329,98.6051284364358,86.603515625,1.2080078125,0.9248046875,819,1024,3.843481971419481,86.01227345471324,62.0411999989301
sentinel2_patch_00179.png,hybrid_fixed_0p70_learned_0p30,0.8,80.36717005397963,0.7486528158187866,1.0,0.629748523235321,0.782608695652174,26.464898201616048,0.9032116511389618,0.48497363924980164,71.74919093851133,98.60625606098193,86.603515625,1.20703125,0.9248046875,819,1024,3.843404219044516,86.00979559670698,58.71420000039507
sentinel2_patch_00179.png,hybrid_fixed_0p60_learned_0p40,0.8,78.55240521223651,0.7241883277893066,1.0,0.6096783876419067,0.7391304347826086,26.409375854709772,0.9001040026222531,0.4842377305030823,71.92376317923762,98.60963893462032,86.603515625,1.2041015625,0.9248046875,819,1024,3.835405346566718,86.09450320219224,62.77760000375565
sentinel2_patch_00179.png,hybrid_fixed_0p50_learned_0p50,0.8,78.18935928137408,0.7177502512931824,1.0,0.6044022440910339,0.7391304347826086,26.39965248308127,0.8996706657296878,0.4840039908885956,71.6911883589329,98.6051284364358,86.603515625,1.2080078125,0.9248046875,819,1024,3.835809777129191,86.06598663095643,60.16939999972237
sentinel2_patch_00183.png,fixed_mission_utility,0.8,98.18181818181822,1.0,1.0,1.0,0.8181818181818182,25.2821467406877,0.8976370967852448,0.5128741264343262,66.24827109266943,98.4905266454408,93.5498046875,1.412109375,1.2001953125,819,1024,4.568264838239108,84.83219511816553,66.86139999510488
sentinel2_patch_00183.png,learned_1500_patch,0.8,98.31168831168834,1.0,1.0,1.0,0.8311688311688312,24.908118899409324,0.8865600869873519,0.514814019203186,66.84926727145847,98.50409729109035,93.5498046875,1.3994140625,1.2001953125,819,1024,4.531513684758677,84.37684287486991,53.82349999854341
sentinel2_patch_00183.png,learned_full_3224_patch,0.8,98.05194805194807,1.0,1.0,1.0,0.8051948051948052,25.219298514812355,0.8957763150823297,0.5101407766342163,66.11111111111111,98.4873949579832,93.5498046875,1.4150390625,1.2001953125,819,1024,4.571630440805769,84.75263932393457,53.7320000003092
sentinel2_patch_00183.png,hybrid_fixed_0p90_learned_0p10,0.8,98.18181818181822,1.0,1.0,1.0,0.8181818181818182,25.278703112348037,0.8975334503407263,0.513244092464447,66.29411764705883,98.49157054125999,93.5498046875,1.4111328125,1.2001953125,819,1024,4.566117933658933,84.84277127411366,66.54230000276584
sentinel2_patch_00183.png,hybrid_fixed_0p80_learned_0p20,0.8,98.18181818181822,1.0,1.0,1.0,0.8181818181818182,25.275693538686337,0.8968381811590387,0.5117790102958679,66.1567679558011,98.48843885380239,93.5498046875,1.4140625,1.2001953125,819,1024,4.564287403701915,84.84035283572278,65.90680000226712
sentinel2_patch_00183.png,hybrid_fixed_0p70_learned_0p30,0.8,98.18181818181822,1.0,1.0,1.0,0.8181818181818182,25.275352494359893,0.8968077177015933,0.5127936005592346,66.29411764705883,98.49157054125999,93.5498046875,1.4111328125,1.2001953125,819,1024,4.565729129153212,84.83989261050662,67.64010000188136
sentinel2_patch_00183.png,hybrid_fixed_0p60_learned_0p40,0.8,98.18181818181822,1.0,1.0,1.0,0.8181818181818182,25.208920615675446,0.8956716861759775,0.5133852958679199,66.11111111111111,98.4873949579832,93.5498046875,1.4150390625,1.2001953125,819,1024,4.5622909514011045,84.83948652943353,67.67799999943236
sentinel2_patch_00183.png,hybrid_fixed_0p50_learned_0p50,0.8,98.18181818181822,1.0,1.0,1.0,0.8181818181818182,25.22071600383835,0.8960374063999001,0.5141037106513977,66.24827109266943,98.4905266454408,93.5498046875,1.412109375,1.2001953125,819,1024,4.564295681872924,84.8406867246051,66.00909999542637
sentinel2_patch_00194.png,fixed_mission_utility,0.8,85.42857142857144,1.0,0.5142857142857142,1.0,1.0,16.078913331052284,0.7551463654575469,0.7075661420822144,66.21902017291066,98.48985986595873,112.197265625,1.6943359375,1.62109375,819,1024,5.713224404825727,86.71617366811454,72.18760000250768
sentinel2_patch_00194.png,learned_1500_patch,0.8,85.8950892857143,1.0,0.5428571428571428,1.0,0.9609375,16.45542913584508,0.7642798459991962,0.7115072011947632,66.44881434355119,98.49508225258944,112.197265625,1.6884765625,1.62109375,819,1024,5.72815630651647,86.65768252888172,57.49649999779649
sentinel2_patch_00194.png,learned_full_3224_patch,0.8,86.2857142857143,1.0,0.5428571428571428,1.0,1.0,16.170429901859883,0.7588165396515169,0.705247163772583,66.14277489925158,98.48811907041518,112.197265625,1.6962890625,1.62109375,819,1024,5.717212752811486,86.5412315567903,62.27190000208793
sentinel2_patch_00194.png,hybrid_fixed_0p90_learned_0p10,0.8,85.42857142857144,1.0,0.5142857142857142,1.0,1.0,16.0575417763429,0.7529519708803308,0.7107959389686584,66.25720876585929,98.49073026373051,112.197265625,1.693359375,1.62109375,819,1024,5.7104459724662835,86.72513946317942,72.77910000266274
sentinel2_patch_00194.png,hybrid_fixed_0p80_learned_0p20,0.8,85.42857142857144,1.0,0.5142857142857142,1.0,1.0,16.075465336861,0.7547574113107088,0.7075381278991699,66.06670500287521,98.48637827487161,112.197265625,1.6982421875,1.62109375,819,1024,5.715716129755732,86.71938048158748,71.88400000450201
sentinel2_patch_00194.png,hybrid_fixed_0p70_learned_0p30,0.8,85.42857142857144,1.0,0.5142857142857142,1.0,1.0,16.05694331235463,0.7528390963136005,0.7100000381469727,66.18087557603687,98.48898946818696,112.197265625,1.6953125,1.62109375,819,1024,5.713763004757174,86.71868788577824,68.98229999933392
sentinel2_patch_00194.png,hybrid_fixed_0p60_learned_0p40,0.8,86.2857142857143,1.0,0.5428571428571428,1.0,1.0,16.084560668524976,0.7553133894445436,0.7067633271217346,66.21902017291066,98.48985986595873,112.197265625,1.6943359375,1.62109375,819,1024,5.723248835979664,86.67527256491377,71.28000000375323
sentinel2_patch_00194.png,hybrid_fixed_0p50_learned_0p50,0.8,86.2857142857143,1.0,0.5428571428571428,1.0,1.0,16.125921139589522,0.7553528012133744,0.7063267230987549,66.25720876585929,98.49073026373051,112.197265625,1.693359375,1.62109375,819,1024,5.72135912071235,86.67346991828697,86.17709999816725
sentinel2_patch_00200.png,fixed_mission_utility,0.8,30.000000000000004,0.0,1.0,0.0,0.0,32.48408747423823,0.9532273244951233,0.10591690987348557,88.09254498714652,98.8648301622505,66.9296875,0.759765625,0.408203125,819,1024,1.4471222769388887,89.28765915139702,48.52709999977378
sentinel2_patch_00200.png,learned_1500_patch,0.8,30.000000000000004,0.0,1.0,0.0,0.0,32.48408747423823,0.9532273244951233,0.10591690987348557,88.8923476005188,98.87504377261585,66.9296875,0.7529296875,0.408203125,819,1024,1.4471222769388887,88.86316379753853,37.09789999993518
sentinel2_patch_00200.png,learned_full_3224_patch,0.8,30.000000000000004,0.0,1.0,0.0,0.0,32.48408747423823,0.9532273244951233,0.10591690987348557,88.20592020592021,98.86628924944554,66.9296875,0.7587890625,0.408203125,819,1024,1.4471222769388887,89.05980811264861,35.66500000306405
sentinel2_patch_00200.png,hybrid_fixed_0p90_learned_0p10,0.8,30.000000000000004,0.0,1.0,0.0,0.0,32.48408747423823,0.9532273244951233,0.10591690987348557,88.31958762886597,98.86774833664059,66.9296875,0.7578125,0.408203125,819,1024,1.4471222769388887,89.32324957334896,48.93219999939902
sentinel2_patch_00200.png,hybrid_fixed_0p80_learned_0p20,0.8,30.000000000000004,0.0,1.0,0.0,0.0,32.48408747423823,0.9532273244951233,0.10591690987348557,88.09254498714652,98.8648301622505,66.9296875,0.759765625,0.408203125,819,1024,1.4471222769388887,89.31969776497937,50.05930000334047
sentinel2_patch_00200.png,hybrid_fixed_0p70_learned_0p30,0.8,30.000000000000004,0.0,1.0,0.0,0.0,32.48408747423823,0.9532273244951233,0.10591690987348557,88.43354838709678,98.86920742383565,66.9296875,0.7568359375,0.408203125,819,1024,1.4471222769388887,89.31711528924018,49.94779999833554
sentinel2_patch_00200.png,hybrid_fixed_0p60_learned_0p40,0.8,30.000000000000004,0.0,1.0,0.0,0.0,32.48408747423823,0.9532273244951233,0.10591690987348557,88.54780361757106,98.8706665110307,66.9296875,0.755859375,0.408203125,819,1024,1.4471222769388887,89.31031549317619,50.18489999929443
sentinel2_patch_00200.png,hybrid_fixed_0p50_learned_0p50,0.8,30.000000000000004,0.0,1.0,0.0,0.0,32.48408747423823,0.9532273244951233,0.10591690987348557,88.20592020592021,98.86628924944554,66.9296875,0.7587890625,0.408203125,819,1024,1.4471222769388887,89.29866180013461,48.888900004385505
sentinel2_patch_00206.png,fixed_mission_utility,0.8,76.43054261575855,0.7718694806098938,0.8181818181818182,0.7629048228263855,0.5752212389380531,21.352611145269016,0.8735092577420468,0.5565776228904724,68.04082840236687,98.53029420205411,112.2939453125,1.650390625,1.5947265625,819,1024,6.121132923966341,94.81111421955441,64.95789999462431
sentinel2_patch_00206.png,learned_1500_patch,0.8,75.18953100482209,0.7654774785041809,0.7878787878787878,0.7568804025650024,0.5796460176991151,21.281131534824862,0.8713227814217208,0.5618972778320312,67.68040023543261,98.52246736644375,112.2939453125,1.6591796875,1.5947265625,819,1024,6.123207321667367,94.6631190006734,50.60350000712788
sentinel2_patch_00206.png,learned_full_3224_patch,0.8,74.94715499379228,0.7621956467628479,0.7878787878787878,0.753537654876709,0.5752212389380531,21.238648905380586,0.8713792641861892,0.5602579116821289,67.52143276570757,98.51898877283915,112.2939453125,1.6630859375,1.5947265625,819,1024,6.132545773089298,94.64136344192079,50.42490000050748
sentinel2_patch_00206.png,hybrid_fixed_0p90_learned_0p10,0.8,76.45856514345326,0.7723454833030701,0.8181818181818182,0.7633539438247681,0.5752212389380531,21.34057498639246,0.8730948862978294,0.5561054348945618,68.04082840236687,98.53029420205411,112.2939453125,1.650390625,1.5947265625,819,1024,6.121576986619168,94.81323235606641,64.71289999899454
sentinel2_patch_00206.png,hybrid_fixed_0p80_learned_0p20,0.8,76.28640189539112,0.7694588899612427,0.8181818181818182,0.7605189681053162,0.5752212389380531,21.29041032575769,0.8714033707439205,0.5577855706214905,68.00059136605559,98.52942455365296,112.2939453125,1.6513671875,1.5947265625,819,1024,6.123126039052998,94.77645206392307,67.51290000102017
sentinel2_patch_00206.png,hybrid_fixed_0p70_learned_0p30,0.8,76.2359584845177,0.7685874104499817,0.8181818181818182,0.7597397565841675,0.5752212389380531,21.28688833776304,0.8717354711537674,0.557784914970398,68.12144549763033,98.5320334988564,112.2939453125,1.6484375,1.5947265625,819,1024,6.123294700005539,94.7867684095251,66.98849999520462
sentinel2_patch_00206.png,hybrid_fixed_0p60_learned_0p40,0.8,75.24295138814043,0.7671840786933899,0.7878787878787878,0.7583506107330322,0.5752212389380531,21.28827295677629,0.8718700471703372,0.5583492517471313,68.08111308466549,98.53116385045526,112.2939453125,1.6494140625,1.5947265625,819,1024,6.126480426702576,94.75789922965544,64.88109999918379
sentinel2_patch_00206.png,hybrid_fixed_0p50_learned_0p50,0.8,75.23447918393205,0.7670289278030396,0.7878787878787878,0.7582373023033142,0.5752212389380531,21.29583357650755,0.8721892050739648,0.5586960315704346,68.04082840236687,98.53029420205411,112.2939453125,1.650390625,1.5947265625,819,1024,6.124928322837048,94.7506899095996,66.03589999576798
sentinel2_patch_00209.png,fixed_mission_utility,0.8,75.6998635027706,0.917468786239624,0.46153846153846156,0.9094720482826233,0.696551724137931,25.32987946975039,0.9331359178377671,0.4137529134750366,63.59248029108551,98.42748703082087,102.40625,1.6103515625,1.484375,819,1024,5.765266668884461,99.0475456514141,61.05019999813521
sentinel2_patch_00209.png,learned_1500_patch,0.8,77.17609266577097,0.9216997623443604,0.5,0.9136809706687927,0.7034482758620689,25.185436193569203,0.9330998759718345,0.41769924759864807,62.45622394282311,98.39887854745194,102.40625,1.6396484375,1.484375,819,1024,5.738204448693985,98.54152112900806,49.908399996638764
sentinel2_patch_00209.png,learned_full_3224_patch,0.8,74.54244440999526,0.8854532837867737,0.5,0.8786294460296631,0.6551724137931034,24.75364968937062,0.9294155010188601,0.410434365272522,62.717703349282296,98.40555386023803,102.40625,1.6328125,1.484375,819,1024,5.77156077975515,98.47037559709162,50.42539999703877
sentinel2_patch_00209.png,hybrid_fixed_0p90_learned_0p10,0.8,75.6996000502407,0.9174647331237793,0.46153846153846156,0.9094669818878174,0.696551724137931,25.33030003862749,0.9331517975553283,0.4133011996746063,63.28545564272782,98.41985810192249,102.40625,1.6181640625,1.484375,819,1024,5.765266668884461,99.02635703052857,63.70049999532057
sentinel2_patch_00209.png,hybrid_fixed_0p80_learned_0p20,0.8,76.81995912255914,0.9168906807899475,0.5,0.9089407324790955,0.696551724137931,25.340128581027393,0.9333927616646593,0.41319894790649414,63.13305237808549,98.4160436374733,102.40625,1.6220703125,1.484375,819,1024,5.77090714922949,98.99274718131049,63.875799998641014
sentinel2_patch_00209.png,hybrid_fixed_0p70_learned_0p30,0.8,77.03141311941476,0.9192596673965454,0.5,0.9113271832466125,0.7034482758620689,25.38285957790038,0.9337103098375868,0.41339224576950073,63.24728588661037,98.41890448581019,102.40625,1.619140625,1.484375,819,1024,5.7749649060630786,98.95434110596986,64.00880000001052
sentinel2_patch_00209.png,hybrid_fixed_0p60_learned_0p40,0.8,77.00533910455377,0.9199642539024353,0.5,0.9120625853538513,0.696551724137931,25.384624940455417,0.9338641164637322,0.4137617349624634,63.09506618531889,98.415090021361,102.40625,1.623046875,1.484375,819,1024,5.778686319375752,98.92139311782351,64.44249999913154
sentinel2_patch_00209.png,hybrid_fixed_0p50_learned_0p50,0.8,77.14381079016061,0.9211398363113403,0.5,0.9131867289543152,0.7034482758620689,25.35984396307363,0.9336362588402756,0.41453856229782104,63.28545564272782,98.41985810192249,102.40625,1.6181640625,1.484375,819,1024,5.778269551081497,98.841063130213,63.42399999994086
sentinel2_patch_00213.png,fixed_mission_utility,0.8,77.3195849742295,0.8140075206756592,0.7692307692307693,0.8065850138664246,0.5550660792951542,21.059280746646273,0.8811198997331522,0.4959380030632019,64.06724137931035,98.4391399122689,108.8642578125,1.69921875,1.6328125,819,1024,6.047209252391273,93.54040957253564,62.45679999847198
sentinel2_patch_00213.png,learned_1500_patch,0.8,73.51684231630468,0.7711306810379028,0.7307692307692307,0.7642991542816162,0.5462555066079295,18.96350073153155,0.836825855416361,0.510054349899292,63.48348519362187,98.42478717582999,108.8642578125,1.71484375,1.6328125,819,1024,6.01931478494023,93.34761492423974,49.4267000030959
sentinel2_patch_00213.png,learned_full_3224_patch,0.8,73.77028841844701,0.7754092216491699,0.7307692307692307,0.7684143781661987,0.5462555066079295,18.970717411093013,0.8370332577467786,0.5105185508728027,63.701142857142855,98.43016945199459,108.8642578125,1.708984375,1.6328125,819,1024,6.024718390600572,93.34840025239764,48.99650000152178
sentinel2_patch_00213.png,hybrid_fixed_0p90_learned_0p10,0.8,74.94269644232455,0.8128524422645569,0.6923076923076923,0.8054353594779968,0.5550660792951542,21.04800418304714,0.8809346200503447,0.49666914343833923,64.25187319884726,98.44362514240605,108.8642578125,1.6943359375,1.6328125,819,1024,6.0464109068118495,93.53888671880335,63.110999995842576
sentinel2_patch_00213.png,hybrid_fixed_0p80_learned_0p20,0.8,74.9181321761197,0.8124418258666992,0.6923076923076923,0.8050283789634705,0.5550660792951542,21.037473247554196,0.8807880694450991,0.4973601698875427,64.25187319884726,98.44362514240605,108.8642578125,1.6943359375,1.6328125,819,1024,6.0375652126065695,93.53554736689712,64.57080000109272
sentinel2_patch_00213.png,hybrid_fixed_0p70_learned_0p30,0.8,74.96328031035128,0.8131954073905945,0.6923076923076923,0.8057786226272583,0.5550660792951542,21.042959476565926,0.8809069783022344,0.49688199162483215,64.1409666283084,98.44093400432376,108.8642578125,1.697265625,1.6328125,819,1024,6.0418804456405475,93.51608488646204,68.16429999889806
sentinel2_patch_00213.png,hybrid_fixed_0p60_learned_0p40,0.8,74.89036118002595,0.8119762539863586,0.6923076923076923,0.8045709729194641,0.5550660792951542,21.05334960590571,0.8810917868041237,0.49645692110061646,64.21486175115207,98.44272809637863,108.8642578125,1.6953125,1.6328125,819,1024,6.03853393936431,93.51497176915996,69.2066000046907
sentinel2_patch_00213.png,hybrid_fixed_0p50_learned_0p50,0.8,73.86625189653539,0.7770721912384033,0.7307692307692307,0.7698866128921509,0.5462555066079295,18.80927678637383,0.8329458541794453,0.5108820796012878,63.95697074010327,98.4364487741866,108.8642578125,1.7021484375,1.6328125,819,1024,6.029754211244343,93.53101295040277,67.49240000499412
sentinel2_patch_00214.png,fixed_mission_utility,0.8,83.81654055489183,1.0,0.4838709677419355,1.0,0.9300411522633745,17.258638439260935,0.7531599334335942,0.5928126573562622,66.51485714285714,98.49657648989269,113.6728515625,1.708984375,1.6806640625,819,1024,6.10936611206928,89.18094777941322,67.77100000181235
sentinel2_patch_00214.png,learned_1500_patch,0.8,82.23151466879068,1.0,0.45161290322580644,1.0,0.8683127572016461,16.98033346076152,0.7455933102995007,0.592322587966919,66.21217292377702,98.48970369670363,113.6728515625,1.716796875,1.6806640625,819,1024,6.105084074414767,88.9165476430909,58.70229999709409
sentinel2_patch_00214.png,learned_full_3224_patch,0.8,83.48732244789593,1.0,0.4838709677419355,1.0,0.897119341563786,17.19230545626565,0.7511281850848641,0.5938507318496704,66.21217292377702,98.48970369670363,113.6728515625,1.716796875,1.6806640625,819,1024,6.101780641961771,89.15269469819785,57.587299997976515
sentinel2_patch_00214.png,hybrid_fixed_0p90_learned_0p10,0.8,83.81654055489183,1.0,0.4838709677419355,1.0,0.9300411522633745,17.24950918391054,0.7525290383644091,0.5919486284255981,66.4768703597944,98.49571739074406,113.6728515625,1.7099609375,1.6806640625,819,1024,6.110278545981631,89.17366643215317,69.64950000110548
sentinel2_patch_00214.png,hybrid_fixed_0p80_learned_0p20,0.8,83.77538829151734,1.0,0.4838709677419355,1.0,0.9259259259259259,17.257572269714355,0.7531072373487862,0.5927038192749023,66.51485714285714,98.49657648989269,113.6728515625,1.708984375,1.6806640625,819,1024,6.109664102150488,89.18022691391909,69.37099999777274
sentinel2_patch_00214.png,hybrid_fixed_0p70_learned_0p30,0.8,83.81654055489183,1.0,0.4838709677419355,1.0,0.9300411522633745,17.248531542693335,0.7528563276997512,0.5925595164299011,66.4768703597944,98.49571739074406,113.6728515625,1.7099609375,1.6806640625,819,1024,6.105044617317461,89.17893662526153,69.57069999771193
sentinel2_patch_00214.png,hybrid_fixed_0p60_learned_0p40,0.8,83.85769281826632,1.0,0.4838709677419355,1.0,0.934156378600823,17.229420139800578,0.7522256472080955,0.5922864675521851,66.36316989737742,98.49314009329817,113.6728515625,1.712890625,1.6806640625,819,1024,6.101405381393678,89.19255431963806,70.18999999854714
sentinel2_patch_00214.png,hybrid_fixed_0p50_learned_0p50,0.8,83.81654055489183,1.0,0.4838709677419355,1.0,0.9300411522633745,17.223784824538498,0.7519057167027746,0.5922465920448303,66.2498577120091,98.49056279585227,113.6728515625,1.7158203125,1.6806640625,819,1024,6.102678288799801,89.19012518465364,70.27390000439482
sentinel2_patch_00226.png,fixed_mission_utility,0.8,86.046511627907,1.0,0.5348837209302325,1.0,1.0,19.59638574187507,0.9075775424737073,0.5765376687049866,75.40111593304401,98.67375968163654,118.771484375,1.5751953125,1.3916015625,819,1024,5.8205172439579185,98.68052355617287,61.521799994807225
sentinel2_patch_00226.png,learned_1500_patch,0.8,86.046511627907,1.0,0.5348837209302325,1.0,1.0,19.585130495528443,0.907655863214634,0.5773970484733582,74.56897608828939,98.65895972768085,118.771484375,1.5927734375,1.3916015625,819,1024,5.809168157376197,98.66191481243351,51.95609999645967
sentinel2_patch_00226.png,learned_full_3224_patch,0.8,86.046511627907,1.0,0.5348837209302325,1.0,1.0,19.582002452673596,0.9076196747645363,0.577121376991272,75.02899444787168,98.6671819243229,118.771484375,1.5830078125,1.3916015625,819,1024,5.806726104531875,98.65813980073398,49.18519999773707
sentinel2_patch_00226.png,hybrid_fixed_0p90_learned_0p10,0.8,86.046511627907,1.0,0.5348837209302325,1.0,1.0,19.59638574187507,0.9075775424737073,0.5765376687049866,75.40111593304401,98.67375968163654,118.771484375,1.5751953125,1.3916015625,819,1024,5.8205172439579185,98.68052355617287,62.48300000152085
sentinel2_patch_00226.png,hybrid_fixed_0p80_learned_0p20,0.8,86.046511627907,1.0,0.5348837209302325,1.0,1.0,19.59638574187507,0.9075775424737073,0.5765376687049866,75.40111593304401,98.67375968163654,118.771484375,1.5751953125,1.3916015625,819,1024,5.8205172439579185,98.68052355617287,62.57080000068527
sentinel2_patch_00226.png,hybrid_fixed_0p70_learned_0p30,0.8,86.046511627907,1.0,0.5348837209302325,1.0,1.0,19.59638574187507,0.9075775424737073,0.5765376687049866,75.40111593304401,98.67375968163654,118.771484375,1.5751953125,1.3916015625,819,1024,5.8205172439579185,98.68052355617287,63.292699996964075
sentinel2_patch_00226.png,hybrid_fixed_0p60_learned_0p40,0.8,86.046511627907,1.0,0.5348837209302325,1.0,1.0,19.59638574187507,0.9075775424737073,0.5765376687049866,75.49472377405338,98.67540412096496,118.771484375,1.5732421875,1.3916015625,819,1024,5.8205172439579185,98.66983101862532,67.60089999443153
sentinel2_patch_00226.png,hybrid_fixed_0p50_learned_0p50,0.8,86.046511627907,1.0,0.5348837209302325,1.0,1.0,19.586642406401335,0.9076261166132239,0.5769435167312622,75.07530864197531,98.6680041439871,118.771484375,1.58203125,1.3916015625,819,1024,5.816019776433647,98.6876008708759,64.87550000019837
sentinel2_patch_00232.png,fixed_mission_utility,0.8,91.42857142857144,1.0,0.7142857142857143,1.0,1.0,17.416341277415484,0.823962292992074,0.7566407322883606,73.62385844748859,98.6417446448922,125.9658203125,1.7109375,1.6689453125,819,1024,6.033616768264338,87.36703695179932,67.29800000175601
sentinel2_patch_00232.png,learned_1500_patch,0.8,90.41411001341686,0.9540825486183167,0.7714285714285715,0.9788350462913513,0.953125,17.369874686768515,0.8223260523061207,0.7596516609191895,73.66590519703027,98.64251990479809,125.9658203125,1.7099609375,1.6689453125,819,1024,6.03032963183985,87.42028231267696,59.721699995861854
sentinel2_patch_00232.png,learned_full_3224_patch,0.8,88.27228062493462,0.9853784441947937,0.6285714285714286,1.0,1.0,17.395742290335686,0.8239286928351875,0.7579876184463501,73.79233409610984,98.64484568451573,125.9658203125,1.70703125,1.6689453125,819,1024,6.033268591892521,87.4817770959948,61.39239999902202
sentinel2_patch_00232.png,hybrid_fixed_0p90_learned_0p10,0.8,90.5714285714286,1.0,0.6857142857142857,1.0,1.0,17.41253936685052,0.8239961731679016,0.756651759147644,73.58185966913862,98.64096938498632,125.9658203125,1.7119140625,1.6689453125,819,1024,6.033866115592067,87.38885832804756,71.43509999878006
sentinel2_patch_00232.png,hybrid_fixed_0p80_learned_0p20,0.8,90.5714285714286,1.0,0.6857142857142857,1.0,1.0,17.39096631454459,0.8230710657455427,0.7572758197784424,73.53990877993158,98.64019412508044,125.9658203125,1.712890625,1.6689453125,819,1024,6.031098081552871,87.40604880129777,72.41829999838956
sentinel2_patch_00232.png,hybrid_fixed_0p70_learned_0p30,0.8,90.5714285714286,1.0,0.6857142857142857,1.0,1.0,17.392670149335046,0.822998325688455,0.7581572532653809,73.75014293882218,98.64407042460985,125.9658203125,1.7080078125,1.6689453125,819,1024,6.031542144205698,87.40471566255592,71.3975999969989
sentinel2_patch_00232.png,hybrid_fixed_0p60_learned_0p40,0.8,90.5714285714286,1.0,0.6857142857142857,1.0,1.0,17.392670149335046,0.822998325688455,0.7581572532653809,73.75014293882218,98.64407042460985,125.9658203125,1.7080078125,1.6689453125,819,1024,6.031542144205698,87.40471566255592,70.08019999921089
sentinel2_patch_00232.png,hybrid_fixed_0p50_learned_0p50,0.8,89.99820831843786,0.9856694936752319,0.6857142857142857,1.0,1.0,17.376833864844773,0.8227768906884693,0.7597378492355347,73.66590519703027,98.64251990479809,125.9658203125,1.7099609375,1.6689453125,819,1024,6.030927700374555,87.4236702893292,70.33869999577291
sentinel2_patch_00234.png,fixed_mission_utility,0.8,88.27945351600648,0.9334021210670471,0.75,0.9221684336662292,1.0,18.100274947626268,0.8545637832294254,0.7005245089530945,72.17756482525367,98.61452793202284,125.0419921875,1.732421875,1.6728515625,819,1024,5.906186941146133,87.43661292933513,69.99339999310905
sentinel2_patch_00234.png,learned_1500_patch,0.8,92.32753634452821,0.9383769631385803,0.875,0.9271228909492493,1.0,18.003965374058794,0.8518638752087765,0.7067182064056396,72.66912599318955,98.62389978366643,125.0419921875,1.720703125,1.6728515625,819,1024,5.918593407621844,87.39637215046679,57.45380000007572
sentinel2_patch_00234.png,learned_full_3224_patch,0.8,88.45880866050722,0.936659574508667,0.75,0.9246212840080261,1.0,18.004885549621083,0.8517198495568887,0.7007291316986084,72.29983060417842,98.61687089493373,125.0419921875,1.7294921875,1.6728515625,819,1024,5.904953487906935,87.37134597029575,58.25919999915641
sentinel2_patch_00234.png,hybrid_fixed_0p90_learned_0p10,0.8,88.27945351600648,0.9334021210670471,0.75,0.9221684336662292,1.0,18.100274947626268,0.8545637832294254,0.7005245089530945,72.17756482525367,98.61452793202284,125.0419921875,1.732421875,1.6728515625,819,1024,5.906186941146133,87.43661292933513,72.41509999585105
sentinel2_patch_00234.png,hybrid_fixed_0p80_learned_0p20,0.8,86.41318202018738,0.9335434436798096,0.6875,0.9223222136497498,1.0,18.08770300756357,0.8539322821615003,0.7007080316543579,72.1369014084507,98.61374694438587,125.0419921875,1.7333984375,1.6728515625,819,1024,5.906186941146133,87.41414999158704,71.38349999877391
sentinel2_patch_00234.png,hybrid_fixed_0p70_learned_0p30,0.8,88.30661416053772,0.933872640132904,0.75,0.9225854277610779,1.0,18.081946593675767,0.8537911016165047,0.6998093128204346,72.17756482525367,98.61452793202284,125.0419921875,1.732421875,1.6728515625,819,1024,5.90225772400766,87.44144161008211,74.81749999715248
sentinel2_patch_00234.png,hybrid_fixed_0p60_learned_0p40,0.8,88.14574956893922,0.9311860799789429,0.75,0.9199153184890747,1.0,18.08423263167914,0.8538057037413154,0.6995459794998169,72.21827411167513,98.61530891965981,125.0419921875,1.7314453125,1.6728515625,819,1024,5.907851414574889,87.43133754243975,75.97309999982826
sentinel2_patch_00234.png,hybrid_fixed_0p50_learned_0p50,0.8,88.30408334732057,0.9338043332099915,0.75,0.9225955009460449,1.0,18.080138749748237,0.8532803567071949,0.6989342570304871,72.21827411167513,98.61530891965981,125.0419921875,1.7314453125,1.6728515625,819,1024,5.8994391581315355,87.41174628707422,73.14120000228286
sentinel2_patch_00237.png,fixed_mission_utility,0.8,79.50097293467137,0.8344749808311462,0.7837837837837838,0.8550323843955994,0.55078125,17.146466747845185,0.8295597421945667,0.7089335918426514,72.90924755887421,98.62843187458148,123.9599609375,1.7001953125,1.646484375,819,1024,5.890839575674908,89.39530205265095,69.3567999987863
sentinel2_patch_00237.png,learned_1500_patch,0.8,80.42286367029759,0.846454918384552,0.7837837837837838,0.8674014210700989,0.5703125,17.095366061629747,0.8296488797908557,0.7091478109359741,72.90924755887421,98.62843187458148,123.9599609375,1.7001953125,1.646484375,819,1024,5.876598338435814,89.47380211792341,57.00780000188388
sentinel2_patch_00237.png,learned_full_3224_patch,0.8,80.71597237844726,0.8417602181434631,0.8108108108108109,0.86262446641922,0.546875,17.132731785810943,0.8310225183368127,0.7110012173652649,72.82558806655192,98.62685626501752,123.9599609375,1.7021484375,1.646484375,819,1024,5.893736727235989,89.38944687849974,56.40590000257362
sentinel2_patch_00237.png,hybrid_fixed_0p90_learned_0p10,0.8,79.43219394297213,0.8358933925628662,0.7837837837837838,0.8565691113471985,0.53515625,17.126552131084136,0.8290536599440579,0.709542453289032,72.82558806655192,98.62685626501752,123.9599609375,1.7021484375,1.646484375,819,1024,5.895363822332115,89.40047497172715,69.31489999988116
sentinel2_patch_00237.png,hybrid_fixed_0p80_learned_0p20,0.8,79.43219394297213,0.8358933925628662,0.7837837837837838,0.8565691113471985,0.53515625,17.126552131084136,0.8290536599440579,0.709542453289032,72.82558806655192,98.62685626501752,123.9599609375,1.7021484375,1.646484375,819,1024,5.895363822332115,89.40047497172715,71.1866000056034
sentinel2_patch_00237.png,hybrid_fixed_0p70_learned_0p30,0.8,79.43219394297213,0.8358933925628662,0.7837837837837838,0.8565691113471985,0.53515625,17.126552131084136,0.8290536599440579,0.709542453289032,72.82558806655192,98.62685626501752,123.9599609375,1.7021484375,1.646484375,819,1024,5.895363822332115,89.40047497172715,71.60960000328487
sentinel2_patch_00237.png,hybrid_fixed_0p60_learned_0p40,0.8,79.43219394297213,0.8358933925628662,0.7837837837837838,0.8565691113471985,0.53515625,17.126552131084136,0.8290536599440579,0.709542453289032,72.82558806655192,98.62685626501752,123.9599609375,1.7021484375,1.646484375,819,1024,5.895363822332115,89.40047497172715,70.73859999945853
sentinel2_patch_00237.png,hybrid_fixed_0p50_learned_0p50,0.8,79.39295620531652,0.8352277278900146,0.7837837837837838,0.8559385538101196,0.53515625,17.126085901839435,0.8290321729354957,0.7094612121582031,72.78383027522936,98.62606846023554,123.9599609375,1.703125,1.646484375,819,1024,5.895363822332115,89.3981227191551,71.71119999838993
sentinel2_patch_00240.png,fixed_mission_utility,0.8,92.2380402508904,0.9623312950134277,0.8235294117647058,0.9519453048706055,1.0,19.277645532550125,0.8727806898061001,0.7243616580963135,72.23620689655172,98.61565267202901,122.7451171875,1.69921875,1.60546875,819,1024,5.820277934372806,86.06993156726152,72.24359999963781
sentinel2_patch_00240.png,learned_1500_patch,0.8,87.24991805413191,0.9382659196853638,0.7058823529411765,0.9290936589241028,0.99609375,19.328174906219427,0.8755477821479192,0.7212746143341064,72.61178509532063,98.62281308924267,122.7451171875,1.6904296875,1.60546875,819,1024,5.813522093599257,86.17100957343918,59.4727000061539
sentinel2_patch_00240.png,learned_full_3224_patch,0.8,92.28029994403616,0.9629945158958435,0.8235294117647058,0.9527318477630615,1.0,19.35557218989961,0.8756084160299478,0.7227512001991272,72.77996525767226,98.62599549689317,122.7451171875,1.6865234375,1.60546875,819,1024,5.81274498925081,86.18046941149423,60.10999999853084
sentinel2_patch_00240.png,hybrid_fixed_0p90_learned_0p10,0.8,92.2380402508904,0.9623312950134277,0.8235294117647058,0.9519453048706055,1.0,19.277645532550125,0.8727806898061001,0.7243616580963135,72.23620689655172,98.61565267202901,122.7451171875,1.69921875,1.60546875,819,1024,5.820277934372806,86.06993156726152,70.95760000083828
sentinel2_patch_00240.png,hybrid_fixed_0p80_learned_0p20,0.8,92.16942696010366,0.9612097144126892,0.8235294117647058,0.9507578015327454,1.0,19.274251404743353,0.8727281526539904,0.7242395877838135,72.27774583093732,98.61644827394164,122.7451171875,1.6982421875,1.60546875,819,1024,5.821085877920977,86.06212278765956,78.36169999791309
sentinel2_patch_00240.png,hybrid_fixed_0p70_learned_0p30,0.8,92.26159481441275,0.9627521634101868,0.8235294117647058,0.9522812962532043,1.0,19.309106027613993,0.8738951568096169,0.724441647529602,72.31933256616801,98.61724387585427,122.7451171875,1.697265625,1.60546875,819,1024,5.822496857840954,86.07542990343073,76.72760000423295
sentinel2_patch_00240.png,hybrid_fixed_0p60_learned_0p40,0.8,92.2414925519158,0.9623982310295105,0.8235294117647058,0.9519840478897095,1.0,19.302372738133617,0.8736590355322602,0.7224786877632141,72.48615916955018,98.62042628350478,122.7451171875,1.693359375,1.60546875,819,1024,5.816701516651683,86.09524260486765,75.79660000192234
sentinel2_patch_00240.png,hybrid_fixed_0p50_learned_0p50,0.8,92.18647269641653,0.9614759087562561,0.8235294117647058,0.9510776996612549,1.0,19.29604367076493,0.8735205764998619,0.7208780646324158,72.44438040345821,98.61963068159216,122.7451171875,1.6943359375,1.60546875,819,1024,5.817139346209281,86.12627004296698,72.53850000415696
sentinel2_patch_00246.png,fixed_mission_utility,0.8,63.76660549925316,0.6633391976356506,0.7058823529411765,0.6741154789924622,0.25742574257425743,23.709528806976486,0.805329069817181,0.5631154179573059,68.09694477085782,98.53150533645095,113.1845703125,1.662109375,1.552734375,819,1024,5.564018387101292,89.78962768640905,72.63680000323802
sentinel2_patch_00246.png,learned_1500_patch,0.8,58.270327420726254,0.6336642503738403,0.5882352941176471,0.6450230479240417,0.2376237623762376,24.12920454723118,0.8074707670020833,0.5603000521659851,68.29758397171479,98.53581936307711,113.1845703125,1.6572265625,1.552734375,819,1024,5.56301501482157,89.12830644347596,62.40010000328766
sentinel2_patch_00246.png,learned_full_3224_patch,0.8,64.02858522789523,0.666548490524292,0.7058823529411765,0.6758453845977783,0.26732673267326734,22.473163793207732,0.7949093647137802,0.5633059740066528,68.13697824808936,98.53236814177617,113.1845703125,1.6611328125,1.552734375,819,1024,5.5548634392172,89.54805836460629,62.138899993442465
sentinel2_patch_00246.png,hybrid_fixed_0p90_learned_0p10,0.8,63.589619609874994,0.6620728969573975,0.7058823529411765,0.6727492809295654,0.24752475247524752,23.709221412374163,0.8048379317316102,0.5627914667129517,68.13697824808936,98.53236814177617,113.1845703125,1.6611328125,1.552734375,819,1024,5.564047156392154,89.73727464758935,73.90410000516567
sentinel2_patch_00246.png,hybrid_fixed_0p80_learned_0p20,0.8,65.48989864095535,0.6641672849655151,0.7647058823529411,0.6753391623497009,0.24752475247524752,24.123880321745247,0.8096326763280522,0.5638899207115173,68.09694477085782,98.53150533645095,113.1845703125,1.662109375,1.552734375,819,1024,5.566112021453498,89.68135763130572,74.50309999694582
sentinel2_patch_00246.png,hybrid_fixed_0p70_learned_0p30,0.8,65.48172326787795,0.6640798449516296,0.7647058823529411,0.6751052737236023,0.24752475247524752,24.123112561032304,0.8098592092764522,0.5644077062606812,68.01701877934272,98.52977972580047,113.1845703125,1.6640625,1.552734375,819,1024,5.565382904393273,89.66404223394665,74.98930000292603
sentinel2_patch_00246.png,hybrid_fixed_0p60_learned_0p40,0.8,62.54342393744597,0.6711757183074951,0.6470588235294118,0.6805681586265564,0.26732673267326734,22.867255710450905,0.7999267783905986,0.5683255195617676,68.01701877934272,98.52977972580047,113.1845703125,1.6640625,1.552734375,819,1024,5.557992701263417,89.6840184090014,74.57040000008419
sentinel2_patch_00246.png,hybrid_fixed_0p50_learned_0p50,0.8,66.61978818819006,0.680598258972168,0.7647058823529411,0.6890707015991211,0.26732673267326734,22.53596864481977,0.7962236843067573,0.5676833987236023,68.01701877934272,98.52977972580047,113.1845703125,1.6640625,1.552734375,819,1024,5.55751396591608,89.69047913527166,74.5902999988175
sentinel2_patch_00249.png,fixed_mission_utility,0.8,87.4418729183991,0.9842840433120728,0.64,0.9839879870414734,0.9190751445086706,23.416376844183013,0.8172147649291281,0.5405745506286621,67.87741935483871,98.52675601178595,113.0185546875,1.6650390625,1.578125,819,1024,5.676522285688167,89.99114698428112,69.23629999801051
sentinel2_patch_00249.png,learned_1500_patch,0.8,80.4907836685291,0.9042991399765015,0.64,0.9004495739936829,0.7109826589595376,20.777744018247613,0.7782814055191243,0.5498935580253601,67.95713446858485,98.52848415722667,113.0185546875,1.6630859375,1.578125,819,1024,5.6423173119149475,89.85330166154006,59.779199997137766
sentinel2_patch_00249.png,learned_full_3224_patch,0.8,83.48664387939984,0.9481414556503296,0.6,0.947413444519043,0.861271676300578,22.644591738226516,0.8111946716784467,0.5478219389915466,67.63939216832262,98.5215715754638,113.0185546875,1.6708984375,1.578125,819,1024,5.680234507129691,90.00043017920399,60.006600004271604
sentinel2_patch_00249.png,hybrid_fixed_0p90_learned_0p10,0.8,84.63315844673643,0.9651681184768677,0.6,0.9649055004119873,0.8728323699421965,23.03616460273738,0.814413794414926,0.5428065657615662,67.99706227967097,98.52934822994703,113.0185546875,1.662109375,1.578125,819,1024,5.68063017234412,89.97482186423761,76.10160000331234
sentinel2_patch_00249.png,hybrid_fixed_0p80_learned_0p20,0.8,83.1398054919491,0.9441348910331726,0.6,0.9438650012016296,0.8497109826589595,22.56029663561844,0.8096778200362179,0.5484290719032288,67.99706227967097,98.52934822994703,113.0185546875,1.662109375,1.578125,819,1024,5.677986590725664,89.97247214589655,74.86960000096587
sentinel2_patch_00249.png,hybrid_fixed_0p70_learned_0p30,0.8,84.49167693474391,0.9467938542366028,0.64,0.9461406469345093,0.8497109826589595,22.62588018965161,0.8113697553038008,0.5479897260665894,67.99706227967097,98.52934822994703,113.0185546875,1.662109375,1.578125,819,1024,5.678530381071562,89.98304949338265,75.78690000082133
sentinel2_patch_00249.png,hybrid_fixed_0p60_learned_0p40,0.8,84.02147958237313,0.9408133625984192,0.64,0.940372109413147,0.838150289017341,22.572300932753148,0.8109767642576412,0.5471335649490356,67.99706227967097,98.52934822994703,113.0185546875,1.662109375,1.578125,819,1024,5.678373514935906,89.9826590786429,72.3472000026959
sentinel2_patch_00249.png,hybrid_fixed_0p50_learned_0p50,0.8,84.84274233200648,0.9526411294937134,0.64,0.9519993662834167,0.8497109826589595,22.62141891826476,0.8117436463329335,0.547203779220581,67.91725352112677,98.52762008450631,113.0185546875,1.6640625,1.578125,819,1024,5.677600977360086,90.00379931380994,71.1440999948536
sentinel2_patch_00250.png,fixed_mission_utility,0.8,79.88428967339654,0.8681846261024475,0.7619047619047619,0.8630349636077881,0.50390625,22.333658773238728,0.817160232292554,0.5442863702774048,67.18621523579202,98.51159944567428,108.521484375,1.615234375,1.533203125,819,1024,5.354613059532845,90.27149077889432,71.04059999983292
sentinel2_patch_00250.png,learned_1500_patch,0.8,80.12048993791853,0.8277760148048401,0.8571428571428571,0.8225706815719604,0.484375,21.758381454089086,0.8013594381268365,0.5457965135574341,66.74234234234234,98.50170077209654,108.521484375,1.6259765625,1.533203125,819,1024,5.3461963964080566,89.7755934584256,59.73319999611704
sentinel2_patch_00250.png,learned_full_3224_patch,0.8,79.42671860967366,0.8388123512268066,0.8095238095238095,0.8333317637443542,0.4921875,21.95935430515728,0.8073132078138117,0.5468630790710449,66.82260974143115,98.50350053092886,108.521484375,1.6240234375,1.533203125,819,1024,5.361215873295255,89.93965570417406,60.51589999697171
sentinel2_patch_00250.png,hybrid_fixed_0p90_learned_0p10,0.8,81.33958067212788,0.8679749965667725,0.8095238095238095,0.8628370761871338,0.5078125,22.279653144704767,0.8141897275229257,0.5436611175537109,67.22686025408349,98.51249932509045,108.521484375,1.6142578125,1.533203125,819,1024,5.3531361756620255,90.19621700253232,72.12900000013178
sentinel2_patch_00250.png,hybrid_fixed_0p80_learned_0p20,0.8,81.47273029599872,0.8695505857467651,0.8095238095238095,0.8643902540206909,0.51171875,22.236915649918885,0.8121049458009629,0.5441813468933105,67.38993329290479,98.51609884275507,108.521484375,1.6103515625,1.533203125,819,1024,5.349358021627196,90.20446879494827,72.18640000064624
sentinel2_patch_00250.png,hybrid_fixed_0p70_learned_0p30,0.8,81.66114534650532,0.8714067935943604,0.8095238095238095,0.8661923408508301,0.51953125,22.22890083395958,0.8120172553785576,0.5446141958236694,67.38993329290479,98.51609884275507,108.521484375,1.6103515625,1.533203125,819,1024,5.350156367206618,90.21227804074125,72.35119999677408
sentinel2_patch_00250.png,hybrid_fixed_0p60_learned_0p40,0.8,81.6776582172939,0.871042788028717,0.8095238095238095,0.8657928705215454,0.5234375,22.24248535159482,0.8127063248622234,0.5451770424842834,67.22686025408349,98.51249932509045,108.521484375,1.6142578125,1.533203125,819,1024,5.3529007753155735,90.14930706049775,71.86880000517704
sentinel2_patch_00250.png,hybrid_fixed_0p50_learned_0p50,0.8,82.79290233339583,0.866467297077179,0.8571428571428571,0.8612306118011475,0.51953125,22.24884551897017,0.8124423806902141,0.5447762608528137,67.18621523579202,98.51159944567428,108.521484375,1.615234375,1.533203125,819,1024,5.354676159699703,90.06766061276504,72.84119999530958
sentinel2_patch_00253.png,fixed_mission_utility,0.8,92.74077046548959,1.0,0.8928571428571429,1.0,0.5955056179775281,22.078576394561548,0.7685734287572099,0.547522246837616,69.83555298204979,98.56806460706764,117.779296875,1.6865234375,1.6328125,819,1024,5.881325271723551,90.00259783054533,74.50759999483125
sentinel2_patch_00253.png,learned_1500_patch,0.8,86.64178244566268,0.9402714967727661,0.8214285714285714,0.9497403502464294,0.5393258426966292,20.137818932035803,0.7359291645213852,0.5567083358764648,69.91652173913043,98.56972289935824,117.779296875,1.6845703125,1.6328125,819,1024,5.86438395977596,89.85846614608911,64.62720000126865
sentinel2_patch_00253.png,learned_full_3224_patch,0.8,88.2303370786517,1.0,0.75,1.0,0.5730337078651685,22.455039702158874,0.7711604457358004,0.546033501625061,69.433506044905,98.55977314561464,117.779296875,1.6962890625,1.6328125,819,1024,5.88360455485189,89.9988714342713,62.612999994598795
sentinel2_patch_00253.png,hybrid_fixed_0p90_learned_0p10,0.8,92.96548956661319,1.0,0.8928571428571429,1.0,0.6179775280898876,22.076113967881614,0.7683427206418862,0.547497570514679,69.6741767764298,98.56474802248644,117.779296875,1.6904296875,1.6328125,819,1024,5.8829447976322715,89.99518496367162,76.7070000001695
sentinel2_patch_00253.png,hybrid_fixed_0p80_learned_0p20,0.8,92.62841091492778,1.0,0.8928571428571429,1.0,0.5842696629213483,22.08215391901328,0.7675626268116855,0.5472409725189209,69.5937680323139,98.56308973019584,117.779296875,1.6923828125,1.6328125,819,1024,5.886774324820525,89.98979499763242,75.21180000185268
sentinel2_patch_00253.png,hybrid_fixed_0p70_learned_0p30,0.8,91.55698234349921,1.0,0.8571428571428571,1.0,0.5842696629213483,22.06682531266512,0.7669236598808206,0.5476346611976624,69.55363321799308,98.56226058405055,117.779296875,1.693359375,1.6328125,819,1024,5.885164305794744,89.99559752897339,74.75610000255983
sentinel2_patch_00253.png,hybrid_fixed_0p60_learned_0p40,0.8,90.59791332263245,1.0,0.8214285714285714,1.0,0.5955056179775281,22.0935290278195,0.766650700705213,0.5467985272407532,69.5135446685879,98.56143143790524,117.779296875,1.6943359375,1.6328125,819,1024,5.886133110019829,89.99149849307196,73.67030000023078
sentinel2_patch_00253.png,hybrid_fixed_0p50_learned_0p50,0.8,90.48555377207065,1.0,0.8214285714285714,1.0,0.5842696629213483,22.190620546781062,0.7673701380931445,0.5455783605575562,69.55363321799308,98.56226058405055,117.779296875,1.693359375,1.6328125,819,1024,5.883491392839083,89.98782533103042,73.55100000131642
sentinel2_patch_00256.png,fixed_mission_utility,0.8,100.0,1.0,1.0,1.0,1.0,24.400441085242292,0.7934490374010033,0.5600121021270752,67.29724880382776,98.514055154149,109.8837890625,1.6328125,1.5126953125,819,1024,5.332240448899402,89.40152243203953,74.06080000509974
sentinel2_patch_00256.png,learned_1500_patch,0.8,99.1544008255005,0.9859555959701538,1.0,0.9858088493347168,1.0,23.419170316225838,0.7803725964779921,0.5659946799278259,67.37784431137725,98.51583260013686,109.8837890625,1.630859375,1.5126953125,819,1024,5.320949826600668,88.57427022212116,60.7568000050378
sentinel2_patch_00256.png,learned_full_3224_patch,0.8,100.0,1.0,1.0,1.0,1.0,24.27062668220958,0.7943369121195505,0.5657960772514343,67.25702331141662,98.51316643115507,109.8837890625,1.6337890625,1.5126953125,819,1024,5.336345031720352,88.84838886838197,59.94790000113426
sentinel2_patch_00256.png,hybrid_fixed_0p90_learned_0p10,0.8,100.0,1.0,1.0,1.0,1.0,24.413949781842646,0.7937306420137274,0.5622365474700928,67.29724880382776,98.514055154149,109.8837890625,1.6328125,1.5126953125,819,1024,5.33403835302962,89.40079705853792,74.80710000527324
sentinel2_patch_00256.png,hybrid_fixed_0p80_learned_0p20,0.8,100.0,1.0,1.0,1.0,1.0,24.42780052608496,0.7937488573373961,0.5636430978775024,67.2168458781362,98.51227770816115,109.8837890625,1.634765625,1.5126953125,819,1024,5.333942330815166,89.38395025896287,73.53370000055293
sentinel2_patch_00256.png,hybrid_fixed_0p70_learned_0p30,0.8,100.0,1.0,1.0,1.0,1.0,24.419057340094497,0.7934965270913743,0.5642837285995483,67.17671641791044,98.51138898516722,109.8837890625,1.6357421875,1.5126953125,819,1024,5.333644590140647,89.34219594677609,71.37530000181869
sentinel2_patch_00256.png,hybrid_fixed_0p60_learned_0p40,0.8,100.0,1.0,1.0,1.0,1.0,24.407975945901793,0.7939394181548524,0.5649837255477905,67.41821449970043,98.5167213231308,109.8837890625,1.6298828125,1.5126953125,819,1024,5.338784232511218,89.29480185561422,75.55860000138637
sentinel2_patch_00256.png,hybrid_fixed_0p50_learned_0p50,0.8,100.0,1.0,1.0,1.0,1.0,24.381166069073874,0.7943039422093622,0.5654473900794983,67.499100179964,98.51849876911865,109.8837890625,1.6279296875,1.5126953125,819,1024,5.342042437593353,89.19922482960749,74.70070000272244
sentinel2_patch_00268.png,fixed_mission_utility,0.8,96.00000000000003,1.0,1.0,1.0,0.6,26.760676176283088,0.909801975972968,0.3979284167289734,69.89177793394238,98.56921653796654,97.125,1.3896484375,1.1787109375,819,1024,5.05758209106166,99.76628144689828,70.4427999953623
sentinel2_patch_00268.png,learned_1500_patch,0.8,91.26664257049562,0.9243907332420349,1.0,0.9145506620407104,0.6,25.31136792416057,0.8917522482847025,0.40316832065582275,68.68508287292818,98.54407979407979,97.125,1.4140625,1.1787109375,819,1024,4.957191651072146,99.76982904455795,59.360000006563496
sentinel2_patch_00268.png,learned_full_3224_patch,0.8,96.00000000000003,1.0,1.0,1.0,0.6,26.829176828734305,0.9107067605128284,0.395943284034729,70.18772053634439,98.57524935649936,97.125,1.3837890625,1.1787109375,819,1024,5.054134039203866,99.76249890899625,57.12910000147531
sentinel2_patch_00268.png,hybrid_fixed_0p90_learned_0p10,0.8,96.00000000000003,1.0,1.0,1.0,0.6,26.8316673345052,0.9108436102616942,0.3957453966140747,69.79368421052632,98.5672055984556,97.125,1.3916015625,1.1787109375,819,1024,5.057483171383577,99.76530644489247,68.43830000434536
sentinel2_patch_00268.png,hybrid_fixed_0p80_learned_0p20,0.8,96.00000000000003,1.0,1.0,1.0,0.6,26.835607296345152,0.911089232273697,0.39594998955726624,69.99014778325123,98.57122747747748,97.125,1.3876953125,1.1787109375,819,1024,5.064011874565356,99.76370885124442,67.99129999853903
sentinel2_patch_00268.png,hybrid_fixed_0p70_learned_0p30,0.8,96.00000000000003,1.0,1.0,1.0,0.6,26.835607296345152,0.911089232273697,0.39594998955726624,70.23728813559322,98.57625482625483,97.125,1.3828125,1.1787109375,819,1024,5.064011874565356,99.76323897075969,66.54919999709819
sentinel2_patch_00268.png,hybrid_fixed_0p60_learned_0p40,0.8,96.00000000000003,1.0,1.0,1.0,0.6,26.835607296345152,0.911089232273697,0.39594998955726624,70.23728813559322,98.57625482625483,97.125,1.3828125,1.1787109375,819,1024,5.064011874565356,99.76323897075969,66.44070000038482
sentinel2_patch_00268.png,hybrid_fixed_0p50_learned_0p50,0.8,96.00000000000003,1.0,1.0,1.0,0.6,26.835607296345152,0.911089232273697,0.39594998955726624,70.03943661971832,98.57223294723295,97.125,1.38671875,1.1787109375,819,1024,5.064011874565356,99.76288656039614,67.16189999860944
sentinel2_patch_00296.png,fixed_mission_utility,0.8,67.26168655834876,0.8498554825782776,0.3181818181818182,0.8344057202339172,0.7033898305084746,20.28166657312644,0.8269020261993012,0.6732276678085327,69.01095556908095,98.55095471182254,110.7275390625,1.6044921875,1.484375,819,1024,5.3435608161448,91.7807287979177,76.59679999778746
sentinel2_patch_00296.png,learned_1500_patch,0.8,67.1726612905141,0.8255324363708496,0.36363636363636365,0.8146560192108154,0.6949152542372882,20.523157061202625,0.8321730315996658,0.6740080118179321,68.71818181818182,98.5447810556952,110.7275390625,1.611328125,1.484375,819,1024,5.341178078951416,91.72891111241267,65.67119999817805
sentinel2_patch_00296.png,learned_full_3224_patch,0.8,66.81204854248118,0.8209639191627502,0.36363636363636365,0.8099997043609619,0.6864406779661016,20.629641501449214,0.8361461821456498,0.6772749423980713,68.84335154826958,98.54742690832121,110.7275390625,1.6083984375,1.484375,819,1024,5.360555159677385,91.4818856599904,64.66480000381125
sentinel2_patch_00296.png,hybrid_fixed_0p90_learned_0p10,0.8,68.76620922874783,0.8522424697875977,0.36363636363636365,0.8366760611534119,0.7033898305084746,20.300617091583682,0.8275232425213064,0.6738619804382324,68.84335154826958,98.54742690832121,110.7275390625,1.6083984375,1.484375,819,1024,5.345717949146383,91.79474157465677,77.81119999708608
sentinel2_patch_00296.png,hybrid_fixed_0p80_learned_0p20,0.8,68.84164844345423,0.8535183668136597,0.36363636363636365,0.8378962278366089,0.7033898305084746,20.30354434696512,0.8276224406124526,0.672358512878418,68.71818181818182,98.5447810556952,110.7275390625,1.611328125,1.484375,819,1024,5.345182552187579,91.79374012011992,79.16609999665525
sentinel2_patch_00296.png,hybrid_fixed_0p70_learned_0p30,0.8,68.96674667190882,0.8555684089660645,0.36363636363636365,0.8400510549545288,0.7033898305084746,20.318692974941467,0.8283030653861858,0.6713114380836487,68.71818181818182,98.5447810556952,110.7275390625,1.611328125,1.484375,819,1024,5.34271250822959,91.7887252606589,77.57829999900423
sentinel2_patch_00296.png,hybrid_fixed_0p60_learned_0p40,0.8,66.79492770431591,0.8207749724388123,0.36363636363636365,0.8095215559005737,0.6864406779661016,20.599007864867783,0.8337931764187728,0.6730198264122009,68.96897810218978,98.55007276094722,110.7275390625,1.60546875,1.484375,819,1024,5.348390666161788,91.76673119473223,83.76380000117933
sentinel2_patch_00296.png,hybrid_fixed_0p50_learned_0p50,0.8,66.76631389854502,0.8202618956565857,0.36363636363636365,0.8091170191764832,0.6864406779661016,20.608466834796964,0.8343683335856001,0.6718858480453491,68.92705167173253,98.54919081007188,110.7275390625,1.6064453125,1.484375,819,1024,5.354095238702741,91.71924555877673,82.85430000250926
sentinel2_patch_00307.png,fixed_mission_utility,0.8,85.00000000000001,1.0,0.5,1.0,1.0,22.216346326911818,0.9424029333548058,0.5789608955383301,78.94772447724478,98.73333904603136,125.3603515625,1.587890625,1.484375,819,1024,5.915091983142949,91.8008118692475,76.9981999983429
sentinel2_patch_00307.png,learned_1500_patch,0.8,85.00000000000001,1.0,0.5,1.0,1.0,22.025224532977887,0.9405683879088818,0.5787140130996704,78.94772447724478,98.73333904603136,125.3603515625,1.587890625,1.484375,819,1024,5.879425232040083,91.74944216906806,61.066499998560175
sentinel2_patch_00307.png,learned_full_3224_patch,0.8,85.00000000000001,1.0,0.5,1.0,1.0,22.00397523435264,0.9409014397551336,0.5792458653450012,78.70570202329858,98.72944402464769,125.3603515625,1.5927734375,1.484375,819,1024,5.851069149522855,92.16413652453348,62.70599999697879
sentinel2_patch_00307.png,hybrid_fixed_0p90_learned_0p10,0.8,85.00000000000001,1.0,0.5,1.0,1.0,22.219255678975188,0.9424721740847054,0.5787950158119202,78.8023327194598,98.73100203320116,125.3603515625,1.5908203125,1.484375,819,1024,5.918565718592839,91.79999502578909,71.81669999408768
sentinel2_patch_00307.png,hybrid_fixed_0p80_learned_0p20,0.8,85.00000000000001,1.0,0.5,1.0,1.0,22.196995040517162,0.9422620493088794,0.5793209075927734,78.70570202329858,98.72944402464769,125.3603515625,1.5927734375,1.484375,819,1024,5.90956132957633,91.90488626003469,72.23010000598151
sentinel2_patch_00307.png,hybrid_fixed_0p70_learned_0p30,0.8,85.00000000000001,1.0,0.5,1.0,1.0,22.17464070716444,0.9419894645270339,0.5781795382499695,78.60930802204531,98.72788601609422,125.3603515625,1.5947265625,1.484375,819,1024,5.898747498108304,91.96685663763337,71.9052999993437
sentinel2_patch_00307.png,hybrid_fixed_0p60_learned_0p40,0.8,85.00000000000001,1.0,0.5,1.0,1.0,22.165726164319214,0.941970477313278,0.5785431265830994,78.5131498470948,98.72632800754076,125.3603515625,1.5966796875,1.484375,819,1024,5.895387006949708,91.96266269510062,74.45980000193231
sentinel2_patch_00307.png,hybrid_fixed_0p50_learned_0p50,0.8,85.00000000000001,1.0,0.5,1.0,1.0,22.11667454962312,0.9418660563538822,0.5776357650756836,78.56119951040392,98.7271070118175,125.3603515625,1.595703125,1.484375,819,1024,5.886681883699089,92.01986002472962,71.6487000026973
sentinel2_patch_00315.png,fixed_mission_utility,0.8,83.63636363636365,1.0,0.45454545454545453,1.0,1.0,18.50342295778717,0.7354705396084802,0.6054373979568481,76.72840203274986,98.69670164696879,132.701171875,1.7294921875,1.6689453125,819,1024,6.0786553988274905,87.4550389557309,76.70959999813931
sentinel2_patch_00315.png,learned_1500_patch,0.8,82.72727272727273,1.0,0.42424242424242425,1.0,1.0,18.04664615832077,0.7235329532438249,0.6054860949516296,76.81514980214811,98.6981734689372,132.701171875,1.7275390625,1.6689453125,819,1024,6.063019824172003,87.47854990327978,62.31909999769414
sentinel2_patch_00315.png,learned_full_3224_patch,0.8,83.63636363636365,1.0,0.45454545454545453,1.0,1.0,18.317152158392354,0.7293159761070827,0.6081539392471313,76.77175141242938,98.697437557953,132.701171875,1.728515625,1.6689453125,819,1024,6.077890404423529,87.41479734907375,62.7946000022348
sentinel2_patch_00315.png,hybrid_fixed_0p90_learned_0p10,0.8,83.63636363636365,1.0,0.45454545454545453,1.0,1.0,18.520183916211035,0.7352071884481785,0.6045587062835693,76.81514980214811,98.6981734689372,132.701171875,1.7275390625,1.6689453125,819,1024,6.084096591916581,87.41469029188785,75.2894000033848
sentinel2_patch_00315.png,hybrid_fixed_0p80_learned_0p20,0.8,83.63636363636365,1.0,0.45454545454545453,1.0,1.0,18.52324010480261,0.7362101143405179,0.6050915122032166,76.55549295774648,98.69375800303195,132.701171875,1.7333984375,1.6689453125,819,1024,6.0836743415369305,87.4115975287395,75.53529999859165
sentinel2_patch_00315.png,hybrid_fixed_0p70_learned_0p30,0.8,83.63636363636365,1.0,0.45454545454545453,1.0,1.0,18.508616943778758,0.7351579706105605,0.6054659485816956,76.6418499717992,98.69522982500037,132.701171875,1.7314453125,1.6689453125,819,1024,6.081582828402089,87.42129215168528,77.48670000000857
sentinel2_patch_00315.png,hybrid_fixed_0p60_learned_0p40,0.8,83.63636363636365,1.0,0.45454545454545453,1.0,1.0,18.497372578908696,0.7346227141284747,0.6059918403625488,76.77175141242938,98.697437557953,132.701171875,1.728515625,1.6689453125,819,1024,6.080740991815308,87.41768194547173,75.40899999730755
sentinel2_patch_00315.png,hybrid_fixed_0p50_learned_0p50,0.8,83.63636363636365,1.0,0.45454545454545453,1.0,1.0,18.352359346324466,0.7300372571978452,0.6084248423576355,76.77175141242938,98.697437557953,132.701171875,1.728515625,1.6689453125,819,1024,6.077618674849515,87.438516463373,75.43219999934081
sentinel2_patch_00320.png,fixed_mission_utility,0.8,86.00620667139691,0.9834885001182556,0.5555555555555556,1.0,1.0,19.631780602444707,0.8393020831562922,0.6554712653160095,77.0942956926659,98.70288717081421,129.34375,1.677734375,1.5986328125,819,1024,6.046963008752224,87.11414111435397,76.64669999940088
sentinel2_patch_00320.png,learned_1500_patch,0.8,86.66666666666669,1.0,0.5555555555555556,1.0,1.0,19.26518101450954,0.8232608858190292,0.6531043648719788,77.59109548916227,98.71119231698478,129.34375,1.6669921875,1.5986328125,819,1024,6.021176099266841,87.03615273327617,64.53899999905843
sentinel2_patch_00320.png,learned_full_3224_patch,0.8,85.81181923548382,0.9786288142204285,0.5555555555555556,1.0,1.0,19.26887327466965,0.8216339283420813,0.6569864749908447,77.45497076023392,98.70892727712007,129.34375,1.669921875,1.5986328125,819,1024,6.027706187716611,87.07724251341827,63.22840000211727
sentinel2_patch_00320.png,hybrid_fixed_0p90_learned_0p10,0.8,85.56968132654828,0.9725753664970398,0.5555555555555556,1.0,1.0,19.570034037424612,0.836323770891848,0.6568541526794434,77.40970192869666,98.70817226383184,129.34375,1.6708984375,1.5986328125,819,1024,6.040316510003433,87.1061319060899,75.08450000023004
sentinel2_patch_00320.png,hybrid_fixed_0p80_learned_0p20,0.8,85.61777512232464,0.973777711391449,0.5555555555555556,1.0,1.0,19.522054149799697,0.8340912850378955,0.6574670076370239,77.31932282545242,98.70666223725537,129.34375,1.6728515625,1.5986328125,819,1024,6.043126724528694,87.09591624477265,74.03340000018943
sentinel2_patch_00320.png,hybrid_fixed_0p70_learned_0p30,0.8,85.61777512232464,0.973777711391449,0.5555555555555556,1.0,1.0,19.522054149799697,0.8340912850378955,0.6574670076370239,77.31932282545242,98.70666223725537,129.34375,1.6728515625,1.5986328125,819,1024,6.043126724528694,87.09591624477265,72.74020000477321
sentinel2_patch_00320.png,hybrid_fixed_0p60_learned_0p40,0.8,85.67015806833905,0.9750872850418091,0.5555555555555556,1.0,1.0,19.528167130713832,0.8345007411523647,0.6578381657600403,77.45497076023392,98.70892727712007,129.34375,1.669921875,1.5986328125,819,1024,6.040583034829467,87.07894061699349,75.23529999889433
sentinel2_patch_00320.png,hybrid_fixed_0p50_learned_0p50,0.8,85.63425461451214,0.9741896986961365,0.5555555555555556,1.0,1.0,19.545759613258127,0.83523502643814,0.658477783203125,77.5456674473068,98.71043730369654,129.34375,1.66796875,1.5986328125,819,1024,6.04257434344012,87.0731703096216,74.95319999725325
sentinel2_patch_00328.png,fixed_mission_utility,0.8,85.24893283843996,0.9356848001480103,0.625,0.9535770416259766,1.0,18.220430956308554,0.7585732639773103,0.595506489276886,74.28895705521472,98.6539049144858,118.2529296875,1.591796875,1.4912109375,819,1024,5.442425447857839,87.31115203423553,77.6562000028207
sentinel2_patch_00328.png,learned_1500_patch,0.8,80.405433177948,0.885627806186676,0.5625,0.9052660465240479,1.0,18.786831900383774,0.7767330521912035,0.593596875667572,73.8810250152532,98.64647248763326,118.2529296875,1.6005859375,1.4912109375,819,1024,5.423576727806859,86.82059866722376,67.10450000537094
sentinel2_patch_00328.png,learned_full_3224_patch,0.8,82.35517501831056,0.9177132248878479,0.5625,0.9385823011398315,1.0,18.803388297964844,0.7771415589154661,0.5915389060974121,73.8359756097561,98.64564666242744,118.2529296875,1.6015625,1.4912109375,819,1024,5.439639489397521,86.88089221877267,65.46469999739202
sentinel2_patch_00328.png,hybrid_fixed_0p90_learned_0p10,0.8,85.16613006591798,0.9343305826187134,0.625,0.9521453380584717,1.0,18.20862113336714,0.7580360723334322,0.5953544974327087,74.19791666666667,98.65225326407413,118.2529296875,1.59375,1.4912109375,819,1024,5.440010181037675,87.31103767946729,76.63970000430709
sentinel2_patch_00328.png,hybrid_fixed_0p80_learned_0p20,0.8,85.16022086143494,0.9342064261436462,0.625,0.9520981907844543,1.0,18.20488319890718,0.7580449469915203,0.5943729281425476,74.24340895156345,98.65307908927996,118.2529296875,1.5927734375,1.4912109375,819,1024,5.438212276907457,87.2979726471971,77.86299999861512
sentinel2_patch_00328.png,hybrid_fixed_0p70_learned_0p30,0.8,85.3194034099579,0.9368745684623718,0.625,0.9547210335731506,1.0,18.20810037036503,0.7583317847862948,0.5946288704872131,74.24340895156345,98.65307908927996,118.2529296875,1.5927734375,1.4912109375,819,1024,5.43341672453356,87.26629637639758,76.49360000505112
sentinel2_patch_00328.png,hybrid_fixed_0p60_learned_0p40,0.8,83.06194782257081,0.9296699166297913,0.5625,0.9500075578689575,1.0,18.661194743306876,0.7711977746086234,0.5945155620574951,73.97128894318875,98.64812413804495,118.2529296875,1.5986328125,1.4912109375,819,1024,5.43699296838151,87.19395269114649,82.3140000065905
sentinel2_patch_00328.png,hybrid_fixed_0p50_learned_0p50,0.8,83.06194782257081,0.9296699166297913,0.5625,0.9500075578689575,1.0,18.661194743306876,0.7711977746086234,0.5945155620574951,73.97128894318875,98.64812413804495,118.2529296875,1.5986328125,1.4912109375,819,1024,5.43699296838151,87.19395269114649,86.52050000091549
sentinel2_patch_00330.png,fixed_mission_utility,0.8,94.54545454545456,1.0,0.8181818181818182,1.0,1.0,20.064997970435492,0.8925123621661636,0.563345730304718,70.23022010707912,98.57611153934116,115.2900390625,1.6416015625,1.5361328125,819,1024,5.810045292127765,86.31986100371337,90.33910000289325
sentinel2_patch_00330.png,learned_1500_patch,0.8,94.54545454545456,1.0,0.8181818181818182,1.0,1.0,19.51307107730813,0.8669468756508837,0.5656015872955322,69.85621301775149,98.56848810320439,115.2900390625,1.650390625,1.5361328125,819,1024,5.752448204951911,86.18501780217028,67.490599998564
sentinel2_patch_00330.png,learned_full_3224_patch,0.8,94.54545454545456,1.0,0.8181818181818182,1.0,1.0,19.662701436973215,0.8731328905262441,0.5672502517700195,70.1884661117717,98.57526449088152,115.2900390625,1.642578125,1.5361328125,819,1024,5.771695686389872,86.26901023756855,65.91150000167545
sentinel2_patch_00330.png,hybrid_fixed_0p90_learned_0p10,0.8,94.54545454545456,1.0,0.8181818181818182,1.0,1.0,19.97685229307408,0.8883912877954715,0.565457820892334,70.35578069129916,98.5786526847201,115.2900390625,1.638671875,1.5361328125,819,1024,5.800485554632987,86.31039015857188,76.27230000070995
sentinel2_patch_00330.png,hybrid_fixed_0p80_learned_0p20,0.8,94.54545454545456,1.0,0.8181818181818182,1.0,1.0,19.856295965530435,0.8831221367084743,0.564191997051239,70.52389486260454,98.58204087855866,115.2900390625,1.634765625,1.5361328125,819,1024,5.7888147680310755,86.30451647373646,76.87289999739733
sentinel2_patch_00330.png,hybrid_fixed_0p70_learned_0p30,0.8,94.54545454545456,1.0,0.8181818181818182,1.0,1.0,19.756827085204883,0.8781086306840247,0.5656489133834839,70.43973747016706,98.58034678163938,115.2900390625,1.63671875,1.5361328125,819,1024,5.778926429330652,86.26635638853155,75.59649999893736
sentinel2_patch_00330.png,hybrid_fixed_0p60_learned_0p40,0.8,94.54545454545456,1.0,0.8181818181818182,1.0,1.0,19.756827085204883,0.8781086306840247,0.5656489133834839,70.43973747016706,98.58034678163938,115.2900390625,1.63671875,1.5361328125,819,1024,5.778926429330652,86.26635638853155,77.75720000063302
sentinel2_patch_00330.png,hybrid_fixed_0p50_learned_0p50,0.8,94.54545454545456,1.0,0.8181818181818182,1.0,1.0,19.756827085204883,0.8781086306840247,0.5656489133834839,70.43973747016706,98.58034678163938,115.2900390625,1.63671875,1.5361328125,819,1024,5.778926429330652,86.26635638853155,75.87680000142427
sentinel2_patch_00331.png,fixed_mission_utility,0.8,85.00000000000001,1.0,0.5,1.0,1.0,20.00125696182202,0.8953549191906255,0.5587224960327148,67.47575757575757,98.51798625769075,108.7255859375,1.611328125,1.486328125,819,1024,5.671569999293514,85.36115485183797,79.23980000487063
sentinel2_patch_00331.png,learned_1500_patch,0.8,92.50000000000001,1.0,0.75,1.0,1.0,19.262424884616212,0.860388593471643,0.5762181282043457,67.55764563106796,98.51978263798446,108.7255859375,1.609375,1.486328125,819,1024,5.584278820049674,85.37339941274432,67.46570000541396
sentinel2_patch_00331.png,learned_full_3224_patch,0.8,92.50000000000001,1.0,0.75,1.0,1.0,19.40260433333244,0.8651648763037556,0.5795308947563171,67.80450669914738,98.52517177886558,108.7255859375,1.603515625,1.486328125,819,1024,5.583459943176402,85.43855923802019,64.8767000020598
sentinel2_patch_00331.png,hybrid_fixed_0p90_learned_0p10,0.8,85.00000000000001,1.0,0.5,1.0,1.0,20.009224887726532,0.895179999493937,0.5585548877716064,67.5166767738023,98.5188844478376,108.7255859375,1.6103515625,1.486328125,819,1024,5.662186243931181,85.35434679069562,77.86050000140676
sentinel2_patch_00331.png,hybrid_fixed_0p80_learned_0p20,0.8,85.00000000000001,1.0,0.5,1.0,1.0,20.009224887726532,0.895179999493937,0.5585548877716064,67.5166767738023,98.5188844478376,108.7255859375,1.6103515625,1.486328125,819,1024,5.662186243931181,85.35434679069562,82.44399999966845
sentinel2_patch_00331.png,hybrid_fixed_0p70_learned_0p30,0.8,85.00000000000001,1.0,0.5,1.0,1.0,19.657363137807856,0.8871970307931588,0.5598224997520447,67.5986642380085,98.52068082813132,108.7255859375,1.6083984375,1.486328125,819,1024,5.65452842172262,85.38131609344639,83.65150000463473
sentinel2_patch_00331.png,hybrid_fixed_0p60_learned_0p40,0.8,92.50000000000001,1.0,0.75,1.0,1.0,19.5799692573396,0.8833132596833451,0.5626758337020874,67.84582571602681,98.52606996901244,108.7255859375,1.6025390625,1.486328125,819,1024,5.6368111055652275,85.41473102402193,81.90649999596644
sentinel2_patch_00331.png,hybrid_fixed_0p50_learned_0p50,0.8,90.00000000000001,1.0,0.6666666666666666,1.0,1.0,19.55101455489449,0.8815641601444664,0.5651887655258179,67.88719512195122,98.5269681591593,108.7255859375,1.6015625,1.486328125,819,1024,5.627282078721171,85.42556849087173,77.58040000044275
sentinel2_patch_00332.png,fixed_mission_utility,0.8,91.4218854904175,0.838239848613739,1.0,0.894614577293396,1.0,19.16453061349714,0.714321304149126,0.6049389839172363,69.94136597938144,98.5702309556053,106.0048828125,1.515625,1.3671875,819,1024,4.889950401352809,84.45046243128954,77.59890000306768
sentinel2_patch_00332.png,learned_1500_patch,0.8,89.28495049476625,0.8033955097198486,1.0,0.8574565052986145,1.0,18.875109252703723,0.6548124164598454,0.6146540641784668,70.62394274560833,98.58404959971995,106.0048828125,1.5009765625,1.3671875,819,1024,4.838624260318405,84.28813040218101,63.122999999905005
sentinel2_patch_00332.png,learned_full_3224_patch,0.8,83.50986480712892,0.7087557315826416,1.0,0.7579817771911621,1.0,19.110874438173667,0.6894369992322072,0.6073987483978271,70.62394274560833,98.58404959971995,106.0048828125,1.5009765625,1.3671875,819,1024,4.835592996520536,84.37510843966078,63.42240000230959
sentinel2_patch_00332.png,hybrid_fixed_0p90_learned_0p10,0.8,91.20470166206361,0.834467887878418,1.0,0.891299307346344,1.0,19.131571400108463,0.7108146617406272,0.6050190925598145,69.89632968448164,98.56930971266432,106.0048828125,1.5166015625,1.3671875,819,1024,4.87787140880254,84.44759585243071,78.2379000011133
sentinel2_patch_00332.png,hybrid_fixed_0p80_learned_0p20,0.8,91.22500538825989,0.835457444190979,1.0,0.8903353810310364,1.0,19.140013323320478,0.7109326197273469,0.6050128936767578,69.89632968448164,98.56930971266432,106.0048828125,1.5166015625,1.3671875,819,1024,4.877350763336556,84.45620244685136,77.38110000354936
sentinel2_patch_00332.png,hybrid_fixed_0p70_learned_0p30,0.8,91.26492619514467,0.8361413478851318,1.0,0.890963613986969,1.0,19.140942814678535,0.710806647695487,0.6050264239311218,70.07682375726274,98.57299468442822,106.0048828125,1.5126953125,1.3671875,819,1024,4.875929462917015,84.42027420129776,76.72289999754867
sentinel2_patch_00332.png,hybrid_fixed_0p60_learned_0p40,0.8,90.94551563262941,0.8308475017547607,1.0,0.8855807781219482,1.0,19.083661388758816,0.6901846504357583,0.6058185696601868,70.30375647668394,98.57760089913312,106.0048828125,1.5078125,1.3671875,819,1024,4.866630459985669,84.41658468113974,77.2212000010768
sentinel2_patch_00332.png,hybrid_fixed_0p50_learned_0p50,0.8,83.81277322769168,0.7137740254402161,1.0,0.7630906105041504,1.0,19.097802550706284,0.6966443947855375,0.6055291891098022,70.21280724450195,98.57575841325115,106.0048828125,1.509765625,1.3671875,819,1024,4.862013900775514,84.41958155903761,76.28969999495894
sentinel2_patch_00333.png,fixed_mission_utility,0.8,89.06946420669557,0.8043562173843384,1.0,0.8447607755661011,1.0,15.387747413721431,0.6326715617258399,0.5991855263710022,73.12837393021725,98.6325417259322,108.478515625,1.4833984375,1.3505859375,819,1024,4.5796802229263145,86.966865401292,78.95789999747649
sentinel2_patch_00333.png,learned_1500_patch,0.8,89.03684973716737,0.8036946654319763,1.0,0.8444531559944153,1.0,15.37310895040255,0.6317936506527471,0.5936750173568726,72.93630991464215,98.628940782485,108.478515625,1.4873046875,1.3505859375,819,1024,4.5687386966246075,86.93407273773602,68.01720000657951
sentinel2_patch_00333.png,learned_full_3224_patch,0.8,89.31429743766786,0.8082922101020813,1.0,0.8491304516792297,1.0,15.410677618686847,0.6339648801536631,0.596668004989624,73.36988110964333,98.63704290524117,108.478515625,1.478515625,1.3505859375,819,1024,4.563880836726548,86.91882609480977,67.76230000104988
sentinel2_patch_00333.png,hybrid_fixed_0p90_learned_0p10,0.8,89.06946420669557,0.8043562173843384,1.0,0.8447607755661011,1.0,15.387747413721431,0.6326715617258399,0.5991855263710022,73.12837393021725,98.6325417259322,108.478515625,1.4833984375,1.3505859375,819,1024,4.5796802229263145,86.966865401292,80.97750000160886
sentinel2_patch_00333.png,hybrid_fixed_0p80_learned_0p20,0.8,89.12090063095094,0.8052161335945129,1.0,0.8456127643585205,1.0,15.392219007422081,0.6329054461680493,0.5988300442695618,73.2730870712401,98.63524243351758,108.478515625,1.48046875,1.3505859375,819,1024,4.58058759518423,86.96592442518565,80.9095000004163
sentinel2_patch_00333.png,hybrid_fixed_0p70_learned_0p30,0.8,89.12090063095094,0.8052161335945129,1.0,0.8456127643585205,1.0,15.392219007422081,0.6329054461680493,0.5988300442695618,73.2730870712401,98.63524243351758,108.478515625,1.48046875,1.3505859375,819,1024,4.58058759518423,86.96592442518565,79.02139999350766
sentinel2_patch_00333.png,hybrid_fixed_0p60_learned_0p40,0.8,89.10694718360904,0.8049271106719971,1.0,0.8454931378364563,1.0,15.390429705469227,0.6328099493161191,0.5981420874595642,73.08026315789473,98.6316414900704,108.478515625,1.484375,1.3505859375,819,1024,4.578553055166462,86.98302472029131,78.4983999983524
sentinel2_patch_00333.png,hybrid_fixed_0p50_learned_0p50,0.8,89.19992923736574,0.8064399361610413,1.0,0.8471165895462036,1.0,15.39292014899557,0.6330300788787631,0.5975929498672485,73.17654808959156,98.63344196179399,108.478515625,1.482421875,1.3505859375,819,1024,4.575939783567546,86.98303887030795,78.58310000301572
sentinel2_patch_00335.png,fixed_mission_utility,0.8,98.23529411764707,1.0,0.9411764705882353,1.0,1.0,22.3620222045297,0.8965651715792472,0.5472086668014526,74.04702380952381,98.64950682883304,121.4833984375,1.640625,1.5322265625,819,1024,5.889546257807615,89.07912985539663,76.99829999910435
sentinel2_patch_00335.png,learned_1500_patch,0.8,100.0,1.0,1.0,1.0,1.0,22.170958206886535,0.8940217028406497,0.5471275448799133,73.43506493506493,98.63825271907331,121.4833984375,1.654296875,1.5322265625,819,1024,5.92242534161061,88.22564642362367,63.40479999926174
sentinel2_patch_00335.png,learned_full_3224_patch,0.8,98.23529411764707,1.0,0.9411764705882353,1.0,1.0,22.38118505947867,0.8959879244728594,0.5456530451774597,73.82729970326409,98.64548750391884,121.4833984375,1.6455078125,1.5322265625,819,1024,5.892946916600405,88.86608411214239,63.8593999974546
sentinel2_patch_00335.png,hybrid_fixed_0p90_learned_0p10,0.8,98.23529411764707,1.0,0.9411764705882353,1.0,1.0,22.369062452703265,0.8965647613809827,0.5471566319465637,73.9589774078478,98.64789909886736,121.4833984375,1.642578125,1.5322265625,819,1024,5.893739495384135,89.05371353647519,77.07189999928232
sentinel2_patch_00335.png,hybrid_fixed_0p80_learned_0p20,0.8,98.23529411764707,1.0,0.9411764705882353,1.0,1.0,22.3674994470373,0.89644249102748,0.5471746921539307,74.0029744199881,98.64870296385018,121.4833984375,1.6416015625,1.5322265625,819,1024,5.892241429638718,89.0280932240234,78.08400000067195
sentinel2_patch_00335.png,hybrid_fixed_0p70_learned_0p30,0.8,98.23529411764707,1.0,0.9411764705882353,1.0,1.0,22.363040298303396,0.8962982868826566,0.5473760962486267,74.04702380952381,98.64950682883304,121.4833984375,1.640625,1.5322265625,819,1024,5.891359566818383,89.01478264616838,77.09730000351556
sentinel2_patch_00335.png,hybrid_fixed_0p60_learned_0p40,0.8,98.23529411764707,1.0,0.9411764705882353,1.0,1.0,22.360644220932162,0.8959074941486768,0.5478799343109131,74.09112567004169,98.65031069381587,121.4833984375,1.6396484375,1.5322265625,819,1024,5.88734181438183,89.04145480026101,76.7933000024641
sentinel2_patch_00335.png,hybrid_fixed_0p50_learned_0p50,0.8,98.23529411764707,1.0,0.9411764705882353,1.0,1.0,22.361348484514956,0.8958186169985363,0.5478463768959045,74.1352800953516,98.6511145587987,121.4833984375,1.638671875,1.5322265625,819,1024,5.88727469939056,89.01983148604442,78.43169999978272
sentinel2_patch_00337.png,fixed_mission_utility,0.8,86.00728515331254,0.96620112657547,0.5833333333333334,0.9950717091560364,0.9957805907172996,24.498618328133674,0.9327299478937633,0.5360043048858643,68.99654576856649,98.55065208140378,117.0380859375,1.6962890625,1.61328125,819,1024,5.977917508121348,91.46567072314194,79.21719999285415
sentinel2_patch_00337.png,learned_1500_patch,0.8,87.50000000000003,1.0,0.5833333333333334,1.0,1.0,23.08824844105407,0.9185256028653638,0.538692057132721,68.79850746268657,98.54648009545504,117.0380859375,1.701171875,1.61328125,819,1024,5.9539840828050465,91.18142182127269,72.27200000488665
sentinel2_patch_00337.png,learned_full_3224_patch,0.8,87.50000000000003,1.0,0.5833333333333334,1.0,1.0,23.06698533285841,0.9185584164786796,0.5394229292869568,69.03629032258064,98.55148647859355,117.0380859375,1.6953125,1.61328125,819,1024,5.964066456544259,91.15162238195401,68.0826999960118
sentinel2_patch_00337.png,hybrid_fixed_0p90_learned_0p10,0.8,86.12502459232316,0.9681048393249512,0.5833333333333334,0.997151255607605,0.9957805907172996,24.506749173015084,0.9328823494710982,0.5356221199035645,68.99654576856649,98.55065208140378,117.0380859375,1.6962890625,1.61328125,819,1024,5.977059885603851,91.3922351375735,77.41009999881499
sentinel2_patch_00337.png,hybrid_fixed_0p80_learned_0p20,0.8,86.11481670085894,0.9678957462310791,0.5833333333333334,0.9970590472221375,0.9957805907172996,24.49356948893407,0.9328622010652753,0.5354539155960083,68.99654576856649,98.55065208140378,117.0380859375,1.6962890625,1.61328125,819,1024,5.975705567295343,91.35837309515486,77.32490000489634
sentinel2_patch_00337.png,hybrid_fixed_0p70_learned_0p30,0.8,83.18014986404388,0.9653064608573914,0.5,0.9826139807701111,0.9915611814345991,24.327891226782565,0.9314021966073047,0.5366132855415344,69.03629032258064,98.55148647859355,117.0380859375,1.6953125,1.61328125,819,1024,5.973815852028029,91.3535737505601,77.2519000020111
sentinel2_patch_00337.png,hybrid_fixed_0p60_learned_0p40,0.8,87.50000000000003,1.0,0.5833333333333334,1.0,1.0,23.088976552663205,0.9189575207157221,0.5382293462753296,69.07608069164264,98.5523208757833,117.0380859375,1.6943359375,1.61328125,819,1024,5.9612390065897864,91.32903675049008,76.57140000083018
sentinel2_patch_00337.png,hybrid_fixed_0p50_learned_0p50,0.8,87.50000000000003,1.0,0.5833333333333334,1.0,1.0,23.08424024796431,0.9189110062491187,0.5383382439613342,69.03629032258064,98.55148647859355,117.0380859375,1.6953125,1.61328125,819,1024,5.957885732445636,91.31352307958505,76.38479999877745
sentinel2_patch_00340.png,fixed_mission_utility,0.8,93.0769230769231,1.0,0.7692307692307693,1.0,1.0,20.57370018017898,0.8555899408864158,0.601715087890625,72.6938775510204,98.62436833239752,118.26953125,1.626953125,1.58984375,819,1024,5.872941638624687,88.66926357482659,76.77579999290174
sentinel2_patch_00340.png,learned_1500_patch,0.8,93.0769230769231,1.0,0.7692307692307693,1.0,1.0,20.197207636312594,0.8479254042030574,0.6058125495910645,72.43301435406698,98.61941407669188,118.26953125,1.6328125,1.58984375,819,1024,5.8727042641803795,88.46170104231959,64.3428999974276
sentinel2_patch_00340.png,learned_full_3224_patch,0.8,95.3846153846154,1.0,0.8461538461538461,1.0,1.0,20.524175980565914,0.8541050015109285,0.6047941446304321,72.00237812128418,98.61115698384913,118.26953125,1.642578125,1.58984375,819,1024,5.862144359694991,88.51334311004084,64.75920000229962
sentinel2_patch_00340.png,hybrid_fixed_0p90_learned_0p10,0.8,93.0769230769231,1.0,0.7692307692307693,1.0,1.0,20.57370018017898,0.8555899408864158,0.601715087890625,72.6938775510204,98.62436833239752,118.26953125,1.626953125,1.58984375,819,1024,5.872941638624687,88.66926357482659,77.21909999963827
sentinel2_patch_00340.png,hybrid_fixed_0p80_learned_0p20,0.8,93.0769230769231,1.0,0.7692307692307693,1.0,1.0,20.57370018017898,0.8555899408864158,0.601715087890625,72.6938775510204,98.62436833239752,118.26953125,1.626953125,1.58984375,819,1024,5.872941638624687,88.66926357482659,76.15960000111954
sentinel2_patch_00340.png,hybrid_fixed_0p70_learned_0p30,0.8,93.0769230769231,1.0,0.7692307692307693,1.0,1.0,20.561105569498643,0.8552591433411617,0.6024374961853027,72.91270319084889,98.62849687881891,118.26953125,1.6220703125,1.58984375,819,1024,5.86690178293171,88.65268857868456,74.87070000206586
sentinel2_patch_00340.png,hybrid_fixed_0p60_learned_0p40,0.8,95.3846153846154,1.0,0.8461538461538461,1.0,1.0,20.549641586443666,0.8547041638274989,0.6025900840759277,72.6502699460108,98.62354262311325,118.26953125,1.6279296875,1.58984375,819,1024,5.864150312353729,88.62930259274854,76.0623999958625
sentinel2_patch_00340.png,hybrid_fixed_0p50_learned_0p50,0.8,95.3846153846154,1.0,0.8461538461538461,1.0,1.0,20.54231693046254,0.854619869770186,0.6031142473220825,72.6502699460108,98.62354262311325,118.26953125,1.6279296875,1.58984375,819,1024,5.8645372365639705,88.61667487478257,78.64859999972396
sentinel2_patch_00341.png,fixed_mission_utility,0.8,86.87500000000001,1.0,0.5625,1.0,1.0,14.140059964468767,0.45204713046343037,0.6825677156448364,70.30360307147076,98.57759779540261,116.234375,1.6533203125,1.6044921875,819,1024,5.812833884947649,89.21691787061525,81.2794000012218
sentinel2_patch_00341.png,learned_1500_patch,0.8,86.87500000000001,1.0,0.5625,1.0,1.0,14.599799113106027,0.4957552572826683,0.6766870021820068,70.2621015348288,98.57675762871354,116.234375,1.654296875,1.6044921875,819,1024,5.798941697936739,89.10760103806165,63.33669999730773
sentinel2_patch_00341.png,learned_full_3224_patch,0.8,88.75000000000001,1.0,0.625,1.0,1.0,14.420484000455442,0.46811501945605727,0.6808601021766663,70.2621015348288,98.57675762871354,116.234375,1.654296875,1.6044921875,819,1024,5.805816574046365,89.2310939040231,60.96760000218637
sentinel2_patch_00341.png,hybrid_fixed_0p90_learned_0p10,0.8,88.75000000000001,1.0,0.625,1.0,1.0,14.159098175523217,0.4551284286627942,0.6828559041023254,70.3451536643026,98.57843796209168,116.234375,1.65234375,1.6044921875,819,1024,5.812962142122949,89.19732462551418,75.7274999996298
sentinel2_patch_00341.png,hybrid_fixed_0p80_learned_0p20,0.8,86.87500000000001,1.0,0.5625,1.0,1.0,14.385768321254357,0.46584017494879704,0.6740077137947083,70.22064896755163,98.57591746202446,116.234375,1.6552734375,1.6044921875,819,1024,5.815652461947838,89.22174826298765,76.17200000095181
sentinel2_patch_00341.png,hybrid_fixed_0p70_learned_0p30,0.8,86.87500000000001,1.0,0.5625,1.0,1.0,14.3978061204148,0.4677711028588406,0.6725472807884216,70.22064896755163,98.57591746202446,116.234375,1.6552734375,1.6044921875,819,1024,5.814611770860188,89.18952210195204,75.03739999810932
sentinel2_patch_00341.png,hybrid_fixed_0p60_learned_0p40,0.8,86.87500000000001,1.0,0.5625,1.0,1.0,14.406871368399631,0.46938324296052897,0.6725995540618896,70.3451536643026,98.57843796209168,116.234375,1.65234375,1.6044921875,819,1024,5.8120319333956285,89.18734869706006,76.98420000087935
sentinel2_patch_00341.png,hybrid_fixed_0p50_learned_0p50,0.8,86.87500000000001,1.0,0.5625,1.0,1.0,14.406871368399631,0.46938324296052897,0.6725995540618896,70.3451536643026,98.57843796209168,116.234375,1.65234375,1.6044921875,819,1024,5.8120319333956285,89.18734869706006,75.88830000167945
sentinel2_patch_00342.png,fixed_mission_utility,0.8,100.0,1.0,1.0,1.0,1.0,13.420133965500831,0.44114803631993077,0.7192080616950989,74.86545454545454,98.66427044880513,120.6328125,1.611328125,1.6083984375,819,1024,5.701204382886123,89.71965584717039,93.6608999982127
sentinel2_patch_00342.png,learned_1500_patch,0.8,100.0,1.0,1.0,1.0,1.0,14.0405141864658,0.48747008754349624,0.7114115953445435,73.9245960502693,98.6472702545172,120.6328125,1.6318359375,1.6083984375,819,1024,5.716732876957263,89.67396622262518,63.142699997115415
sentinel2_patch_00342.png,learned_full_3224_patch,0.8,100.0,1.0,1.0,1.0,1.0,13.993786653922278,0.47274611766857527,0.7103704810142517,74.54918527459263,98.65860371737581,120.6328125,1.6181640625,1.6083984375,819,1024,5.712730747352868,89.76943411752633,62.27400000352645
sentinel2_patch_00342.png,hybrid_fixed_0p90_learned_0p10,0.8,100.0,1.0,1.0,1.0,1.0,13.623549895387981,0.45702041624489265,0.7164785265922546,74.50422195416164,98.65779418431448,120.6328125,1.619140625,1.6083984375,819,1024,5.703139014450212,89.75020160397972,77.31320000311825
sentinel2_patch_00342.png,hybrid_fixed_0p80_learned_0p20,0.8,100.0,1.0,1.0,1.0,1.0,13.629554057999691,0.45872862818505844,0.7163969874382019,74.59420289855072,98.65941325043714,120.6328125,1.6171875,1.6083984375,819,1024,5.70718365258361,89.78022139421631,74.45189999998547
sentinel2_patch_00342.png,hybrid_fixed_0p70_learned_0p30,0.8,100.0,1.0,1.0,1.0,1.0,13.966743014954453,0.46759829583206847,0.7118027210235596,74.50422195416164,98.65779418431448,120.6328125,1.619140625,1.6083984375,819,1024,5.7101974868874965,89.79371789495077,77.54680000653025
sentinel2_patch_00342.png,hybrid_fixed_0p60_learned_0p40,0.8,100.0,1.0,1.0,1.0,1.0,13.954410957552039,0.4659114437537904,0.7111797332763672,74.45931283905968,98.65698465125315,120.6328125,1.6201171875,1.6083984375,819,1024,5.714006212012899,89.78767424131307,79.17710000037914
sentinel2_patch_00342.png,hybrid_fixed_0p50_learned_0p50,0.8,100.0,1.0,1.0,1.0,1.0,13.954410957552039,0.4659114437537904,0.7111797332763672,74.45931283905968,98.65698465125315,120.6328125,1.6201171875,1.6083984375,819,1024,5.714006212012899,89.78767424131307,80.0472000046284
sentinel2_patch_00344.png,fixed_mission_utility,0.8,100.0,1.0,1.0,1.0,1.0,16.16553828753827,0.5622936223982826,0.6929445266723633,76.64268292682927,98.69524400528266,122.748046875,1.6015625,1.53515625,819,1024,5.316130045039374,86.48461175404547,78.14030000008643
sentinel2_patch_00344.png,learned_1500_patch,0.8,100.0,1.0,1.0,1.0,1.0,16.139341462289746,0.5626005237123752,0.7017363905906677,77.25507068223725,98.70558658328957,122.748046875,1.5888671875,1.53515625,819,1024,5.289289310528415,86.44700646835197,65.48180000390857
sentinel2_patch_00344.png,learned_full_3224_patch,0.8,100.0,1.0,1.0,1.0,1.0,16.103086341624326,0.5554856686198304,0.6980169415473938,77.5410240592227,98.71036008083122,122.748046875,1.5830078125,1.53515625,819,1024,5.288764722172348,86.56394190815949,68.48850000096718
sentinel2_patch_00344.png,hybrid_fixed_0p90_learned_0p10,0.8,100.0,1.0,1.0,1.0,1.0,16.15819932438222,0.561540960811088,0.6928321123123169,76.68944478340451,98.69603958820628,122.748046875,1.6005859375,1.53515625,819,1024,5.311340112475021,86.49621596812709,78.51510000182316
sentinel2_patch_00344.png,hybrid_fixed_0p80_learned_0p20,0.8,100.0,1.0,1.0,1.0,1.0,16.149272250550997,0.5605801384453767,0.6929066777229309,77.06560392397303,98.70240425159514,122.748046875,1.5927734375,1.53515625,819,1024,5.304811805737884,86.51546959687238,77.88679999794113
sentinel2_patch_00344.png,hybrid_fixed_0p70_learned_0p30,0.8,100.0,1.0,1.0,1.0,1.0,16.14419498671843,0.560214597675079,0.6956801414489746,76.97121861604408,98.70081308574792,122.748046875,1.5947265625,1.53515625,819,1024,5.303224257295755,86.53258971540535,76.22260000061942
sentinel2_patch_00344.png,hybrid_fixed_0p60_learned_0p40,0.8,100.0,1.0,1.0,1.0,1.0,16.14419498671843,0.560214597675079,0.6956801414489746,76.97121861604408,98.70081308574792,122.748046875,1.5947265625,1.53515625,819,1024,5.303224257295755,86.53258971540535,78.17800000339048
sentinel2_patch_00344.png,hybrid_fixed_0p50_learned_0p50,0.8,100.0,1.0,1.0,1.0,1.0,16.127568431251373,0.5584552492083389,0.694841206073761,77.30258302583026,98.70638216621317,122.748046875,1.587890625,1.53515625,819,1024,5.2992910337687205,86.56240682154332,77.92730000073789
sentinel2_patch_00350.png,fixed_mission_utility,0.8,85.00000000000001,1.0,0.5,1.0,1.0,17.74948128881092,0.8260723535697332,0.5938442945480347,73.47933409873708,98.63907313224115,125.0009765625,1.701171875,1.642578125,819,1024,5.957903514603547,92.07141273946266,74.40269999642624
sentinel2_patch_00350.png,learned_1500_patch,0.8,85.00000000000001,1.0,0.5,1.0,1.0,17.62727600586771,0.8229182471452018,0.5952577590942383,73.43717728055077,98.63829188834463,125.0009765625,1.7021484375,1.642578125,819,1024,5.959965278488368,92.00867433922754,60.06340000021737
sentinel2_patch_00350.png,learned_full_3224_patch,0.8,83.12500000000001,1.0,0.4375,1.0,1.0,17.919206101336766,0.8310542833847132,0.591414749622345,73.31099656357388,98.63594815665503,125.0009765625,1.705078125,1.642578125,819,1024,5.953339920994653,92.03733061525415,60.94580000353744
sentinel2_patch_00350.png,hybrid_fixed_0p90_learned_0p10,0.8,85.00000000000001,1.0,0.5,1.0,1.0,17.73757655885027,0.8259934453441713,0.5923561453819275,73.64844649021865,98.64219810782728,125.0009765625,1.697265625,1.642578125,819,1024,5.957903514603548,92.07116581463522,74.9805000014021
sentinel2_patch_00350.png,hybrid_fixed_0p80_learned_0p20,0.8,85.00000000000001,1.0,0.5,1.0,1.0,17.734087299612813,0.8260055176708465,0.5928233861923218,73.56379310344828,98.64063562003422,125.0009765625,1.69921875,1.642578125,819,1024,5.9582067125905525,92.06013217366171,79.0015000020503
sentinel2_patch_00350.png,hybrid_fixed_0p70_learned_0p30,0.8,85.00000000000001,1.0,0.5,1.0,1.0,17.734217886208533,0.8260508017088923,0.5928494334220886,73.64844649021865,98.64219810782728,125.0009765625,1.697265625,1.642578125,819,1024,5.9579416816341215,92.06690961037278,77.28879999922356
sentinel2_patch_00350.png,hybrid_fixed_0p60_learned_0p40,0.8,85.00000000000001,1.0,0.5,1.0,1.0,17.733307702519017,0.8260815495392823,0.5926117300987244,73.43717728055077,98.63829188834463,125.0009765625,1.7021484375,1.642578125,819,1024,5.956466815150343,92.0728682963402,75.24539999576518
sentinel2_patch_00350.png,hybrid_fixed_0p50_learned_0p50,0.8,85.00000000000001,1.0,0.5,1.0,1.0,17.736418284635445,0.826292660098467,0.5921996831893921,73.26903262736118,98.63516691275849,125.0009765625,1.7060546875,1.642578125,819,1024,5.952261137014718,92.0777548087148,73.69200000539422
sentinel2_patch_00357.png,fixed_mission_utility,0.8,82.17164039611818,0.9917910099029541,0.4166666666666667,1.0,1.0,22.093643325782452,0.8831688746310323,0.550207793712616,68.25527192008879,98.53491170444568,120.11328125,1.759765625,1.6796875,819,1024,6.094242026862539,90.73743897874039,74.00459999917075
sentinel2_patch_00357.png,learned_1500_patch,0.8,82.50000000000001,1.0,0.4166666666666667,1.0,1.0,21.724667470702844,0.8750143860077445,0.5470020771026611,68.55964325529543,98.5414159810075,120.11328125,1.751953125,1.6796875,819,1024,6.068247705098173,90.31200135959347,62.462200003210455
sentinel2_patch_00357.png,learned_full_3224_patch,0.8,77.22075700759888,0.9484678506851196,0.3333333333333333,0.9641021490097046,1.0,19.967527723767788,0.843536869542028,0.5600875020027161,68.33111111111111,98.53653777358613,120.11328125,1.7578125,1.6796875,819,1024,6.071079640086007,90.23455328567962,64.43719999515451
sentinel2_patch_00357.png,hybrid_fixed_0p90_learned_0p10,0.8,82.09956645965578,0.989989161491394,0.4166666666666667,1.0,1.0,22.059084913624968,0.8822558033244341,0.5510700941085815,68.40711902113459,98.53816384272659,120.11328125,1.755859375,1.6796875,819,1024,6.092733940827828,90.68688116255157,75.32240000000456
sentinel2_patch_00357.png,hybrid_fixed_0p80_learned_0p20,0.8,80.82440614700319,0.9893601536750793,0.375,1.0,1.0,22.120428929892245,0.8831441239498425,0.5526834726333618,68.44518642181413,98.53897687729682,120.11328125,1.7548828125,1.6796875,819,1024,6.092581399609081,90.67860405889331,75.6143000035081
sentinel2_patch_00357.png,hybrid_fixed_0p70_learned_0p30,0.8,80.85326910018922,0.9900817275047302,0.375,1.0,1.0,22.117917964489607,0.8829456267420493,0.5522055625915527,68.48329621380846,98.53978991186705,120.11328125,1.75390625,1.6796875,819,1024,6.0929599304322295,90.63713590728763,75.73969999793917
sentinel2_patch_00357.png,hybrid_fixed_0p60_learned_0p40,0.8,80.3283166885376,0.9560399055480957,0.4166666666666667,0.9793360233306885,1.0,21.97373346583406,0.8804883417332867,0.5519620180130005,68.33111111111111,98.53653777358613,120.11328125,1.7578125,1.6796875,819,1024,6.08534714134644,90.60285685403403,76.11979999637697
sentinel2_patch_00357.png,hybrid_fixed_0p50_learned_0p50,0.8,80.52423954010011,0.9593912363052368,0.4166666666666667,0.9824295043945312,1.0,21.998780209565936,0.8810285517668737,0.552446722984314,68.21741541874654,98.53409866987545,120.11328125,1.7607421875,1.6796875,819,1024,6.091366467673675,90.5409507293354,75.19419999880483
sentinel2_patch_00359.png,fixed_mission_utility,0.8,80.00000000000001,1.0,0.3333333333333333,1.0,1.0,22.322274412511515,0.9066476252718241,0.5586075186729431,70.41019830028328,98.57975119494021,121.361328125,1.7236328125,1.6796875,819,1024,6.11853923734472,91.46145803170896,77.57409999612719
sentinel2_patch_00359.png,learned_1500_patch,0.8,82.50000000000001,1.0,0.4166666666666667,1.0,1.0,20.491660014611064,0.8783388497515177,0.5616664290428162,70.37032842582107,98.57894652139628,121.361328125,1.724609375,1.6796875,819,1024,6.113054253015891,91.12344361825926,64.07620000391034
sentinel2_patch_00359.png,learned_full_3224_patch,0.8,85.00000000000001,1.0,0.5,1.0,1.0,20.3432568487342,0.8748773847033378,0.5671019554138184,70.33050367855121,98.57814184785234,121.361328125,1.7255859375,1.6796875,819,1024,6.110370454721142,91.22348209609783,66.27250000019558
sentinel2_patch_00359.png,hybrid_fixed_0p90_learned_0p10,0.8,80.00000000000001,1.0,0.3333333333333333,1.0,1.0,22.316213324939564,0.9066279326578912,0.5592522621154785,70.37032842582107,98.57894652139628,121.361328125,1.724609375,1.6796875,819,1024,6.118869145509503,91.39985836825348,81.68290000321576
sentinel2_patch_00359.png,hybrid_fixed_0p80_learned_0p20,0.8,80.00000000000001,1.0,0.3333333333333333,1.0,1.0,22.31774418428241,0.9065681341943009,0.5601846575737,70.33050367855121,98.57814184785234,121.361328125,1.7255859375,1.6796875,819,1024,6.11950881546268,91.41011522278512,80.37480000348296
sentinel2_patch_00359.png,hybrid_fixed_0p70_learned_0p30,0.8,80.00000000000001,1.0,0.3333333333333333,1.0,1.0,22.306329869632613,0.9062822436235083,0.5605078935623169,70.33050367855121,98.57814184785234,121.361328125,1.7255859375,1.6796875,819,1024,6.113915143694234,91.36795610352438,76.14340000145603
sentinel2_patch_00359.png,hybrid_fixed_0p60_learned_0p40,0.8,80.00000000000001,1.0,0.3333333333333333,1.0,1.0,22.306329869632613,0.9062822436235083,0.5605078935623169,70.33050367855121,98.57814184785234,121.361328125,1.7255859375,1.6796875,819,1024,6.113915143694234,91.36795610352438,76.65670000278624
sentinel2_patch_00359.png,hybrid_fixed_0p50_learned_0p50,0.8,80.00000000000001,1.0,0.3333333333333333,1.0,1.0,22.313721660888692,0.9065057565798587,0.5607609152793884,70.21129943502825,98.57572782722049,121.361328125,1.728515625,1.6796875,819,1024,6.114662261924158,91.35913013548414,77.01300000189804
sentinel2_patch_00376.png,fixed_mission_utility,0.8,86.34483218193057,0.9171046018600464,1.0,0.9576417803764343,0.05078125,14.002816793281283,0.3722793383533333,0.6816028356552124,70.57070386810399,98.58298139994609,108.681640625,1.5400390625,1.49609375,819,1024,4.837249299162728,87.07164297252045,78.05309999821475
sentinel2_patch_00376.png,learned_1500_patch,0.8,85.85187196731569,0.9085369110107422,1.0,0.9481760263442993,0.0546875,14.027840283321014,0.38417012646081133,0.6868348717689514,70.66031746031746,98.58477850660437,108.681640625,1.5380859375,1.49609375,819,1024,4.835086230240809,87.12953576210904,64.5476999998209
sentinel2_patch_00376.png,learned_full_3224_patch,0.8,85.83620905876161,0.9096238613128662,1.0,0.9491252303123474,0.046875,13.931469616574716,0.35914583210424106,0.6803525686264038,70.70520965692504,98.5856770599335,108.681640625,1.537109375,1.49609375,819,1024,4.816444175038198,87.18051465528217,65.4867000048398
sentinel2_patch_00376.png,hybrid_fixed_0p90_learned_0p10,0.8,86.34483218193057,0.9171046018600464,1.0,0.9576417803764343,0.05078125,14.002816793281283,0.3722793383533333,0.6816028356552124,70.57070386810399,98.58298139994609,108.681640625,1.5400390625,1.49609375,819,1024,4.837249299162728,87.07164297252045,83.96199999697274
sentinel2_patch_00376.png,hybrid_fixed_0p80_learned_0p20,0.8,86.35111570358278,0.9172014594078064,1.0,0.9577622413635254,0.05078125,14.001880367789186,0.3719296642620032,0.6815465688705444,70.66031746031746,98.58477850660437,108.681640625,1.5380859375,1.49609375,819,1024,4.831891029338726,87.0705135145296,77.5288000004366
sentinel2_patch_00376.png,hybrid_fixed_0p70_learned_0p30,0.8,85.84780693054202,0.9092848300933838,1.0,0.948430061340332,0.05078125,13.978569081038607,0.36924389599049495,0.6811206936836243,70.70520965692504,98.5856770599335,108.681640625,1.537109375,1.49609375,819,1024,4.827328181414013,87.1117871365384,75.54069999605417
sentinel2_patch_00376.png,hybrid_fixed_0p60_learned_0p40,0.8,86.01184248924257,0.9113678932189941,1.0,0.9505125880241394,0.0546875,13.953595076624762,0.3642079439375351,0.6824286580085754,70.70520965692504,98.5856770599335,108.681640625,1.537109375,1.49609375,819,1024,4.818674158460969,87.15499697224583,75.82099999854108
sentinel2_patch_00376.png,hybrid_fixed_0p50_learned_0p50,0.8,85.52831053733827,0.9043734669685364,1.0,0.9442310929298401,0.046875,13.929010135244111,0.3612739006737722,0.6825745105743408,70.70520965692504,98.5856770599335,108.681640625,1.537109375,1.49609375,819,1024,4.816160489437169,87.18842892877525,77.40239999839105
sentinel2_patch_00378.png,fixed_mission_utility,0.8,76.00000000000001,1.0,0.2,1.0,1.0,18.90977198904026,0.8637842507393738,0.7303493618965149,70.86918604651163,98.58894950572214,119.0380859375,1.6796875,1.5947265625,819,1024,5.7256450827878815,93.22328444699212,78.90559999941615
sentinel2_patch_00378.png,learned_1500_patch,0.8,77.20000000000002,1.0,0.24,1.0,1.0,18.820415563193148,0.8624854638755801,0.7332748174667358,70.99301106581247,98.59141064030517,119.0380859375,1.6767578125,1.5947265625,819,1024,5.72918480248361,93.05378433285804,66.79440000152681
sentinel2_patch_00378.png,learned_full_3224_patch,0.8,76.00000000000001,1.0,0.2,1.0,1.0,18.91840957882405,0.864299841109106,0.7344836592674255,70.86918604651163,98.58894950572214,119.0380859375,1.6796875,1.5947265625,819,1024,5.73870442931651,93.14178474300323,65.19290000142064
sentinel2_patch_00378.png,hybrid_fixed_0p90_learned_0p10,0.8,76.00000000000001,1.0,0.2,1.0,1.0,18.92170509409575,0.8641060584667454,0.7304874658584595,70.86918604651163,98.58894950572214,119.0380859375,1.6796875,1.5947265625,819,1024,5.729133150878415,93.22278485017866,76.49929999752203
sentinel2_patch_00378.png,hybrid_fixed_0p80_learned_0p20,0.8,76.00000000000001,1.0,0.2,1.0,1.0,18.92170509409575,0.8641060584667454,0.7304874658584595,70.86918604651163,98.58894950572214,119.0380859375,1.6796875,1.5947265625,819,1024,5.729133150878415,93.22278485017866,77.08139999886043
sentinel2_patch_00378.png,hybrid_fixed_0p70_learned_0p30,0.8,76.00000000000001,1.0,0.2,1.0,1.0,18.913856181996778,0.8640062188693669,0.730077862739563,70.7457922228671,98.5864883711391,119.0380859375,1.6826171875,1.5947265625,819,1024,5.727452789837587,93.20124865896915,77.91539999743691
sentinel2_patch_00378.png,hybrid_fixed_0p60_learned_0p40,0.8,76.00000000000001,1.0,0.2,1.0,1.0,18.93721031102557,0.8647729648033625,0.7329081296920776,70.86918604651163,98.58894950572214,119.0380859375,1.6796875,1.5947265625,819,1024,5.735340245287286,93.19248787198997,76.53030000074068
sentinel2_patch_00378.png,hybrid_fixed_0p50_learned_0p50,0.8,76.00000000000001,1.0,0.2,1.0,1.0,18.92487995947957,0.8643781152057021,0.734792947769165,70.7457922228671,98.5864883711391,119.0380859375,1.6826171875,1.5947265625,819,1024,5.7398398865155915,93.15651690141968,76.6455999983009
sentinel2_patch_00380.png,fixed_mission_utility,0.8,90.26859504132233,1.0,0.75,1.0,0.7768595041322314,22.67782770236954,0.8196583498369556,0.7408976554870605,67.24697336561744,98.51294422640694,108.48828125,1.61328125,1.490234375,819,1024,5.2771125090417925,91.11012208487386,79.241200000979
sentinel2_patch_00380.png,learned_1500_patch,0.8,90.44628099173556,1.0,0.8,1.0,0.6446280991735537,21.594570962892355,0.8031125349083996,0.734549880027771,67.32848484848485,98.5147445360602,108.48828125,1.611328125,1.490234375,819,1024,5.254146310687197,90.76561127890113,63.45159999909811
sentinel2_patch_00380.png,learned_full_3224_patch,0.8,88.53305785123968,1.0,0.75,1.0,0.6033057851239669,22.3770044382325,0.8173744397271361,0.7345892786979675,67.20629159104658,98.5120440715803,108.48828125,1.6142578125,1.490234375,819,1024,5.275893240784194,90.94159398225919,63.451900001382455
sentinel2_patch_00380.png,hybrid_fixed_0p90_learned_0p10,0.8,88.53305785123968,1.0,0.75,1.0,0.6033057851239669,22.406647898961786,0.8165632014508251,0.736108660697937,67.20629159104658,98.5120440715803,108.48828125,1.6142578125,1.490234375,819,1024,5.271818273025635,91.02347977810385,77.29130000370787
sentinel2_patch_00380.png,hybrid_fixed_0p80_learned_0p20,0.8,88.53305785123968,1.0,0.75,1.0,0.6033057851239669,22.402794712753156,0.8164347993764807,0.7373666763305664,67.16565900846433,98.51114391675368,108.48828125,1.615234375,1.490234375,819,1024,5.271625820830917,90.98317244845173,77.67349999630824
sentinel2_patch_00380.png,hybrid_fixed_0p70_learned_0p30,0.8,88.53305785123968,1.0,0.75,1.0,0.6033057851239669,22.402794712753156,0.8164347993764807,0.7373666763305664,67.16565900846433,98.51114391675368,108.48828125,1.615234375,1.490234375,819,1024,5.271625820830917,90.98317244845173,77.67040000180714
sentinel2_patch_00380.png,hybrid_fixed_0p60_learned_0p40,0.8,88.53305785123968,1.0,0.75,1.0,0.6033057851239669,22.343843369471173,0.8154775624468673,0.7351707816123962,67.20629159104658,98.5120440715803,108.48828125,1.6142578125,1.490234375,819,1024,5.277357099864306,90.92298618348389,78.31679999799235
sentinel2_patch_00380.png,hybrid_fixed_0p50_learned_0p50,0.8,88.53305785123968,1.0,0.75,1.0,0.6033057851239669,22.356537943373315,0.8164830120831592,0.7347569465637207,67.08454106280193,98.50934360710042,108.48828125,1.6171875,1.490234375,819,1024,5.279390562568528,90.90760953178547,79.52110000042012
sentinel2_patch_00381.png,fixed_mission_utility,0.8,77.43138463156565,0.8550729155540466,0.625,0.8417805433273315,0.7642857142857142,21.829051200956467,0.8860208279431843,0.6610317826271057,68.9166163141994,98.54897112847085,111.3837890625,1.6162109375,1.4736328125,819,1024,5.360975905797057,89.6654050386905,79.0770000021439
sentinel2_patch_00381.png,learned_1500_patch,0.8,75.9402428695134,0.8606906533241272,0.5625,0.8461665511131287,0.7714285714285715,21.543132954812407,0.878941998531013,0.6599438190460205,68.70903614457832,98.54458735544507,111.3837890625,1.62109375,1.4736328125,819,1024,5.320790374963525,89.65833876181426,65.01949999801582
sentinel2_patch_00381.png,learned_full_3224_patch,0.8,79.65691777638028,0.8887783288955688,0.625,0.8713606595993042,0.7928571428571428,21.634594600163762,0.884199877980536,0.6598572134971619,68.750452079566,98.54546411005025,111.3837890625,1.6201171875,1.4736328125,819,1024,5.368960765345676,89.43966674778132,64.84490000002552
sentinel2_patch_00381.png,hybrid_fixed_0p90_learned_0p10,0.8,77.43138463156565,0.8550729155540466,0.625,0.8417805433273315,0.7642857142857142,21.829051200956467,0.8860208279431843,0.6610317826271057,68.9166163141994,98.54897112847085,111.3837890625,1.6162109375,1.4736328125,819,1024,5.360975905797057,89.6654050386905,77.78629999666009
sentinel2_patch_00381.png,hybrid_fixed_0p80_learned_0p20,0.8,77.25403026172096,0.8533090949058533,0.625,0.8400118947029114,0.7571428571428571,21.823209561056455,0.8863653866999035,0.6605775952339172,68.791917973462,98.54634086465539,111.3837890625,1.619140625,1.4736328125,819,1024,5.3659860154020045,89.64488883141183,77.80749999801628
sentinel2_patch_00381.png,hybrid_fixed_0p70_learned_0p30,0.8,78.05375398908345,0.8633899092674255,0.625,0.849122166633606,0.7785714285714286,21.795992254242044,0.8861071862419745,0.6604915261268616,68.83343391671696,98.54721761926054,111.3837890625,1.6181640625,1.4736328125,819,1024,5.369106428661729,89.6024161565995,76.72580000507878
sentinel2_patch_00381.png,hybrid_fixed_0p60_learned_0p40,0.8,78.05375398908345,0.8633899092674255,0.625,0.849122166633606,0.7785714285714286,21.795992254242044,0.8861071862419745,0.6604915261268616,68.83343391671696,98.54721761926054,111.3837890625,1.6181640625,1.4736328125,819,1024,5.369106428661729,89.6024161565995,77.36950000253273
sentinel2_patch_00381.png,hybrid_fixed_0p50_learned_0p50,0.8,78.05375398908345,0.8633899092674255,0.625,0.849122166633606,0.7785714285714286,21.795992254242044,0.8861071862419745,0.6604915261268616,68.83343391671696,98.54721761926054,111.3837890625,1.6181640625,1.4736328125,819,1024,5.369106428661729,89.6024161565995,77.2447999988799
sentinel2_patch_00387.png,fixed_mission_utility,0.8,91.11111111111111,1.0,0.7037037037037037,1.0,1.0,24.419158321738085,0.887391465083233,0.7288486957550049,66.01264298615293,98.4851386722847,107.0771484375,1.6220703125,1.5244140625,819,1024,5.637358611583608,90.35316959513476,73.64720000623493
sentinel2_patch_00387.png,learned_1500_patch,0.8,91.11111111111111,1.0,0.7037037037037037,1.0,1.0,24.152083687779573,0.880687481232839,0.7309030890464783,65.1884661117717,98.4659863014948,107.0771484375,1.642578125,1.5244140625,819,1024,5.638266152532767,89.79035534037813,62.0167999950354
sentinel2_patch_00387.png,learned_full_3224_patch,0.8,91.11111111111111,1.0,0.7037037037037037,1.0,1.0,24.435648669776825,0.8861549219760948,0.7284432649612427,65.69622528460155,98.4778425310314,107.0771484375,1.6298828125,1.5244140625,819,1024,5.629685991755277,90.2799508937876,62.111500003084075
sentinel2_patch_00387.png,hybrid_fixed_0p90_learned_0p10,0.8,91.11111111111111,1.0,0.7037037037037037,1.0,1.0,24.419158321738085,0.887391465083233,0.7288486957550049,66.01264298615293,98.4851386722847,107.0771484375,1.6220703125,1.5244140625,819,1024,5.637358611583608,90.35316959513476,78.2478999972227
sentinel2_patch_00387.png,hybrid_fixed_0p80_learned_0p20,0.8,91.11111111111111,1.0,0.7037037037037037,1.0,1.0,24.464728625145227,0.8875078260883551,0.7264443635940552,66.13208685162847,98.48787472525467,107.0771484375,1.619140625,1.5244140625,819,1024,5.634660072937052,90.30582585177713,74.70610000018496
sentinel2_patch_00387.png,hybrid_fixed_0p70_learned_0p30,0.8,91.11111111111111,1.0,0.7037037037037037,1.0,1.0,24.473091888259372,0.8877472131621279,0.726646900177002,65.93325315694528,98.48331463697137,107.0771484375,1.6240234375,1.5244140625,819,1024,5.631746127091942,90.28844020584708,76.7039000056684
sentinel2_patch_00387.png,hybrid_fixed_0p60_learned_0p40,0.8,91.11111111111111,1.0,0.7037037037037037,1.0,1.0,24.44501597613239,0.8869139242145463,0.7271736264228821,65.8936298076923,98.48240261931471,107.0771484375,1.625,1.5244140625,819,1024,5.6312265284829195,90.28582363706163,79.74280000053113
sentinel2_patch_00387.png,hybrid_fixed_0p50_learned_0p50,0.8,91.11111111111111,1.0,0.7037037037037037,1.0,1.0,24.429725970820023,0.8861344615479863,0.727925181388855,65.81452581032413,98.48057858400139,107.0771484375,1.626953125,1.5244140625,819,1024,5.629160101679413,90.27087366133433,78.55559999734396
sentinel2_patch_00392.png,fixed_mission_utility,0.8,72.52267956733705,0.8973234295845032,0.3333333333333333,0.8998464941978455,0.86328125,20.547981104582448,0.9270495172387709,0.6144120693206787,66.90504103165298,98.50534431400035,111.46484375,1.666015625,1.5703125,819,1024,5.789750170154274,90.96328743132668,78.18039999983739
sentinel2_patch_00392.png,learned_1500_patch,0.8,75.6069178581238,0.9115259647369385,0.4,0.915887713432312,0.8828125,20.193797092854275,0.9218107463841121,0.6161206960678101,66.63164039696439,98.49921149465568,111.46484375,1.6728515625,1.5703125,819,1024,5.763146955784592,90.93068965160232,62.88289999793051
sentinel2_patch_00392.png,learned_full_3224_patch,0.8,77.52792382240297,0.9056859612464905,0.4666666666666667,0.9099461436271667,0.91015625,20.332488824466655,0.9243510694606757,0.6134551763534546,66.90504103165298,98.50534431400035,111.46484375,1.666015625,1.5703125,819,1024,5.778979846606163,90.82598417077669,62.57039999763947
sentinel2_patch_00392.png,hybrid_fixed_0p90_learned_0p10,0.8,74.84963607788086,0.8995311856269836,0.4,0.9039663076400757,0.87890625,20.46267258555545,0.9261656066006622,0.6138734817504883,66.94428152492668,98.50622043104958,111.46484375,1.6650390625,1.5703125,819,1024,5.788554050640896,90.98116923154998,76.76280000305269
sentinel2_patch_00392.png,hybrid_fixed_0p80_learned_0p20,0.8,76.8806519508362,0.9001305103302002,0.4666666666666667,0.9043184518814087,0.87890625,20.459279586656795,0.9262115773931815,0.6144723892211914,66.82669789227167,98.50359207990186,111.46484375,1.66796875,1.5703125,819,1024,5.7889100349930445,90.97222833143833,76.14630000171019
sentinel2_patch_00392.png,hybrid_fixed_0p70_learned_0p30,0.8,76.90808796882631,0.9005786776542664,0.4666666666666667,0.904793918132782,0.87890625,20.443527732367844,0.9259228624975244,0.6150965690612793,66.94428152492668,98.50622043104958,111.46484375,1.6650390625,1.5703125,819,1024,5.7875530931931785,90.96760826792682,76.97010000265436
sentinel2_patch_00392.png,hybrid_fixed_0p60_learned_0p40,0.8,76.84458518028259,0.8994890451431274,0.4666666666666667,0.9037980437278748,0.87890625,20.44809975680865,0.9260968521719403,0.6158062219619751,67.02290076335878,98.50797266514807,111.46484375,1.6630859375,1.5703125,819,1024,5.7875530931931785,90.93146165703365,75.99520000076154
sentinel2_patch_00392.png,hybrid_fixed_0p50_learned_0p50,0.8,76.94228315353395,0.9011524319648743,0.4666666666666667,0.9053561687469482,0.87890625,20.415469338661314,0.9257551060839782,0.6154204607009888,66.98356807511738,98.50709654809883,111.46484375,1.6640625,1.5703125,819,1024,5.785522253980314,90.9484517610611,76.08610000170302
sentinel2_patch_00395.png,fixed_mission_utility,0.8,76.00000000000001,1.0,0.2,1.0,1.0,22.10627588757601,0.9096221943605505,0.6976982951164246,66.71320093457943,98.50104629070245,111.5361328125,1.671875,1.609375,819,1024,6.029792456862129,89.37069023415178,76.15109999460401
sentinel2_patch_00395.png,learned_1500_patch,0.8,76.00000000000001,1.0,0.2,1.0,1.0,21.89697249394904,0.9087871292231015,0.705310583114624,66.24883990719258,98.4905396058242,111.5361328125,1.68359375,1.609375,819,1024,6.017017996580057,89.1237502160732,62.58979999984149
sentinel2_patch_00395.png,learned_full_3224_patch,0.8,76.00000000000001,1.0,0.2,1.0,1.0,21.979037988547972,0.9089708774833011,0.7020412683486938,66.59650145772595,98.49841961948289,111.5361328125,1.6748046875,1.609375,819,1024,6.034825328244764,89.20751505355862,62.8045999983442
sentinel2_patch_00395.png,hybrid_fixed_0p90_learned_0p10,0.8,76.00000000000001,1.0,0.2,1.0,1.0,22.10627588757601,0.9096221943605505,0.6976982951164246,66.71320093457943,98.50104629070245,111.5361328125,1.671875,1.609375,819,1024,6.029792456862129,89.37069023415178,78.76339999347692
sentinel2_patch_00395.png,hybrid_fixed_0p80_learned_0p20,0.8,76.00000000000001,1.0,0.2,1.0,1.0,22.093179275089202,0.9092612491203909,0.6986432075500488,66.59650145772595,98.49841961948289,111.5361328125,1.6748046875,1.609375,819,1024,6.033855599959292,89.34317599534053,84.77010000206064
sentinel2_patch_00395.png,hybrid_fixed_0p70_learned_0p30,0.8,76.00000000000001,1.0,0.2,1.0,1.0,22.093179275089202,0.9092612491203909,0.6986432075500488,66.59650145772595,98.49841961948289,111.5361328125,1.6748046875,1.609375,819,1024,6.033855599959292,89.34317599534053,80.33540000178618
sentinel2_patch_00395.png,hybrid_fixed_0p60_learned_0p40,0.8,76.00000000000001,1.0,0.2,1.0,1.0,22.11263656604329,0.9090310596480258,0.700289249420166,66.59650145772595,98.49841961948289,111.5361328125,1.6748046875,1.609375,819,1024,6.033438071524724,89.31622877665683,80.04739999887533
sentinel2_patch_00395.png,hybrid_fixed_0p50_learned_0p50,0.8,76.00000000000001,1.0,0.2,1.0,1.0,22.122568777461993,0.909173294375693,0.699679970741272,66.59650145772595,98.49841961948289,111.5361328125,1.6748046875,1.609375,819,1024,6.03268507834861,89.3052792326401,76.80790000449633
sentinel2_patch_00402.png,fixed_mission_utility,0.8,88.63994846343995,0.8524152636528015,1.0,0.847166895866394,0.76,21.283212670631507,0.7487891313244741,0.5512915253639221,69.17703045685279,98.55443346816728,106.4677734375,1.5390625,1.3701171875,819,1024,4.790467094402902,88.21706488139478,72.69470000028377
sentinel2_patch_00402.png,learned_1500_patch,0.8,88.73292932510377,0.8541324734687805,1.0,0.848381519317627,0.76,20.924377376109277,0.7345416499395762,0.551991879940033,69.30896376350921,98.55718518110858,106.4677734375,1.5361328125,1.3701171875,819,1024,4.769337845990364,87.97789716578069,61.388499998429324
sentinel2_patch_00402.png,learned_full_3224_patch,0.8,88.0779934883118,0.8426133394241333,1.0,0.8386729955673218,0.76,21.447962623314304,0.7536824410293242,0.551790177822113,69.3530534351145,98.55810241875568,106.4677734375,1.53515625,1.3701171875,819,1024,4.786708388573404,87.99507139199656,61.72279999736929
sentinel2_patch_00402.png,hybrid_fixed_0p90_learned_0p10,0.8,87.74235615730288,0.8370171785354614,1.0,0.83308345079422,0.76,21.438000088035412,0.7545476509446125,0.5524420738220215,69.3530534351145,98.55810241875568,106.4677734375,1.53515625,1.3701171875,819,1024,4.793344331178643,88.1659949165061,75.72259999869857
sentinel2_patch_00402.png,hybrid_fixed_0p80_learned_0p20,0.8,87.74188396135966,0.8392066955566406,1.0,0.8353474736213684,0.7466666666666667,21.443943395056134,0.7547442529587582,0.5523503422737122,69.17703045685279,98.55443346816728,106.4677734375,1.5390625,1.3701171875,819,1024,4.790730940820655,88.12942142411035,74.46419999905629
sentinel2_patch_00402.png,hybrid_fixed_0p70_learned_0p30,0.8,88.04660806655886,0.8420588970184326,1.0,0.8382126092910767,0.76,21.451877369899158,0.7547224646509765,0.5518354177474976,69.22095238095238,98.55535070581438,106.4677734375,1.5380859375,1.3701171875,819,1024,4.790663825829386,88.11374982228577,72.72140000713989
sentinel2_patch_00402.png,hybrid_fixed_0p60_learned_0p40,0.8,88.32113990783694,0.8466280102729797,1.0,0.8428009748458862,0.76,21.45704397655708,0.7542339478600919,0.5526459217071533,69.30896376350921,98.55718518110858,106.4677734375,1.5361328125,1.3701171875,819,1024,4.7910471824152365,88.06765007653752,74.38549999642419
sentinel2_patch_00402.png,hybrid_fixed_0p50_learned_0p50,0.8,88.32113990783694,0.8466280102729797,1.0,0.8428009748458862,0.76,21.45704397655708,0.7542339478600919,0.5526459217071533,69.30896376350921,98.55718518110858,106.4677734375,1.5361328125,1.3701171875,819,1024,4.7910471824152365,88.06765007653752,74.299300002167
sentinel2_patch_00403.png,fixed_mission_utility,0.8,57.69020720062969,0.859157919883728,0.0,0.862456202507019,0.6074766355140186,21.64191233247971,0.736789329873892,0.5264533162117004,68.49937578027466,98.54013268207335,107.1640625,1.564453125,1.3984375,819,1024,4.951455639279398,88.11183192513471,74.04500000120606
sentinel2_patch_00403.png,learned_1500_patch,0.8,58.726798485372676,0.8791598677635193,0.0,0.8789547681808472,0.5981308411214953,20.74110707632589,0.7053562726845506,0.5270739793777466,68.67083854818523,98.54377779397826,107.1640625,1.560546875,1.3984375,819,1024,4.942051681610137,87.88247600985333,62.189399999624584
sentinel2_patch_00403.png,learned_full_3224_patch,0.8,57.73077198278125,0.8583500981330872,0.0,0.8614271879196167,0.616822429906542,21.660339930141298,0.7366227784576103,0.5279699563980103,68.45664379288833,98.5392214040971,107.1640625,1.5654296875,1.3984375,819,1024,4.946464011663147,87.86666859965383,65.6412000025739
sentinel2_patch_00403.png,hybrid_fixed_0p90_learned_0p10,0.8,57.96082326184925,0.8621036410331726,0.0,0.8654226660728455,0.616822429906542,21.64608040194427,0.7369040769819648,0.526618480682373,68.49937578027466,98.54013268207335,107.1640625,1.564453125,1.3984375,819,1024,4.950238922636173,88.11537767570985,76.81820000289008
sentinel2_patch_00403.png,hybrid_fixed_0p80_learned_0p20,0.8,58.08379837285693,0.8641575574874878,0.0,0.8674635887145996,0.616822429906542,21.647202905960267,0.7367658940701428,0.5267593264579773,68.49937578027466,98.54013268207335,107.1640625,1.564453125,1.3984375,819,1024,4.949284593724614,88.08785007518564,77.59629999782192
sentinel2_patch_00403.png,hybrid_fixed_0p70_learned_0p30,0.8,58.09934803258594,0.8644127249717712,0.0,0.8677307367324829,0.616822429906542,21.649162590855845,0.7368025562250302,0.5267099142074585,68.49937578027466,98.54013268207335,107.1640625,1.564453125,1.3984375,819,1024,4.949494824373011,88.10201561073457,73.17519999924116
sentinel2_patch_00403.png,hybrid_fixed_0p60_learned_0p40,0.8,57.971951449028815,0.8623068928718567,0.0,0.8655725717544556,0.616822429906542,21.642071127139925,0.7363346758890014,0.5269377827644348,68.62789243277048,98.54286651600204,107.1640625,1.5615234375,1.3984375,819,1024,4.946142760538336,88.0843217913621,74.14460000291001
sentinel2_patch_00403.png,hybrid_fixed_0p50_learned_0p50,0.8,57.967224800698126,0.8622286319732666,0.0,0.8654927611351013,0.616822429906542,21.640178955799897,0.7363209416477291,0.5269140601158142,68.62789243277048,98.54286651600204,107.1640625,1.5615234375,1.3984375,819,1024,4.943688233010318,88.08093324155138,74.039700004505
sentinel2_patch_00404.png,fixed_mission_utility,0.8,50.18805349810741,0.7717801928520203,0.0,0.7888759970664978,0.3539325842696629,24.441536155554992,0.7512035697979014,0.5152668356895447,67.22690638561686,98.51250034582291,105.8955078125,1.5751953125,1.4130859375,819,1024,4.9445535462139505,89.26510983121348,72.67799999681301
sentinel2_patch_00404.png,learned_1500_patch,0.8,46.930605883008994,0.7271980047225952,0.0,0.7432578802108765,0.29775280898876405,22.801102004315894,0.725097284599193,0.5126808881759644,67.143653250774,98.51065595691507,105.8955078125,1.5771484375,1.4130859375,819,1024,4.935568172576984,88.53797142607048,61.91260000196053
sentinel2_patch_00404.png,learned_full_3224_patch,0.8,49.61274826124814,0.763104259967804,0.0,0.780271589756012,0.34831460674157305,24.074398427298078,0.7460218189849531,0.5120220184326172,66.89512646514497,98.50512279019154,105.8955078125,1.5830078125,1.4130859375,819,1024,4.947634751996251,88.85886628798279,61.62590000167256
sentinel2_patch_00404.png,hybrid_fixed_0p90_learned_0p10,0.8,50.17256463511607,0.7715340256690979,0.0,0.7885938882827759,0.3539325842696629,24.44304380111457,0.7511672325306704,0.5148581266403198,66.97776405188388,98.50696717909938,105.8955078125,1.5810546875,1.4130859375,819,1024,4.9443543046280904,89.25800687934641,73.72489999397658
sentinel2_patch_00404.png,hybrid_fixed_0p80_learned_0p20,0.8,50.30984964263574,0.7728537321090698,0.0,0.7900097370147705,0.3595505617977528,24.45001907593106,0.7508810598976339,0.5150318741798401,67.10210396039604,98.50973376246115,105.8955078125,1.578125,1.4130859375,819,1024,4.943535553936392,89.22064761770392,73.8606000013533
sentinel2_patch_00404.png,hybrid_fixed_0p70_learned_0p30,0.8,50.2503642071499,0.7718799114227295,0.0,0.7889831066131592,0.3595505617977528,24.448774027133865,0.7510774396797574,0.5147559642791748,67.143653250774,98.51065595691507,105.8955078125,1.5771484375,1.4130859375,819,1024,4.947345690238507,89.19082816373809,74.28129999607336
sentinel2_patch_00404.png,hybrid_fixed_0p60_learned_0p40,0.8,49.51668346865794,0.7606174945831299,0.0,0.7776328921318054,0.3539325842696629,24.090869771643636,0.7471518723468714,0.5129543542861938,66.97776405188388,98.50696717909938,105.8955078125,1.5810546875,1.4130859375,819,1024,4.946498701905605,89.1217806760554,72.54039999679662
sentinel2_patch_00404.png,hybrid_fixed_0p50_learned_0p50,0.8,49.34075556444319,0.7595381736755371,0.0,0.7766131162643433,0.34269662921348315,24.07547395139161,0.7465631353052505,0.5122026205062866,66.81269254467037,98.5032784012837,105.8955078125,1.5849609375,1.4130859375,819,1024,4.945923735500272,89.06210131851174,73.56109999818727
sentinel2_patch_00406.png,fixed_mission_utility,0.8,77.14353701535394,0.7991503477096558,0.8823529411764706,0.8133467435836792,0.244,26.584440236196297,0.7968914175670303,0.5084444284439087,67.0584126984127,98.50876279386841,103.1416015625,1.5380859375,1.416015625,819,1024,4.904568500404036,91.19377046599038,78.75069999863626
sentinel2_patch_00406.png,learned_1500_patch,0.8,75.64079670288984,0.8389632105827332,0.7058823529411765,0.8592898845672607,0.372,25.61985372803408,0.7981557424379265,0.504421055316925,66.88853704876504,98.50497552477347,103.1416015625,1.5419921875,1.416015625,819,1024,4.898585487307036,90.70624615465364,62.65300000086427
sentinel2_patch_00406.png,learned_full_3224_patch,0.8,85.20320947983687,0.9816684722900391,0.7058823529411765,1.0,0.476,26.583790000723496,0.7983601896460174,0.5099424123764038,66.38403519798868,98.49361371748866,103.1416015625,1.5537109375,1.416015625,819,1024,4.914122982408987,90.7204028610835,66.27280000247993
sentinel2_patch_00406.png,hybrid_fixed_0p90_learned_0p10,0.8,77.10128566685846,0.7984414100646973,0.8823529411764706,0.812652051448822,0.244,26.5861920275792,0.7969825444099247,0.5084114670753479,67.0584126984127,98.50876279386841,103.1416015625,1.5380859375,1.416015625,819,1024,4.904776078625072,91.18407509032008,78.71989999694051
sentinel2_patch_00406.png,hybrid_fixed_0p80_learned_0p20,0.8,77.21388718548945,0.8003267645835876,0.8823529411764706,0.8145114183425903,0.244,26.59187235795944,0.7970919921177821,0.5087635517120361,67.1010165184244,98.50970961114214,103.1416015625,1.537109375,1.416015625,819,1024,4.903471728911214,91.16434901019691,75.68239999818616
sentinel2_patch_00406.png,hybrid_fixed_0p70_learned_0p30,0.8,87.49384000666002,0.9958165884017944,0.7647058823529411,1.0,0.472,26.590548081488375,0.7988427195703762,0.5090992450714111,66.63533123028391,98.49929462113107,103.1416015625,1.5478515625,1.416015625,819,1024,4.9034769797910265,91.03663248257018,75.51660000171978
sentinel2_patch_00406.png,hybrid_fixed_0p60_learned_0p40,0.8,87.50274204141955,0.9970391392707825,0.7647058823529411,1.0,0.468,26.600851272341576,0.7992935204385465,0.5088869333267212,66.67739898989899,98.5002414384048,103.1416015625,1.546875,1.416015625,819,1024,4.904937034074497,91.00941982288808,73.74189999973169
sentinel2_patch_00406.png,hybrid_fixed_0p50_learned_0p50,0.8,85.72218624956469,0.967602014541626,0.7647058823529411,0.9858464598655701,0.436,26.58868896405892,0.799380839493469,0.5093651413917542,66.67739898989899,98.5002414384048,103.1416015625,1.546875,1.416015625,819,1024,4.909628016893594,90.93693048780132,74.80979999672854
sentinel2_patch_00410.png,fixed_mission_utility,0.8,51.72766144379326,0.7617802023887634,0.0,0.7976052761077881,0.5304347826086957,23.36096037658831,0.8264123184387504,0.5349012017250061,67.29964953271028,98.51410816112207,112.5166015625,1.671875,1.548828125,819,1024,5.497327147806115,90.1921160230782,73.44100000045728
sentinel2_patch_00410.png,learned_1500_patch,0.8,49.61084291209345,0.7343121767044067,0.0,0.768439531326294,0.48695652173913045,22.540056566141477,0.8125011624045609,0.5332215428352356,67.10366919044846,98.50976852374215,112.5166015625,1.6767578125,1.548828125,819,1024,5.50595169422918,89.8216424375319,62.43410000024596
sentinel2_patch_00410.png,learned_full_3224_patch,0.8,52.04262549980828,0.7672569751739502,0.0,0.8023999333381653,0.5304347826086957,23.32717695049331,0.8250768093055849,0.5350425839424133,67.02559627690518,98.5080326687902,112.5166015625,1.6787109375,1.548828125,819,1024,5.503773319529588,89.89911853016388,62.88829999539303
sentinel2_patch_00410.png,hybrid_fixed_0p90_learned_0p10,0.8,51.65805464205535,0.7622319459915161,0.0,0.7975692749023438,0.5217391304347826,23.364529321613816,0.8260900542419837,0.5341271758079529,67.06461001164145,98.50890059626619,112.5166015625,1.677734375,1.548828125,819,1024,5.496569504679616,90.1404131397645,75.8512000029441
sentinel2_patch_00410.png,hybrid_fixed_0p80_learned_0p20,0.8,51.530817798946224,0.7601086497306824,0.0,0.7954540252685547,0.5217391304347826,23.358553784455438,0.8259360433644978,0.5341681241989136,67.14277389277389,98.51063645121813,112.5166015625,1.67578125,1.548828125,819,1024,5.501008688588385,90.13737077104228,74.59689999814145
sentinel2_patch_00410.png,hybrid_fixed_0p70_learned_0p30,0.8,51.96852023705194,0.7659665942192078,0.0,0.8012754321098328,0.5304347826086957,23.354911802979473,0.8258937658510759,0.5342145562171936,67.02559627690518,98.5080326687902,112.5166015625,1.6787109375,1.548828125,819,1024,5.504977738576558,90.10640814993211,76.08759999857284
sentinel2_patch_00410.png,hybrid_fixed_0p60_learned_0p40,0.8,51.82717090067658,0.765055775642395,0.0,0.8003774285316467,0.5217391304347826,23.347148297388674,0.8257692326534292,0.53412264585495,67.06461001164145,98.50890059626619,112.5166015625,1.677734375,1.548828125,819,1024,5.505076658254641,90.07505436712907,75.41480000509182
sentinel2_patch_00410.png,hybrid_fixed_0p50_learned_0p50,0.8,51.69708972391875,0.7628723978996277,0.0,0.7982401251792908,0.5217391304347826,23.358178669108227,0.8260204594349998,0.5337814092636108,67.02559627690518,98.5080326687902,112.5166015625,1.6787109375,1.548828125,819,1024,5.504332383900466,90.08345999728446,76.18090000323718
sentinel2_patch_00413.png,fixed_mission_utility,0.8,89.04609505335492,0.8654943108558655,1.0,0.8754827976226807,0.6916666666666667,24.313710614343165,0.8090789079180877,0.5171376466751099,66.264,98.49088494506822,105.1552734375,1.5869140625,1.421875,819,1024,5.0671973778760036,88.96236086316185,80.9612000011839
sentinel2_patch_00413.png,learned_1500_patch,0.8,82.00204197565716,0.7686424851417542,1.0,0.7794837951660156,0.5666666666666667,23.015745181826453,0.7875648022436266,0.5199939608573914,65.65792682926829,98.47695465225345,105.1552734375,1.6015625,1.421875,819,1024,5.048652595344154,88.73618725128274,62.03650000679772
sentinel2_patch_00413.png,learned_full_3224_patch,0.8,82.75067043304443,0.7800719141960144,1.0,0.7898896932601929,0.575,23.263502173622825,0.7922324763465616,0.5190825462341309,65.89902080783354,98.48252676937936,105.1552734375,1.595703125,1.421875,819,1024,5.050283211796656,88.7837057399596,63.42430000222521
sentinel2_patch_00413.png,hybrid_fixed_0p90_learned_0p10,0.8,88.80365554491681,0.8614055514335632,1.0,0.8715383410453796,0.6916666666666667,24.321395843213015,0.809078801782212,0.5173803567886353,66.3456561922366,98.49274231744351,105.1552734375,1.5849609375,1.421875,819,1024,5.0671973778760036,88.98245133611738,73.42919999791775
sentinel2_patch_00413.png,hybrid_fixed_0p80_learned_0p20,0.8,88.9603847662608,0.8640142679214478,1.0,0.8741573691368103,0.6916666666666667,24.308091936047017,0.8088096807404275,0.5175456404685974,66.46851851851852,98.49552837600646,105.1552734375,1.58203125,1.421875,819,1024,5.063427564918549,88.95926259450597,73.55429999734042
sentinel2_patch_00413.png,hybrid_fixed_0p70_learned_0p30,0.8,88.99100486437482,0.8645380735397339,1.0,0.8746407628059387,0.6916666666666667,24.31438448160812,0.8088771119619701,0.5171687602996826,66.30480295566502,98.49181363125587,105.1552734375,1.5859375,1.421875,819,1024,5.06435850790272,88.95842000586302,74.56150000507478
sentinel2_patch_00413.png,hybrid_fixed_0p60_learned_0p40,0.8,89.09120265642804,0.8661960363388062,1.0,0.8763347268104553,0.6916666666666667,24.31060693268854,0.8088320443306939,0.5172984600067139,66.42751388032079,98.49459968981881,105.1552734375,1.5830078125,1.421875,819,1024,5.0604111852240115,88.8657089242425,74.42350000201259
sentinel2_patch_00413.png,hybrid_fixed_0p50_learned_0p50,0.8,89.07355133692425,0.8659072518348694,1.0,0.8760297298431396,0.6916666666666667,24.309349934180258,0.808865599074094,0.5172052383422852,66.42751388032079,98.49459968981881,105.1552734375,1.5830078125,1.421875,819,1024,5.0613696831560935,88.85170966501835,75.2894000033848
sentinel2_patch_00414.png,fixed_mission_utility,0.8,77.5195121765137,0.6984419226646423,1.0,0.7290917634963989,0.5,24.719229175569637,0.7873402968391487,0.5025655627250671,65.18844984802432,98.46598591877652,104.7216796875,1.6064453125,1.4296875,819,1024,4.985403907662198,88.13127894503768,79.18609999615
sentinel2_patch_00414.png,learned_1500_patch,0.8,77.66035437583926,0.7012883424758911,1.0,0.7304410338401794,0.5,24.160823521278488,0.7767737728669151,0.4947771430015564,65.46703296703296,98.47251363827108,104.7216796875,1.599609375,1.4296875,819,1024,4.955920651538223,87.35589427283568,63.78530000074534
sentinel2_patch_00414.png,learned_full_3224_patch,0.8,76.89710497856142,0.7088155746459961,1.0,0.7397240996360779,0.375,25.15542885886694,0.7905016988828645,0.503040611743927,65.18844984802432,98.46598591877652,104.7216796875,1.6064453125,1.4296875,819,1024,4.983070198362504,87.28692620093715,62.73039999359753
sentinel2_patch_00414.png,hybrid_fixed_0p90_learned_0p10,0.8,77.53898262977602,0.698766827583313,1.0,0.7294154763221741,0.5,24.732143250960185,0.7873836271639673,0.5024164319038391,65.10928961748634,98.46412085606379,104.7216796875,1.6083984375,1.4296875,819,1024,4.989753201577025,88.06400726523019,76.86700000340352
sentinel2_patch_00414.png,hybrid_fixed_0p80_learned_0p20,0.8,77.48878359794618,0.6979215145111084,1.0,0.7285961508750916,0.5,24.729575389345037,0.787431449604441,0.5030490159988403,65.10928961748634,98.46412085606379,104.7216796875,1.6083984375,1.4296875,819,1024,4.989475316743493,88.09080469832755,75.8367999951588
sentinel2_patch_00414.png,hybrid_fixed_0p70_learned_0p30,0.8,77.58246898651124,0.7200007438659668,1.0,0.7516219615936279,0.375,25.170282235263585,0.7903262058437407,0.5051670670509338,65.10928961748634,98.46412085606379,104.7216796875,1.6083984375,1.4296875,819,1024,4.9877202976381945,87.90197122985757,75.44059999781894
sentinel2_patch_00414.png,hybrid_fixed_0p60_learned_0p40,0.8,77.62654542922975,0.7207232117652893,1.0,0.7523808479309082,0.375,25.171973564649512,0.7903295261869849,0.5048408508300781,65.06978155339806,98.46318832470742,104.7216796875,1.609375,1.4296875,819,1024,4.990746239548616,87.76641003498796,78.7010000058217
sentinel2_patch_00414.png,hybrid_fixed_0p50_learned_0p50,0.8,77.47805953025818,0.718330442905426,1.0,0.7497420907020569,0.375,25.182831040607077,0.7905308605928415,0.5039671063423157,65.10928961748634,98.46412085606379,104.7216796875,1.6083984375,1.4296875,819,1024,4.991447529046101,87.63661657322791,81.78449999832083
sentinel2_patch_00417.png,fixed_mission_utility,0.8,60.82369403044383,0.4604850709438324,1.0,0.48688122630119324,0.26666666666666666,24.619730395669524,0.7739065026331302,0.5472103357315063,70.2970684039088,98.57746557188665,105.376953125,1.4990234375,1.3388671875,819,1024,4.571872699631118,86.48275375226878,79.35129999532364
sentinel2_patch_00417.png,learned_1500_patch,0.8,60.09102777640025,0.44977864623069763,1.0,0.4716607630252838,0.26666666666666666,24.521191362429366,0.7731293179151629,0.5439522862434387,70.5729234793983,98.58302596704539,105.376953125,1.4931640625,1.3388671875,819,1024,4.55952481904245,86.19302760748262,64.50130000303034
sentinel2_patch_00417.png,learned_full_3224_patch,0.8,61.55001477400464,0.47264206409454346,1.0,0.49888327717781067,0.26666666666666666,24.738354890959748,0.7733408588355396,0.5446515083312988,69.571889103804,98.56263785146331,105.376953125,1.5146484375,1.3388671875,819,1024,4.60917790550892,85.86981411448704,63.80380000337027
sentinel2_patch_00417.png,hybrid_fixed_0p90_learned_0p10,0.8,60.76625303427379,0.45951512455940247,1.0,0.4859490692615509,0.26666666666666666,24.63209417614223,0.773703429922588,0.547350287437439,70.2970684039088,98.57746557188665,105.376953125,1.4990234375,1.3388671875,819,1024,4.575540592936966,86.41556833315539,76.83159999578493
sentinel2_patch_00417.png,hybrid_fixed_0p80_learned_0p20,0.8,60.74552730719249,0.45917442440986633,1.0,0.4855941832065582,0.26666666666666666,24.6430539420763,0.7738192563216092,0.5470588803291321,70.2970684039088,98.57746557188665,105.376953125,1.4990234375,1.3388671875,819,1024,4.576973411659021,86.37235262054743,80.28480000211857
sentinel2_patch_00417.png,hybrid_fixed_0p70_learned_0p30,0.8,60.62932447592419,0.45728233456611633,1.0,0.4835682213306427,0.26666666666666666,24.644344765260424,0.7740460614242023,0.5469734072685242,70.06883116883117,98.57283190925436,105.376953125,1.50390625,1.3388671875,819,1024,4.5808865766292675,86.2530835754303,77.5089000017033
sentinel2_patch_00417.png,hybrid_fixed_0p60_learned_0p40,0.8,60.672867457071945,0.45800355076789856,1.0,0.48430293798446655,0.26666666666666666,24.63987211996959,0.7742439874357274,0.5465688705444336,70.11435997400909,98.57375864178081,105.376953125,1.5029296875,1.3388671875,819,1024,4.583876994786308,86.2182528700431,79.4504000004963
sentinel2_patch_00417.png,hybrid_fixed_0p50_learned_0p50,0.8,60.618648687998466,0.4571201801300049,1.0,0.4833587408065796,0.26666666666666666,24.64520218758301,0.7745769533907377,0.5460688471794128,70.02336145360155,98.5719051767279,105.376953125,1.5048828125,1.3388671875,819,1024,4.584779847640962,86.19894540315465,77.971400001843
sentinel2_patch_00418.png,fixed_mission_utility,0.8,57.452931141449234,0.4331803321838379,1.0,0.45543843507766724,0.1016949152542373,23.678577156481744,0.7804601199784793,0.5533130764961243,68.6441525953721,98.54321167617208,107.189453125,1.5615234375,1.4248046875,819,1024,4.863822911540423,87.58079219913219,78.265600001032
sentinel2_patch_00418.png,learned_1500_patch,0.8,56.22271392305018,0.41510820388793945,1.0,0.4300718307495117,0.1016949152542373,23.37519527804037,0.7757945671057402,0.5520768165588379,68.73011897307451,98.54503380040451,107.189453125,1.5595703125,1.4248046875,819,1024,4.846197366294295,87.36307588580826,64.21530000079656
sentinel2_patch_00418.png,learned_full_3224_patch,0.8,58.24776921231869,0.4463982880115509,1.0,0.4687444269657135,0.1016949152542373,23.706031874322186,0.7817093242134084,0.5533779859542847,68.60125,98.54230061405586,107.189453125,1.5625,1.4248046875,819,1024,4.8734769491260295,87.17857722808783,64.51019999803975
sentinel2_patch_00418.png,hybrid_fixed_0p90_learned_0p10,0.8,57.37951014001491,0.4319919943809509,1.0,0.45414406061172485,0.1016949152542373,23.670614711067074,0.7804348106491139,0.5533926486968994,68.6441525953721,98.54321167617208,107.189453125,1.5615234375,1.4248046875,819,1024,4.866991691431753,87.5071424540559,78.06300000083866
sentinel2_patch_00418.png,hybrid_fixed_0p80_learned_0p20,0.8,57.478864526344566,0.43362024426460266,1.0,0.45585528016090393,0.1016949152542373,23.672526929753378,0.7804128604766437,0.5537500381469727,68.6441525953721,98.54321167617208,107.189453125,1.5615234375,1.4248046875,819,1024,4.864180032326746,87.49533776465744,79.60040000034496
sentinel2_patch_00418.png,hybrid_fixed_0p70_learned_0p30,0.8,57.35477123220088,0.4315743148326874,1.0,0.45374247431755066,0.1016949152542373,23.659788417258692,0.7801176848910989,0.5538106560707092,68.68710888610764,98.5441227382883,107.189453125,1.560546875,1.4248046875,819,1024,4.865750696346181,87.44930358913561,79.61680000153137
sentinel2_patch_00418.png,hybrid_fixed_0p60_learned_0p40,0.8,57.98901710469845,0.44207629561424255,1.0,0.46445080637931824,0.1016949152542373,23.72246240253789,0.7815477189524863,0.5536025166511536,68.68710888610764,98.5441227382883,107.189453125,1.560546875,1.4248046875,819,1024,4.873631122541584,87.3797669762539,80.06589999422431
sentinel2_patch_00418.png,hybrid_fixed_0p50_learned_0p50,0.8,57.99985382516506,0.44226157665252686,1.0,0.4646220803260803,0.1016949152542373,23.714021530633573,0.7815153508899201,0.5534014701843262,68.73011897307451,98.54503380040451,107.189453125,1.5595703125,1.4248046875,819,1024,4.8734989321998405,87.3706440490463,80.6661999959033
sentinel2_patch_00426.png,fixed_mission_utility,0.8,69.44121586649042,0.5335792303085327,1.0,0.5627970695495605,0.6842105263157895,23.296614001872513,0.8269616211274237,0.5912603139877319,70.22507836990596,98.57600728512888,109.3837890625,1.5576171875,1.41796875,819,1024,4.843824832087833,85.59466781540564,79.67199999984587
sentinel2_patch_00426.png,learned_1500_patch,0.8,68.2250057396136,0.516029417514801,1.0,0.5370861887931824,0.6842105263157895,21.887634011878568,0.7968980172609523,0.5815848708152771,70.22507836990596,98.57600728512888,109.3837890625,1.5576171875,1.41796875,819,1024,4.81861296199553,85.33894615922213,65.53659999917727
sentinel2_patch_00426.png,learned_full_3224_patch,0.8,70.48290120927912,0.5508496761322021,1.0,0.5803404450416565,0.6842105263157895,23.41805457777027,0.829120571581336,0.5930023193359375,70.35741206030151,98.5786856413324,109.3837890625,1.5546875,1.41796875,819,1024,4.863585271973301,84.92151040999258,65.67079999513226
sentinel2_patch_00426.png,hybrid_fixed_0p90_learned_0p10,0.8,69.57197653619868,0.535709798336029,1.0,0.5650739669799805,0.6842105263157895,23.299289535536655,0.8274456574096135,0.5911273956298828,70.35741206030151,98.5786856413324,109.3837890625,1.5546875,1.41796875,819,1024,4.839373509145659,85.58259878564476,78.44780000596074
sentinel2_patch_00426.png,hybrid_fixed_0p80_learned_0p20,0.8,69.61710082857233,0.5364590883255005,1.0,0.5658316016197205,0.6842105263157895,23.296560862270145,0.8268788399442982,0.5913184285163879,70.31324544883867,98.57779285593122,109.3837890625,1.5556640625,1.41796875,819,1024,4.8365144341299535,85.4959344273618,77.25409999693511
sentinel2_patch_00426.png,hybrid_fixed_0p70_learned_0p30,0.8,69.98517262308222,0.5425659418106079,1.0,0.572021484375,0.6842105263157895,23.353174680539567,0.8276528942733572,0.5924435257911682,70.62358133669609,98.58404235373943,109.3837890625,1.548828125,1.41796875,819,1024,4.840494136190897,85.44591338835285,78.21229999535717
sentinel2_patch_00426.png,hybrid_fixed_0p60_learned_0p40,0.8,70.05193101732355,0.5436297655105591,1.0,0.5732317566871643,0.6842105263157895,23.358193567931703,0.8277765803834992,0.5920683145523071,70.53463476070529,98.58225678293708,109.3837890625,1.55078125,1.41796875,819,1024,4.839635864730727,85.31403560909067,80.44200000585988
sentinel2_patch_00426.png,hybrid_fixed_0p50_learned_0p50,0.8,69.9846194919787,0.5425348877906799,1.0,0.5720559358596802,0.6842105263157895,23.369237127524208,0.8278994310819542,0.5918599367141724,70.490245437382,98.5813639975359,109.3837890625,1.5517578125,1.41796875,819,1024,4.8474406319320025,85.20551431061575,79.83799999783514
sentinel2_patch_00428.png,fixed_mission_utility,0.8,64.38356724450755,0.5327001214027405,1.0,0.544475793838501,0.2186046511627907,20.3839323014575,0.6768701253354308,0.5784097909927368,65.96141879278159,98.48396226415095,103.515625,1.5693359375,1.4306640625,819,1024,4.835811449177434,90.233589573623,76.43329999700654
sentinel2_patch_00428.png,learned_1500_patch,0.8,64.2268547124641,0.5301653146743774,1.0,0.5417097806930542,0.2186046511627907,19.927164470903428,0.6639060953920988,0.5797563791275024,66.37445209768316,98.4933962264151,103.515625,1.5595703125,1.4306640625,819,1024,4.818194095126795,89.92648839190502,62.22080000588903
sentinel2_patch_00428.png,learned_full_3224_patch,0.8,64.95592431134956,0.5385155081748962,1.0,0.5498349666595459,0.24186046511627907,20.703471407100906,0.6904644296846857,0.5784755945205688,65.92039800995025,98.48301886792453,103.515625,1.5703125,1.4306640625,819,1024,4.847327764669435,90.04993532363815,61.43000000156462
sentinel2_patch_00428.png,hybrid_fixed_0p90_learned_0p10,0.8,64.40689888665844,0.5336257219314575,1.0,0.5437911748886108,0.2186046511627907,20.674562629168534,0.6885350340743703,0.57920241355896,65.92039800995025,98.48301886792453,103.515625,1.5703125,1.4306640625,819,1024,4.84426333897803,90.26034334051253,78.33119999850169
sentinel2_patch_00428.png,hybrid_fixed_0p80_learned_0p20,0.8,64.40689888665844,0.5336257219314575,1.0,0.5437911748886108,0.2186046511627907,20.674562629168534,0.6885350340743703,0.57920241355896,65.92039800995025,98.48301886792453,103.515625,1.5703125,1.4306640625,819,1024,4.84426333897803,90.26034334051253,76.82059999933699
sentinel2_patch_00428.png,hybrid_fixed_0p70_learned_0p30,0.8,64.36607089708019,0.5326011776924133,1.0,0.5437988638877869,0.2186046511627907,20.675419708140986,0.6882795366396934,0.5790395736694336,66.04361370716511,98.48584905660377,103.515625,1.5673828125,1.4306640625,819,1024,4.842231186552166,90.20837085893203,77.29669999389444
sentinel2_patch_00428.png,hybrid_fixed_0p60_learned_0p40,0.8,64.85769969363547,0.5376590490341187,1.0,0.5489622354507446,0.2372093023255814,20.689998447175473,0.690770785248514,0.5785183310508728,65.92039800995025,98.48301886792453,103.515625,1.5703125,1.4306640625,819,1024,4.845883814292983,90.16680346023452,73.57799999590497
sentinel2_patch_00428.png,hybrid_fixed_0p50_learned_0p50,0.8,64.87632163735326,0.5387313961982727,1.0,0.5500742197036743,0.23255813953488372,20.697498317007017,0.6918819211455075,0.5775301456451416,65.79764121663563,98.48018867924529,103.515625,1.5732421875,1.4306640625,819,1024,4.848455387540682,90.14981202038126,73.32950000272831
sentinel2_patch_00431.png,fixed_mission_utility,0.8,75.87424301086588,0.7317590713500977,1.0,0.7344493269920349,0.19148936170212766,24.023267358920126,0.8128799835687115,0.46653807163238525,63.446270543615675,98.42386322878892,98.01953125,1.544921875,1.3896484375,819,1024,4.8334294190223694,89.1826764931593,73.06840000092052
sentinel2_patch_00431.png,learned_1500_patch,0.8,74.67377147776017,0.7136471271514893,1.0,0.7159687876701355,0.18085106382978725,23.66885913149703,0.8060154439545106,0.47126710414886475,63.04773869346734,98.4139002909178,98.01953125,1.5546875,1.3896484375,819,1024,4.803973849655681,88.89378010928522,62.09820000367472
sentinel2_patch_00431.png,learned_full_3224_patch,0.8,75.80509982210526,0.7323703169822693,1.0,0.7350888252258301,0.18085106382978725,24.03677282435046,0.8132575583497191,0.4681703448295593,63.00816070307596,98.41290399713067,98.01953125,1.5556640625,1.3896484375,819,1024,4.834554657787108,88.99362581018312,61.598400003276765
sentinel2_patch_00431.png,hybrid_fixed_0p90_learned_0p10,0.8,75.84097289024515,0.7311872839927673,1.0,0.7339293956756592,0.19148936170212766,24.027451643849226,0.8129532560614384,0.4673107862472534,63.40619077700568,98.42286693500179,98.01953125,1.5458984375,1.3896484375,819,1024,4.834649072605558,89.17849311104588,74.18659999530064
sentinel2_patch_00431.png,hybrid_fixed_0p80_learned_0p20,0.8,75.83965770741727,0.7320609092712402,1.0,0.734775960445404,0.18617021276595744,24.030450927789747,0.8129320417521685,0.4673360586166382,63.40619077700568,98.42286693500179,98.01953125,1.5458984375,1.3896484375,819,1024,4.834159406490072,89.1965285219,76.069999995525
sentinel2_patch_00431.png,hybrid_fixed_0p70_learned_0p30,0.8,75.80942384740142,0.7315528988838196,1.0,0.7342802882194519,0.18617021276595744,24.03083615217943,0.8129174934826192,0.4672553837299347,63.28625472887768,98.41987805364045,98.01953125,1.548828125,1.3896484375,819,1024,4.831412451075843,89.19104325738614,74.1758999938611
sentinel2_patch_00431.png,hybrid_fixed_0p60_learned_0p40,0.8,75.8994387819412,0.7330559492111206,1.0,0.7357749342918396,0.18617021276595744,24.04229492284403,0.81324140947657,0.4683578908443451,63.32618296529969,98.42087434742757,98.01953125,1.5478515625,1.3896484375,819,1024,4.832847715248023,89.19515720577154,74.54429999779677
sentinel2_patch_00431.png,hybrid_fixed_0p50_learned_0p50,0.8,75.82926623364715,0.7318911552429199,1.0,0.7345958948135376,0.18617021276595744,24.039280274516116,0.8131837421832872,0.46850770711898804,63.28625472887768,98.41987805364045,98.01953125,1.548828125,1.3896484375,819,1024,4.8302717724762605,89.19100854052213,74.52349999948638
sentinel2_patch_00442.png,fixed_mission_utility,0.8,81.69581413269043,0.7569582462310791,1.0,0.7564210891723633,0.62890625,17.481397652999455,0.8086384978193736,0.6565227508544922,76.9649018441404,98.70070645704834,126.345703125,1.6416015625,1.5205078125,819,1024,5.4029539530782245,86.54247176976529,76.26960000197869
sentinel2_patch_00442.png,learned_1500_patch,0.8,80.27755022048953,0.7467560172080994,1.0,0.7430217266082764,0.5546875,17.497089573890804,0.8106157207461212,0.6552722454071045,77.3329348475792,98.70688988854364,126.345703125,1.6337890625,1.5205078125,819,1024,5.368868925490647,86.60161147113608,63.659899999038316
sentinel2_patch_00442.png,learned_full_3224_patch,0.8,82.22644567489625,0.7634099721908569,1.0,0.7622367143630981,0.64453125,17.445406894398793,0.8067778942656235,0.6555547118186951,76.78219584569733,98.69761474130068,126.345703125,1.6455078125,1.5205078125,819,1024,5.396926750509905,86.46223197393556,65.16610000107903
sentinel2_patch_00442.png,hybrid_fixed_0p90_learned_0p10,0.8,81.77435755729677,0.7576143145561218,1.0,0.757082998752594,0.6328125,17.48429662071213,0.8087064774039527,0.6567689776420593,76.82779097387173,98.6983876702376,126.345703125,1.64453125,1.5205078125,819,1024,5.406033079056137,86.53588227656076,77.28870000573806
sentinel2_patch_00442.png,hybrid_fixed_0p80_learned_0p20,0.8,81.89205169677736,0.7598110437393188,1.0,0.7585742473602295,0.6328125,17.470477534359127,0.8081213488471544,0.6566689610481262,76.82779097387173,98.6983876702376,126.345703125,1.64453125,1.5205078125,819,1024,5.401817122391169,86.55661660556859,76.97190000180854
sentinel2_patch_00442.png,hybrid_fixed_0p70_learned_0p30,0.8,81.89205169677736,0.7598110437393188,1.0,0.7585742473602295,0.6328125,17.470477534359127,0.8081213488471544,0.6566689610481262,76.82779097387173,98.6983876702376,126.345703125,1.64453125,1.5205078125,819,1024,5.401817122391169,86.55661660556859,76.02389999374282
sentinel2_patch_00442.png,hybrid_fixed_0p60_learned_0p40,0.8,81.79642438888553,0.7573286294937134,1.0,0.7568045854568481,0.63671875,17.460601668918883,0.8075091612123553,0.6563819646835327,76.9649018441404,98.70070645704834,126.345703125,1.6416015625,1.5205078125,819,1024,5.402070867408617,86.51433640545831,73.37389999884181
sentinel2_patch_00442.png,hybrid_fixed_0p50_learned_0p50,0.8,81.79642438888553,0.7573286294937134,1.0,0.7568045854568481,0.63671875,17.460601668918883,0.8075091612123553,0.6563819646835327,76.9649018441404,98.70070645704834,126.345703125,1.6416015625,1.5205078125,819,1024,5.402070867408617,86.51433640545831,75.11890000023413
sentinel2_patch_00444.png,fixed_mission_utility,0.8,69.9899845625225,0.7709644436836243,0.5625,0.7506624460220337,0.7263157894736842,20.25982846374085,0.866003888533785,0.641072154045105,81.58658854166667,98.77430835401422,122.3798828125,1.5,1.296875,819,1024,4.651672252012663,88.533614997305,74.24639999953797
sentinel2_patch_00444.png,learned_1500_patch,0.8,67.16407798465931,0.7326411604881287,0.5625,0.714961051940918,0.6684210526315789,20.23121504671336,0.8627798646549772,0.6425108909606934,81.42755035737491,98.77191442501815,122.3798828125,1.5029296875,1.296875,819,1024,4.629922748215277,88.52340490273033,62.79540000105044
sentinel2_patch_00444.png,learned_full_3224_patch,0.8,70.1864103141584,0.7760556936264038,0.5625,0.7555643916130066,0.7157894736842105,20.27613779988238,0.8659272357215568,0.6412672996520996,81.96010464355788,98.77989418833837,122.3798828125,1.4931640625,1.296875,819,1024,4.65574963198866,88.43886681563681,63.99750000127824
sentinel2_patch_00444.png,hybrid_fixed_0p90_learned_0p10,0.8,70.98922186148795,0.7720049023628235,0.59375,0.751668393611908,0.7263157894736842,20.262230791269257,0.8659512653847775,0.6414014101028442,81.53350683148992,98.7735103776822,122.3798828125,1.5009765625,1.296875,819,1024,4.6515774993343015,88.48594544952167,75.96519999788143
sentinel2_patch_00444.png,hybrid_fixed_0p80_learned_0p20,0.8,70.03976449213532,0.7726931571960449,0.5625,0.7523255944252014,0.7210526315789474,20.267548727065872,0.8659847506207479,0.6409912109375,81.63973941368079,98.77510633034625,122.3798828125,1.4990234375,1.296875,819,1024,4.651425623689751,88.46363283991275,74.74119999824325
sentinel2_patch_00444.png,hybrid_fixed_0p70_learned_0p30,0.8,70.18005236826447,0.7750532627105713,0.5625,0.7546197772026062,0.7210526315789474,20.272879643117527,0.8659653714116741,0.6408856511116028,81.63973941368079,98.77510633034625,122.3798828125,1.4990234375,1.296875,819,1024,4.650070136751612,88.47907888042312,77.82559999759542
sentinel2_patch_00444.png,hybrid_fixed_0p60_learned_0p40,0.8,70.15586718760039,0.7746595144271851,0.5625,0.7541980147361755,0.7210526315789474,20.269354522580464,0.865935383491593,0.6408769488334656,81.85303723056826,98.77829823567433,122.3798828125,1.4951171875,1.296875,819,1024,4.650164889429973,88.4572375059484,75.37199999933364
sentinel2_patch_00444.png,hybrid_fixed_0p50_learned_0p50,0.8,70.1496611519864,0.7745534777641296,0.5625,0.7540997862815857,0.7210526315789474,20.26996221661726,0.8659172239821953,0.640735387802124,81.96010464355788,98.77989418833837,122.3798828125,1.4931640625,1.296875,819,1024,4.652486347359965,88.46981873603966,77.72259999910602
sentinel2_patch_00447.png,fixed_mission_utility,0.8,69.65065660147833,0.8306920528411865,0.5172413793103449,0.8167710304260254,0.45703125,20.347229786842824,0.8529088256044406,0.6506074666976929,71.81818181818181,98.60759493670886,119.580078125,1.6650390625,1.5390625,819,1024,5.6265623305440275,90.01976578885046,80.49349999782862
sentinel2_patch_00447.png,learned_1500_patch,0.8,70.66505259480971,0.8327476978302002,0.5517241379310345,0.8194679021835327,0.44140625,20.272331399736792,0.8491200053319014,0.6468303203582764,72.02941176470588,98.6116782360147,119.580078125,1.66015625,1.5390625,819,1024,5.606177390863705,89.80384439016998,66.28230000205804
sentinel2_patch_00447.png,learned_full_3224_patch,0.8,69.39274496045607,0.8149480223655701,0.5517241379310345,0.7973112463951111,0.4296875,20.297935253619105,0.84967833664656,0.6476556658744812,71.81818181818181,98.60759493670886,119.580078125,1.6650390625,1.5390625,819,1024,5.622173754650542,89.93980389031135,67.04549999994924
sentinel2_patch_00447.png,hybrid_fixed_0p90_learned_0p10,0.8,69.54798879294562,0.8289755582809448,0.5172413793103449,0.815070629119873,0.45703125,20.346711504694454,0.853021147137114,0.6513171792030334,71.86032863849765,98.60841159657004,119.580078125,1.6640625,1.5390625,819,1024,5.626905673028544,90.00305047853152,77.49609999882523
sentinel2_patch_00447.png,hybrid_fixed_0p80_learned_0p20,0.8,69.5023483243482,0.8282037973403931,0.5172413793103449,0.814332127571106,0.45703125,20.346849064678857,0.8530090706252926,0.6515689492225647,71.90252495596008,98.6092282564312,119.580078125,1.6630859375,1.5390625,819,1024,5.6274490744497205,89.9694492935026,78.34179999917978
sentinel2_patch_00447.png,hybrid_fixed_0p70_learned_0p30,0.8,69.66257753043341,0.8308815360069275,0.5172413793103449,0.8169881105422974,0.45703125,20.35606981597511,0.8532221741236599,0.6504203677177429,71.6500877706261,98.60432829726419,119.580078125,1.6689453125,1.5390625,819,1024,5.626647163007034,89.97576673613885,79.42439999897033
sentinel2_patch_00447.png,hybrid_fixed_0p60_learned_0p40,0.8,70.78654951062697,0.8323692083358765,0.5517241379310345,0.8184872269630432,0.45703125,20.36608414866943,0.8534046957115844,0.6495553255081177,71.6500877706261,98.60432829726419,119.580078125,1.6689453125,1.5390625,819,1024,5.626973908926642,89.98186113303302,78.55669999844395
sentinel2_patch_00447.png,hybrid_fixed_0p50_learned_0p50,0.8,70.78654951062697,0.8323692083358765,0.5517241379310345,0.8184872269630432,0.45703125,20.36608414866943,0.8534046957115844,0.6495553255081177,71.6500877706261,98.60432829726419,119.580078125,1.6689453125,1.5390625,819,1024,5.626973908926642,89.98186113303302,79.47630000126082
sentinel2_patch_00450.png,fixed_mission_utility,0.8,86.75156730871936,0.940074622631073,0.7692307692307693,0.9246767163276672,0.7578125,19.536486765156734,0.8349407305436983,0.6472957134246826,73.90568248388986,98.64692407080067,123.2001953125,1.6669921875,1.572265625,819,1024,5.748572693262082,88.73690594577103,78.66639999701874
sentinel2_patch_00450.png,learned_1500_patch,0.8,89.91700181594264,0.9280836582183838,0.8846153846153846,0.9260409474372864,0.7734375,19.35117044464126,0.8324547049423247,0.6400288343429565,73.73290473407364,98.64375341835967,123.2001953125,1.6708984375,1.572265625,819,1024,5.750641858278751,88.62578283157134,66.12180000229273
sentinel2_patch_00450.png,learned_full_3224_patch,0.8,90.86766371360193,0.9421513080596924,0.8846153846153846,0.9395793676376343,0.78515625,19.41662319353825,0.833121077124922,0.6429510712623596,73.90568248388986,98.64692407080067,123.2001953125,1.6669921875,1.572265625,819,1024,5.733525809127462,88.72308184067528,66.23869999748422
sentinel2_patch_00450.png,hybrid_fixed_0p90_learned_0p10,0.8,90.73657998671901,0.947866678237915,0.8846153846153846,0.9333131909370422,0.76171875,19.520789844185316,0.8344621896548868,0.6478144526481628,74.079271873165,98.65009472324168,123.2001953125,1.6630859375,1.572265625,819,1024,5.7430160997284325,88.75618076848706,80.3306000016164
sentinel2_patch_00450.png,hybrid_fixed_0p80_learned_0p20,0.8,90.73657998671901,0.947866678237915,0.8846153846153846,0.9333131909370422,0.76171875,19.520789844185316,0.8344621896548868,0.6478144526481628,74.079271873165,98.65009472324168,123.2001953125,1.6630859375,1.572265625,819,1024,5.7430160997284325,88.75618076848706,79.5490999953472
sentinel2_patch_00450.png,hybrid_fixed_0p70_learned_0p30,0.8,89.45087643770073,0.9464543461799622,0.8461538461538461,0.931498110294342,0.7578125,19.51057732680549,0.8342459757726967,0.6474238634109497,74.03579812206573,98.64930206013143,123.2001953125,1.6640625,1.572265625,819,1024,5.7430160997284325,88.75351090340835,81.54259999719216
sentinel2_patch_00450.png,hybrid_fixed_0p60_learned_0p40,0.8,89.35524912980888,0.9448240995407104,0.8461538461538461,0.9299772381782532,0.7578125,19.4971770463709,0.8336346999401679,0.6462360620498657,74.16637272192828,98.65168004946217,123.2001953125,1.6611328125,1.572265625,819,1024,5.738414936147485,88.780659670017,80.00809999794001
sentinel2_patch_00450.png,hybrid_fixed_0p50_learned_0p50,0.8,90.65061220755946,0.9465689063072205,0.8846153846153846,0.9316103458404541,0.76171875,19.489963660845913,0.8333404366055637,0.6453511118888855,73.90568248388986,98.64692407080067,123.2001953125,1.6669921875,1.572265625,819,1024,5.7368200742069,88.7823614777808,79.43520000117132
sentinel2_patch_00452.png,fixed_mission_utility,0.8,70.26711271359372,0.7778047323226929,0.5897435897435898,0.7801620364189148,0.5859375,18.462462783021355,0.8323401327458768,0.6455203890800476,73.35793143521208,98.63682088570998,123.2900390625,1.6806640625,1.5751953125,819,1024,5.698301293241042,87.93886793492844,77.85519999742974
sentinel2_patch_00452.png,learned_1500_patch,0.8,68.78823674642123,0.7787709832191467,0.5384615384615384,0.7812088131904602,0.5859375,18.347544266080735,0.8291986993984679,0.6429213285446167,73.4432809773124,98.63840505667372,123.2900390625,1.6787109375,1.5751953125,819,1024,5.678441731518843,87.9622256304754,63.5141000020667
sentinel2_patch_00452.png,learned_full_3224_patch,0.8,68.53559833306534,0.7629614472389221,0.5641025641025641,0.7656406760215759,0.578125,18.435463282298187,0.8314496863171742,0.6434298753738403,73.14542294322132,98.63286045830067,123.2900390625,1.685546875,1.5751953125,819,1024,5.694908710449997,87.91385163099505,63.45069999952102
sentinel2_patch_00452.png,hybrid_fixed_0p90_learned_0p10,0.8,70.20206258847165,0.7767027616500854,0.5897435897435898,0.7791134715080261,0.5859375,18.43587632266544,0.8315795270255988,0.643673300743103,73.31533101045297,98.63602880022813,123.2900390625,1.681640625,1.5751953125,819,1024,5.695319310752993,87.96652180031839,76.38619999488583
sentinel2_patch_00452.png,hybrid_fixed_0p80_learned_0p20,0.8,70.022603731889,0.7756314277648926,0.5897435897435898,0.7781425714492798,0.57421875,18.43257084367683,0.8312453750528749,0.6436104774475098,73.18782608695652,98.63365254378252,123.2900390625,1.6845703125,1.5751953125,819,1024,5.693991706450344,87.98318270862097,75.0190000035218
sentinel2_patch_00452.png,hybrid_fixed_0p70_learned_0p30,0.8,69.9330942447369,0.7728280425071716,0.5897435897435898,0.7753676176071167,0.58203125,18.448847814875453,0.8319898176566323,0.6438689231872559,73.31533101045297,98.63602880022813,123.2900390625,1.681640625,1.5751953125,819,1024,5.69656566129267,87.94681179614756,76.88380000035977
sentinel2_patch_00452.png,hybrid_fixed_0p60_learned_0p40,0.8,69.9330942447369,0.7728280425071716,0.5897435897435898,0.7753676176071167,0.58203125,18.448847814875453,0.8319898176566323,0.6438689231872559,73.31533101045297,98.63602880022813,123.2900390625,1.681640625,1.5751953125,819,1024,5.69656566129267,87.94681179614756,75.66430000588298
sentinel2_patch_00452.png,hybrid_fixed_0p50_learned_0p50,0.8,69.40980957104611,0.7660393118858337,0.5897435897435898,0.7686402201652527,0.5703125,18.45642040114583,0.8322687106912983,0.6456298232078552,73.14542294322132,98.63286045830067,123.2900390625,1.685546875,1.5751953125,819,1024,5.695107772506812,87.94016489186217,74.84139999723993
sentinel2_patch_00457.png,fixed_mission_utility,0.8,87.53906250000001,1.0,0.59375,1.0,0.97265625,20.314521658072945,0.8676338332044814,0.6925821304321289,74.26948245092207,98.65355194758384,121.9208984375,1.6416015625,1.5068359375,819,1024,5.547287684151788,89.88988237808971,75.62180000240915
sentinel2_patch_00457.png,learned_1500_patch,0.8,86.36718750000001,1.0,0.5625,1.0,0.94921875,20.080734335912773,0.8587028602938374,0.7015776038169861,74.44663088849136,98.65675586918388,121.9208984375,1.6376953125,1.5068359375,819,1024,5.527884018168919,89.60387527035213,62.721299997065216
sentinel2_patch_00457.png,learned_full_3224_patch,0.8,86.71875000000003,1.0,0.5625,1.0,0.984375,20.213243554347482,0.8638547527174368,0.6924346685409546,74.3579511614056,98.65515390838387,121.9208984375,1.6396484375,1.5068359375,819,1024,5.54369197881906,89.84578055932006,65.20069999533007
sentinel2_patch_00457.png,hybrid_fixed_0p90_learned_0p10,0.8,87.65625000000003,1.0,0.59375,1.0,0.984375,20.276439955968975,0.866569426654999,0.6928324699401855,74.31369047619047,98.65435292798385,121.9208984375,1.640625,1.5068359375,819,1024,5.5400675984523815,89.90628014552071,77.59629999782192
sentinel2_patch_00457.png,hybrid_fixed_0p80_learned_0p20,0.8,87.65625000000003,1.0,0.59375,1.0,0.984375,20.276424438168558,0.8665331510000878,0.6934940814971924,74.3579511614056,98.65515390838387,121.9208984375,1.6396484375,1.5068359375,819,1024,5.541007067977356,89.89354478986697,77.69589999952586
sentinel2_patch_00457.png,hybrid_fixed_0p70_learned_0p30,0.8,87.65625000000003,1.0,0.59375,1.0,0.984375,20.276424438168558,0.8665331510000878,0.6934940814971924,74.3579511614056,98.65515390838387,121.9208984375,1.6396484375,1.5068359375,819,1024,5.541007067977356,89.89354478986697,79.39660000556614
sentinel2_patch_00457.png,hybrid_fixed_0p60_learned_0p40,0.8,87.65625000000003,1.0,0.59375,1.0,0.984375,20.28711121730305,0.8667947139771438,0.6931159496307373,74.40226460071514,98.65595488878387,121.9208984375,1.638671875,1.5068359375,819,1024,5.53959362478067,89.90187328706641,79.0629999974044
sentinel2_patch_00457.png,hybrid_fixed_0p50_learned_0p50,0.8,87.65625000000003,1.0,0.59375,1.0,0.984375,20.286451001514184,0.8667467512713024,0.6924946904182434,74.18122400475342,98.65194998678383,121.9208984375,1.6435546875,1.5068359375,819,1024,5.5408441727017275,89.90367458215106,75.61549999809358
sentinel2_patch_00474.png,fixed_mission_utility,0.8,89.03218626976013,0.8124359250068665,1.0,0.8267374634742737,1.0,23.536758307768494,0.8502746965704527,0.5352808237075806,69.33150183150182,98.55765420684189,110.9033203125,1.599609375,1.427734375,819,1024,4.9500174316271845,90.57865323501714,73.68000000133179
sentinel2_patch_00474.png,learned_1500_patch,0.8,92.05400824546815,0.8632864952087402,1.0,0.8761274218559265,1.0,22.316394310584982,0.8255640553595531,0.5327098965644836,69.757371007371,98.56645973671466,110.9033203125,1.58984375,1.427734375,819,1024,4.920580036335801,90.04686543940396,62.878899996576365
sentinel2_patch_00474.png,learned_full_3224_patch,0.8,87.43054509162904,0.785418689250946,1.0,0.8006898760795593,1.0,23.730663795354037,0.8532292177190839,0.5339885950088501,70.10185185185185,98.57350416061287,110.9033203125,1.58203125,1.427734375,819,1024,4.958018281926403,90.20167346650271,62.88219999987632
sentinel2_patch_00474.png,hybrid_fixed_0p90_learned_0p10,0.8,88.71820807456972,0.8072443604469299,1.0,0.8214216828346252,1.0,23.53106922064469,0.8501745824798146,0.5354788899421692,69.54378444580527,98.56205697177828,110.9033203125,1.5947265625,1.427734375,819,1024,4.954410876205435,90.49430282185065,76.27209999918705
sentinel2_patch_00474.png,hybrid_fixed_0p80_learned_0p20,0.8,88.63257408142091,0.8058347702026367,1.0,0.8199591636657715,1.0,23.511096067462212,0.8497836086115823,0.5344200134277344,69.7145488029466,98.56557918372738,110.9033203125,1.5908203125,1.427734375,819,1024,4.951364757130822,90.4619477716426,76.21640000434127
sentinel2_patch_00474.png,hybrid_fixed_0p70_learned_0p30,0.8,88.97801637649538,0.8114990592002869,1.0,0.8259027004241943,1.0,23.601639026510888,0.8513370025633201,0.5338890552520752,69.84317343173431,98.56822084268921,110.9033203125,1.587890625,1.427734375,819,1024,4.953192531054941,90.43704187973917,76.08500000060303
sentinel2_patch_00474.png,hybrid_fixed_0p60_learned_0p40,0.8,89.06916260719301,0.8130404949188232,1.0,0.8273771405220032,1.0,23.591486156095645,0.8512019937265193,0.5345355868339539,69.6717791411043,98.5646986307401,110.9033203125,1.591796875,1.427734375,819,1024,4.949262565893367,90.39749351292548,77.36760000261711
sentinel2_patch_00474.png,hybrid_fixed_0p50_learned_0p50,0.8,89.0536415576935,0.8127912282943726,1.0,0.827099621295929,1.0,23.605547807590042,0.851285168260255,0.5338197350502014,69.84317343173431,98.56822084268921,110.9033203125,1.587890625,1.427734375,819,1024,4.948779883473776,90.37148095692888,75.68470000114758
sentinel2_patch_00483.png,fixed_mission_utility,0.8,88.33837849753246,0.849703311920166,1.0,0.8603694438934326,0.7142857142857143,22.197623612420557,0.8365664114524691,0.5698670744895935,70.76393237319975,98.58685072117511,110.361328125,1.5595703125,1.3837890625,819,1024,4.822448998227698,89.59232629705377,78.85019999957876
sentinel2_patch_00483.png,learned_1500_patch,0.8,83.76368454524452,0.79007887840271,1.0,0.804455041885376,0.6071428571428571,22.209601624033375,0.8371151631354542,0.5724612474441528,71.03079824010057,98.59215998584196,110.361328125,1.5537109375,1.3837890625,819,1024,4.803545594172542,89.23474667667307,67.85020000097575
sentinel2_patch_00483.png,learned_full_3224_patch,0.8,86.12023302486965,0.8236345648765564,1.0,0.8373139500617981,0.6428571428571429,22.219523694865163,0.8371723440290719,0.5673483610153198,70.36737235367373,98.57888682417484,110.361328125,1.568359375,1.3837890625,819,1024,4.819839752317671,89.21577457072274,65.1404999953229
sentinel2_patch_00483.png,hybrid_fixed_0p90_learned_0p10,0.8,88.23914987700327,0.8480516672134399,1.0,0.858711302280426,0.7142857142857143,22.208533450797447,0.8368144433625624,0.569638192653656,70.71964956195244,98.58596584373063,110.361328125,1.560546875,1.3837890625,819,1024,4.826839346676851,89.52899887246292,80.96150000346825
sentinel2_patch_00483.png,hybrid_fixed_0p80_learned_0p20,0.8,88.23914987700327,0.8480516672134399,1.0,0.858711302280426,0.7142857142857143,22.208533450797447,0.8368144433625624,0.569638192653656,70.71964956195244,98.58596584373063,110.361328125,1.560546875,1.3837890625,819,1024,4.826839346676851,89.52899887246292,78.21150000381749
sentinel2_patch_00483.png,hybrid_fixed_0p70_learned_0p30,0.8,88.26968891280039,0.8485897779464722,1.0,0.8591620326042175,0.7142857142857143,22.210967492671774,0.8368655871120287,0.5695262551307678,70.85266457680251,98.58862047606407,110.361328125,1.5576171875,1.3837890625,819,1024,4.826081544469663,89.5263640154857,76.9572999997763
sentinel2_patch_00483.png,hybrid_fixed_0p60_learned_0p40,0.8,88.16363675253733,0.8468433022499084,1.0,0.8573523759841919,0.7142857142857143,22.208567079450468,0.8367450771765492,0.5694785714149475,70.76393237319975,98.58685072117511,110.361328125,1.5595703125,1.3837890625,819,1024,4.821840956005312,89.52902158674722,77.50680000026478
sentinel2_patch_00483.png,hybrid_fixed_0p50_learned_0p50,0.8,86.20233842304776,0.8250592947006226,1.0,0.8385697603225708,0.6428571428571429,22.213665167492806,0.8369926527547166,0.568192720413208,70.67542213883678,98.58508096628617,110.361328125,1.5615234375,1.3837890625,819,1024,4.824959425896959,89.44604630624852,76.96890000079293
sentinel2_patch_00486.png,fixed_mission_utility,0.8,69.29343270701031,0.6276208758354187,1.0,0.6338484883308411,0.1511627906976744,24.41230221965647,0.8589182211090589,0.45097026228904724,64.03890577507599,98.43844927095991,102.875,1.6064453125,1.4345703125,819,1024,5.167647412611986,90.18676650479115,80.99790000414941
sentinel2_patch_00486.png,learned_1500_patch,0.8,64.16389761969101,0.5444809794425964,1.0,0.5552794337272644,0.12790697674418605,21.67382067233746,0.7993876007994395,0.4498477578163147,64.31257631257631,98.44509416767923,102.875,1.599609375,1.4345703125,819,1024,5.120608252379036,89.44597775785059,64.52880000142613
sentinel2_patch_00486.png,learned_full_3224_patch,0.8,69.15230803711471,0.6272239685058594,1.0,0.633400022983551,0.13953488372093023,23.469917195213448,0.8436907587796232,0.4498405456542969,63.30769230769231,98.42041312272175,102.875,1.625,1.4345703125,819,1024,5.158675023933881,89.87440885731004,61.20119999832241
sentinel2_patch_00486.png,hybrid_fixed_0p90_learned_0p10,0.8,69.30213140886885,0.6277773380279541,1.0,0.6339704990386963,0.1511627906976744,24.41250387138643,0.8588715966127952,0.45120593905448914,63.96114146933819,98.43655072904009,102.875,1.6083984375,1.4345703125,819,1024,5.166917072545533,90.18641338226365,75.23570000194013
sentinel2_patch_00486.png,hybrid_fixed_0p80_learned_0p20,0.8,69.22564905743268,0.6244232654571533,1.0,0.6310405731201172,0.16279069767441862,24.31769581366838,0.8577131358574647,0.44989264011383057,64.07785888077859,98.43939854191981,102.875,1.60546875,1.4345703125,819,1024,5.161294258957013,90.0740373308673,74.08259999647271
sentinel2_patch_00486.png,hybrid_fixed_0p70_learned_0p30,0.8,69.28213041882184,0.625373125076294,1.0,0.631964921951294,0.16279069767441862,24.296622604626755,0.8573383574704325,0.4498476982116699,63.96114146933819,98.43655072904009,102.875,1.6083984375,1.4345703125,819,1024,5.165068209134402,90.05946583362984,74.74969999748282
sentinel2_patch_00486.png,hybrid_fixed_0p60_learned_0p40,0.8,69.29885429005292,0.6256515979766846,1.0,0.6322441697120667,0.16279069767441862,24.300689050489712,0.8574116817398557,0.44977664947509766,63.844848484848484,98.4337029161604,102.875,1.611328125,1.4345703125,819,1024,5.164781868988893,90.04941222755298,75.83580000209622
sentinel2_patch_00486.png,hybrid_fixed_0p50_learned_0p50,0.8,69.29885429005292,0.6256515979766846,1.0,0.6322441697120667,0.16279069767441862,24.300689050489712,0.8574116817398557,0.44977664947509766,64.0,98.4375,102.875,1.607421875,1.4345703125,819,1024,5.164781868988893,90.00283121179396,75.57660000020405
sentinel2_patch_00490.png,fixed_mission_utility,0.8,84.6397413657262,0.7732328772544861,1.0,0.7816751599311829,0.8076923076923077,23.559517871713297,0.820778279636171,0.5060898065567017,66.39401654996817,98.49384018024064,101.8603515625,1.5341796875,1.388671875,819,1024,4.913899510873651,89.58822080267012,76.71249999839347
sentinel2_patch_00490.png,learned_1500_patch,0.8,82.1256983280182,0.7625391483306885,1.0,0.7687066197395325,0.625,21.280852314676974,0.7693925741280053,0.5090958476066589,66.22539682539683,98.49000527299746,101.8603515625,1.5380859375,1.388671875,819,1024,4.892191583266017,89.31530997420609,62.038999996730126
sentinel2_patch_00490.png,learned_full_3224_patch,0.8,79.218026307913,0.7186566591262817,1.0,0.7255110740661621,0.5961538461538461,22.0708772680997,0.7913637766563673,0.5064267516136169,66.18337563451777,98.48904654618667,101.8603515625,1.5390625,1.388671875,819,1024,4.909899141055326,89.28187674706619,61.322800000198185
sentinel2_patch_00490.png,hybrid_fixed_0p90_learned_0p10,0.8,84.69259399634143,0.7737857699394226,1.0,0.7832120060920715,0.8076923076923077,23.561170102416934,0.8209799839152796,0.5057276487350464,66.35178117048346,98.49288145342985,101.8603515625,1.53515625,1.388671875,819,1024,4.914378889958361,89.58801500696576,75.93800000176998
sentinel2_patch_00490.png,hybrid_fixed_0p80_learned_0p20,0.8,82.49882734738864,0.7488022446632385,1.0,0.757144570350647,0.7403846153846154,23.55282906870944,0.8210768341295231,0.5054515600204468,66.35178117048346,98.49288145342985,101.8603515625,1.53515625,1.388671875,819,1024,4.913757167372176,89.55614239725071,74.08500000019558
sentinel2_patch_00490.png,hybrid_fixed_0p70_learned_0p30,0.8,82.43392421649054,0.7494403123855591,1.0,0.7574309706687927,0.7307692307692307,23.550947292544976,0.8209736022951015,0.505104660987854,66.39401654996817,98.49384018024064,101.8603515625,1.5341796875,1.388671875,819,1024,4.916350467414495,89.50703439729428,72.68469999689842
sentinel2_patch_00490.png,hybrid_fixed_0p60_learned_0p40,0.8,82.32518663773172,0.7491642832756042,1.0,0.7573538422584534,0.7211538461538461,23.55466031051833,0.8207554438596447,0.5052041411399841,66.22539682539683,98.49000527299746,101.8603515625,1.5380859375,1.388671875,819,1024,4.917027530295944,89.47038561227352,73.08840000041528
sentinel2_patch_00490.png,hybrid_fixed_0p50_learned_0p50,0.8,81.19112904255209,0.7385922074317932,1.0,0.7458335757255554,0.6730769230769231,22.08313656435767,0.7914726442352361,0.5074962973594666,66.35178117048346,98.49288145342985,101.8603515625,1.53515625,1.388671875,819,1024,4.908711223873088,89.3896622472325,72.97649999964051
sentinel2_patch_00491.png,fixed_mission_utility,0.8,62.27149577574297,0.5202144384384155,1.0,0.5254186391830444,0.09545454545454546,22.47631803935483,0.7530795186206927,0.47705042362213135,65.7944099378882,98.48011403864852,103.4462890625,1.572265625,1.4375,819,1024,4.925131373069253,90.58775813980627,73.95349999569589
sentinel2_patch_00491.png,learned_1500_patch,0.8,61.33625232089651,0.5063285231590271,1.0,0.5109737515449524,0.08636363636363636,22.18504467633974,0.7452157342454876,0.4763795733451843,65.59071207430341,98.47539389591141,103.4462890625,1.5771484375,1.4375,819,1024,4.918758698656895,90.10506423102335,63.084300003538374
sentinel2_patch_00491.png,learned_full_3224_patch,0.8,67.02721363847907,0.5935419797897339,1.0,0.5983676314353943,0.1318181818181818,22.3951087615221,0.7563406357890916,0.4768843352794647,65.5095856524428,98.47350583881656,103.4462890625,1.5791015625,1.4375,819,1024,4.942729261694381,90.12746791302804,61.24609999824315
sentinel2_patch_00491.png,hybrid_fixed_0p90_learned_0p10,0.8,62.36013507843019,0.5209367871284485,1.0,0.5261331796646118,0.1,22.48335917350476,0.7528029004111502,0.47735509276390076,65.42865966646077,98.47161778172172,103.4462890625,1.5810546875,1.4375,819,1024,4.925020801624249,90.54012851436951,73.2852000001003
sentinel2_patch_00491.png,hybrid_fixed_0p80_learned_0p20,0.8,62.29089470343156,0.5205745100975037,1.0,0.5256684422492981,0.09545454545454546,22.511758504365993,0.7549918720634887,0.4777512550354004,65.67203967761934,98.47728195300625,103.4462890625,1.5751953125,1.4375,819,1024,4.930382068535347,90.43520539641754,76.39619999827119
sentinel2_patch_00491.png,hybrid_fixed_0p70_learned_0p30,0.8,62.3149010701613,0.5209752917289734,1.0,0.5260671973228455,0.09545454545454546,22.52003683735451,0.7544458604945476,0.47799330949783325,65.55012376237623,98.47444986736399,103.4462890625,1.578125,1.4375,819,1024,4.931267156008173,90.4180736353375,74.73620000382653
sentinel2_patch_00491.png,hybrid_fixed_0p60_learned_0p40,0.8,62.324716763062916,0.5211192965507507,1.0,0.5262699723243713,0.09545454545454546,22.530950351254045,0.7563241829776095,0.4782033860683441,65.5095856524428,98.47350583881656,103.4462890625,1.5791015625,1.4375,819,1024,4.939079889892006,90.34781835227817,77.97740000387421
sentinel2_patch_00491.png,hybrid_fixed_0p50_learned_0p50,0.8,62.324716763062916,0.5211192965507507,1.0,0.5262699723243713,0.09545454545454546,22.530950351254045,0.7563241829776095,0.4782033860683441,65.5095856524428,98.47350583881656,103.4462890625,1.5791015625,1.4375,819,1024,4.939079889892006,90.34781835227817,76.68630000262056
sentinel2_patch_00495.png,fixed_mission_utility,0.8,86.53267938811501,0.8499234914779663,1.0,0.8610212206840515,0.5315315315315315,24.241675829598385,0.8247921955916498,0.44633564352989197,63.77114427860697,98.43189265095958,100.140625,1.5703125,1.4140625,819,1024,5.021576994301838,89.40755573488579,73.73260000167647
sentinel2_patch_00495.png,learned_1500_patch,0.8,80.47534889022464,0.8139214515686035,0.9130434782608695,0.8191521167755127,0.4144144144144144,21.666217803281338,0.770454691129237,0.44771626591682434,64.04996876951905,98.43871898892182,100.140625,1.5634765625,1.4140625,819,1024,4.9972557848792585,89.0185186328144,63.13850000151433
sentinel2_patch_00495.png,learned_full_3224_patch,0.8,82.99315005809338,0.8049125671386719,1.0,0.8146071434020996,0.45045045045045046,23.11314296752333,0.805268381891679,0.44582056999206543,63.81082762912259,98.43286784209705,100.140625,1.5693359375,1.4140625,819,1024,5.019731120238178,88.93374073528312,60.324099998979364
sentinel2_patch_00495.png,hybrid_fixed_0p90_learned_0p10,0.8,86.40297014434061,0.8476712703704834,1.0,0.8590402007102966,0.5315315315315315,24.242811858029697,0.8247910593097508,0.44636842608451843,63.57346559206447,98.42701669527227,100.140625,1.5751953125,1.4140625,819,1024,5.0225912625869436,89.37468995456653,73.03410000167787
sentinel2_patch_00495.png,hybrid_fixed_0p80_learned_0p20,0.8,86.37938816268166,0.8473119735717773,1.0,0.858579695224762,0.5315315315315315,24.231247663339847,0.824267251148188,0.44675809144973755,63.77114427860697,98.43189265095958,100.140625,1.5703125,1.4140625,819,1024,5.020285206019784,89.25949578029612,72.82709999708459
sentinel2_patch_00495.png,hybrid_fixed_0p70_learned_0p30,0.8,86.46460253913123,0.8487436175346375,1.0,0.859977126121521,0.5315315315315315,24.220290781492587,0.8239500467645985,0.4464057683944702,63.731510254816655,98.43091745982213,100.140625,1.5712890625,1.4140625,819,1024,5.01980531018339,89.20002299061628,72.66130000061821
sentinel2_patch_00495.png,hybrid_fixed_0p60_learned_0p40,0.8,86.27276022155007,0.845516562461853,1.0,0.856839120388031,0.5315315315315315,24.213971577286877,0.8238990557324488,0.4464038908481598,63.85056039850561,98.43384303323451,100.140625,1.568359375,1.4140625,819,1024,5.022202880130095,89.16139026879733,72.5659999952768
sentinel2_patch_00495.png,hybrid_fixed_0p50_learned_0p50,0.8,86.28480989653788,0.8456971645355225,1.0,0.8570803999900818,0.5315315315315315,24.214343009370452,0.8240049598233703,0.44642022252082825,63.77114427860697,98.43189265095958,100.140625,1.5703125,1.4140625,819,1024,5.0244706308272695,89.09646878020894,73.09250000253087
sentinel2_patch_00498.png,fixed_mission_utility,0.8,82.00589813288495,0.8673310875892639,0.7027027027027027,0.8620172739028931,0.8991228070175439,19.616058564415855,0.8537298468310718,0.5670163631439209,76.24627791563276,98.688460568388,120.0283203125,1.57421875,1.4140625,819,1024,4.972049796989822,86.44022403396686,72.29979999829084
sentinel2_patch_00498.png,learned_1500_patch,0.8,84.37175543515139,0.8853191137313843,0.7297297297297297,0.8796707391738892,0.9473684210526315,19.61890187299931,0.8529523213837816,0.5669699311256409,76.24627791563276,98.688460568388,120.0283203125,1.57421875,1.4140625,819,1024,4.91635978134566,86.52034967631577,60.24549999710871
sentinel2_patch_00498.png,learned_full_3224_patch,0.8,84.34718608460535,0.8976068496704102,0.7027027027027027,0.8922143578529358,0.9517543859649122,19.570708527179974,0.8517369461034376,0.5685943961143494,75.91661519456454,98.68276529790333,120.0283203125,1.5810546875,1.4140625,819,1024,4.9636189116456215,86.21173241053522,61.516800000390504
sentinel2_patch_00498.png,hybrid_fixed_0p90_learned_0p10,0.8,81.81210283251836,0.8655512928962708,0.7027027027027027,0.8602730631828308,0.8903508771929824,19.616382541691898,0.8537952136247321,0.5669759511947632,76.38844002486016,98.69090139859571,120.0283203125,1.5712890625,1.4140625,819,1024,4.975609908757925,86.41211328777612,72.641200000362
sentinel2_patch_00498.png,hybrid_fixed_0p80_learned_0p20,0.8,81.83964733096197,0.8660193085670471,0.7027027027027027,0.8607142567634583,0.8903508771929824,19.61758091223626,0.8537761541543964,0.5668562650680542,76.48350964530181,98.69252861873419,120.0283203125,1.5693359375,1.4140625,819,1024,4.9722083836151665,86.4040339521726,74.76280000264524
sentinel2_patch_00498.png,hybrid_fixed_0p70_learned_0p30,0.8,81.85342792483404,0.8662479519844055,0.7027027027027027,0.860945999622345,0.8903508771929824,19.616790602319274,0.8537116840891593,0.5665379762649536,76.34099378881987,98.69008778852647,120.0283203125,1.572265625,1.4140625,819,1024,4.9685195245242175,86.39462586633346,76.57379999727709
sentinel2_patch_00498.png,hybrid_fixed_0p60_learned_0p40,0.8,81.96076158495977,0.8680544495582581,0.7027027027027027,0.8626996874809265,0.8903508771929824,19.61745387521534,0.8536047565480437,0.5662122964859009,76.34099378881987,98.69008778852647,120.0283203125,1.572265625,1.4140625,819,1024,4.962555804272142,86.37504850105289,73.33379999909084
sentinel2_patch_00498.png,hybrid_fixed_0p50_learned_0p50,0.8,82.1938734684244,0.8697192072868347,0.7027027027027027,0.8644468188285828,0.9035087719298246,19.626052254628423,0.8539203593255663,0.5662984251976013,76.34099378881987,98.69008778852647,120.0283203125,1.572265625,1.4140625,819,1024,4.967791385202932,86.30720879053081,76.09560000128113
sentinel2_patch_00507.png,fixed_mission_utility,0.8,87.26217150688174,0.9077568650245667,0.8333333333333334,0.9011104702949524,0.79296875,19.195687552516958,0.86711831403435,0.5935729146003723,74.3631419939577,98.6552477837996,120.1865234375,1.6162109375,1.4619140625,819,1024,5.2256358997271475,88.3372281993019,75.8447000043816
sentinel2_patch_00507.png,learned_1500_patch,0.8,87.65870213508607,0.9110426306724548,0.8333333333333334,0.9045998454093933,0.8125,19.206345202642428,0.8667748804107738,0.5950949788093567,74.13915662650602,98.65118508828238,120.1865234375,1.62109375,1.4619140625,819,1024,5.2253903988376145,88.25783888199851,61.88520000432618
sentinel2_patch_00507.png,learned_full_3224_patch,0.8,88.07211256027223,0.9019075036048889,0.8666666666666667,0.895493745803833,0.80859375,19.20563100384902,0.8678286500226425,0.592758297920227,74.00541190619363,98.64874747097204,120.1865234375,1.6240234375,1.4619140625,819,1024,5.222724494905634,88.22375692635889,62.60869999823626
sentinel2_patch_00507.png,hybrid_fixed_0p90_learned_0p10,0.8,87.26217150688174,0.9077568650245667,0.8333333333333334,0.9011104702949524,0.79296875,19.195687552516958,0.86711831403435,0.5935729146003723,74.3631419939577,98.6552477837996,120.1865234375,1.6162109375,1.4619140625,819,1024,5.2256358997271475,88.3372281993019,74.47959999990417
sentinel2_patch_00507.png,hybrid_fixed_0p80_learned_0p20,0.8,88.33744025230409,0.9077068567276001,0.8666666666666667,0.9010676741600037,0.80078125,19.19187026102143,0.8670561624698254,0.5939656496047974,74.31823671497584,98.65443524469615,120.1865234375,1.6171875,1.4619140625,819,1024,5.226458033899627,88.33704787149428,75.70990000385791
sentinel2_patch_00507.png,hybrid_fixed_0p70_learned_0p30,0.8,88.2009038925171,0.9047400951385498,0.8666666666666667,0.8982212543487549,0.8046875,19.189066959720517,0.8671286913651448,0.593309223651886,74.3631419939577,98.6552477837996,120.1865234375,1.6162109375,1.4619140625,819,1024,5.223561742685132,88.31738570018518,73.84180000371998
sentinel2_patch_00507.png,hybrid_fixed_0p60_learned_0p40,0.8,88.2009038925171,0.9047400951385498,0.8666666666666667,0.8982212543487549,0.8046875,19.189066959720517,0.8671286913651448,0.593309223651886,74.3631419939577,98.6552477837996,120.1865234375,1.6162109375,1.4619140625,819,1024,5.223561742685132,88.31738570018518,74.94220000080531
sentinel2_patch_00507.png,hybrid_fixed_0p50_learned_0p50,0.8,88.28586316108706,0.9055156111717224,0.8666666666666667,0.898965060710907,0.80859375,19.18835760959105,0.8670727333333089,0.5935050845146179,74.31823671497584,98.65443524469615,120.1865234375,1.6171875,1.4619140625,819,1024,5.221089169508823,88.29717610517439,74.34849999845028
sentinel2_patch_00523.png,fixed_mission_utility,0.8,80.07919961008533,0.95976722240448,0.4482758620689655,0.9120117425918579,1.0,20.919886056819458,0.863707114103186,0.5429611802101135,73.97148171109734,98.64812766100104,116.51953125,1.5751953125,1.400390625,819,1024,5.150993460074146,88.091341410143,77.9880999980378
sentinel2_patch_00523.png,learned_1500_patch,0.8,78.34070616754994,0.9294719099998474,0.4482758620689655,0.885677695274353,1.0,20.96021123063988,0.8629356469360995,0.5458666682243347,73.33497234173325,98.63639411311141,116.51953125,1.5888671875,1.400390625,819,1024,5.131430665895131,88.05893304726851,64.67359999805922
sentinel2_patch_00523.png,learned_full_3224_patch,0.8,79.06945997271045,0.942079484462738,0.4482758620689655,0.8969002366065979,1.0,20.93948836190735,0.8634973585834367,0.5439558029174805,74.06331471135941,98.64980388212813,116.51953125,1.5732421875,1.400390625,819,1024,5.143229637906622,88.0804681272794,66.71389999974053
sentinel2_patch_00523.png,hybrid_fixed_0p90_learned_0p10,0.8,79.14310866388783,0.9433569312095642,0.4482758620689655,0.898027777671814,1.0,20.96286446856606,0.8642036695377565,0.5425974726676941,74.06331471135941,98.64980388212813,116.51953125,1.5732421875,1.400390625,819,1024,5.152773771628192,88.12094211781798,79.06110000476474
sentinel2_patch_00523.png,hybrid_fixed_0p80_learned_0p20,0.8,79.14310866388783,0.9433569312095642,0.4482758620689655,0.898027777671814,1.0,20.96286446856606,0.8642036695377565,0.5425974726676941,74.06331471135941,98.64980388212813,116.51953125,1.5732421875,1.400390625,819,1024,5.152773771628192,88.12094211781798,76.72520000051009
sentinel2_patch_00523.png,hybrid_fixed_0p70_learned_0p30,0.8,79.14310866388783,0.9433569312095642,0.4482758620689655,0.898027777671814,1.0,20.96286446856606,0.8642036695377565,0.5425974726676941,74.06331471135941,98.64980388212813,116.51953125,1.5732421875,1.400390625,819,1024,5.152773771628192,88.12094211781798,77.53820000652922
sentinel2_patch_00523.png,hybrid_fixed_0p60_learned_0p40,0.8,79.14310866388783,0.9433569312095642,0.4482758620689655,0.898027777671814,1.0,20.96286446856606,0.8642036695377565,0.5425974726676941,74.06331471135941,98.64980388212813,116.51953125,1.5732421875,1.400390625,819,1024,5.152773771628192,88.12094211781798,78.5011999978451
sentinel2_patch_00523.png,hybrid_fixed_0p50_learned_0p50,0.8,79.14310866388783,0.9433569312095642,0.4482758620689655,0.898027777671814,1.0,20.96286446856606,0.8642036695377565,0.5425974726676941,73.92565055762081,98.64728955043749,116.51953125,1.576171875,1.400390625,819,1024,5.152773771628192,88.10850092360917,76.3650000008056
sentinel2_patch_00538.png,fixed_mission_utility,0.8,90.58475989739873,0.9042775630950928,1.0,0.9148576259613037,0.6116504854368932,23.04375840897931,0.7167520533780817,0.5861914157867432,66.46388059701492,98.49542339234867,108.7177734375,1.6357421875,1.537109375,819,1024,5.427648196301894,89.3568031096089,75.4767999969772
sentinel2_patch_00538.png,learned_1500_patch,0.8,93.19001386962555,1.0,0.8571428571428571,1.0,0.7475728155339806,21.47516216584843,0.6833222858908202,0.5953612327575684,66.78284343131374,98.50260942987775,108.7177734375,1.6279296875,1.537109375,819,1024,5.356146569683447,89.36862261497207,60.7839000003878
sentinel2_patch_00538.png,learned_full_3224_patch,0.8,87.69411214545434,0.8844757676124573,0.9428571428571428,0.8956431150436401,0.6116504854368932,22.824862235035,0.7129332921326996,0.5876265168190002,66.662874251497,98.49991466580434,108.7177734375,1.630859375,1.537109375,819,1024,5.409774115700821,89.23041264981944,61.22299999697134
sentinel2_patch_00538.png,hybrid_fixed_0p90_learned_0p10,0.8,89.80740834307574,0.9039157032966614,0.9714285714285714,0.9147165417671204,0.6213592233009708,23.042825928644078,0.7173676010573994,0.5871878862380981,66.5433353257621,98.49721990173094,108.7177734375,1.6337890625,1.537109375,819,1024,5.42786776660195,89.30978042241841,74.71580000128597
sentinel2_patch_00538.png,hybrid_fixed_0p80_learned_0p20,0.8,90.59807676713444,0.9044625759124756,1.0,0.915153443813324,0.6116504854368932,23.03506208630811,0.7172405850733387,0.5863128900527954,66.6229802513465,98.4990164111132,108.7177734375,1.6318359375,1.537109375,819,1024,5.42532671904963,89.306716411272,74.06839999748627
sentinel2_patch_00538.png,hybrid_fixed_0p70_learned_0p30,0.8,89.38667489586196,0.89845210313797,0.9714285714285714,0.9094614386558533,0.6116504854368932,23.043494294575467,0.7191000979643346,0.5864427089691162,66.662874251497,98.49991466580434,108.7177734375,1.630859375,1.537109375,819,1024,5.428334684393105,89.30068722804842,75.05179999861866
sentinel2_patch_00538.png,hybrid_fixed_0p60_learned_0p40,0.8,89.67402054367383,0.9033135771751404,0.9714285714285714,0.9141057729721069,0.6116504854368932,23.059398700981,0.7186171478744456,0.5866145491600037,66.5433353257621,98.49721990173094,108.7177734375,1.6337890625,1.537109375,819,1024,5.425741814623259,89.28413168395087,74.90719999623252
sentinel2_patch_00538.png,hybrid_fixed_0p50_learned_0p50,0.8,88.45100600941007,0.8939936757087708,0.9428571428571428,0.9047432541847229,0.6310679611650486,22.79376159174793,0.714832081322288,0.5881454348564148,66.5433353257621,98.49721990173094,108.7177734375,1.6337890625,1.537109375,819,1024,5.419586813203484,89.30076959393945,74.47800000227289
sentinel2_patch_00541.png,fixed_mission_utility,0.8,100.0,1.0,1.0,1.0,1.0,20.07056801077248,0.7098475939594691,0.5757542848587036,64.59767299448868,98.45195662065828,103.015625,1.5947265625,1.4521484375,819,1024,5.22568759594321,89.4254208179489,78.74889999948209
sentinel2_patch_00541.png,learned_1500_patch,0.8,100.0,1.0,1.0,1.0,1.0,17.96198328738772,0.6280070278106337,0.5944752097129822,64.75629220380601,98.45574852115881,103.015625,1.5908203125,1.4521484375,819,1024,5.174553566075062,89.26998077235115,60.8591999989585
sentinel2_patch_00541.png,learned_full_3224_patch,0.8,100.0,1.0,1.0,1.0,1.0,19.240532309708904,0.6825455308269206,0.5829318761825562,64.95566502463055,98.46048839678447,103.015625,1.5859375,1.4521484375,819,1024,5.203797989161973,89.188822556644,66.72470000194153
sentinel2_patch_00541.png,hybrid_fixed_0p90_learned_0p10,0.8,100.0,1.0,1.0,1.0,1.0,19.37015697334197,0.6870588101694031,0.5843676924705505,64.75629220380601,98.45574852115881,103.015625,1.5908203125,1.4521484375,819,1024,5.214780031805137,89.41027215873171,75.2929000009317
sentinel2_patch_00541.png,hybrid_fixed_0p80_learned_0p20,0.8,100.0,1.0,1.0,1.0,1.0,19.36645558300164,0.6871912062915868,0.5853708386421204,64.87576875768758,98.4585924465342,103.015625,1.587890625,1.4521484375,819,1024,5.2132819660597205,89.3922755141082,74.66520000161836
sentinel2_patch_00541.png,hybrid_fixed_0p70_learned_0p30,0.8,100.0,1.0,1.0,1.0,1.0,19.37271558778483,0.6870380538453851,0.5844050049781799,64.71656441717792,98.45480054603367,103.015625,1.591796875,1.4521484375,819,1024,5.214165840263159,89.37088751844165,77.28349999524653
sentinel2_patch_00541.png,hybrid_fixed_0p60_learned_0p40,0.8,100.0,1.0,1.0,1.0,1.0,19.372773349865998,0.6872090638274047,0.5842313170433044,64.51865443425076,98.450060670408,103.015625,1.5966796875,1.4521484375,819,1024,5.214165840263159,89.35068930615206,75.76610000251094
sentinel2_patch_00541.png,hybrid_fixed_0p50_learned_0p50,0.8,100.0,1.0,1.0,1.0,1.0,19.370406434044774,0.688719419947447,0.5838525295257568,64.51865443425076,98.450060670408,103.015625,1.5966796875,1.4521484375,819,1024,5.212971244385123,89.36898573871308,73.00840000243625
sentinel2_patch_00550.png,fixed_mission_utility,0.8,81.61199422983024,0.8391764163970947,0.8461538461538461,0.8380942344665527,0.58984375,17.02692305633674,0.7948989706947651,0.689151406288147,74.03125,98.64921907978051,122.6142578125,1.65625,1.6181640625,819,1024,5.569011698058217,89.13555050372972,76.23560000502039
sentinel2_patch_00550.png,learned_1500_patch,0.8,77.48046847490166,0.7896243333816528,0.8461538461538461,0.7892158627510071,0.47265625,17.010781551554942,0.7939830062852276,0.6914289593696594,73.85705882352941,98.64603327572338,122.6142578125,1.66015625,1.6181640625,819,1024,5.581664121670466,89.06049926740718,60.831700000562705
sentinel2_patch_00550.png,learned_full_3224_patch,0.8,80.37407572452841,0.8390407562255859,0.8076923076923077,0.8380681872367859,0.58203125,17.022421624014708,0.7947935952945413,0.6904990673065186,74.33806986382474,98.65479423688046,122.6142578125,1.6494140625,1.6181640625,819,1024,5.574109968253934,89.06634193989777,62.27059999946505
sentinel2_patch_00550.png,hybrid_fixed_0p90_learned_0p10,0.8,81.61199422983024,0.8391764163970947,0.8461538461538461,0.8380942344665527,0.58984375,17.02692305633674,0.7948989706947651,0.689151406288147,74.03125,98.64921907978051,122.6142578125,1.65625,1.6181640625,819,1024,5.569011698058217,89.13555050372972,77.48509999510134
sentinel2_patch_00550.png,hybrid_fixed_0p80_learned_0p20,0.8,80.3538590211135,0.8387405276298523,0.8076923076923077,0.8376578092575073,0.58203125,17.016268249354972,0.7946092460638836,0.6898705959320068,74.03125,98.64921907978051,122.6142578125,1.65625,1.6181640625,819,1024,5.5666587102257115,89.1508197560634,74.45929999812506
sentinel2_patch_00550.png,hybrid_fixed_0p70_learned_0p30,0.8,80.3538590211135,0.8387405276298523,0.8076923076923077,0.8376578092575073,0.58203125,17.016268249354972,0.7946092460638836,0.6898705959320068,74.03125,98.64921907978051,122.6142578125,1.65625,1.6181640625,819,1024,5.5666587102257115,89.1508197560634,75.75600000564009
sentinel2_patch_00550.png,hybrid_fixed_0p60_learned_0p40,0.8,80.26744778339682,0.8372881412506104,0.8076923076923077,0.8362420201301575,0.58203125,17.003412611906615,0.7942854883621292,0.6916173696517944,74.11865407319952,98.65081198180906,122.6142578125,1.654296875,1.6181640625,819,1024,5.571709242835441,89.11603477293639,75.18120000167983
sentinel2_patch_00550.png,hybrid_fixed_0p50_learned_0p50,0.8,80.24727876369772,0.83695387840271,0.8076923076923077,0.8359020948410034,0.58203125,16.99442487652928,0.7939259366612601,0.6907988786697388,74.29408284023668,98.65399778586618,122.6142578125,1.650390625,1.6181640625,819,1024,5.5722530331813385,89.13099281762881,75.62360000156332
sentinel2_patch_00554.png,fixed_mission_utility,0.8,75.1227676868439,0.7383471131324768,1.0,0.73452228307724,0.08984375,18.84320619605457,0.7452253022905573,0.7429777383804321,75.11764705882354,98.66875489428347,120.9658203125,1.6103515625,1.494140625,819,1024,5.38627129796671,84.93179308824197,74.3637999985367
sentinel2_patch_00554.png,learned_1500_patch,0.8,70.7935818758878,0.7356869578361511,0.8636363636363636,0.7318350076675415,0.08203125,18.797644548411093,0.7403017121854792,0.742617666721344,74.70989143546441,98.66148915386417,120.9658203125,1.619140625,1.494140625,819,1024,5.365412141896169,84.94408669614732,61.30329999723472
sentinel2_patch_00554.png,learned_full_3224_patch,0.8,73.72438430786134,0.7175816297531128,1.0,0.7139465808868408,0.07421875,18.977233973654183,0.7515657330613777,0.7492014169692993,74.6198795180723,98.6598745448821,120.9658203125,1.62109375,1.494140625,819,1024,5.420603643932763,84.69376595019483,62.762400004430674
sentinel2_patch_00554.png,hybrid_fixed_0p90_learned_0p10,0.8,73.23812593113294,0.7322772741317749,0.9545454545454546,0.7284241914749146,0.07421875,18.85227586161777,0.7458248025938853,0.741426944732666,74.98123486682809,98.66633298081037,120.9658203125,1.61328125,1.494140625,819,1024,5.389040967481964,84.88697495011259,79.96069999353494
sentinel2_patch_00554.png,hybrid_fixed_0p80_learned_0p20,0.8,72.0133803107522,0.7332094311714172,0.9090909090909091,0.7295981645584106,0.08203125,18.86073968987131,0.7456869660736385,0.742868185043335,74.93587416817907,98.66552567631933,120.9658203125,1.6142578125,1.494140625,819,1024,5.387844847968585,84.89559524274291,77.55090000136988
sentinel2_patch_00554.png,hybrid_fixed_0p70_learned_0p30,0.8,70.83773222836584,0.7350331544876099,0.8636363636363636,0.7314438819885254,0.08984375,18.88704972507803,0.746406849553596,0.7446047067642212,74.75497887748944,98.6622964583552,120.9658203125,1.6181640625,1.494140625,819,1024,5.396871634021363,84.87379531641227,76.07200000347802
sentinel2_patch_00554.png,hybrid_fixed_0p60_learned_0p40,0.8,73.36786020885816,0.7330337166786194,0.9545454545454546,0.7294917702674866,0.08203125,18.89220905961221,0.7469308596161212,0.7430490255355835,74.75497887748944,98.6622964583552,120.9658203125,1.6181640625,1.494140625,819,1024,5.399675994065426,84.86555343063189,75.79049999912968
sentinel2_patch_00554.png,hybrid_fixed_0p50_learned_0p50,0.8,70.47376242550939,0.7302764058113098,0.8636363636363636,0.7266651391983032,0.08203125,18.914042648612902,0.7477216540478077,0.7436989545822144,74.80012077294685,98.66310376284623,120.9658203125,1.6171875,1.494140625,819,1024,5.405703334087397,84.81368400388412,74.55150000168942
sentinel2_patch_00561.png,fixed_mission_utility,0.8,80.95721602439882,0.7975636720657349,1.0,0.8160147070884705,0.2734375,18.837124252128397,0.7347010871390899,0.6370058655738831,77.85607008760951,98.71557863262976,121.498046875,1.560546875,1.4443359375,819,1024,4.945451171142033,85.38127833396595,75.75560000259429
sentinel2_patch_00561.png,learned_1500_patch,0.8,77.02340602874757,0.7392556667327881,1.0,0.7554714679718018,0.234375,18.798284889554598,0.7298357523450235,0.6333915591239929,78.14949748743719,98.7204012410179,121.498046875,1.5546875,1.4443359375,819,1024,4.90983944566495,85.62678468136768,63.72239999473095
sentinel2_patch_00561.png,learned_full_3224_patch,0.8,79.58582997322084,0.7787408828735352,1.0,0.796809732913971,0.25,18.967530874874615,0.7455397656066598,0.6326054334640503,77.61322520274486,98.71155979230633,121.498046875,1.5654296875,1.4443359375,819,1024,4.985554847399368,84.94816299075423,61.46150000131456
sentinel2_patch_00561.png,hybrid_fixed_0p90_learned_0p10,0.8,80.84134817123415,0.7962891459465027,1.0,0.8147234916687012,0.26953125,18.84141788951372,0.7346275894855764,0.6363353133201599,77.90482154038823,98.71638240069446,121.498046875,1.5595703125,1.4443359375,819,1024,4.946235000488634,85.3698966496313,75.90249999338994
sentinel2_patch_00561.png,hybrid_fixed_0p80_learned_0p20,0.8,80.77800631523134,0.7952379584312439,1.0,0.8136587738990784,0.26953125,18.837894243292624,0.7347699705202206,0.636410117149353,78.10043942247331,98.7195974729532,121.498046875,1.5556640625,1.4443359375,819,1024,4.94922674373031,85.34856273420782,76.78319999831729
sentinel2_patch_00561.png,hybrid_fixed_0p70_learned_0p30,0.8,80.70374608039857,0.7946464419364929,1.0,0.8130819201469421,0.265625,18.84405196334362,0.7348839306454943,0.6340856552124023,77.75875,98.7139710965004,121.498046875,1.5625,1.4443359375,819,1024,4.954007935086512,85.31992871793148,76.50319999811472
sentinel2_patch_00561.png,hybrid_fixed_0p60_learned_0p40,0.8,80.27772903442386,0.7882568836212158,1.0,0.8065133094787598,0.26171875,18.85361509954454,0.7362930224575662,0.6333653330802917,77.7101811367895,98.7131673284357,121.498046875,1.5634765625,1.4443359375,819,1024,4.964980593542,85.23171616920196,75.63010000012582
sentinel2_patch_00561.png,hybrid_fixed_0p50_learned_0p50,0.8,80.31230449676517,0.788170337677002,1.0,0.8064620494842529,0.265625,18.925778737143954,0.7422146622877179,0.6314458250999451,77.7101811367895,98.7131673284357,121.498046875,1.5634765625,1.4443359375,819,1024,4.973500304456212,85.17818808979555,75.27779999509221
sentinel2_patch_00562.png,fixed_mission_utility,0.8,64.74341874122621,0.5850537419319153,0.96,0.5997197031974792,0.0546875,19.757055409905682,0.734629279177995,0.6340689659118652,79.11197916666667,98.73596892590277,118.66796875,1.5,1.3603515625,819,1024,4.6215768135823625,85.6889783285601,77.0769999944605
sentinel2_patch_00562.png,learned_1500_patch,0.8,60.78658485412599,0.6030306220054626,0.8,0.5981117486953735,0.0703125,19.773234647994766,0.734615370143374,0.6389946341514587,79.11197916666667,98.73596892590277,118.66796875,1.5,1.3603515625,819,1024,4.602137772180843,85.76131558348618,64.22179999935906
sentinel2_patch_00562.png,learned_full_3224_patch,0.8,53.379294109344485,0.5584622025489807,0.64,0.5725090503692627,0.0390625,19.75867085362988,0.7343946956422892,0.6389970183372498,78.9064935064935,98.73267717831396,118.66796875,1.50390625,1.3603515625,819,1024,4.6261626362898784,85.47340212270691,64.34530000115046
sentinel2_patch_00562.png,hybrid_fixed_0p90_learned_0p10,0.8,64.71718316078187,0.5846213698387146,0.96,0.5992726683616638,0.0546875,19.759382558693474,0.7348350364487605,0.6340214014053345,79.42222222222222,98.74090654728596,118.66796875,1.494140625,1.3603515625,819,1024,4.619437646390232,85.6899664405475,76.89019999816082
sentinel2_patch_00562.png,hybrid_fixed_0p80_learned_0p20,0.8,64.51855425834655,0.5813264846801758,0.96,0.5959309935569763,0.0546875,19.761638209748753,0.7350081382904734,0.634190559387207,79.16351791530944,98.73679186279996,118.66796875,1.4990234375,1.3603515625,819,1024,4.621978050391518,85.61949354786177,76.42309999937424
sentinel2_patch_00562.png,hybrid_fixed_0p70_learned_0p30,0.8,63.25319895744326,0.5802624821662903,0.92,0.5947912335395813,0.0546875,19.77142459538972,0.7354097048410944,0.6347980499267578,79.16351791530944,98.73679186279996,118.66796875,1.4990234375,1.3603515625,819,1024,4.625594653634207,85.57314550256633,74.36359999701381
sentinel2_patch_00562.png,hybrid_fixed_0p60_learned_0p40,0.8,63.09028873443605,0.5782029032707214,0.92,0.5927180051803589,0.05078125,19.774716720028515,0.7355751012413818,0.6344594955444336,79.16351791530944,98.73679186279996,118.66796875,1.4990234375,1.3603515625,819,1024,4.627959043898666,85.55632895515826,75.81249999930151
sentinel2_patch_00562.png,hybrid_fixed_0p50_learned_0p50,0.8,61.928658628463765,0.5788320899009705,0.88,0.5933781266212463,0.05078125,19.77308224595039,0.7354524853817073,0.6354663968086243,79.11197916666667,98.73596892590277,118.66796875,1.5,1.3603515625,819,1024,4.630805078690235,85.56701175079556,76.01609999983339
sentinel2_patch_00567.png,fixed_mission_utility,0.8,76.48446951593674,0.8708108067512512,0.6071428571428571,0.8593875765800476,0.625,20.171979955596044,0.7478210629803167,0.6266878247261047,77.05266538214515,98.70218636170408,117.1591796875,1.5205078125,1.3623046875,819,1024,4.607497927054965,87.44584120846484,76.74499999848194
sentinel2_patch_00567.png,learned_1500_patch,0.8,77.00785194124497,0.876946210861206,0.6071428571428571,0.8654733896255493,0.640625,20.130840026438264,0.7455621485549643,0.6292414665222168,77.25112685125563,98.70552050078769,117.1591796875,1.5166015625,1.3623046875,819,1024,4.586944297665324,87.6110618224534,65.67060000088532
sentinel2_patch_00567.png,learned_full_3224_patch,0.8,69.04011487960817,0.8255841732025146,0.5,0.8164623975753784,0.46875,20.1726322546515,0.7471818701636679,0.6310495138168335,76.70780051150895,98.69635161830776,117.1591796875,1.52734375,1.3623046875,819,1024,4.599388620299752,87.36437379340482,65.08680000115419
sentinel2_patch_00567.png,hybrid_fixed_0p90_learned_0p10,0.8,75.15861971037731,0.8678357601165771,0.5714285714285714,0.8565228581428528,0.6171875,20.17170517764597,0.747631967837953,0.6254755854606628,76.95381654906991,98.70051929216227,117.1591796875,1.5224609375,1.3623046875,819,1024,4.607816797056781,87.43905658634596,75.92149999982212
sentinel2_patch_00567.png,hybrid_fixed_0p80_learned_0p20,0.8,75.15861971037731,0.8678357601165771,0.5714285714285714,0.8565228581428528,0.6171875,20.17170517764597,0.747631967837953,0.6254755854606628,76.95381654906991,98.70051929216227,117.1591796875,1.5224609375,1.3623046875,819,1024,4.607816797056781,87.43905658634596,76.33940000232542
sentinel2_patch_00567.png,hybrid_fixed_0p70_learned_0p30,0.8,75.15861971037731,0.8678357601165771,0.5714285714285714,0.8565228581428528,0.6171875,20.17170517764597,0.747631967837953,0.6254755854606628,76.95381654906991,98.70051929216227,117.1591796875,1.5224609375,1.3623046875,819,1024,4.607816797056781,87.43905658634596,76.54610000463435
sentinel2_patch_00567.png,hybrid_fixed_0p60_learned_0p40,0.8,75.41023833411083,0.8707677125930786,0.5714285714285714,0.8593336343765259,0.625,20.159956498949047,0.7470375292983636,0.6275767087936401,76.95381654906991,98.70051929216227,117.1591796875,1.5224609375,1.3623046875,819,1024,4.603723542629506,87.43818383250523,74.80419999774313
sentinel2_patch_00567.png,hybrid_fixed_0p50_learned_0p50,0.8,75.37595851080759,0.8715868592262268,0.5714285714285714,0.8598875999450684,0.6171875,20.153021142570616,0.746584430347966,0.6289737820625305,76.75687779910429,98.69718515307866,117.1591796875,1.5263671875,1.3623046875,819,1024,4.602756128970304,87.44103067241423,79.90140000038082
sentinel2_patch_00579.png,fixed_mission_utility,0.8,60.28049088293508,0.6034651398658752,0.7419354838709677,0.610206663608551,0.16796875,17.666388198556245,0.634782101969036,0.6769479513168335,77.1170731707317,98.70327028907585,123.5078125,1.6015625,1.466796875,819,1024,5.141547321886806,84.87888546773338,78.76439999381546
sentinel2_patch_00579.png,learned_1500_patch,0.8,64.58257121424522,0.6428008079528809,0.8064516129032258,0.6459589004516602,0.17578125,17.723696178214556,0.6222716526238475,0.6806697845458984,77.7810578105781,98.71433993294958,123.5078125,1.587890625,1.466796875,819,1024,5.112963852222603,85.13889445793913,65.90970000252128
sentinel2_patch_00579.png,learned_full_3224_patch,0.8,63.15241909796193,0.648806631565094,0.7419354838709677,0.6533544659614563,0.1875,17.636186192165425,0.6268232162323064,0.6844043135643005,77.40024479804161,98.7080144221646,123.5078125,1.595703125,1.466796875,819,1024,5.109221299049469,85.05377240428913,64.64689999847906
sentinel2_patch_00579.png,hybrid_fixed_0p90_learned_0p10,0.8,59.286627807924845,0.6030474305152893,0.7096774193548387,0.6097360253334045,0.16796875,17.654611194528304,0.6335787969459987,0.6777157783508301,76.97626293365795,98.70089822253148,123.5078125,1.6044921875,1.466796875,819,1024,5.141251890972527,84.92517658578998,76.91689999774098
sentinel2_patch_00579.png,hybrid_fixed_0p80_learned_0p20,0.8,59.18554786712894,0.6013768315315247,0.7096774193548387,0.6080232262611389,0.16796875,17.632044869204655,0.633084130997009,0.6743664145469666,77.1170731707317,98.70327028907585,123.5078125,1.6015625,1.466796875,819,1024,5.1424570276644905,84.90597215568673,77.61249999748543
sentinel2_patch_00579.png,hybrid_fixed_0p70_learned_0p30,0.8,59.161781111071186,0.6016089916229248,0.7096774193548387,0.6083236932754517,0.1640625,17.64740828351035,0.6329072023678534,0.6766270399093628,77.1170731707317,98.70327028907585,123.5078125,1.6015625,1.466796875,819,1024,5.140898169982833,84.93562295161539,77.30750000337139
sentinel2_patch_00579.png,hybrid_fixed_0p60_learned_0p40,0.8,60.13692355925038,0.601732075214386,0.7419354838709677,0.6084475517272949,0.1640625,17.669085115753493,0.6339890191771491,0.6765038967132568,77.0231425091352,98.70168891137959,123.5078125,1.603515625,1.466796875,819,1024,5.13941818547334,84.95488541708434,75.22969999990892
sentinel2_patch_00579.png,hybrid_fixed_0p50_learned_0p50,0.8,60.62488890463307,0.6103073954582214,0.7419354838709677,0.6156951785087585,0.1640625,17.655064690363684,0.6335063943283239,0.6766008138656616,77.2112332112332,98.70485166677209,123.5078125,1.599609375,1.466796875,819,1024,5.136247698370226,84.95616219512966,76.59539999440312
sentinel2_patch_00580.png,fixed_mission_utility,0.8,80.8193359876934,0.8356598019599915,0.8421052631578947,0.8154736757278442,0.58203125,17.614834618808672,0.6923322576283968,0.648740291595459,77.14191616766468,98.70368789151343,125.8076171875,1.630859375,1.494140625,819,1024,5.290846554198058,86.08323725953515,75.330199993914
sentinel2_patch_00580.png,learned_1500_patch,0.8,82.95656787721735,0.8414204716682434,0.8947368421052632,0.8221009373664856,0.6015625,17.596003781538478,0.6848070047228524,0.6465182900428772,77.09575104727708,98.70291165671793,125.8076171875,1.6318359375,1.494140625,819,1024,5.265113870294927,86.0933080768175,61.313199999858625
sentinel2_patch_00580.png,learned_full_3224_patch,0.8,85.37502226076631,0.840844452381134,0.9736842105263158,0.8218483924865723,0.609375,17.409684770079828,0.6800447112862782,0.6466721296310425,77.28074385122976,98.70601659589992,125.8076171875,1.6279296875,1.494140625,819,1024,5.257229759249218,86.01712446395887,61.61910000082571
sentinel2_patch_00580.png,hybrid_fixed_0p90_learned_0p10,0.8,82.12203370897396,0.83314448595047,0.8947368421052632,0.8125512003898621,0.5703125,17.542430676481814,0.6913801304156828,0.6488779783248901,77.23441247002398,98.70524036110443,125.8076171875,1.62890625,1.494140625,819,1024,5.287724237232265,86.08283530783389,74.5284000004176
sentinel2_patch_00580.png,hybrid_fixed_0p80_learned_0p20,0.8,84.68402555114348,0.8499767780303955,0.9210526315789473,0.8304031491279602,0.64453125,17.533355312105705,0.6908749307941239,0.6472292542457581,77.18813660874775,98.70446412630892,125.8076171875,1.6298828125,1.494140625,819,1024,5.288585395229153,86.0955105518929,74.36199999938253
sentinel2_patch_00580.png,hybrid_fixed_0p70_learned_0p30,0.8,84.62719609862881,0.849690854549408,0.9210526315789473,0.8300866484642029,0.640625,17.520124811602777,0.6897205236607961,0.6481949687004089,77.23441247002398,98.70524036110443,125.8076171875,1.62890625,1.494140625,819,1024,5.281829147071617,86.10040004656032,76.2990000002901
sentinel2_patch_00580.png,hybrid_fixed_0p60_learned_0p40,0.8,85.11505120678954,0.8478838205337524,0.9473684210526315,0.8283854126930237,0.62109375,17.5164163778065,0.6896541159293321,0.6473247408866882,77.42007211538461,98.70834530028642,125.8076171875,1.625,1.494140625,819,1024,5.281492900935335,86.09828567048793,75.8272000020952
sentinel2_patch_00580.png,hybrid_fixed_0p50_learned_0p50,0.8,84.19977119094449,0.8457147479057312,0.9210526315789473,0.8264332413673401,0.62109375,17.52577394442077,0.6897967985644663,0.6478491425514221,77.23441247002398,98.70524036110443,125.8076171875,1.62890625,1.494140625,819,1024,5.281127149810596,86.09404590596775,76.18199999706121
sentinel2_patch_00582.png,fixed_mission_utility,0.8,76.81749272346498,0.9276391267776489,0.43333333333333335,0.9039557576179504,0.86328125,19.164329072053892,0.8344615226706893,0.6374176740646362,74.01169590643275,98.64886219974716,123.59375,1.669921875,1.595703125,819,1024,5.669713174000522,90.86813654964938,75.50649999757297
sentinel2_patch_00582.png,learned_1500_patch,0.8,77.70712780952455,0.941940188407898,0.43333333333333335,0.9178822636604309,0.8671875,19.12134158499662,0.8316094155096305,0.6384010910987854,73.02942873629544,98.63068900126423,123.59375,1.6923828125,1.595703125,819,1024,5.662982423134093,90.67255147782085,63.839000002190005
sentinel2_patch_00582.png,learned_full_3224_patch,0.8,77.9946999549866,0.9463064074516296,0.43333333333333335,0.9215753078460693,0.87109375,19.050264523737486,0.83100821177152,0.6346734762191772,73.5813953488372,98.64096080910241,123.59375,1.6796875,1.595703125,819,1024,5.647223713301926,90.80227316249716,61.53400000039255
sentinel2_patch_00582.png,hybrid_fixed_0p90_learned_0p10,0.8,76.93891334533693,0.9296609163284302,0.43333333333333335,0.9059832096099854,0.86328125,19.163943032855236,0.834383722491455,0.6372644901275635,73.96843950905902,98.64807206068268,123.59375,1.6708984375,1.595703125,819,1024,5.667297907180359,90.87694371548439,75.34189999569207
sentinel2_patch_00582.png,hybrid_fixed_0p80_learned_0p20,0.8,76.10683989524843,0.9324609041213989,0.4,0.9087795615196228,0.86328125,19.184227628121363,0.834658276249515,0.6346985101699829,73.70995923121724,98.64333122629583,123.59375,1.6767578125,1.595703125,819,1024,5.664427164277232,90.83307286203829,76.32239999657031
sentinel2_patch_00582.png,hybrid_fixed_0p70_learned_0p30,0.8,76.78718519210817,0.940804123878479,0.4,0.9163447618484497,0.8828125,19.085799045529622,0.8324282478833347,0.6342029571533203,73.5813953488372,98.64096080910241,123.59375,1.6796875,1.595703125,819,1024,5.657787819051341,90.77556613007677,74.48169999406673
sentinel2_patch_00582.png,hybrid_fixed_0p60_learned_0p40,0.8,76.78718519210817,0.940804123878479,0.4,0.9163447618484497,0.8828125,19.085799045529622,0.8324282478833347,0.6342029571533203,73.5813953488372,98.64096080910241,123.59375,1.6796875,1.595703125,819,1024,5.657787819051341,90.77556613007677,76.69909999822266
sentinel2_patch_00582.png,hybrid_fixed_0p50_learned_0p50,0.8,76.97112393379211,0.9439104199409485,0.4,0.9193291068077087,0.8828125,19.08626176969276,0.8322561260320394,0.6346970796585083,73.53864032539221,98.64017067003793,123.59375,1.6806640625,1.595703125,819,1024,5.658535055688457,90.83382159803867,76.27920000231825
sentinel2_patch_00587.png,fixed_mission_utility,0.8,70.69168863757966,0.7970170378684998,0.6451612903225806,0.7833552956581116,0.37890625,18.42394445993692,0.7742591677947482,0.7400341033935547,77.30489260143199,98.7064208145844,126.5263671875,1.63671875,1.5498046875,819,1024,5.5793380417306295,84.46131276525337,75.56290000502486
sentinel2_patch_00587.png,learned_1500_patch,0.8,74.49981747135041,0.8527942299842834,0.6451612903225806,0.8407229781150818,0.421875,18.40953295483685,0.772863640624095,0.7404296398162842,77.07495538370019,98.70256168813627,126.5263671875,1.6416015625,1.5498046875,819,1024,5.5528100669885685,84.79235740974558,61.475200003769714
sentinel2_patch_00587.png,learned_full_3224_patch,0.8,70.81333337291596,0.7997056245803833,0.6451612903225806,0.7860134840011597,0.375,18.402468846854564,0.7730666770625978,0.7445542812347412,77.25879546809779,98.70564898929479,126.5263671875,1.6376953125,1.5498046875,819,1024,5.5613286753804525,84.50002650525768,61.30560000019614
sentinel2_patch_00587.png,hybrid_fixed_0p90_learned_0p10,0.8,70.73663053974029,0.7977504134178162,0.6451612903225806,0.784135639667511,0.37890625,18.422147716929732,0.7741528952353075,0.7403675317764282,77.12083333333334,98.7033335134259,126.5263671875,1.640625,1.5498046875,819,1024,5.575757924902299,84.4681800365612,76.03459999518236
sentinel2_patch_00587.png,hybrid_fixed_0p80_learned_0p20,0.8,70.85882840618012,0.7998045682907104,0.6451612903225806,0.7861372232437134,0.37890625,18.413207412724095,0.7735712987784209,0.7420611381530762,77.12083333333334,98.7033335134259,126.5263671875,1.640625,1.5498046875,819,1024,5.5727499595588235,84.47400316135437,76.49940000555944
sentinel2_patch_00587.png,hybrid_fixed_0p70_learned_0p30,0.8,70.76777515872833,0.7989542484283447,0.6451612903225806,0.7852383255958557,0.375,18.409605308589438,0.7731791818546239,0.7427358627319336,77.12083333333334,98.7033335134259,126.5263671875,1.640625,1.5498046875,819,1024,5.570796834560266,84.50404245339091,76.09490000322694
sentinel2_patch_00587.png,hybrid_fixed_0p60_learned_0p40,0.8,69.7354074831932,0.7978834509849548,0.6129032258064516,0.784148633480072,0.375,18.401331145856567,0.7728622832405961,0.7439690232276917,77.21275327771156,98.70487716400515,126.5263671875,1.638671875,1.5498046875,819,1024,5.564572842614699,84.51565858336626,75.89949999965029
sentinel2_patch_00587.png,hybrid_fixed_0p50_learned_0p50,0.8,69.5565697070091,0.7961874604225159,0.6129032258064516,0.7825049757957458,0.3671875,18.40131267187237,0.7729609003413767,0.7437297701835632,77.12083333333334,98.7033335134259,126.5263671875,1.640625,1.5498046875,819,1024,5.567477202376929,84.51032741221941,75.31149999704212
sentinel2_patch_00588.png,fixed_mission_utility,0.8,90.68965554237367,1.0,0.75,0.9876077771186829,0.84375,17.971924042475777,0.7372318434302981,0.6829002499580383,76.90733137829912,98.6997338458136,128.0537109375,1.6650390625,1.5390625,819,1024,5.577250803268365,87.15980791152244,73.6008000021684
sentinel2_patch_00588.png,learned_1500_patch,0.8,96.25000000000001,1.0,0.875,1.0,1.0,17.74898073233383,0.7178710276529426,0.6863086819648743,77.08818342151676,98.70278432359468,128.0537109375,1.6611328125,1.5390625,819,1024,5.524758076053196,87.25606231023878,59.547099997871555
sentinel2_patch_00588.png,learned_full_3224_patch,0.8,89.29911613464357,1.0,0.6875,0.9962058067321777,0.875,17.817511839770972,0.7268825008580125,0.6853119730949402,76.90733137829912,98.6997338458136,128.0537109375,1.6650390625,1.5390625,819,1024,5.547019679223004,87.25007906836905,60.54020000010496
sentinel2_patch_00588.png,hybrid_fixed_0p90_learned_0p10,0.8,90.76388239860536,0.9889500737190247,0.78125,0.982168972492218,0.8125,17.980575930487916,0.737497203747529,0.6830096244812012,76.9524647887324,98.70049646525887,128.0537109375,1.6640625,1.5390625,819,1024,5.577391927213916,87.15954951815954,73.7888000003295
sentinel2_patch_00588.png,hybrid_fixed_0p80_learned_0p20,0.8,92.35112667083743,0.9933370351791382,0.8125,0.9863510131835938,0.8515625,17.938128837393933,0.7345477765667165,0.6852250695228577,77.04289071680375,98.70202170414942,128.0537109375,1.662109375,1.5390625,819,1024,5.563094654546986,87.18306905625786,74.33949999540346
sentinel2_patch_00588.png,hybrid_fixed_0p70_learned_0p30,0.8,88.11421275138856,0.9969213008880615,0.65625,0.9899930357933044,0.875,17.90953711139409,0.7341794619118834,0.686797022819519,77.13352941176471,98.70354694303995,128.0537109375,1.66015625,1.5390625,819,1024,5.561667039249095,87.20933330607762,74.46010000421666
sentinel2_patch_00588.png,hybrid_fixed_0p60_learned_0p40,0.8,88.98251056671144,0.9976701736450195,0.6875,0.9908945560455322,0.86328125,17.890882119931568,0.7329688135766892,0.6859493255615234,76.99765120375807,98.70125908470413,128.0537109375,1.6630859375,1.5390625,819,1024,5.559150695969858,87.24808082636265,73.4563000005437
sentinel2_patch_00588.png,hybrid_fixed_0p50_learned_0p50,0.8,89.99511122703554,0.9982637763023376,0.71875,0.9915092587471008,0.8671875,17.87606878357273,0.7320352616828286,0.6855605244636536,76.99765120375807,98.70125908470413,128.0537109375,1.6630859375,1.5390625,819,1024,5.557980174359175,87.23899686413816,72.20889999734936
