image,selector,keep_ratio,semantic_utility_score,detector_retention,object_retention,relevance_retention,region_preservation,psnr,ssim,lpips,compression_ratio,bandwidth_saved_percent,original_size_kb,compressed_size_kb,full_payload_kb,semantic_token_count,total_token_count,token_entropy_bits,semantic_fidelity_percent,inference_latency_ms
07849dcf5b7480d15db8890f015522011ce38868_satellite.tif,fixed_mission_utility,0.8,85.37022148861607,0.9961883425712585,0.5294117647058824,0.9820167422294617,1.0,19.24782438233622,0.8840047926312689,,559.0131941709334,99.82111334572646,2772.1376953125,4.958984375,5.1396484375,3277,4096,6.219428072244848,88.5652325768134,355.2538000003551
07849dcf5b7480d15db8890f015522011ce38868_satellite.tif,mask_supervised_cems_hls,0.8,78.94353803466349,0.8561205267906189,0.6470588235294118,0.8449140191078186,0.8388671875,15.192938778177279,0.7534023272649856,,549.7035243996902,99.8180837568593,2772.1376953125,5.04296875,5.1396484375,3277,4096,6.106548253895138,83.26519450561915,279.29299999959767
07849dcf5b7480d15db8890f015522011ce38868_satellite.tif,hybrid_fixed_0p95_mask_supervised_cems_hls_0p05,0.8,85.34105932011325,0.9957333207130432,0.5294117647058824,0.981468677520752,1.0,19.243291566252196,0.8839272783098452,,559.4538825384312,99.82125425683657,2772.1376953125,4.955078125,5.1396484375,3277,4096,6.221158453200727,88.56344132150844,270.97430000139866
07849dcf5b7480d15db8890f015522011ce38868_satellite.tif,hybrid_fixed_0p90_mask_supervised_cems_hls_0p10,0.8,85.38187538876254,0.996425449848175,0.5294117647058824,0.9821252226829529,1.0,19.22876089647367,0.8834252385317152,,559.4538825384312,99.82125425683657,2772.1376953125,4.955078125,5.1396484375,3277,4096,6.220955287960566,88.55454119718745,310.9344000040437
07849dcf5b7480d15db8890f015522011ce38868_satellite.tif,hybrid_fixed_0p80_mask_supervised_cems_hls_0p20,0.8,85.38454686894137,0.9965060949325562,0.5294117647058824,0.9820975065231323,1.0,19.289399270344756,0.8849921589949321,,558.7931102362205,99.82104289017141,2772.1376953125,4.9609375,5.1396484375,3277,4096,6.223833843410754,88.55379998809573,256.5288999976474
07849dcf5b7480d15db8890f015522011ce38868_satellite.tif,hybrid_fixed_0p70_mask_supervised_cems_hls_0p30,0.8,85.40590440525729,0.9968215227127075,0.5294117647058824,0.9825345277786255,1.0,19.30036611230458,0.8859286358878093,,558.6831332414879,99.8210076623939,2772.1376953125,4.9619140625,5.1396484375,3277,4096,6.2255689552824025,88.51649246381271,276.08609999879263
07849dcf5b7480d15db8890f015522011ce38868_satellite.tif,hybrid_fixed_0p60_mask_supervised_cems_hls_0p40,0.8,85.46660339131076,0.9978311657905579,0.5294117647058824,0.9835501909255981,1.0,19.26453048800455,0.885473956173044,,557.3667779304928,99.82058492906359,2772.1376953125,4.9736328125,5.1396484375,3277,4096,6.22882496801569,88.43641942102586,288.8874000054784
07849dcf5b7480d15db8890f015522011ce38868_satellite.tif,hybrid_fixed_0p50_mask_supervised_cems_hls_0p50,0.8,87.084057190839,0.9953025579452515,0.5882352941176471,0.9812448024749756,1.0,19.16206437603034,0.8841551292137326,,556.1655564263323,99.8201974235108,2772.1376953125,4.984375,5.1396484375,3277,4096,6.2363699459802735,88.29327622279847,276.7217000000528
0868a5a61f73aa0214d4f02f140c09ab7af18801_satellite.tif,fixed_mission_utility,0.8,100.0,1.0,1.0,1.0,1.0,11.073793590364886,0.3211305725068627,,561.8727168949772,99.82202374845211,2883.9873046875,5.1328125,5.4736328125,3277,4096,5.927204045726634,91.79156982937296,269.05339999939315
0868a5a61f73aa0214d4f02f140c09ab7af18801_satellite.tif,mask_supervised_cems_hls,0.8,100.0,1.0,1.0,1.0,1.0,12.83101548837795,0.5225837362206421,,551.1763717805151,99.81856987142434,2883.9873046875,5.232421875,5.4736328125,3277,4096,5.942975455634506,86.91519503460005,286.2451999972109
0868a5a61f73aa0214d4f02f140c09ab7af18801_satellite.tif,hybrid_fixed_0p95_mask_supervised_cems_hls_0p05,0.8,100.0,1.0,1.0,1.0,1.0,11.078468169998931,0.321665557031448,,562.3006473724296,99.82215919461007,2883.9873046875,5.12890625,5.4736328125,3277,4096,5.926863815657386,91.78399334035065,295.1593999969191
0868a5a61f73aa0214d4f02f140c09ab7af18801_satellite.tif,hybrid_fixed_0p90_mask_supervised_cems_hls_0p10,0.8,100.0,1.0,1.0,1.0,1.0,11.090524388429117,0.3230155750093418,,562.0866006851923,99.82209147153108,2883.9873046875,5.130859375,5.4736328125,3277,4096,5.927281265799083,91.78264140178905,327.9245000012452
0868a5a61f73aa0214d4f02f140c09ab7af18801_satellite.tif,hybrid_fixed_0p80_mask_supervised_cems_hls_0p20,0.8,100.0,1.0,1.0,1.0,1.0,11.096118590225556,0.32343788185996014,,561.6589958158996,99.82195602537313,2883.9873046875,5.134765625,5.4736328125,3277,4096,5.925291468913673,91.77415235423764,283.0303000009735
0868a5a61f73aa0214d4f02f140c09ab7af18801_satellite.tif,hybrid_fixed_0p70_mask_supervised_cems_hls_0p30,0.8,100.0,1.0,1.0,1.0,1.0,11.10204528722955,0.323515418740793,,561.1254037621129,99.82178671767569,2883.9873046875,5.1396484375,5.4736328125,3277,4096,5.925641802701316,91.77202305100313,293.2758000024478
0868a5a61f73aa0214d4f02f140c09ab7af18801_satellite.tif,hybrid_fixed_0p60_mask_supervised_cems_hls_0p40,0.8,100.0,1.0,1.0,1.0,1.0,11.124928883464559,0.32275294716589314,,560.0612554523042,99.82144810228081,2883.9873046875,5.1494140625,5.4736328125,3277,4096,5.927879855056876,91.7531128103727,313.5935999962385
0868a5a61f73aa0214d4f02f140c09ab7af18801_satellite.tif,hybrid_fixed_0p50_mask_supervised_cems_hls_0p50,0.8,100.0,1.0,1.0,1.0,1.0,11.172458249334348,0.32603383478794873,,561.2320410490308,99.82182057921518,2883.9873046875,5.138671875,5.4736328125,3277,4096,5.931508474480417,91.71955656865826,280.9888999981922
1c805ec597141c129c019dae64aed9188913de87_satellite.tif,fixed_mission_utility,0.8,100.0,1.0,1.0,1.0,1.0,17.665384374550904,0.8009685116506539,,527.4128913443831,99.8103952299211,2796.73046875,5.302734375,5.552734375,3277,4096,6.126328590728833,86.95632009641463,260.6030000024475
1c805ec597141c129c019dae64aed9188913de87_satellite.tif,mask_supervised_cems_hls,0.8,100.0,1.0,1.0,1.0,1.0,17.45435775460796,0.7741463786654893,,522.6007299270073,99.80864932964413,2796.73046875,5.3515625,5.552734375,3277,4096,6.0687797327642885,80.97928185988401,222.81630000361474
1c805ec597141c129c019dae64aed9188913de87_satellite.tif,hybrid_fixed_0p95_mask_supervised_cems_hls_0p05,0.8,100.0,1.0,1.0,1.0,1.0,17.665475106165587,0.8011660911276841,,527.1216639057611,99.81029047590448,2796.73046875,5.3056640625,5.552734375,3277,4096,6.128635895411598,86.94778119582914,265.16719999926863
1c805ec597141c129c019dae64aed9188913de87_satellite.tif,hybrid_fixed_0p90_mask_supervised_cems_hls_0p10,0.8,100.0,1.0,1.0,1.0,1.0,17.652108391269728,0.80116806659668,,527.7044407591671,99.81049998393772,2796.73046875,5.2998046875,5.552734375,3277,4096,6.127927709998687,86.94147791137596,270.81120000366354
1c805ec597141c129c019dae64aed9188913de87_satellite.tif,hybrid_fixed_0p80_mask_supervised_cems_hls_0p20,0.8,100.0,1.0,1.0,1.0,1.0,17.640700775854896,0.8006205733145849,,528.1910734046477,99.81067457396541,2796.73046875,5.294921875,5.552734375,3277,4096,6.124000231661576,86.95500050637666,277.9879000008805
1c805ec597141c129c019dae64aed9188913de87_satellite.tif,hybrid_fixed_0p70_mask_supervised_cems_hls_0p30,0.8,100.0,1.0,1.0,1.0,1.0,17.64680642318369,0.8004051515939983,,528.5810262089332,99.81081424598757,2796.73046875,5.291015625,5.552734375,3277,4096,6.125502703149031,86.95119547490796,264.2090000008466
1c805ec597141c129c019dae64aed9188913de87_satellite.tif,hybrid_fixed_0p60_mask_supervised_cems_hls_0p40,0.8,100.0,1.0,1.0,1.0,1.0,17.656873487831323,0.7998288975692194,,528.3859778597786,99.8107444099765,2796.73046875,5.29296875,5.552734375,3277,4096,6.127054767370012,86.93251622951617,262.7089000015985
1c805ec597141c129c019dae64aed9188913de87_satellite.tif,hybrid_fixed_0p50_mask_supervised_cems_hls_0p50,0.8,100.0,1.0,1.0,1.0,1.0,17.653493213739033,0.7997493635332968,,527.6072218128224,99.81046506593218,2796.73046875,5.30078125,5.552734375,3277,4096,6.127016921072972,86.90930169409097,271.86749999964377
39103442c5a4cfae25717678bc185c94c0ae955d_satellite.tif,fixed_mission_utility,0.8,100.0,1.0,1.0,1.0,1.0,19.129958274438582,0.8695505422952676,,551.4742326638878,99.81866786501166,2842.4619140625,5.154296875,5.474609375,3277,4096,6.0474774871839925,89.66199849490408,323.8719000000856
39103442c5a4cfae25717678bc185c94c0ae955d_satellite.tif,mask_supervised_cems_hls,0.8,100.0,1.0,1.0,1.0,1.0,18.850692416450194,0.839385645589806,,541.0187732342007,99.81516353045903,2842.4619140625,5.25390625,5.474609375,3277,4096,6.0399259612801455,84.8347015891427,214.75359999749344
39103442c5a4cfae25717678bc185c94c0ae955d_satellite.tif,hybrid_fixed_0p95_mask_supervised_cems_hls_0p05,0.8,100.0,1.0,1.0,1.0,1.0,19.126429830318727,0.8693857501250268,,550.6396140749149,99.81839301524282,2842.4619140625,5.162109375,5.474609375,3277,4096,6.046747061995308,89.67620761656244,273.73069999885047
39103442c5a4cfae25717678bc185c94c0ae955d_satellite.tif,hybrid_fixed_0p90_mask_supervised_cems_hls_0p10,0.8,100.0,1.0,1.0,1.0,1.0,19.127465266967988,0.8694880723258703,,551.2653409090909,99.81859915256945,2842.4619140625,5.15625,5.474609375,3277,4096,6.046917251978599,89.68736569982788,295.1709999979357
39103442c5a4cfae25717678bc185c94c0ae955d_satellite.tif,hybrid_fixed_0p80_mask_supervised_cems_hls_0p20,0.8,100.0,1.0,1.0,1.0,1.0,19.11641571567848,0.8693392019040581,,551.4742326638878,99.81866786501166,2842.4619140625,5.154296875,5.474609375,3277,4096,6.045951095592924,89.68936444130567,309.5495000015944
39103442c5a4cfae25717678bc185c94c0ae955d_satellite.tif,hybrid_fixed_0p70_mask_supervised_cems_hls_0p30,0.8,100.0,1.0,1.0,1.0,1.0,19.142944833464707,0.8694197145473773,,551.5787379192723,99.81870222123275,2842.4619140625,5.1533203125,5.474609375,3277,4096,6.048478509473056,89.66587767228934,300.76109999936307
39103442c5a4cfae25717678bc185c94c0ae955d_satellite.tif,hybrid_fixed_0p60_mask_supervised_cems_hls_0p40,0.8,100.0,1.0,1.0,1.0,1.0,19.179415112120275,0.869911683184052,,551.2653409090909,99.81859915256945,2842.4619140625,5.15625,5.474609375,3277,4096,6.054290463075905,89.64174956254959,282.96209999825805
39103442c5a4cfae25717678bc185c94c0ae955d_satellite.tif,hybrid_fixed_0p50_mask_supervised_cems_hls_0p50,0.8,100.0,1.0,1.0,1.0,1.0,19.21625840824633,0.869942806551824,,551.8924914675767,99.81880528989608,2842.4619140625,5.150390625,5.474609375,3277,4096,6.0587773258996585,89.60016826788068,271.98589999898104
4c647e695e17c6f740c9f90a1d69141674732878_satellite.tif,fixed_mission_utility,0.8,93.52034300310163,1.0,0.7857142857142857,1.0,0.9948914431673053,23.908744827569105,0.9724424383884014,,594.2745721271393,99.83172761432134,2373.6162109375,3.994140625,3.7763671875,3277,4096,4.963806071210578,99.52085857103002,247.85410000185948
4c647e695e17c6f740c9f90a1d69141674732878_satellite.tif,mask_supervised_cems_hls,0.8,95.27809334397207,1.0,0.8571428571428571,0.9807446599006653,0.9948914431673053,23.623726441221425,0.9690509837088854,,582.5941994247363,99.82835393812924,2373.6162109375,4.07421875,3.7763671875,3277,4096,4.77921057693519,95.33369923712712,231.85860000376124
4c647e695e17c6f740c9f90a1d69141674732878_satellite.tif,hybrid_fixed_0p95_mask_supervised_cems_hls_0p05,0.8,93.52034300310163,1.0,0.7857142857142857,1.0,0.9948914431673053,23.908602068506625,0.9724411152834461,,595.1476493633693,99.83197446867685,2373.6162109375,3.98828125,3.7763671875,3277,4096,4.964926424048754,99.52451152071838,230.52199999801815
4c647e695e17c6f740c9f90a1d69141674732878_satellite.tif,hybrid_fixed_0p90_mask_supervised_cems_hls_0p10,0.8,93.52034300310163,1.0,0.7857142857142857,1.0,0.9948914431673053,23.909669144382914,0.9724522700707685,,595.4392454679079,99.83205675346203,2373.6162109375,3.986328125,3.7763671875,3277,4096,4.965207874976721,99.52623525635259,256.5684000001056
4c647e695e17c6f740c9f90a1d69141674732878_satellite.tif,hybrid_fixed_0p80_mask_supervised_cems_hls_0p20,0.8,93.52034300310163,1.0,0.7857142857142857,1.0,0.9948914431673053,23.909964688679175,0.9724587748572231,,594.4199070677428,99.83176875671393,2373.6162109375,3.9931640625,3.7763671875,3277,4096,4.964483909820741,99.52418047215288,263.39249999728054
4c647e695e17c6f740c9f90a1d69141674732878_satellite.tif,hybrid_fixed_0p70_mask_supervised_cems_hls_0p30,0.8,93.52034300310163,1.0,0.7857142857142857,1.0,0.9948914431673053,23.910321955941495,0.9724881374835498,,592.5360799609946,99.83123390561029,2373.6162109375,4.005859375,3.7763671875,3277,4096,4.959561591749438,99.49355277210937,254.6333999998751
4c647e695e17c6f740c9f90a1d69141674732878_satellite.tif,hybrid_fixed_0p60_mask_supervised_cems_hls_0p40,0.8,93.52034300310163,1.0,0.7857142857142857,1.0,0.9948914431673053,23.90751436870461,0.9724534088150985,,590.951373693168,99.83078133929185,2373.6162109375,4.0166015625,3.7763671875,3277,4096,4.957210805146076,99.46559629152547,250.77260000398383
4c647e695e17c6f740c9f90a1d69141674732878_satellite.tif,hybrid_fixed_0p50_mask_supervised_cems_hls_0p50,0.8,93.52034300310163,1.0,0.7857142857142857,1.0,0.9948914431673053,23.906320052930106,0.9724776639322116,,590.0905559601845,99.83053448493632,2373.6162109375,4.0224609375,3.7763671875,3277,4096,4.945606669938139,99.41908967580528,243.64140000398038
50cff3617ff6999f46dec03ed979fca485e143c4_satellite.tif,fixed_mission_utility,0.8,98.33333333333336,1.0,0.9444444444444444,1.0,1.0,17.81354558111406,0.8124041346747012,,522.9979485266691,99.80879466108479,2738.5888671875,5.236328125,5.3857421875,3277,4096,6.003267356458324,87.75951825166595,313.8260999985505
50cff3617ff6999f46dec03ed979fca485e143c4_satellite.tif,mask_supervised_cems_hls,0.8,93.33333333333334,1.0,0.7777777777777778,1.0,1.0,17.255770100463298,0.7798969181676831,,524.8577578139622,99.80947218839539,2738.5888671875,5.2177734375,5.3857421875,3277,4096,5.904250040936345,83.31678670331839,279.86979999695905
50cff3617ff6999f46dec03ed979fca485e143c4_satellite.tif,hybrid_fixed_0p95_mask_supervised_cems_hls_0p05,0.8,98.33333333333336,1.0,0.9444444444444444,1.0,1.0,17.81867579337043,0.8126611693643706,,523.1930970149253,99.80886597974906,2738.5888671875,5.234375,5.3857421875,3277,4096,6.005438715533106,87.75074859371551,283.44169999763835
50cff3617ff6999f46dec03ed979fca485e143c4_satellite.tif,hybrid_fixed_0p90_mask_supervised_cems_hls_0p10,0.8,98.33333333333336,1.0,0.9444444444444444,1.0,1.0,17.838137150773075,0.8132139038302199,,523.7794172581248,99.80907993574189,2738.5888671875,5.228515625,5.3857421875,3277,4096,6.007082142149952,87.76416496169787,272.87349999824073
50cff3617ff6999f46dec03ed979fca485e143c4_satellite.tif,hybrid_fixed_0p80_mask_supervised_cems_hls_0p20,0.8,98.33333333333336,1.0,0.9444444444444444,1.0,1.0,17.842446365360914,0.8133981433565382,,523.9751494768311,99.80915125440616,2738.5888671875,5.2265625,5.3857421875,3277,4096,6.004811715575848,87.77317635600836,268.34339999913936
50cff3617ff6999f46dec03ed979fca485e143c4_satellite.tif,hybrid_fixed_0p70_mask_supervised_cems_hls_0p30,0.8,98.33333333333336,1.0,0.9444444444444444,1.0,1.0,17.869198537044714,0.8140792953893535,,523.0955045700429,99.80883032041693,2738.5888671875,5.2353515625,5.3857421875,3277,4096,6.005804618410687,87.75418662194723,259.5304999995278
50cff3617ff6999f46dec03ed979fca485e143c4_satellite.tif,hybrid_fixed_0p60_mask_supervised_cems_hls_0p40,0.8,98.33333333333336,1.0,0.9444444444444444,1.0,1.0,17.860001377054513,0.8137433638803373,,524.4651206283897,99.80932955106684,2738.5888671875,5.2216796875,5.3857421875,3277,4096,6.00285411020936,87.7362108376185,270.07839999714633
50cff3617ff6999f46dec03ed979fca485e143c4_satellite.tif,hybrid_fixed_0p50_mask_supervised_cems_hls_0p50,0.8,98.33333333333336,1.0,0.9444444444444444,1.0,1.0,17.862955306870695,0.8138681278813962,,526.3353978978979,99.81000707837742,2738.5888671875,5.203125,5.3857421875,3277,4096,6.0015721715845896,87.71750312931076,281.2997000000905
7fbe6c7c816b044fd2d9379571ff1c09d4f018d6_satellite.tif,fixed_mission_utility,0.8,100.0,1.0,1.0,1.0,1.0,17.784790192112002,0.8192657749405193,,519.7239611934834,99.8075901681147,2772.70703125,5.3349609375,5.587890625,3277,4096,6.165955402843172,89.67446497437764,284.98649999528425
7fbe6c7c816b044fd2d9379571ff1c09d4f018d6_satellite.tif,mask_supervised_cems_hls,0.8,100.0,1.0,1.0,1.0,1.0,17.52322719797196,0.7997204555781185,,517.7337709700948,99.80685053669065,2772.70703125,5.35546875,5.587890625,3277,4096,6.119211455176849,85.17402343252643,261.07929999852786
7fbe6c7c816b044fd2d9379571ff1c09d4f018d6_satellite.tif,hybrid_fixed_0p95_mask_supervised_cems_hls_0p05,0.8,100.0,1.0,1.0,1.0,1.0,17.783385692841314,0.819187036275339,,519.8191138777005,99.8076253886587,2772.70703125,5.333984375,5.587890625,3277,4096,6.164943801189723,89.66920051304089,288.2363000026089
7fbe6c7c816b044fd2d9379571ff1c09d4f018d6_satellite.tif,hybrid_fixed_0p90_mask_supervised_cems_hls_0p10,0.8,100.0,1.0,1.0,1.0,1.0,17.771126313098858,0.8188731667580689,,519.8191138777005,99.8076253886587,2772.70703125,5.333984375,5.587890625,3277,4096,6.16214410191437,89.66745228966465,270.30199999717297
7fbe6c7c816b044fd2d9379571ff1c09d4f018d6_satellite.tif,hybrid_fixed_0p80_mask_supervised_cems_hls_0p20,0.8,100.0,1.0,1.0,1.0,1.0,17.781761760506633,0.8188872225336709,,519.1537758273907,99.80737884485069,2772.70703125,5.3408203125,5.587890625,3277,4096,6.162620995418672,89.6433531953499,304.16730000433745
7fbe6c7c816b044fd2d9379571ff1c09d4f018d6_satellite.tif,hybrid_fixed_0p70_mask_supervised_cems_hls_0p30,0.8,100.0,1.0,1.0,1.0,1.0,17.775923050501433,0.8187826077612791,,520.2954004031519,99.80780149137871,2772.70703125,5.3291015625,5.587890625,3277,4096,6.161509489070316,89.61313861775301,303.2766999967862
7fbe6c7c816b044fd2d9379571ff1c09d4f018d6_satellite.tif,hybrid_fixed_0p60_mask_supervised_cems_hls_0p40,0.8,100.0,1.0,1.0,1.0,1.0,17.78748584944436,0.8183311030311637,,519.5337602927722,99.8075197270267,2772.70703125,5.3369140625,5.587890625,3277,4096,6.162002223430284,89.57248087938406,292.4289000002318
7fbe6c7c816b044fd2d9379571ff1c09d4f018d6_satellite.tif,hybrid_fixed_0p50_mask_supervised_cems_hls_0p50,0.8,100.0,1.0,1.0,1.0,1.0,17.781271544513512,0.8186058207908077,,519.4387120380534,99.8074845064827,2772.70703125,5.337890625,5.587890625,3277,4096,6.1616116186417145,89.56224882483104,272.4912999983644
b34cc1134cfea8377982c9523792873ed5644de9_satellite.tif,fixed_mission_utility,0.8,100.0,1.0,1.0,1.0,1.0,21.34162949477174,0.9579461313844306,,606.4097047379263,99.83509498740094,2587.30859375,4.2666015625,3.9443359375,3277,4096,5.2990228516846765,99.2568512596299,251.69150000147056
b34cc1134cfea8377982c9523792873ed5644de9_satellite.tif,mask_supervised_cems_hls,0.8,100.0,1.0,1.0,1.0,1.0,21.35915956198559,0.9584418914641656,,613.287962962963,99.83694445996156,2587.30859375,4.21875,3.9443359375,3277,4096,5.231686958122643,98.98104920959038,223.49140000005718
b34cc1134cfea8377982c9523792873ed5644de9_satellite.tif,hybrid_fixed_0p95_mask_supervised_cems_hls_0p05,0.8,100.0,1.0,1.0,1.0,1.0,21.34189033851041,0.9579543112855274,,606.8263857077417,99.83520822041486,2587.30859375,4.263671875,3.9443359375,3277,4096,5.295332477397848,99.25024441730788,250.47769999946468
b34cc1134cfea8377982c9523792873ed5644de9_satellite.tif,hybrid_fixed_0p90_mask_supervised_cems_hls_0p10,0.8,100.0,1.0,1.0,1.0,1.0,21.34119212775866,0.9579452219209047,,606.4097047379263,99.83509498740094,2587.30859375,4.2666015625,3.9443359375,3277,4096,5.291559048697261,99.24475813847332,241.88800000410993
b34cc1134cfea8377982c9523792873ed5644de9_satellite.tif,hybrid_fixed_0p80_mask_supervised_cems_hls_0p20,0.8,100.0,1.0,1.0,1.0,1.0,21.343102489616737,0.9579743027662991,,607.3828519027969,99.83535919776673,2587.30859375,4.259765625,3.9443359375,3277,4096,5.292643234930777,99.23489717978374,252.00049999693874
b34cc1134cfea8377982c9523792873ed5644de9_satellite.tif,hybrid_fixed_0p70_mask_supervised_cems_hls_0p30,0.8,100.0,1.0,1.0,1.0,1.0,21.34419371495243,0.9579926200411124,,608.4988516306844,99.83566115247052,2587.30859375,4.251953125,3.9443359375,3277,4096,5.289253128985271,99.23298773960113,245.73380000219913
b34cc1134cfea8377982c9523792873ed5644de9_satellite.tif,hybrid_fixed_0p60_mask_supervised_cems_hls_0p40,0.8,100.0,1.0,1.0,1.0,1.0,21.348161913212557,0.9580489289870538,,607.3828519027969,99.83535919776673,2587.30859375,4.259765625,3.9443359375,3277,4096,5.2871679133135725,99.22292059722986,255.47280000319006
b34cc1134cfea8377982c9523792873ed5644de9_satellite.tif,hybrid_fixed_0p50_mask_supervised_cems_hls_0p50,0.8,100.0,1.0,1.0,1.0,1.0,21.34866509003662,0.9580722683960359,,609.7592635212889,99.83600085151227,2587.30859375,4.2431640625,3.9443359375,3277,4096,5.279423353309638,99.21972923241759,256.708199995046
b6098a95902ff86886b15b451625a79805bb2035_satellite.tif,fixed_mission_utility,0.8,100.0,1.0,1.0,1.0,1.0,15.593351086986551,0.7736520358189866,,528.3796603912883,99.8107421471789,2795.6650390625,5.291015625,5.5859375,3277,4096,6.134794200454598,88.80457074810468,304.867099999683
b6098a95902ff86886b15b451625a79805bb2035_satellite.tif,mask_supervised_cems_hls,0.8,100.0,1.0,1.0,1.0,1.0,14.98335909026773,0.7271027444948122,,527.0178571428571,99.8102531087995,2795.6650390625,5.3046875,5.5859375,3277,4096,6.066962864389108,86.26459463787842,270.68810000491794
b6098a95902ff86886b15b451625a79805bb2035_satellite.tif,hybrid_fixed_0p95_mask_supervised_cems_hls_0p05,0.8,100.0,1.0,1.0,1.0,1.0,15.582879170107436,0.7731264569428518,,528.5747784342689,99.81081200980452,2795.6650390625,5.2890625,5.5859375,3277,4096,6.133950656968886,88.798893466805,292.0871000023908
b6098a95902ff86886b15b451625a79805bb2035_satellite.tif,hybrid_fixed_0p90_mask_supervised_cems_hls_0p10,0.8,100.0,1.0,1.0,1.0,1.0,15.567878198742434,0.7723761992186922,,527.1148959675935,99.81028804011233,2795.6650390625,5.3037109375,5.5859375,3277,4096,6.135488726549093,88.79320206291501,318.9965999990818
b6098a95902ff86886b15b451625a79805bb2035_satellite.tif,hybrid_fixed_0p80_mask_supervised_cems_hls_0p20,0.8,100.0,1.0,1.0,1.0,1.0,15.578838865760407,0.7720397142333777,,527.21197053407,99.81032297142514,2795.6650390625,5.302734375,5.5859375,3277,4096,6.134868931487127,88.73594202055288,286.8855999986408
b6098a95902ff86886b15b451625a79805bb2035_satellite.tif,hybrid_fixed_0p70_mask_supervised_cems_hls_0p30,0.8,100.0,1.0,1.0,1.0,1.0,15.558229530213774,0.7707508364284263,,528.6723915050785,99.81084694111733,2795.6650390625,5.2880859375,5.5859375,3277,4096,6.130806799528866,88.71256913361016,257.1771000002627
b6098a95902ff86886b15b451625a79805bb2035_satellite.tif,hybrid_fixed_0p60_mask_supervised_cems_hls_0p40,0.8,100.0,1.0,1.0,1.0,1.0,15.55492417626645,0.769462120463756,,527.6978801843318,99.8104976279892,2795.6650390625,5.2978515625,5.5859375,3277,4096,6.126880079664262,88.6679629321548,297.99389999971027
b6098a95902ff86886b15b451625a79805bb2035_satellite.tif,hybrid_fixed_0p50_mask_supervised_cems_hls_0p50,0.8,100.0,1.0,1.0,1.0,1.0,15.537502132693902,0.7672924837087696,,528.2821553792213,99.81070721586607,2795.6650390625,5.2919921875,5.5859375,3277,4096,6.1232914282149356,88.5723671184295,292.6032000032137
c261cf7fe6f97c9efb540270444e381dad917b01_satellite.tif,fixed_mission_utility,0.8,99.65820312500003,1.0,1.0,1.0,0.9658203125,14.9649226027992,0.6389002559330247,,540.4731500276804,99.81497693272112,2860.1796875,5.2919921875,5.6064453125,3277,4096,6.060864558787726,87.01184346299367,290.2805000048829
c261cf7fe6f97c9efb540270444e381dad917b01_satellite.tif,mask_supervised_cems_hls,0.8,95.35306811332704,0.9646009206771851,1.0,0.9468500018119812,0.783203125,15.254526373479782,0.5968544688142579,,535.2383040935673,99.81316733269053,2860.1796875,5.34375,5.6064453125,3277,4096,6.066037110135383,79.58373846840972,211.8664000008721
c261cf7fe6f97c9efb540270444e381dad917b01_satellite.tif,hybrid_fixed_0p95_mask_supervised_cems_hls_0p05,0.8,99.77539062500003,1.0,1.0,1.0,0.9775390625,14.93860233143105,0.6386163386507854,,540.4731500276804,99.81497693272112,2860.1796875,5.2919921875,5.6064453125,3277,4096,6.060302655629346,87.01235683373461,292.53779999999097
c261cf7fe6f97c9efb540270444e381dad917b01_satellite.tif,hybrid_fixed_0p90_mask_supervised_cems_hls_0p10,0.8,99.72656250000003,1.0,1.0,1.0,0.97265625,14.947859986701726,0.6389503030443489,,540.7725258493354,99.81507936291153,2860.1796875,5.2890625,5.6064453125,3277,4096,6.061665073452803,87.00034395839643,285.11960000469116
c261cf7fe6f97c9efb540270444e381dad917b01_satellite.tif,hybrid_fixed_0p80_mask_supervised_cems_hls_0p20,0.8,99.63867187500003,1.0,1.0,1.0,0.9638671875,14.944699167209876,0.6393918936699562,,541.672646569262,99.81538665348276,2860.1796875,5.2802734375,5.6064453125,3277,4096,6.060650831590253,87.00323936937538,298.62149999826215
c261cf7fe6f97c9efb540270444e381dad917b01_satellite.tif,hybrid_fixed_0p70_mask_supervised_cems_hls_0p30,0.8,99.52148437500003,1.0,1.0,1.0,0.9521484375,14.95262653518074,0.6402240985863547,,541.5724852071006,99.81535251008596,2860.1796875,5.28125,5.6064453125,3277,4096,6.060361618444887,86.9893886267846,266.0851999971783
c261cf7fe6f97c9efb540270444e381dad917b01_satellite.tif,hybrid_fixed_0p60_mask_supervised_cems_hls_0p40,0.8,99.96093750000003,1.0,1.0,1.0,0.99609375,14.923193503143144,0.6397374483820285,,541.2722232489374,99.81525007989555,2860.1796875,5.2841796875,5.6064453125,3277,4096,6.061441150545919,86.958514510424,293.73499999928754
c261cf7fe6f97c9efb540270444e381dad917b01_satellite.tif,hybrid_fixed_0p50_mask_supervised_cems_hls_0p50,0.8,99.56054687500003,1.0,1.0,1.0,0.9560546875,14.905142783952526,0.639754914469945,,543.4819075895342,99.81600123462523,2860.1796875,5.2626953125,5.6064453125,3277,4096,6.058653147210698,86.88888090312182,296.85159999644384
eec53094f80aa70a06af49b46e1f0e3d3676b4f9_satellite.tif,fixed_mission_utility,0.8,93.75000000000001,1.0,0.7916666666666666,1.0,1.0,18.190199242312165,0.8501666735285922,,531.539708863092,99.81186730110176,2817.056640625,5.2998046875,5.6015625,3277,4096,6.125817903345238,89.61250828631529,286.01899999921443
eec53094f80aa70a06af49b46e1f0e3d3676b4f9_satellite.tif,mask_supervised_cems_hls,0.8,95.00000000000001,1.0,0.8333333333333334,1.0,1.0,17.86330595678354,0.8249253704561645,,529.4908223201174,99.81113931387551,2817.056640625,5.3203125,5.6015625,3277,4096,6.101295660149069,84.44105852036446,220.7256000037887
eec53094f80aa70a06af49b46e1f0e3d3676b4f9_satellite.tif,hybrid_fixed_0p95_mask_supervised_cems_hls_0p05,0.8,95.00000000000001,1.0,0.8333333333333334,1.0,1.0,18.192148457490866,0.85021870301468,,531.9317720818735,99.81200596533533,2817.056640625,5.2958984375,5.6015625,3277,4096,6.124652918069838,89.61874282325894,288.2549999994808
eec53094f80aa70a06af49b46e1f0e3d3676b4f9_satellite.tif,hybrid_fixed_0p90_mask_supervised_cems_hls_0p10,0.8,95.00000000000001,1.0,0.8333333333333334,1.0,1.0,18.192129251760683,0.8502441039720864,,533.2099815157117,99.81245662409444,2817.056640625,5.283203125,5.6015625,3277,4096,6.125562360400588,89.6142298075423,282.64150000177324
eec53094f80aa70a06af49b46e1f0e3d3676b4f9_satellite.tif,hybrid_fixed_0p80_mask_supervised_cems_hls_0p20,0.8,95.00000000000001,1.0,0.8333333333333334,1.0,1.0,18.18746051210169,0.8500924632286234,,532.2261992619926,99.81210996351051,2817.056640625,5.29296875,5.6015625,3277,4096,6.124076535458027,89.59754659315134,297.9933000024175
eec53094f80aa70a06af49b46e1f0e3d3676b4f9_satellite.tif,hybrid_fixed_0p70_mask_supervised_cems_hls_0p30,0.8,92.50000000000001,1.0,0.75,1.0,1.0,18.265577752998457,0.8506466327755081,,533.9996297667531,99.81273395256159,2817.056640625,5.275390625,5.6015625,3277,4096,6.126065455671451,89.58985354516813,285.2214000013191
eec53094f80aa70a06af49b46e1f0e3d3676b4f9_satellite.tif,hybrid_fixed_0p60_mask_supervised_cems_hls_0p40,0.8,91.25000000000001,1.0,0.7083333333333334,1.0,1.0,18.289439579201005,0.8508743268000256,,533.111439659952,99.81242195803604,2817.056640625,5.2841796875,5.6015625,3277,4096,6.127819517273206,89.56146039993091,291.4959999980056
eec53094f80aa70a06af49b46e1f0e3d3676b4f9_satellite.tif,hybrid_fixed_0p50_mask_supervised_cems_hls_0p50,0.8,93.75000000000001,1.0,0.7916666666666666,1.0,1.0,18.30369002167258,0.8506917108453028,,533.3085598077279,99.81249129015282,2817.056640625,5.2822265625,5.6015625,3277,4096,6.125330377746906,89.50936047279667,299.40309999801684
fb210a0ad9e971efeafbedac7dd6e9418fe81ce9_satellite.tif,fixed_mission_utility,0.8,97.18750000000001,1.0,0.90625,1.0,1.0,19.05510710440507,0.8621635474035488,,532.4058435438266,99.81217336133207,2758.2158203125,5.1806640625,5.509765625,3277,4096,6.020211316804936,90.63508898412638,319.98610000300687
fb210a0ad9e971efeafbedac7dd6e9418fe81ce9_satellite.tif,mask_supervised_cems_hls,0.8,96.25000000000001,1.0,0.875,1.0,1.0,18.703745270738526,0.8322339664712805,,526.3535221766679,99.81001362052929,2758.2158203125,5.240234375,5.509765625,3277,4096,6.028736738196188,86.49388702684072,219.44749999966007
fb210a0ad9e971efeafbedac7dd6e9418fe81ce9_satellite.tif,hybrid_fixed_0p95_mask_supervised_cems_hls_0p05,0.8,97.18750000000001,1.0,0.90625,1.0,1.0,19.054482738890307,0.8620241556567454,,532.3055032039201,99.81213795574514,2758.2158203125,5.181640625,5.509765625,3277,4096,6.019884710382593,90.63274269051121,295.89280000072904
fb210a0ad9e971efeafbedac7dd6e9418fe81ce9_satellite.tif,hybrid_fixed_0p90_mask_supervised_cems_hls_0p10,0.8,99.06250000000001,1.0,0.96875,1.0,1.0,19.100358479429413,0.8627033473103932,,532.4058435438266,99.81217336133207,2758.2158203125,5.1806640625,5.509765625,3277,4096,6.021237127192705,90.63069752548833,287.9002000045148
fb210a0ad9e971efeafbedac7dd6e9418fe81ce9_satellite.tif,hybrid_fixed_0p80_mask_supervised_cems_hls_0p20,0.8,97.18750000000001,1.0,0.90625,1.0,1.0,19.171091154107785,0.863456112957955,,532.2052006783493,99.81210255015822,2758.2158203125,5.1826171875,5.509765625,3277,4096,6.022550206803318,90.60803759891604,300.8906999966712
fb210a0ad9e971efeafbedac7dd6e9418fe81ce9_satellite.tif,hybrid_fixed_0p70_mask_supervised_cems_hls_0p30,0.8,97.18750000000001,1.0,0.90625,1.0,1.0,19.210816666965965,0.862997724122127,,532.3055032039201,99.81213795574514,2758.2158203125,5.181640625,5.509765625,3277,4096,6.023374659453756,90.56120582929748,305.59180000273045
fb210a0ad9e971efeafbedac7dd6e9418fe81ce9_satellite.tif,hybrid_fixed_0p60_mask_supervised_cems_hls_0p40,0.8,98.12500000000001,1.0,0.9375,1.0,1.0,19.243668072496728,0.862523451942488,,533.1092865232163,99.81242120044058,2758.2158203125,5.173828125,5.509765625,3277,4096,6.024085919580619,90.5148257525674,310.3038999979617
fb210a0ad9e971efeafbedac7dd6e9418fe81ce9_satellite.tif,hybrid_fixed_0p50_mask_supervised_cems_hls_0p50,0.8,98.12500000000001,1.0,0.9375,1.0,1.0,19.29059212847036,0.8627600559827127,,532.7070916635232,99.81227957809287,2758.2158203125,5.177734375,5.509765625,3277,4096,6.027411506859542,90.42773058075034,290.0092999989283
095d80ddb2acff0181afca61b0ed86e2ab61b321_satellite.tif,fixed_mission_utility,0.8,100.0,1.0,1.0,1.0,1.0,18.03360482755028,0.8445912414462685,,517.1482563447142,99.80663185310375,2766.0361328125,5.3486328125,5.65625,3277,4096,6.174237760126874,86.25287614261568,291.1850000018603
095d80ddb2acff0181afca61b0ed86e2ab61b321_satellite.tif,mask_supervised_cems_hls,0.8,100.0,1.0,1.0,1.0,1.0,17.566843649603243,0.8247910765109973,,514.0509981851179,99.80546677206532,2766.0361328125,5.380859375,5.65625,3277,4096,6.164607967231822,82.10569424371276,272.09420000144746
095d80ddb2acff0181afca61b0ed86e2ab61b321_satellite.tif,hybrid_fixed_0p95_mask_supervised_cems_hls_0p05,0.8,100.0,1.0,1.0,1.0,1.0,18.03476642844037,0.8447770017217155,,516.5823454313332,99.80642002018769,2766.0361328125,5.3544921875,5.65625,3277,4096,6.1756182484430635,86.24449154929975,279.29220000078203
095d80ddb2acff0181afca61b0ed86e2ab61b321_satellite.tif,hybrid_fixed_0p90_mask_supervised_cems_hls_0p10,0.8,100.0,1.0,1.0,1.0,1.0,18.020328697695106,0.8445863926590425,,517.2426953981008,99.80666715858976,2766.0361328125,5.34765625,5.65625,3277,4096,6.174001835862415,86.22973564715373,319.11059999401914
095d80ddb2acff0181afca61b0ed86e2ab61b321_satellite.tif,hybrid_fixed_0p80_mask_supervised_cems_hls_0p20,0.8,100.0,1.0,1.0,1.0,1.0,17.93236566457577,0.843228713725276,,516.5823454313332,99.80642002018769,2766.0361328125,5.3544921875,5.65625,3277,4096,6.1715668746986445,86.22394131619455,274.7622000024421
095d80ddb2acff0181afca61b0ed86e2ab61b321_satellite.tif,hybrid_fixed_0p70_mask_supervised_cems_hls_0p30,0.8,100.0,1.0,1.0,1.0,1.0,17.866412596130594,0.8423059295091812,,517.4316770186335,99.8067377695618,2766.0361328125,5.345703125,5.65625,3277,4096,6.167505933764531,86.18168689424229,282.86300000036135
095d80ddb2acff0181afca61b0ed86e2ab61b321_satellite.tif,hybrid_fixed_0p60_mask_supervised_cems_hls_0p40,0.8,100.0,1.0,1.0,1.0,1.0,17.834193287375125,0.8417786005214929,,517.0538517707192,99.80659654761774,2766.0361328125,5.349609375,5.65625,3277,4096,6.166911211931528,86.14098540209159,318.2297999956063
095d80ddb2acff0181afca61b0ed86e2ab61b321_satellite.tif,hybrid_fixed_0p50_mask_supervised_cems_hls_0p50,0.8,100.0,1.0,1.0,1.0,1.0,17.814789172008247,0.8411885667284058,,519.1387463343109,99.80737326831004,2766.0361328125,5.328125,5.65625,3277,4096,6.168223646375749,86.05785762223982,280.1720999996178
096bf1efc0cdfda28e28d2b7cbe16a29690252a6_satellite.tif,fixed_mission_utility,0.8,84.77261257171632,0.9876730442047119,0.525,0.9757845401763916,1.0,18.49315650357851,0.8460318685449422,,553.4020423600605,99.81929954654028,2857.802734375,5.1640625,5.447265625,3277,4096,6.1187459177562715,92.02841499105035,300.3460999971139
096bf1efc0cdfda28e28d2b7cbe16a29690252a6_satellite.tif,mask_supervised_cems_hls,0.8,79.44430327415468,0.8985366225242615,0.575,0.8893020749092102,0.8466796875,16.76669883760652,0.7790020768433722,,541.3226045135035,99.81526727469681,2857.802734375,5.279296875,5.447265625,3277,4096,6.078098780406721,87.76143342562831,274.16729999822564
096bf1efc0cdfda28e28d2b7cbe16a29690252a6_satellite.tif,hybrid_fixed_0p95_mask_supervised_cems_hls_0p05,0.8,84.74636626243594,0.9871875047683716,0.525,0.9754433035850525,1.0,18.486067912994162,0.8456408394443449,,554.6607278241091,99.81970960808368,2857.802734375,5.15234375,5.447265625,3277,4096,6.1184024038012375,92.0351444921423,287.5294999976177
096bf1efc0cdfda28e28d2b7cbe16a29690252a6_satellite.tif,hybrid_fixed_0p90_mask_supervised_cems_hls_0p10,0.8,85.50680303573608,0.9873626828193665,0.55,0.9756147861480713,1.0,18.481441934079758,0.8454445758574477,,554.5556187227592,99.81967543628839,2857.802734375,5.1533203125,5.447265625,3277,4096,6.117141596813559,92.02901069591356,292.813500003831
096bf1efc0cdfda28e28d2b7cbe16a29690252a6_satellite.tif,hybrid_fixed_0p80_mask_supervised_cems_hls_0p20,0.8,85.47756695747375,0.986891508102417,0.55,0.9750953316688538,1.0,18.47579793373579,0.8452773717418431,,555.1868715613736,99.8198804670601,2857.802734375,5.1474609375,5.447265625,3277,4096,6.114879573223889,92.0088876547106,282.755599997472
096bf1efc0cdfda28e28d2b7cbe16a29690252a6_satellite.tif,hybrid_fixed_0p70_mask_supervised_cems_hls_0p30,0.8,85.54215455055237,0.9879775643348694,0.55,0.9761525988578796,1.0,18.467139908705665,0.8448709653909678,,556.0307809234278,99.82015384142237,2857.802734375,5.1396484375,5.447265625,3277,4096,6.112499006932207,91.98204165862302,289.82360000372864
096bf1efc0cdfda28e28d2b7cbe16a29690252a6_satellite.tif,hybrid_fixed_0p60_mask_supervised_cems_hls_0p40,0.8,85.45172476768495,0.9864662289619446,0.55,0.9746537804603577,1.0,18.449014781467476,0.8445444182233075,,554.5556187227592,99.81967543628839,2857.802734375,5.1533203125,5.447265625,3277,4096,6.108674363362864,91.93691865178766,354.78950000106124
096bf1efc0cdfda28e28d2b7cbe16a29690252a6_satellite.tif,hybrid_fixed_0p50_mask_supervised_cems_hls_0p50,0.8,85.27918481826782,0.9834932088851929,0.55,0.9719728231430054,1.0,18.420767821188008,0.8439766412784233,,553.088263088263,99.81919703115443,2857.802734375,5.1669921875,5.447265625,3277,4096,6.113287775698467,91.89133741044215,308.6648999960744
140ba0aca27436e983a5bc4a94ef07490dca8e2e_satellite.tif,fixed_mission_utility,0.8,100.0,1.0,1.0,1.0,1.0,17.628875510592145,0.8401330513686961,,545.2248406412981,99.81658942779941,2756.4736328125,5.0556640625,5.412109375,3277,4096,5.86408663268894,89.29992914736762,275.5286999963573
140ba0aca27436e983a5bc4a94ef07490dca8e2e_satellite.tif,mask_supervised_cems_hls,0.8,90.62500000000003,1.0,0.6875,1.0,1.0,18.878870380548634,0.8324600140580205,,535.298501801631,99.8131883432077,2756.4736328125,5.1494140625,5.412109375,3277,4096,5.8849926817342375,84.3202890318954,260.2251000062097
140ba0aca27436e983a5bc4a94ef07490dca8e2e_satellite.tif,hybrid_fixed_0p95_mask_supervised_cems_hls_0p05,0.8,100.0,1.0,1.0,1.0,1.0,17.632786329442883,0.8401834384392299,,544.6987649556156,99.81641228797692,2756.4736328125,5.060546875,5.412109375,3277,4096,5.862959777160003,89.28486271570527,294.84729999967385
140ba0aca27436e983a5bc4a94ef07490dca8e2e_satellite.tif,hybrid_fixed_0p90_mask_supervised_cems_hls_0p10,0.8,100.0,1.0,1.0,1.0,1.0,17.63213209325091,0.8400919170805863,,544.383606557377,99.81630600408343,2756.4736328125,5.0634765625,5.412109375,3277,4096,5.863530399918946,89.28592257739625,287.0641000044998
140ba0aca27436e983a5bc4a94ef07490dca8e2e_satellite.tif,hybrid_fixed_0p80_mask_supervised_cems_hls_0p20,0.8,100.0,1.0,1.0,1.0,1.0,17.46113363410247,0.8396202636047466,,544.8038988612237,99.81644771594141,2756.4736328125,5.0595703125,5.412109375,3277,4096,5.865563155860744,89.27234346545495,295.4619999945862
140ba0aca27436e983a5bc4a94ef07490dca8e2e_satellite.tif,hybrid_fixed_0p70_mask_supervised_cems_hls_0p30,0.8,100.0,1.0,1.0,1.0,1.0,17.53400079523653,0.8396575642402876,,545.1195442255697,99.8165539998349,2756.4736328125,5.056640625,5.412109375,3277,4096,5.867798391257908,89.2138636935887,294.82760000246344
140ba0aca27436e983a5bc4a94ef07490dca8e2e_satellite.tif,hybrid_fixed_0p60_mask_supervised_cems_hls_0p40,0.8,100.0,1.0,1.0,1.0,1.0,17.5382409962566,0.8394182903837488,,546.597405112316,99.81704999133785,2756.4736328125,5.04296875,5.412109375,3277,4096,5.865686387226037,89.17214847432616,353.0815999984043
140ba0aca27436e983a5bc4a94ef07490dca8e2e_satellite.tif,hybrid_fixed_0p50_mask_supervised_cems_hls_0p50,0.8,100.0,1.0,1.0,1.0,1.0,17.59602284929621,0.8402001228660363,,545.2248406412981,99.81658942779941,2756.4736328125,5.0556640625,5.412109375,3277,4096,5.866164874188195,89.08176159553102,295.76219999580644
19748ba8bfd34229bae86d9f4a20026af471c8a0_satellite.tif,fixed_mission_utility,0.8,98.42105263157896,1.0,0.9473684210526315,1.0,1.0,17.084812177395264,0.8164166104459675,,537.5368171021378,99.81396623111493,2872.9873046875,5.3447265625,5.7373046875,3277,4096,6.324256160703445,88.8800720264616,300.0107999978354
19748ba8bfd34229bae86d9f4a20026af471c8a0_satellite.tif,mask_supervised_cems_hls,0.8,100.0,1.0,1.0,1.0,1.0,16.938721622554812,0.791544319167976,,527.2292114695341,99.81032917405834,2872.9873046875,5.44921875,5.7373046875,3277,4096,6.296098353631821,84.09837310218545,214.0999000039301
19748ba8bfd34229bae86d9f4a20026af471c8a0_satellite.tif,hybrid_fixed_0p95_mask_supervised_cems_hls_0p05,0.8,98.42105263157896,1.0,0.9473684210526315,1.0,1.0,17.07759648512463,0.8165400379072558,,538.0283467446964,99.81413618705216,2872.9873046875,5.33984375,5.7373046875,3277,4096,6.324827986256629,88.8830704888727,264.61579999886453
19748ba8bfd34229bae86d9f4a20026af471c8a0_satellite.tif,hybrid_fixed_0p90_mask_supervised_cems_hls_0p10,0.8,98.42105263157896,1.0,0.9473684210526315,1.0,1.0,17.079305555228856,0.8165488225065803,,537.8316270566728,99.81406820467726,2872.9873046875,5.341796875,5.7373046875,3277,4096,6.325440081285462,88.8871665016758,289.5563999991282
19748ba8bfd34229bae86d9f4a20026af471c8a0_satellite.tif,hybrid_fixed_0p80_mask_supervised_cems_hls_0p20,0.8,96.8421052631579,1.0,0.8947368421052632,1.0,1.0,17.08315631667505,0.8167453818252729,,539.6073000733676,99.81468004605127,2872.9873046875,5.32421875,5.7373046875,3277,4096,6.324133907563729,88.88205780062442,293.15499999938766
19748ba8bfd34229bae86d9f4a20026af471c8a0_satellite.tif,hybrid_fixed_0p70_mask_supervised_cems_hls_0p30,0.8,96.8421052631579,1.0,0.8947368421052632,1.0,1.0,17.088220955194473,0.816703821223413,,539.8053211009175,99.81474802842615,2872.9873046875,5.322265625,5.7373046875,3277,4096,6.323064965283777,88.87266073257754,266.94279999355786
19748ba8bfd34229bae86d9f4a20026af471c8a0_satellite.tif,hybrid_fixed_0p60_mask_supervised_cems_hls_0p40,0.8,96.8421052631579,1.0,0.8947368421052632,1.0,1.0,17.064903557629897,0.8168961439999275,,541.3947368421053,99.81529188742526,2872.9873046875,5.306640625,5.7373046875,3277,4096,6.322614984048581,88.85050605559285,260.4055000047083
19748ba8bfd34229bae86d9f4a20026af471c8a0_satellite.tif,hybrid_fixed_0p50_mask_supervised_cems_hls_0p50,0.8,96.8421052631579,1.0,0.8947368421052632,1.0,1.0,17.020440271284773,0.8169180341026978,,542.5929546292881,99.81569978167461,2872.9873046875,5.294921875,5.7373046875,3277,4096,6.3197610951055125,88.82584511663057,262.34069999918574
1ce1c690b8d2be41c6a5e39f6522198bde10a853_satellite.tif,fixed_mission_utility,0.8,90.45454545454547,1.0,0.6818181818181818,1.0,1.0,19.153448716163968,0.8503897344707212,,544.7065592635213,99.8164149149678,2773.53515625,5.091796875,5.4521484375,3277,4096,5.955418820540265,90.29065507787074,293.8323999987915
1ce1c690b8d2be41c6a5e39f6522198bde10a853_satellite.tif,mask_supervised_cems_hls,0.8,93.1818181818182,1.0,0.7727272727272727,1.0,1.0,19.78388146789027,0.8528488856614782,,531.7543531173937,99.81194324143516,2773.53515625,5.2158203125,5.4521484375,3277,4096,5.977966620567498,86.14688018490546,251.927400000568
1ce1c690b8d2be41c6a5e39f6522198bde10a853_satellite.tif,hybrid_fixed_0p95_mask_supervised_cems_hls_0p05,0.8,90.45454545454547,1.0,0.6818181818181818,1.0,1.0,19.159127934521006,0.8506212811752183,,543.9762497605823,99.81616844477307,2773.53515625,5.0986328125,5.4521484375,3277,4096,5.956615148127737,90.2805291258919,263.6566999935894
1ce1c690b8d2be41c6a5e39f6522198bde10a853_satellite.tif,hybrid_fixed_0p90_mask_supervised_cems_hls_0p10,0.8,90.45454545454547,1.0,0.6818181818181818,1.0,1.0,19.158765351051045,0.8506652134932211,,543.7679494543366,99.81609802471743,2773.53515625,5.1005859375,5.4521484375,3277,4096,5.9566682983580845,90.2889952888002,281.8576999998186
1ce1c690b8d2be41c6a5e39f6522198bde10a853_satellite.tif,hybrid_fixed_0p80_mask_supervised_cems_hls_0p20,0.8,91.81818181818183,1.0,0.7272727272727273,1.0,1.0,19.19381392922287,0.8511304473755346,,543.4557979334098,99.815992394634,2773.53515625,5.103515625,5.4521484375,3277,4096,5.960297651775153,90.28809107535133,275.8331000004546
1ce1c690b8d2be41c6a5e39f6522198bde10a853_satellite.tif,hybrid_fixed_0p70_mask_supervised_cems_hls_0p30,0.8,91.81818181818183,1.0,0.7272727272727273,1.0,1.0,19.26236174593575,0.8526606122951629,,543.247895944912,99.81592197457836,2773.53515625,5.10546875,5.4521484375,3277,4096,5.9588000344173215,90.27370417232574,315.7844999950612
1ce1c690b8d2be41c6a5e39f6522198bde10a853_satellite.tif,hybrid_fixed_0p60_mask_supervised_cems_hls_0p40,0.8,90.45454545454547,1.0,0.6818181818181818,1.0,1.0,19.390418296290147,0.8550294038073795,,543.5598086124402,99.81602760466181,2773.53515625,5.1025390625,5.4521484375,3277,4096,5.962397951897227,90.24419956362412,276.21950000320794
1ce1c690b8d2be41c6a5e39f6522198bde10a853_satellite.tif,hybrid_fixed_0p50_mask_supervised_cems_hls_0p50,0.8,90.45454545454547,1.0,0.6818181818181818,1.0,1.0,19.45310669719856,0.8555502003532639,,544.1847097145047,99.8162388648287,2773.53515625,5.0966796875,5.4521484375,3277,4096,5.961728681885663,90.20294637332992,282.8012000027229
1cffad58c04e60c03d62dd2342b446311defd4f4_satellite.tif,fixed_mission_utility,0.8,93.63636363636365,1.0,0.7878787878787878,1.0,1.0,17.749022643896954,0.817715785384329,,510.26825281511077,99.80402464890122,2743.6884765625,5.376953125,5.5791015625,3277,4096,6.138735265933833,89.28171020038886,276.6111000019009
1cffad58c04e60c03d62dd2342b446311defd4f4_satellite.tif,mask_supervised_cems_hls,0.8,91.81818181818183,1.0,0.7272727272727273,1.0,1.0,17.252993041475527,0.7963096742950844,,513.3449661976978,99.80519921965791,2743.6884765625,5.3447265625,5.5791015625,3277,4096,6.072083320997235,86.57840948577594,247.85249999695225
1cffad58c04e60c03d62dd2342b446311defd4f4_satellite.tif,hybrid_fixed_0p95_mask_supervised_cems_hls_0p05,0.8,93.63636363636365,1.0,0.7878787878787878,1.0,1.0,17.74330665550081,0.8176151265514392,,510.54642922042524,99.80413142806093,2743.6884765625,5.3740234375,5.5791015625,3277,4096,6.136891012026076,89.29189274983868,283.9804999966873
1cffad58c04e60c03d62dd2342b446311defd4f4_satellite.tif,hybrid_fixed_0p90_mask_supervised_cems_hls_0p10,0.8,93.63636363636365,1.0,0.7878787878787878,1.0,1.0,17.744192952017663,0.8176920435787365,,510.9178032369522,99.80427380027386,2743.6884765625,5.3701171875,5.5791015625,3277,4096,6.137104376429366,89.28269389315554,286.81499999947846
1cffad58c04e60c03d62dd2342b446311defd4f4_satellite.tif,hybrid_fixed_0p80_mask_supervised_cems_hls_0p20,0.8,93.63636363636365,1.0,0.7878787878787878,1.0,1.0,17.728167498615043,0.8174953285002606,,512.3152808169219,99.80480769607234,2743.6884765625,5.35546875,5.5791015625,3277,4096,6.134271502826238,89.26862974522092,270.51099999516737
1cffad58c04e60c03d62dd2342b446311defd4f4_satellite.tif,hybrid_fixed_0p70_mask_supervised_cems_hls_0p30,0.8,92.72727272727275,1.0,0.7575757575757576,1.0,1.0,17.722180587319873,0.8173862952388267,,511.47587839067904,99.80448735859325,2743.6884765625,5.3642578125,5.5791015625,3277,4096,6.132537372360353,89.25984297604815,310.6296999976621
1cffad58c04e60c03d62dd2342b446311defd4f4_satellite.tif,hybrid_fixed_0p60_mask_supervised_cems_hls_0p40,0.8,92.72727272727275,1.0,0.7575757575757576,1.0,1.0,17.709936406871233,0.8167534694754499,,512.8764147499087,99.80502125439173,2743.6884765625,5.349609375,5.5791015625,3277,4096,6.130565435587953,89.22827840206821,300.9197999999742
1cffad58c04e60c03d62dd2342b446311defd4f4_satellite.tif,hybrid_fixed_0p50_mask_supervised_cems_hls_0p50,0.8,93.63636363636365,1.0,0.7878787878787878,1.0,1.0,17.69021857276775,0.8160138743882576,,513.1574429223745,99.80512803355144,2743.6884765625,5.3466796875,5.5791015625,3277,4096,6.128341530469165,89.17763816430168,336.45960000285413
2b73b928cff178cabc814ce1c5f093c3a2f4c310_satellite.tif,fixed_mission_utility,0.8,94.00000000000001,1.0,0.8,1.0,1.0,18.302027420524617,0.8171098398797859,,541.1817332835263,99.81521918821379,2829.5771484375,5.228515625,5.423828125,3277,4096,6.10987901167804,86.76923076923076,282.0203000010224
2b73b928cff178cabc814ce1c5f093c3a2f4c310_satellite.tif,mask_supervised_cems_hls,0.8,88.00000000000001,1.0,0.6,1.0,1.0,18.0300514763549,0.7985138957286918,,539.2680067001675,99.81456344756681,2829.5771484375,5.2470703125,5.423828125,3277,4096,6.0372926846031705,82.60570155004596,258.1110000028275
2b73b928cff178cabc814ce1c5f093c3a2f4c310_satellite.tif,hybrid_fixed_0p95_mask_supervised_cems_hls_0p05,0.8,94.00000000000001,1.0,0.8,1.0,1.0,18.301168458660307,0.8169780605575481,,540.676805374137,99.81504662488562,2829.5771484375,5.2333984375,5.423828125,3277,4096,6.110094180466463,86.7758981074581,345.3617999984999
2b73b928cff178cabc814ce1c5f093c3a2f4c310_satellite.tif,hybrid_fixed_0p90_mask_supervised_cems_hls_0p10,0.8,94.00000000000001,1.0,0.8,1.0,1.0,18.293712480287994,0.8167412673963076,,542.2959011791129,99.81559882753572,2829.5771484375,5.2177734375,5.423828125,3277,4096,6.107524353474683,86.76642910208142,299.89000000205124
2b73b928cff178cabc814ce1c5f093c3a2f4c310_satellite.tif,hybrid_fixed_0p80_mask_supervised_cems_hls_0p20,0.8,94.00000000000001,1.0,0.8,1.0,1.0,18.306684637287173,0.8171838105159405,,542.4989702302939,99.81566785286698,2829.5771484375,5.2158203125,5.423828125,3277,4096,6.108966293685164,86.77381417076948,319.3611999959103
2b73b928cff178cabc814ce1c5f093c3a2f4c310_satellite.tif,hybrid_fixed_0p70_mask_supervised_cems_hls_0p30,0.8,94.00000000000001,1.0,0.8,1.0,1.0,18.313203103571137,0.8174687921908288,,541.4851429639319,99.81532272621068,2829.5771484375,5.2255859375,5.423828125,3277,4096,6.107706931977808,86.77844793935807,285.33389999938663
2b73b928cff178cabc814ce1c5f093c3a2f4c310_satellite.tif,hybrid_fixed_0p60_mask_supervised_cems_hls_0p40,0.8,94.00000000000001,1.0,0.8,1.0,1.0,18.31274671448114,0.8173871482096561,,543.8226351351351,99.81611651752019,2829.5771484375,5.203125,5.423828125,3277,4096,6.10656350062197,86.77890124280697,300.33430000185035
2b73b928cff178cabc814ce1c5f093c3a2f4c310_satellite.tif,hybrid_fixed_0p50_mask_supervised_cems_hls_0p50,0.8,94.00000000000001,1.0,0.8,1.0,1.0,18.317187848248217,0.8173172009436697,,542.7021914216145,99.81573687819825,2829.5771484375,5.2138671875,5.423828125,3277,4096,6.107465552456567,86.77150358235643,320.9904000032111
30700008e01f4bc269fdbb85b8ba6f29cecfde5d_satellite.tif,fixed_mission_utility,0.8,94.37500000000001,1.0,0.8125,1.0,1.0,18.75219297260761,0.8659405684578637,,525.476483762598,99.80969652669523,2749.5146484375,5.232421875,5.4912109375,3277,4096,6.054320969228732,90.24043714827937,293.16519999701995
30700008e01f4bc269fdbb85b8ba6f29cecfde5d_satellite.tif,mask_supervised_cems_hls,0.8,93.43750000000001,1.0,0.78125,1.0,1.0,18.01399051215195,0.8382686789997458,,519.8491506646972,99.80763650402787,2749.5146484375,5.2890625,5.4912109375,3277,4096,6.018629541854345,87.50028139648852,277.00239999830956
30700008e01f4bc269fdbb85b8ba6f29cecfde5d_satellite.tif,hybrid_fixed_0p95_mask_supervised_cems_hls_0p05,0.8,94.37500000000001,1.0,0.8125,1.0,1.0,18.728688649581375,0.8655001281922696,,524.9865746783516,99.80951893853425,2749.5146484375,5.2373046875,5.4912109375,3277,4096,6.053339130569098,90.24917542503525,274.5855999964988
30700008e01f4bc269fdbb85b8ba6f29cecfde5d_satellite.tif,hybrid_fixed_0p90_mask_supervised_cems_hls_0p10,0.8,93.43750000000001,1.0,0.78125,1.0,1.0,18.734419835614702,0.8653300209530427,,524.9865746783516,99.80951893853425,2749.5146484375,5.2373046875,5.4912109375,3277,4096,6.053994507455298,90.23981108271911,309.8346999977366
30700008e01f4bc269fdbb85b8ba6f29cecfde5d_satellite.tif,hybrid_fixed_0p80_mask_supervised_cems_hls_0p20,0.8,93.43750000000001,1.0,0.78125,1.0,1.0,18.709561406283697,0.8645321754628065,,525.5745753220086,99.80973204432743,2749.5146484375,5.2314453125,5.4912109375,3277,4096,6.055794539663255,90.21173137631455,321.5937999993912
30700008e01f4bc269fdbb85b8ba6f29cecfde5d_satellite.tif,hybrid_fixed_0p70_mask_supervised_cems_hls_0p30,0.8,93.43750000000001,1.0,0.78125,1.0,1.0,18.68197013031409,0.863773378804354,,525.182428651371,99.80958997379864,2749.5146484375,5.2353515625,5.4912109375,3277,4096,6.052552916605707,90.19768486284036,283.34280000126455
30700008e01f4bc269fdbb85b8ba6f29cecfde5d_satellite.tif,hybrid_fixed_0p60_mask_supervised_cems_hls_0p40,0.8,94.37500000000001,1.0,0.8125,1.0,1.0,18.70554021057519,0.8640573421191994,,524.8887024608501,99.80948342090205,2749.5146484375,5.23828125,5.4912109375,3277,4096,6.055438960037549,90.14736650850297,279.48469999682857
30700008e01f4bc269fdbb85b8ba6f29cecfde5d_satellite.tif,hybrid_fixed_0p50_mask_supervised_cems_hls_0p50,0.8,93.43750000000001,1.0,0.78125,1.0,1.0,18.684136374647096,0.8633259608456719,,524.1070364854803,99.80919927984448,2749.5146484375,5.24609375,5.4912109375,3277,4096,6.053929896783338,90.12488143050919,287.00380000373116
32c5c5603d35bfcd62932c925aaf58426c1a88b7_satellite.tif,fixed_mission_utility,0.8,100.0,1.0,1.0,1.0,1.0,18.914747955402675,0.8699380998801753,,539.4393353941267,99.81462234316498,2726.697265625,5.0546875,5.1044921875,3277,4096,6.161765728680376,94.55625835747092,279.96690000145463
32c5c5603d35bfcd62932c925aaf58426c1a88b7_satellite.tif,mask_supervised_cems_hls,0.8,89.57622289657596,0.8540017008781433,1.0,0.8352608680725098,0.87109375,15.15941471539065,0.724461098612045,,541.952251552795,99.81548189953362,2726.697265625,5.03125,5.1044921875,3277,4096,5.9122057635319,84.72927682627045,203.0981999996584
32c5c5603d35bfcd62932c925aaf58426c1a88b7_satellite.tif,hybrid_fixed_0p95_mask_supervised_cems_hls_0p05,0.8,100.0,1.0,1.0,1.0,1.0,18.911440084544942,0.8698529343364013,,538.8147433423388,99.81440745407284,2726.697265625,5.060546875,5.1044921875,3277,4096,6.161945703486606,94.55616891296602,270.76669999951264
32c5c5603d35bfcd62932c925aaf58426c1a88b7_satellite.tif,hybrid_fixed_0p90_mask_supervised_cems_hls_0p10,0.8,100.0,1.0,1.0,1.0,1.0,18.93301584038107,0.870471852917783,,538.7107852595022,99.81437163922413,2726.697265625,5.0615234375,5.1044921875,3277,4096,6.162613069248126,94.55601983879119,272.3593000046094
32c5c5603d35bfcd62932c925aaf58426c1a88b7_satellite.tif,hybrid_fixed_0p80_mask_supervised_cems_hls_0p20,0.8,100.0,1.0,1.0,1.0,1.0,18.920070586981662,0.8701417004626304,,538.6068672839506,99.81433582437545,2726.697265625,5.0625,5.1044921875,3277,4096,6.163866046964779,94.54935324169247,318.0517000000691
32c5c5603d35bfcd62932c925aaf58426c1a88b7_satellite.tif,hybrid_fixed_0p70_mask_supervised_cems_hls_0p30,0.8,100.0,1.0,1.0,1.0,1.0,18.912562475355646,0.8697801592356998,,538.6068672839506,99.81433582437545,2726.697265625,5.0625,5.1044921875,3277,4096,6.160762624008329,94.52078466682667,280.41059999668505
32c5c5603d35bfcd62932c925aaf58426c1a88b7_satellite.tif,hybrid_fixed_0p60_mask_supervised_cems_hls_0p40,0.8,100.0,1.0,1.0,1.0,1.0,18.885859112708616,0.8689915289871996,,539.7521747535279,99.81472978771106,2726.697265625,5.0517578125,5.1044921875,3277,4096,6.161964816885846,94.49643190962527,256.7869000049541
32c5c5603d35bfcd62932c925aaf58426c1a88b7_satellite.tif,hybrid_fixed_0p50_mask_supervised_cems_hls_0p50,0.8,100.0,1.0,1.0,1.0,1.0,18.87437289897669,0.8688340007786961,,540.9023634250291,99.81512375104668,2726.697265625,5.041015625,5.1044921875,3277,4096,6.167039335890189,94.42073204364296,259.3208999969647
3a45e2ad3da85ce0b69a17f16a3363f45d104bf1_satellite.tif,fixed_mission_utility,0.8,100.0,1.0,1.0,1.0,1.0,19.26801236637886,0.8709433911285351,,597.3234587670136,99.8325865181883,2914.28515625,4.87890625,5.216796875,3277,4096,5.767312973949341,93.39163135792175,292.0337000032305
3a45e2ad3da85ce0b69a17f16a3363f45d104bf1_satellite.tif,mask_supervised_cems_hls,0.8,100.0,1.0,1.0,1.0,1.0,19.394732649905915,0.8691776512061882,,585.946986059297,99.82933609630363,2914.28515625,4.9736328125,5.216796875,3277,4096,5.794275690898388,91.39542825909948,257.24419999460224
3a45e2ad3da85ce0b69a17f16a3363f45d104bf1_satellite.tif,hybrid_fixed_0p95_mask_supervised_cems_hls_0p05,0.8,100.0,1.0,1.0,1.0,1.0,19.26744512826555,0.8709665527346936,,597.203922353412,99.83255300868433,2914.28515625,4.8798828125,5.216796875,3277,4096,5.7703320557300914,93.38176794951877,295.20619999675546
3a45e2ad3da85ce0b69a17f16a3363f45d104bf1_satellite.tif,hybrid_fixed_0p90_mask_supervised_cems_hls_0p10,0.8,100.0,1.0,1.0,1.0,1.0,19.227576773094576,0.8704252163769587,,597.9218593468242,99.83275406570812,2914.28515625,4.8740234375,5.216796875,3277,4096,5.771066809126236,93.36683229612099,306.29510000289883
3a45e2ad3da85ce0b69a17f16a3363f45d104bf1_satellite.tif,hybrid_fixed_0p80_mask_supervised_cems_hls_0p20,0.8,100.0,1.0,1.0,1.0,1.0,19.23190341891425,0.8705061190124933,,597.203922353412,99.83255300868433,2914.28515625,4.8798828125,5.216796875,3277,4096,5.770458472149671,93.35086175142703,314.19210000603925
3a45e2ad3da85ce0b69a17f16a3363f45d104bf1_satellite.tif,hybrid_fixed_0p70_mask_supervised_cems_hls_0p30,0.8,100.0,1.0,1.0,1.0,1.0,19.255213559446954,0.8708807729352354,,596.0111843419213,99.83221791364467,2914.28515625,4.8896484375,5.216796875,3277,4096,5.771013540523039,93.31989167115651,274.2242000022088
3a45e2ad3da85ce0b69a17f16a3363f45d104bf1_satellite.tif,hybrid_fixed_0p60_mask_supervised_cems_hls_0p40,0.8,100.0,1.0,1.0,1.0,1.0,19.336613071550275,0.8717929356288509,,595.1790985241324,99.8319833471169,2914.28515625,4.896484375,5.216796875,3277,4096,5.7733128255752195,93.27900707674,275.0266000002739
3a45e2ad3da85ce0b69a17f16a3363f45d104bf1_satellite.tif,hybrid_fixed_0p50_mask_supervised_cems_hls_0p50,0.8,100.0,1.0,1.0,1.0,1.0,19.33771548524009,0.8718170830486702,,594.8232011162049,99.83188281860501,2914.28515625,4.8994140625,5.216796875,3277,4096,5.773834891423151,93.23329298960803,283.84279999590944
3ef2008e67d6267959b999d39ba9c7a4212a2ad7_satellite.tif,fixed_mission_utility,0.8,100.0,1.0,1.0,1.0,1.0,19.072239088426567,0.8219407297911514,,537.5362811791383,99.81396604563949,2777.970703125,5.16796875,5.388671875,3277,4096,6.023085756763162,91.19037513840304,273.66660000552656
3ef2008e67d6267959b999d39ba9c7a4212a2ad7_satellite.tif,mask_supervised_cems_hls,0.8,100.0,1.0,1.0,1.0,1.0,18.89147011446682,0.8157093226489643,,536.0169587337479,99.81343873851262,2777.970703125,5.1826171875,5.388671875,3277,4096,6.005458024491406,89.2492493115735,279.1547999950126
3ef2008e67d6267959b999d39ba9c7a4212a2ad7_satellite.tif,hybrid_fixed_0p95_mask_supervised_cems_hls_0p05,0.8,100.0,1.0,1.0,1.0,1.0,19.069426070115686,0.8219539012063357,,537.333207404609,99.81389573802258,2777.970703125,5.169921875,5.388671875,3277,4096,6.022840302689202,91.19435990083753,297.8655999977491
3ef2008e67d6267959b999d39ba9c7a4212a2ad7_satellite.tif,hybrid_fixed_0p90_mask_supervised_cems_hls_0p10,0.8,100.0,1.0,1.0,1.0,1.0,19.070627601010454,0.8219824662963137,,537.7395085066163,99.81403635325641,2777.970703125,5.166015625,5.388671875,3277,4096,6.021525320093911,91.19502402790994,336.6803999961121
3ef2008e67d6267959b999d39ba9c7a4212a2ad7_satellite.tif,hybrid_fixed_0p80_mask_supervised_cems_hls_0p20,0.8,100.0,1.0,1.0,1.0,1.0,19.071323530832345,0.8221475277677334,,537.8411798071469,99.81407150706487,2777.970703125,5.1650390625,5.388671875,3277,4096,6.023817631098185,91.1903474664417,304.24130000028526
3ef2008e67d6267959b999d39ba9c7a4212a2ad7_satellite.tif,hybrid_fixed_0p70_mask_supervised_cems_hls_0p30,0.8,100.0,1.0,1.0,1.0,1.0,19.101377523149004,0.8228638187673251,,538.3501135503407,99.81424727610715,2777.970703125,5.16015625,5.388671875,3277,4096,6.028060185767551,91.15898129825082,306.92749999434454
3ef2008e67d6267959b999d39ba9c7a4212a2ad7_satellite.tif,hybrid_fixed_0p60_mask_supervised_cems_hls_0p40,0.8,100.0,1.0,1.0,1.0,1.0,19.101928083807984,0.822850011682104,,538.5539568345324,99.81431758372406,2777.970703125,5.158203125,5.388671875,3277,4096,6.024887699449992,91.14971119119838,292.6683999976376
3ef2008e67d6267959b999d39ba9c7a4212a2ad7_satellite.tif,hybrid_fixed_0p50_mask_supervised_cems_hls_0p50,0.8,100.0,1.0,1.0,1.0,1.0,19.10175113376279,0.8229143365270091,,538.9621068586586,99.8144581989579,2777.970703125,5.154296875,5.388671875,3277,4096,6.024637011793175,91.14134042288983,295.12410000461387
440d68934d966c7566a6caaf6cd62aa3acad5583_satellite.tif,fixed_mission_utility,0.8,100.0,1.0,1.0,1.0,1.0,17.52476046511072,0.7892490781019755,,532.2914443422263,99.81213299393985,2825.19921875,5.3076171875,5.5712890625,3277,4096,6.172128086854938,88.97086536228092,290.8965000024182
440d68934d966c7566a6caaf6cd62aa3acad5583_satellite.tif,mask_supervised_cems_hls,0.8,98.75000000000001,1.0,0.9583333333333334,1.0,1.0,17.217245447271047,0.7655866728330141,,529.1757819645144,99.81102687725286,2825.19921875,5.3388671875,5.5712890625,3277,4096,6.125827189454251,84.98359013014635,226.96300000097835
440d68934d966c7566a6caaf6cd62aa3acad5583_satellite.tif,hybrid_fixed_0p95_mask_supervised_cems_hls_0p05,0.8,100.0,1.0,1.0,1.0,1.0,17.52114178075814,0.7890267340250877,,531.802205882353,99.81196016320752,2825.19921875,5.3125,5.5712890625,3277,4096,6.17207994236912,88.96428093799571,296.6221000024234
440d68934d966c7566a6caaf6cd62aa3acad5583_satellite.tif,hybrid_fixed_0p90_mask_supervised_cems_hls_0p10,0.8,100.0,1.0,1.0,1.0,1.0,17.516980798289815,0.7888387985982768,,531.6067622197721,99.81189103091458,2825.19921875,5.314453125,5.5712890625,3277,4096,6.1715522656975335,88.961817377889,312.14470000122674
440d68934d966c7566a6caaf6cd62aa3acad5583_satellite.tif,hybrid_fixed_0p80_mask_supervised_cems_hls_0p20,0.8,100.0,1.0,1.0,1.0,1.0,17.519437977964976,0.789160912455682,,531.802205882353,99.81196016320752,2825.19921875,5.3125,5.5712890625,3277,4096,6.1713024291559275,88.93962614035638,275.8151000016369
440d68934d966c7566a6caaf6cd62aa3acad5583_satellite.tif,hybrid_fixed_0p70_mask_supervised_cems_hls_0p30,0.8,100.0,1.0,1.0,1.0,1.0,17.552616158465252,0.7893766682850998,,531.8999816142673,99.81199472935398,2825.19921875,5.3115234375,5.5712890625,3277,4096,6.173371183740294,88.92177972701194,284.7223999997368
440d68934d966c7566a6caaf6cd62aa3acad5583_satellite.tif,hybrid_fixed_0p60_mask_supervised_cems_hls_0p40,0.8,100.0,1.0,1.0,1.0,1.0,17.57124645510864,0.7893261490481127,,532.4873918645316,99.81220212623279,2825.19921875,5.3056640625,5.5712890625,3277,4096,6.169776046814016,88.87858743942681,274.79260000109207
440d68934d966c7566a6caaf6cd62aa3acad5583_satellite.tif,hybrid_fixed_0p50_mask_supervised_cems_hls_0p50,0.8,100.0,1.0,1.0,1.0,1.0,17.602436223325306,0.7898026254559738,,532.3894000736105,99.81216756008632,2825.19921875,5.306640625,5.5712890625,3277,4096,6.171216998135709,88.82343568732367,288.20369999448303
4b2a9e28dd62ee350b9665992961ed43652e588d_satellite.tif,fixed_mission_utility,0.8,100.0,1.0,1.0,1.0,1.0,23.837668377592966,0.973167401342895,,622.8522181407177,99.83944827185731,2152.611328125,3.4560546875,3.228515625,3277,4096,4.987187041429507,99.77875100461443,263.9562999975169
4b2a9e28dd62ee350b9665992961ed43652e588d_satellite.tif,mask_supervised_cems_hls,0.8,100.0,1.0,1.0,1.0,1.0,22.967501688614377,0.9591120071342782,,617.9629941126998,99.83817801235236,2152.611328125,3.4833984375,3.228515625,3277,4096,4.690560119634039,92.45988339403615,227.39359999832232
4b2a9e28dd62ee350b9665992961ed43652e588d_satellite.tif,hybrid_fixed_0p95_mask_supervised_cems_hls_0p05,0.8,100.0,1.0,1.0,1.0,1.0,23.841181387318898,0.973175112749605,,623.5570014144272,99.83962973750087,2152.611328125,3.4521484375,3.228515625,3277,4096,4.986888908286521,99.77481411234498,251.2510000015027
4b2a9e28dd62ee350b9665992961ed43652e588d_satellite.tif,hybrid_fixed_0p90_mask_supervised_cems_hls_0p10,0.8,100.0,1.0,1.0,1.0,1.0,23.845129079829942,0.9731845677451241,,623.3806561085972,99.83958437108998,2152.611328125,3.453125,3.228515625,3277,4096,4.985828392082288,99.7648848785273,240.90509999950882
4b2a9e28dd62ee350b9665992961ed43652e588d_satellite.tif,hybrid_fixed_0p80_mask_supervised_cems_hls_0p20,0.8,100.0,1.0,1.0,1.0,1.0,23.85836434746466,0.9731967663484452,,621.6226734348562,99.83913070698107,2152.611328125,3.462890625,3.228515625,3277,4096,4.985694672194578,99.74940919427476,248.6462999950163
4b2a9e28dd62ee350b9665992961ed43652e588d_satellite.tif,hybrid_fixed_0p70_mask_supervised_cems_hls_0p30,0.8,100.0,1.0,1.0,1.0,1.0,23.85988639295924,0.9731852610908494,,623.2044105173876,99.8395390046791,2152.611328125,3.4541015625,3.228515625,3277,4096,4.983314278817583,99.74266645060887,301.40660000324715
4b2a9e28dd62ee350b9665992961ed43652e588d_satellite.tif,hybrid_fixed_0p60_mask_supervised_cems_hls_0p40,0.8,100.0,1.0,1.0,1.0,1.0,23.8619787851146,0.9731820407809793,,621.6226734348562,99.83913070698107,2152.611328125,3.462890625,3.228515625,3277,4096,4.980406225379939,99.72652736738273,253.5347000011825
4b2a9e28dd62ee350b9665992961ed43652e588d_satellite.tif,hybrid_fixed_0p50_mask_supervised_cems_hls_0p50,0.8,100.0,1.0,1.0,1.0,1.0,23.87237746210557,0.9731917422231048,,615.3752093802345,99.837497516189,2152.611328125,3.498046875,3.228515625,3277,4096,4.9777563143289765,99.68226451783401,247.2554999985732
4d8506afa241c65d61a04f12b9f0b228ea9c9e8b_satellite.tif,fixed_mission_utility,0.8,92.85714285714288,1.0,0.7619047619047619,1.0,1.0,18.225969131477118,0.8368792199892504,,563.89613343442,99.82266237686194,2905.38671875,5.15234375,5.4970703125,3277,4096,6.00396893833798,91.79467881742495,276.83990000514314
4d8506afa241c65d61a04f12b9f0b228ea9c9e8b_satellite.tif,mask_supervised_cems_hls,0.8,95.71428571428572,1.0,0.8571428571428571,1.0,1.0,18.010046436158603,0.816445593590097,,556.0964485981308,99.82017507888769,2905.38671875,5.224609375,5.4970703125,3277,4096,6.006518843801459,87.92919405295986,271.45780000137165
4d8506afa241c65d61a04f12b9f0b228ea9c9e8b_satellite.tif,hybrid_fixed_0p95_mask_supervised_cems_hls_0p05,0.8,92.85714285714288,1.0,0.7619047619047619,1.0,1.0,18.22141857350171,0.8367633057724212,,564.0030331753554,99.82269598899674,2905.38671875,5.1513671875,5.4970703125,3277,4096,6.0034707155710505,91.78702156359952,300.50549999577925
4d8506afa241c65d61a04f12b9f0b228ea9c9e8b_satellite.tif,hybrid_fixed_0p90_mask_supervised_cems_hls_0p10,0.8,92.85714285714288,1.0,0.7619047619047619,1.0,1.0,18.22382760425568,0.8368007530462441,,563.89613343442,99.82266237686194,2905.38671875,5.15234375,5.4970703125,3277,4096,6.00477844391682,91.78772406395048,273.43399999517715
4d8506afa241c65d61a04f12b9f0b228ea9c9e8b_satellite.tif,hybrid_fixed_0p80_mask_supervised_cems_hls_0p20,0.8,92.85714285714288,1.0,0.7619047619047619,1.0,1.0,18.22754853922707,0.8365773532596281,,563.7892742088308,99.82262876472716,2905.38671875,5.1533203125,5.4970703125,3277,4096,6.001271303688096,91.79429244223194,263.8264999986859
4d8506afa241c65d61a04f12b9f0b228ea9c9e8b_satellite.tif,hybrid_fixed_0p70_mask_supervised_cems_hls_0p30,0.8,94.2857142857143,1.0,0.8095238095238095,1.0,1.0,18.246305710150832,0.8369155864189931,,565.1816109422492,99.82306572247938,2905.38671875,5.140625,5.4970703125,3277,4096,6.001836481535779,91.77822274670379,264.04200000251876
4d8506afa241c65d61a04f12b9f0b228ea9c9e8b_satellite.tif,hybrid_fixed_0p60_mask_supervised_cems_hls_0p40,0.8,94.2857142857143,1.0,0.8095238095238095,1.0,1.0,18.276062939915604,0.836824239773428,,565.0742640075973,99.8230321103446,2905.38671875,5.1416015625,5.4970703125,3277,4096,6.001690978003815,91.73886516454138,287.873799999943
4d8506afa241c65d61a04f12b9f0b228ea9c9e8b_satellite.tif,hybrid_fixed_0p50_mask_supervised_cems_hls_0p50,0.8,94.2857142857143,1.0,0.8095238095238095,1.0,1.0,18.30113508841114,0.8371623820232963,,564.6452837350541,99.82289766180546,2905.38671875,5.1455078125,5.4970703125,3277,4096,6.004909371050271,91.70048522870074,341.80770000239136
4e0369ea762c002934289fb0584211b62c57249e_satellite.tif,fixed_mission_utility,0.8,100.0,1.0,1.0,1.0,1.0,14.737557985417155,0.5965664003607976,,537.6526518804243,99.8140063112304,2722.3916015625,5.0634765625,5.392578125,3277,4096,5.781664178912344,87.45293113107876,279.90959999442566
4e0369ea762c002934289fb0584211b62c57249e_satellite.tif,mask_supervised_cems_hls,0.8,100.0,1.0,1.0,1.0,1.0,16.745227780346298,0.6467387470012562,,528.4794312796208,99.81077787690266,2722.3916015625,5.1513671875,5.392578125,3277,4096,5.812172522210096,81.1737436044834,221.71569999773055
4e0369ea762c002934289fb0584211b62c57249e_satellite.tif,hybrid_fixed_0p95_mask_supervised_cems_hls_0p05,0.8,100.0,1.0,1.0,1.0,1.0,14.733388236481327,0.5965749534063879,,538.5875193199382,99.81432915466317,2722.3916015625,5.0546875,5.392578125,3277,4096,5.780480198970041,87.45723129848214,302.31139999523293
4e0369ea762c002934289fb0584211b62c57249e_satellite.tif,hybrid_fixed_0p90_mask_supervised_cems_hls_0p10,0.8,100.0,1.0,1.0,1.0,1.0,14.727246332300513,0.5959914476140253,,539.004060324826,99.81447264063328,2722.3916015625,5.05078125,5.392578125,3277,4096,5.779694691932948,87.46871712420972,304.4436999989557
4e0369ea762c002934289fb0584211b62c57249e_satellite.tif,hybrid_fixed_0p80_mask_supervised_cems_hls_0p20,0.8,100.0,1.0,1.0,1.0,1.0,14.732055646959006,0.5959209766056168,,539.2125725338491,99.81454438361835,2722.3916015625,5.048828125,5.392578125,3277,4096,5.781825695076138,87.48537886944894,278.977499998291
4e0369ea762c002934289fb0584211b62c57249e_satellite.tif,hybrid_fixed_0p70_mask_supervised_cems_hls_0p30,0.8,100.0,1.0,1.0,1.0,1.0,14.739575458615873,0.5985577657291583,,539.004060324826,99.81447264063328,2722.3916015625,5.05078125,5.392578125,3277,4096,5.779962014533591,87.45576609783947,300.48879999958444
4e0369ea762c002934289fb0584211b62c57249e_satellite.tif,hybrid_fixed_0p60_mask_supervised_cems_hls_0p40,0.8,100.0,1.0,1.0,1.0,1.0,14.776898658609529,0.5993772514904255,,540.0482371173964,99.8148313555586,2722.3916015625,5.041015625,5.392578125,3277,4096,5.7843055642735175,87.42322292494468,312.4433999983012
4e0369ea762c002934289fb0584211b62c57249e_satellite.tif,hybrid_fixed_0p50_mask_supervised_cems_hls_0p50,0.8,100.0,1.0,1.0,1.0,1.0,14.798917595260066,0.5999656728462934,,539.4212461300309,99.81461612660341,2722.3916015625,5.046875,5.392578125,3277,4096,5.785953741941027,87.4003691631964,296.2980999946012
514d9e76825f00bf3b8f89ac41aca5cbac445c44_satellite.tif,fixed_mission_utility,0.8,98.96551724137933,1.0,0.9655172413793104,1.0,1.0,18.716686630224505,0.7396029121806851,,602.2579597141,99.83395819285232,2715.4541015625,4.5087890625,4.826171875,3277,4096,5.24473967039903,86.75231003789646,319.60589999653166
514d9e76825f00bf3b8f89ac41aca5cbac445c44_satellite.tif,mask_supervised_cems_hls,0.8,96.89655172413795,1.0,0.896551724137931,1.0,1.0,19.57891226903605,0.7503318903909011,,577.7321836692291,99.82690941784671,2715.4541015625,4.7001953125,4.826171875,3277,4096,5.312772337111092,81.73620578721861,245.26110000442713
514d9e76825f00bf3b8f89ac41aca5cbac445c44_satellite.tif,hybrid_fixed_0p95_mask_supervised_cems_hls_0p05,0.8,98.96551724137933,1.0,0.9655172413793104,1.0,1.0,18.712860316325717,0.739378052782629,,602.2579597141,99.83395819285232,2715.4541015625,4.5087890625,4.826171875,3277,4096,5.243169426337397,86.76599188100273,311.1953999978141
514d9e76825f00bf3b8f89ac41aca5cbac445c44_satellite.tif,hybrid_fixed_0p90_mask_supervised_cems_hls_0p10,0.8,97.93103448275863,1.0,0.9310344827586207,1.0,1.0,18.71432930881676,0.7394610137769242,,602.2579597141,99.83395819285232,2715.4541015625,4.5087890625,4.826171875,3277,4096,5.244585076514568,86.77562948007932,308.5757000008016
514d9e76825f00bf3b8f89ac41aca5cbac445c44_satellite.tif,hybrid_fixed_0p80_mask_supervised_cems_hls_0p20,0.8,97.93103448275863,1.0,0.9310344827586207,1.0,1.0,18.66449844179439,0.7345445618208428,,604.2209908735332,99.83449763991908,2715.4541015625,4.494140625,4.826171875,3277,4096,5.244605691099039,86.7874192791951,365.4484000071534
514d9e76825f00bf3b8f89ac41aca5cbac445c44_satellite.tif,hybrid_fixed_0p70_mask_supervised_cems_hls_0p30,0.8,97.93103448275863,1.0,0.9310344827586207,1.0,1.0,18.76854418334616,0.7413821471591924,,604.878181422667,99.834677455608,2715.4541015625,4.4892578125,4.826171875,3277,4096,5.249516822736722,86.76205406444751,327.63079999858746
514d9e76825f00bf3b8f89ac41aca5cbac445c44_satellite.tif,hybrid_fixed_0p60_mask_supervised_cems_hls_0p40,0.8,96.89655172413795,1.0,0.896551724137931,1.0,1.0,18.75537441514652,0.7408349364316965,,607.1233624454148,99.83528882895033,2715.4541015625,4.47265625,4.826171875,3277,4096,5.247101648564193,86.76233787104609,309.002000001783
514d9e76825f00bf3b8f89ac41aca5cbac445c44_satellite.tif,hybrid_fixed_0p50_mask_supervised_cems_hls_0p50,0.8,96.89655172413795,1.0,0.896551724137931,1.0,1.0,18.875926910811188,0.7458764162385857,,609.2517528483786,99.83586423915487,2715.4541015625,4.45703125,4.826171875,3277,4096,5.2473148278012305,86.74324596465449,278.4494999941671
5166b98726fb1176f7b843838fd3e234a8237888_satellite.tif,fixed_mission_utility,0.8,100.0,1.0,1.0,1.0,1.0,17.914960725210737,0.871144225855443,,586.9216357775987,99.82961950300654,2845.1943359375,4.84765625,5.33203125,3277,4096,5.925247980238195,92.2596989855761,289.64339999947697
5166b98726fb1176f7b843838fd3e234a8237888_satellite.tif,mask_supervised_cems_hls,0.8,100.0,1.0,1.0,1.0,1.0,17.600906020124484,0.8218066179759322,,548.3679653679653,99.81764069691252,2845.1943359375,5.1884765625,5.33203125,3277,4096,6.019483943314594,84.7408575347352,264.6586999981082
5166b98726fb1176f7b843838fd3e234a8237888_satellite.tif,hybrid_fixed_0p95_mask_supervised_cems_hls_0p05,0.8,100.0,1.0,1.0,1.0,1.0,17.91940049248823,0.8711467607663765,,586.9216357775987,99.82961950300654,2845.1943359375,4.84765625,5.33203125,3277,4096,5.926477478499171,92.25675313947964,302.6517000034801
5166b98726fb1176f7b843838fd3e234a8237888_satellite.tif,hybrid_fixed_0p90_mask_supervised_cems_hls_0p10,0.8,100.0,1.0,1.0,1.0,1.0,17.940351469136044,0.871140016815479,,588.1063786838918,99.82996273527284,2845.1943359375,4.837890625,5.33203125,3277,4096,5.929049522581295,92.26187912438394,268.0316000041785
5166b98726fb1176f7b843838fd3e234a8237888_satellite.tif,hybrid_fixed_0p80_mask_supervised_cems_hls_0p20,0.8,100.0,1.0,1.0,1.0,1.0,17.978469747917508,0.8713505964094321,,588.5816161616161,99.83010002817937,2845.1943359375,4.833984375,5.33203125,3277,4096,5.934131863248499,92.25891200864058,316.48430000495864
5166b98726fb1176f7b843838fd3e234a8237888_satellite.tif,hybrid_fixed_0p70_mask_supervised_cems_hls_0p30,0.8,100.0,1.0,1.0,1.0,1.0,18.012425453305617,0.8714505862906415,,587.7504539035707,99.82985976559296,2845.1943359375,4.8408203125,5.33203125,3277,4096,5.93853742115228,92.24978733011801,270.5653999946662
5166b98726fb1176f7b843838fd3e234a8237888_satellite.tif,hybrid_fixed_0p60_mask_supervised_cems_hls_0p40,0.8,100.0,1.0,1.0,1.0,1.0,18.020530745264814,0.8715112869289194,,587.9876892028254,99.82992841204621,2845.1943359375,4.8388671875,5.33203125,3277,4096,5.941670227310473,92.23555793633803,269.7617999947397
5166b98726fb1176f7b843838fd3e234a8237888_satellite.tif,hybrid_fixed_0p50_mask_supervised_cems_hls_0p50,0.8,100.0,1.0,1.0,1.0,1.0,18.070524562296416,0.8714624346066381,,589.1767441860466,99.83027164431252,2845.1943359375,4.8291015625,5.33203125,3277,4096,5.943420006158469,92.2214986997333,275.5383999974583
52de0a2da3dbe99689264f7d2bae1e3966b61a4a_satellite.tif,fixed_mission_utility,0.8,100.0,1.0,1.0,1.0,1.0,18.56534069492366,0.872843500557588,,551.1367098248286,99.81855681500188,2826.728515625,5.12890625,5.3193359375,3277,4096,6.021998353272591,90.51024237020533,269.0565000011702
52de0a2da3dbe99689264f7d2bae1e3966b61a4a_satellite.tif,mask_supervised_cems_hls,0.8,92.50000000000001,1.0,0.75,1.0,1.0,18.383907352644595,0.8571621780301149,,547.4881785511633,99.81734765440116,2826.728515625,5.1630859375,5.3193359375,3277,4096,5.9733810364449464,85.75093010920823,252.98479999764822
52de0a2da3dbe99689264f7d2bae1e3966b61a4a_satellite.tif,hybrid_fixed_0p95_mask_supervised_cems_hls_0p05,0.8,100.0,1.0,1.0,1.0,1.0,18.555869846281666,0.8726985760300064,,551.0317913573197,99.81852226755615,2826.728515625,5.1298828125,5.3193359375,3277,4096,6.022362259010224,90.51769227405761,265.7811000026413
52de0a2da3dbe99689264f7d2bae1e3966b61a4a_satellite.tif,hybrid_fixed_0p90_mask_supervised_cems_hls_0p10,0.8,100.0,1.0,1.0,1.0,1.0,18.55033083300228,0.8725436890307029,,550.9269128283213,99.81848772011041,2826.728515625,5.130859375,5.3193359375,3277,4096,6.0212747209878446,90.51419901770582,307.321200001752
52de0a2da3dbe99689264f7d2bae1e3966b61a4a_satellite.tif,hybrid_fixed_0p80_mask_supervised_cems_hls_0p20,0.8,100.0,1.0,1.0,1.0,1.0,18.54815414863936,0.8722901171111755,,551.9774980930588,99.81883319456776,2826.728515625,5.12109375,5.3193359375,3277,4096,6.019223898092426,90.51350393098276,271.09070000005886
52de0a2da3dbe99689264f7d2bae1e3966b61a4a_satellite.tif,hybrid_fixed_0p70_mask_supervised_cems_hls_0p30,0.8,100.0,1.0,1.0,1.0,1.0,18.556389355175618,0.8723497343499265,,551.2416682536659,99.81859136244762,2826.728515625,5.1279296875,5.3193359375,3277,4096,6.020249394927584,90.50900666047545,304.88859999604756
52de0a2da3dbe99689264f7d2bae1e3966b61a4a_satellite.tif,hybrid_fixed_0p60_mask_supervised_cems_hls_0p40,0.8,100.0,1.0,1.0,1.0,1.0,18.54617679080038,0.8719211271867562,,551.2416682536659,99.81859136244762,2826.728515625,5.1279296875,5.3193359375,3277,4096,6.018709456376236,90.47222053236275,313.9912999977241
52de0a2da3dbe99689264f7d2bae1e3966b61a4a_satellite.tif,hybrid_fixed_0p50_mask_supervised_cems_hls_0p50,0.8,100.0,1.0,1.0,1.0,1.0,18.49984062413748,0.8709634284776472,,552.188096146509,99.81890228945923,2826.728515625,5.119140625,5.3193359375,3277,4096,6.0182133440941,90.40515357495578,275.103299994953
5351442db944f4c8c60b94b03806e0cf4e6c44b5_satellite.tif,fixed_mission_utility,0.8,100.0,1.0,1.0,1.0,1.0,17.62541347062778,0.8129802669206273,,543.7692747001713,99.81609847291365,2789.47265625,5.1298828125,5.4697265625,3277,4096,5.926854624248495,90.47701211644154,258.8915000014822
5351442db944f4c8c60b94b03806e0cf4e6c44b5_satellite.tif,mask_supervised_cems_hls,0.8,100.0,1.0,1.0,1.0,1.0,18.750019517679124,0.8228778710953645,,535.4114339268979,99.81322774661989,2789.47265625,5.2099609375,5.4697265625,3277,4096,5.948341091370609,86.00676504023494,252.58690000191564
5351442db944f4c8c60b94b03806e0cf4e6c44b5_satellite.tif,hybrid_fixed_0p95_mask_supervised_cems_hls_0p05,0.8,100.0,1.0,1.0,1.0,1.0,17.628030239031965,0.8131459973756283,,544.5986653956148,99.81637854377158,2789.47265625,5.1220703125,5.4697265625,3277,4096,5.926890973380044,90.4742124745554,298.39129999891156
5351442db944f4c8c60b94b03806e0cf4e6c44b5_satellite.tif,hybrid_fixed_0p90_mask_supervised_cems_hls_0p10,0.8,100.0,1.0,1.0,1.0,1.0,17.63403410678157,0.8135698778976717,,543.8728103579589,99.81613348177089,2789.47265625,5.12890625,5.4697265625,3277,4096,5.926424327242535,90.4634825165969,284.4515000033425
5351442db944f4c8c60b94b03806e0cf4e6c44b5_satellite.tif,hybrid_fixed_0p80_mask_supervised_cems_hls_0p20,0.8,100.0,1.0,1.0,1.0,1.0,17.751131269336497,0.815911407243404,,544.4948532215021,99.81634353491432,2789.47265625,5.123046875,5.4697265625,3277,4096,5.930559432279055,90.44532689904335,275.57769999839365
5351442db944f4c8c60b94b03806e0cf4e6c44b5_satellite.tif,hybrid_fixed_0p70_mask_supervised_cems_hls_0p30,0.8,97.50000000000001,1.0,0.9166666666666666,1.0,1.0,17.792494845300627,0.8169182185555499,,545.0143102461362,99.81651857920055,2789.47265625,5.1181640625,5.4697265625,3277,4096,5.933176245535838,90.38183630794282,301.5449999948032
5351442db944f4c8c60b94b03806e0cf4e6c44b5_satellite.tif,hybrid_fixed_0p60_mask_supervised_cems_hls_0p40,0.8,97.50000000000001,1.0,0.9166666666666666,1.0,1.0,17.889039379262414,0.8186999756719726,,544.8064085447263,99.81644856148606,2789.47265625,5.1201171875,5.4697265625,3277,4096,5.937339836971002,90.33008498775547,269.2347999982303
5351442db944f4c8c60b94b03806e0cf4e6c44b5_satellite.tif,hybrid_fixed_0p50_mask_supervised_cems_hls_0p50,0.8,97.50000000000001,1.0,0.9166666666666666,1.0,1.0,17.935567377050837,0.8190532989306658,,544.8064085447263,99.81644856148606,2789.47265625,5.1201171875,5.4697265625,3277,4096,5.940430435946643,90.24866707607924,274.38270000129705
57329243c3bbefb818bb065fb1e2fc3453bf0825_satellite.tif,fixed_mission_utility,0.8,92.85714285714288,1.0,0.7619047619047619,1.0,1.0,18.22823490288969,0.8212059359468974,,525.0758887456253,99.80955133887619,2783.8251953125,5.3017578125,5.4931640625,3277,4096,6.0752203495098795,89.64716595392002,268.39149999432266
57329243c3bbefb818bb065fb1e2fc3453bf0825_satellite.tif,mask_supervised_cems_hls,0.8,97.14285714285715,1.0,0.9047619047619048,1.0,1.0,17.639026455753417,0.7937669859626603,,527.3098409174991,99.81035817608486,2783.8251953125,5.279296875,5.4931640625,3277,4096,6.001712820120763,86.71591675505334,270.7338999971398
57329243c3bbefb818bb065fb1e2fc3453bf0825_satellite.tif,hybrid_fixed_0p95_mask_supervised_cems_hls_0p05,0.8,92.85714285714288,1.0,0.7619047619047619,1.0,1.0,18.2250546604731,0.8210710573855539,,524.7858983799705,99.80944609924028,2783.8251953125,5.3046875,5.4931640625,3277,4096,6.075197580944876,89.63398576234418,271.7698999986169
57329243c3bbefb818bb065fb1e2fc3453bf0825_satellite.tif,hybrid_fixed_0p90_mask_supervised_cems_hls_0p10,0.8,92.85714285714288,1.0,0.7619047619047619,1.0,1.0,18.222778189977166,0.8209606865292802,,524.7858983799705,99.80944609924028,2783.8251953125,5.3046875,5.4931640625,3277,4096,6.074168852543273,89.6326264558395,298.6215000055381
57329243c3bbefb818bb065fb1e2fc3453bf0825_satellite.tif,hybrid_fixed_0p80_mask_supervised_cems_hls_0p20,0.8,92.85714285714288,1.0,0.7619047619047619,1.0,1.0,18.22170405228499,0.8209066865743364,,524.496228150874,99.80934085960436,2783.8251953125,5.3076171875,5.4931640625,3277,4096,6.072941458802531,89.6208690897639,288.2419999950798
57329243c3bbefb818bb065fb1e2fc3453bf0825_satellite.tif,hybrid_fixed_0p70_mask_supervised_cems_hls_0p30,0.8,94.2857142857143,1.0,0.8095238095238095,1.0,1.0,18.19725726248332,0.8204943224422613,,525.9477859778598,99.80986705778393,2783.8251953125,5.29296875,5.4931640625,3277,4096,6.0680465049961265,89.59682714994968,262.80209999822546
57329243c3bbefb818bb065fb1e2fc3453bf0825_satellite.tif,hybrid_fixed_0p60_mask_supervised_cems_hls_0p40,0.8,92.85714285714288,1.0,0.7619047619047619,1.0,1.0,18.199348050665535,0.8204758516743552,,525.1726234340457,99.80958641875482,2783.8251953125,5.30078125,5.4931640625,3277,4096,6.068611505389209,89.57419533183656,334.19470000080764
57329243c3bbefb818bb065fb1e2fc3453bf0825_satellite.tif,hybrid_fixed_0p50_mask_supervised_cems_hls_0p50,0.8,95.71428571428572,1.0,0.8571428571428571,1.0,1.0,18.18461699272149,0.8201468762596693,,526.4334256694367,99.81004245717712,2783.8251953125,5.2880859375,5.4931640625,3277,4096,6.064851004084682,89.53871362092448,273.738100004266
5837f04d27ccc9cc635ca391e9ac39fdd8361436_satellite.tif,fixed_mission_utility,0.8,96.20232343673707,1.0,1.0,0.810116171836853,1.0,11.541336861479564,0.6634731723632604,,521.8037526325867,99.8083570700757,2661.5048828125,5.1005859375,5.2490234375,3277,4096,6.016664771734224,87.268577754777,255.1683999990928
5837f04d27ccc9cc635ca391e9ac39fdd8361436_satellite.tif,mask_supervised_cems_hls,0.8,88.82598638534547,0.8908867239952087,1.0,0.6595258712768555,1.0,11.218011816896832,0.6169304587324663,,517.1500948766603,99.8066325405512,2661.5048828125,5.146484375,5.2490234375,3277,4096,5.84401198449692,84.33325787034039,207.24379999592202
5837f04d27ccc9cc635ca391e9ac39fdd8361436_satellite.tif,hybrid_fixed_0p95_mask_supervised_cems_hls_0p05,0.8,96.20734930038454,1.0,1.0,0.8103674650192261,1.0,11.540375804071491,0.6633690446598591,,522.9050268610898,99.80876068336867,2661.5048828125,5.08984375,5.2490234375,3277,4096,6.019060412432191,87.2700134570501,242.06750000303145
5837f04d27ccc9cc635ca391e9ac39fdd8361436_satellite.tif,hybrid_fixed_0p90_mask_supervised_cems_hls_0p10,0.8,96.21771931648256,1.0,1.0,0.8108859658241272,1.0,11.541542203765577,0.6635057577088198,,523.7088777863182,99.80905422030901,2661.5048828125,5.08203125,5.2490234375,3277,4096,6.020604644616337,87.27321720008545,244.6882000003825
5837f04d27ccc9cc635ca391e9ac39fdd8361436_satellite.tif,hybrid_fixed_0p80_mask_supervised_cems_hls_0p20,0.8,96.16756558418275,1.0,1.0,0.808378279209137,1.0,11.537976626503125,0.6630127199404656,,522.7044495588799,99.8086872991336,2661.5048828125,5.091796875,5.2490234375,3277,4096,6.018253843902234,87.26819888889938,250.31699999817647
5837f04d27ccc9cc635ca391e9ac39fdd8361436_satellite.tif,hybrid_fixed_0p70_mask_supervised_cems_hls_0p30,0.8,96.07795834541322,1.0,1.0,0.8038979172706604,1.0,11.532757161473697,0.66242570744208,,523.0053732488966,99.80879737548621,2661.5048828125,5.0888671875,5.2490234375,3277,4096,6.01577051248871,87.26431052857639,255.1104000012856
5837f04d27ccc9cc635ca391e9ac39fdd8361436_satellite.tif,hybrid_fixed_0p60_mask_supervised_cems_hls_0p40,0.8,96.03128433227542,1.0,1.0,0.8015642166137695,1.0,11.530783813654343,0.6621642523233513,,523.306643625192,99.80890745183885,2661.5048828125,5.0859375,5.2490234375,3277,4096,6.0143313218437955,87.26206392038978,231.97600000275997
5837f04d27ccc9cc635ca391e9ac39fdd8361436_satellite.tif,hybrid_fixed_0p50_mask_supervised_cems_hls_0p50,0.8,95.83576917648318,1.0,1.0,0.7917884588241577,1.0,11.510341647121757,0.6590753842700448,,523.1057581573897,99.80883406760375,2661.5048828125,5.087890625,5.2490234375,3277,4096,6.008339976346923,87.24733467855091,251.3589000009233
5caee210e490c654321e2aeb88bbc0df3c1d9551_satellite.tif,fixed_mission_utility,0.8,99.06250000000001,1.0,0.96875,1.0,1.0,13.086027548804422,0.6730058511906456,,503.5064958828911,99.80139283044471,2687.1708984375,5.3369140625,5.52734375,3277,4096,6.096456091896086,93.36528093154637,261.1646999939694
5caee210e490c654321e2aeb88bbc0df3c1d9551_satellite.tif,mask_supervised_cems_hls,0.8,97.18750000000001,1.0,0.90625,1.0,1.0,12.963379677006596,0.6501593887365881,,501.5791104629967,99.80062965559372,2687.1708984375,5.357421875,5.52734375,3277,4096,6.0282624659201325,91.6477456331397,221.4795000036247
5caee210e490c654321e2aeb88bbc0df3c1d9551_satellite.tif,hybrid_fixed_0p95_mask_supervised_cems_hls_0p05,0.8,99.06250000000001,1.0,0.96875,1.0,1.0,13.086353534603552,0.6729300844265216,,503.138233680746,99.80124746380643,2687.1708984375,5.3408203125,5.52734375,3277,4096,6.096481426860112,93.37573361709597,295.4258000027039
5caee210e490c654321e2aeb88bbc0df3c1d9551_satellite.tif,hybrid_fixed_0p90_mask_supervised_cems_hls_0p10,0.8,99.06250000000001,1.0,0.96875,1.0,1.0,13.083073060339625,0.6726856405674289,,502.7705097752604,99.80110209716815,2687.1708984375,5.3447265625,5.52734375,3277,4096,6.096193582784709,93.36899239235747,260.9491999974125
5caee210e490c654321e2aeb88bbc0df3c1d9551_satellite.tif,hybrid_fixed_0p80_mask_supervised_cems_hls_0p20,0.8,98.12500000000001,1.0,0.9375,1.0,1.0,13.089654613405791,0.672547924070208,,502.95430451471395,99.80117478048729,2687.1708984375,5.3427734375,5.52734375,3277,4096,6.098606434030836,93.32638633712808,260.5810000022757
5caee210e490c654321e2aeb88bbc0df3c1d9551_satellite.tif,hybrid_fixed_0p70_mask_supervised_cems_hls_0p30,0.8,98.12500000000001,1.0,0.9375,1.0,1.0,13.08781187972649,0.6720323672079314,,504.33706011730203,99.80171990538086,2687.1708984375,5.328125,5.52734375,3277,4096,6.096003695040483,93.32949184515368,258.85440000274684
5caee210e490c654321e2aeb88bbc0df3c1d9551_satellite.tif,hybrid_fixed_0p60_mask_supervised_cems_hls_0p40,0.8,98.12500000000001,1.0,0.9375,1.0,1.0,13.086987136594983,0.6716035376664417,,502.8623903508772,99.80113843882772,2687.1708984375,5.34375,5.52734375,3277,4096,6.09234644403455,93.26906699082616,293.123999996169
5caee210e490c654321e2aeb88bbc0df3c1d9551_satellite.tif,hybrid_fixed_0p50_mask_supervised_cems_hls_0p50,0.8,98.12500000000001,1.0,0.9375,1.0,1.0,13.082780222561244,0.6705410724607169,,503.41437980241494,99.80135648878515,2687.1708984375,5.337890625,5.52734375,3277,4096,6.08902381398734,93.17093104361449,274.60989999963203
5d59d84dd2bc712d144fb7b01ff0fac2dfc1c5af_satellite.tif,fixed_mission_utility,0.8,97.69230769230771,1.0,0.9230769230769231,1.0,1.0,21.370958175141723,0.9397345197243882,,551.5007009813739,99.81867656773228,2689.1044921875,4.8759765625,4.94140625,3277,4096,6.203490112691039,96.01180512268236,288.0832000009832
5d59d84dd2bc712d144fb7b01ff0fac2dfc1c5af_satellite.tif,mask_supervised_cems_hls,0.8,100.0,1.0,1.0,1.0,1.0,21.14987178869164,0.9330646889561597,,534.3766737822627,99.81286608322138,2689.1044921875,5.0322265625,4.94140625,3277,4096,6.18564593469196,93.07289487058677,243.99239999911515
5d59d84dd2bc712d144fb7b01ff0fac2dfc1c5af_satellite.tif,hybrid_fixed_0p95_mask_supervised_cems_hls_0p05,0.8,97.69230769230771,1.0,0.9230769230769231,1.0,1.0,21.39679970267131,0.9398708490244949,,550.8387677535507,99.81845867456312,2689.1044921875,4.8818359375,4.94140625,3277,4096,6.206415955156258,95.97548645192255,302.13670000375714
5d59d84dd2bc712d144fb7b01ff0fac2dfc1c5af_satellite.tif,hybrid_fixed_0p90_mask_supervised_cems_hls_0p10,0.8,97.69230769230771,1.0,0.9230769230769231,1.0,1.0,21.413624515176224,0.9398777464665073,,551.1695356285028,99.8185676211477,2689.1044921875,4.87890625,4.94140625,3277,4096,6.207373726448864,95.97215759608322,273.4908999991603
5d59d84dd2bc712d144fb7b01ff0fac2dfc1c5af_satellite.tif,hybrid_fixed_0p80_mask_supervised_cems_hls_0p20,0.8,97.69230769230771,1.0,0.9230769230769231,1.0,1.0,21.43783985254676,0.940068132155117,,549.9586578789695,99.81816815033757,2689.1044921875,4.8896484375,4.94140625,3277,4096,6.213792328027802,95.90692177652134,267.21249999536667
5d59d84dd2bc712d144fb7b01ff0fac2dfc1c5af_satellite.tif,hybrid_fixed_0p70_mask_supervised_cems_hls_0p30,0.8,97.69230769230771,1.0,0.9230769230769231,1.0,1.0,21.480283765223067,0.9401916796581853,,548.5344621513945,99.81769604847106,2689.1044921875,4.90234375,4.94140625,3277,4096,6.216842770630892,95.86696940964387,278.4576999983983
5d59d84dd2bc712d144fb7b01ff0fac2dfc1c5af_satellite.tif,hybrid_fixed_0p60_mask_supervised_cems_hls_0p40,0.8,97.69230769230771,1.0,0.9230769230769231,1.0,1.0,21.486359014277436,0.9402978612806684,,548.316009557945,99.81762341741468,2689.1044921875,4.904296875,4.94140625,3277,4096,6.219698260025851,95.81871929039036,269.08499999990454
5d59d84dd2bc712d144fb7b01ff0fac2dfc1c5af_satellite.tif,hybrid_fixed_0p50_mask_supervised_cems_hls_0p50,0.8,97.69230769230771,1.0,0.9230769230769231,1.0,1.0,21.52050265619369,0.9403391363969352,,548.7530888800319,99.81776867952745,2689.1044921875,4.900390625,4.94140625,3277,4096,6.2244125844617155,95.740930148167,296.156800002791
63477a64d2e59ae222a73b69a34b70d186f1b89a_satellite.tif,fixed_mission_utility,0.8,89.46271936098735,0.9802844524383545,0.7222222222222222,0.965854823589325,0.9267578125,22.35700977985973,0.9157766300730769,,590.5949638883467,99.83067921991474,2954.705078125,5.0029296875,5.1630859375,3277,4096,5.923709078721517,91.0968853371178,295.2272000038647
63477a64d2e59ae222a73b69a34b70d186f1b89a_satellite.tif,mask_supervised_cems_hls,0.8,80.05522449811302,0.8855240345001221,0.6944444444444444,0.869245707988739,0.6416015625,20.331290822504442,0.864217066152192,,583.9834008878595,99.82876225617377,2954.705078125,5.0595703125,5.1630859375,3277,4096,5.859541981310462,86.24334483859127,268.4561999994912
63477a64d2e59ae222a73b69a34b70d186f1b89a_satellite.tif,hybrid_fixed_0p95_mask_supervised_cems_hls_0p05,0.8,90.26073694229127,0.9791818857192993,0.75,0.9648293256759644,0.9296875,22.35202120782512,0.9156686467094834,,589.9040748683954,99.83048091332086,2954.705078125,5.0087890625,5.1630859375,3277,4096,5.92285181915005,91.09227636457614,291.7569000055664
63477a64d2e59ae222a73b69a34b70d186f1b89a_satellite.tif,hybrid_fixed_0p90_mask_supervised_cems_hls_0p10,0.8,90.31304359436038,0.9803593158721924,0.75,0.9646015167236328,0.9306640625,22.346022621125933,0.915581881046265,,589.5592361652377,99.8303817600239,2954.705078125,5.01171875,5.1630859375,3277,4096,5.922113170109616,91.08420021933696,297.40550000133226
63477a64d2e59ae222a73b69a34b70d186f1b89a_satellite.tif,hybrid_fixed_0p80_mask_supervised_cems_hls_0p20,0.8,90.54518461227418,0.9844406843185425,0.75,0.9675575494766235,0.931640625,22.34099048072668,0.9154956885727058,,589.6741375950107,99.83041481112288,2954.705078125,5.0107421875,5.1630859375,3277,4096,5.922183724503071,91.06992772128498,293.71330000140006
63477a64d2e59ae222a73b69a34b70d186f1b89a_satellite.tif,hybrid_fixed_0p70_mask_supervised_cems_hls_0p30,0.8,89.69216148058574,0.9858729243278503,0.7222222222222222,0.9656617045402527,0.927734375,22.335032374448893,0.9152682922263675,,590.3644878048781,99.83061311771678,2954.705078125,5.0048828125,5.1630859375,3277,4096,5.924225138299185,91.0305425888557,276.79360000183806
63477a64d2e59ae222a73b69a34b70d186f1b89a_satellite.tif,hybrid_fixed_0p60_mask_supervised_cems_hls_0p40,0.8,90.19128561019899,0.9823068976402283,0.75,0.9634075164794922,0.9130859375,22.340429556801332,0.9153253303911182,,589.9040748683954,99.83048091332086,2954.705078125,5.0087890625,5.1630859375,3277,4096,5.929665217092834,91.00515146671152,279.65989999938756
63477a64d2e59ae222a73b69a34b70d186f1b89a_satellite.tif,hybrid_fixed_0p50_mask_supervised_cems_hls_0p50,0.8,88.88843417167665,0.9638149738311768,0.75,0.9528269171714783,0.8779296875,22.306601937667338,0.9145707543497292,,589.6741375950107,99.83041481112288,2954.705078125,5.0107421875,5.1630859375,3277,4096,5.930238034943114,90.95869970719797,266.55720000417205
64a0d72a1edec365d7d1353d123e40af75617e06_satellite.tif,fixed_mission_utility,0.8,100.0,1.0,1.0,1.0,1.0,18.2263320701692,0.8223679656075363,,535.9890314184793,99.81342901787495,2815.5126953125,5.2529296875,5.482421875,3277,4096,6.062930213469632,89.72321237676118,285.87839999818243
64a0d72a1edec365d7d1353d123e40af75617e06_satellite.tif,mask_supervised_cems_hls,0.8,100.0,1.0,1.0,1.0,1.0,18.180396834315157,0.8049247147848788,,528.3278358072201,99.81072358255133,2815.5126953125,5.3291015625,5.482421875,3277,4096,6.038946822868355,86.34137316783679,250.50699999701465
64a0d72a1edec365d7d1353d123e40af75617e06_satellite.tif,hybrid_fixed_0p95_mask_supervised_cems_hls_0p05,0.8,100.0,1.0,1.0,1.0,1.0,18.224686453453202,0.8224416402120956,,535.9890314184793,99.81342901787495,2815.5126953125,5.2529296875,5.482421875,3277,4096,6.063159345917558,89.72509367793157,273.53329999459675
64a0d72a1edec365d7d1353d123e40af75617e06_satellite.tif,hybrid_fixed_0p90_mask_supervised_cems_hls_0p10,0.8,100.0,1.0,1.0,1.0,1.0,18.22096743174827,0.8223082752184618,,536.9873346991991,99.81377586855746,2815.5126953125,5.2431640625,5.482421875,3277,4096,6.062464475718313,89.7101247689803,263.3936000056565
64a0d72a1edec365d7d1353d123e40af75617e06_satellite.tif,hybrid_fixed_0p80_mask_supervised_cems_hls_0p20,0.8,100.0,1.0,1.0,1.0,1.0,18.239621167765446,0.8228201097949204,,536.2881324404761,99.81353307307971,2815.5126953125,5.25,5.482421875,3277,4096,6.063826202518376,89.69045600295358,257.44119999581017
64a0d72a1edec365d7d1353d123e40af75617e06_satellite.tif,hybrid_fixed_0p70_mask_supervised_cems_hls_0p30,0.8,100.0,1.0,1.0,1.0,1.0,18.179328339225453,0.8226927182517046,,535.4912704309064,99.8132555925337,2815.5126953125,5.2578125,5.482421875,3277,4096,6.064341560991828,89.66336390776,287.5549000018509
64a0d72a1edec365d7d1353d123e40af75617e06_satellite.tif,hybrid_fixed_0p60_mask_supervised_cems_hls_0p40,0.8,100.0,1.0,1.0,1.0,1.0,18.26711518407786,0.8231240770437915,,536.088694682038,99.81346370294321,2815.5126953125,5.251953125,5.482421875,3277,4096,6.064025607485153,89.66627754747874,278.9282000012463
64a0d72a1edec365d7d1353d123e40af75617e06_satellite.tif,hybrid_fixed_0p50_mask_supervised_cems_hls_0p50,0.8,100.0,1.0,1.0,1.0,1.0,18.302156553048302,0.8231262108514635,,534.994433104472,99.81308216719243,2815.5126953125,5.2626953125,5.482421875,3277,4096,6.067091385404201,89.62300762056016,308.0781000026036
6994d5f4cf4edd70cc252783f02c6bb15e8accf5_satellite.tif,fixed_mission_utility,0.8,100.0,1.0,1.0,1.0,1.0,17.330642334669346,0.8406443627554556,,582.1765182186235,99.82823079105631,2808.546875,4.82421875,5.26953125,3277,4096,5.56850748423324,90.01410352564828,295.194199999969
6994d5f4cf4edd70cc252783f02c6bb15e8accf5_satellite.tif,mask_supervised_cems_hls,0.8,97.2727272727273,1.0,0.9090909090909091,1.0,1.0,19.26983999201042,0.838950114918411,,558.0038804811796,99.82078977674176,2808.546875,5.033203125,5.26953125,3277,4096,5.662178441903672,83.41373317574893,247.54579999716952
6994d5f4cf4edd70cc252783f02c6bb15e8accf5_satellite.tif,hybrid_fixed_0p95_mask_supervised_cems_hls_0p05,0.8,100.0,1.0,1.0,1.0,1.0,17.31922982672761,0.8404374412601783,,582.1765182186235,99.82823079105631,2808.546875,4.82421875,5.26953125,3277,4096,5.567644153118412,90.0171730993826,337.1580999955768
6994d5f4cf4edd70cc252783f02c6bb15e8accf5_satellite.tif,hybrid_fixed_0p90_mask_supervised_cems_hls_0p10,0.8,100.0,1.0,1.0,1.0,1.0,17.3216496387288,0.8406153505102372,,581.9409146094698,99.82816124886646,2808.546875,4.826171875,5.26953125,3277,4096,5.5673340540643705,90.01867874472697,310.9866999948281
6994d5f4cf4edd70cc252783f02c6bb15e8accf5_satellite.tif,hybrid_fixed_0p80_mask_supervised_cems_hls_0p20,0.8,100.0,1.0,1.0,1.0,1.0,17.325817196780406,0.8406716197944014,,583.3574036511156,99.8285785020056,2808.546875,4.814453125,5.26953125,3277,4096,5.56834879932258,90.01639599210809,334.50460000312887
6994d5f4cf4edd70cc252783f02c6bb15e8accf5_satellite.tif,hybrid_fixed_0p70_mask_supervised_cems_hls_0p30,0.8,100.0,1.0,1.0,1.0,1.0,17.29738085878072,0.8402334511421524,,584.899735611145,99.82903052623966,2808.546875,4.8017578125,5.26953125,3277,4096,5.568929923374507,90.00966430034264,294.5458000031067
6994d5f4cf4edd70cc252783f02c6bb15e8accf5_satellite.tif,hybrid_fixed_0p60_mask_supervised_cems_hls_0p40,0.8,100.0,1.0,1.0,1.0,1.0,17.289523114072637,0.8392519335283126,,585.1377416073245,99.82910006842951,2808.546875,4.7998046875,5.26953125,3277,4096,5.569758777530451,89.99145084859629,300.85890000191284
6994d5f4cf4edd70cc252783f02c6bb15e8accf5_satellite.tif,hybrid_fixed_0p50_mask_supervised_cems_hls_0p50,0.8,100.0,1.0,1.0,1.0,1.0,17.333867911769936,0.8403285744037029,,587.1686402613311,99.82969117704329,2808.546875,4.783203125,5.26953125,3277,4096,5.572813491525187,89.9635721251232,313.2009000037215
6dad7f90e48a55ad812727da4fc376410249ea4e_satellite.tif,fixed_mission_utility,0.8,100.0,1.0,1.0,1.0,1.0,11.302705611780642,0.34855903350582373,,534.2517521209886,99.81282232654736,2828.8212890625,5.294921875,5.595703125,3277,4096,6.122785387787879,89.3538083584798,284.6967000004952
6dad7f90e48a55ad812727da4fc376410249ea4e_satellite.tif,mask_supervised_cems_hls,0.8,100.0,1.0,1.0,1.0,1.0,13.209299359796917,0.5428660811023259,,528.0191396281443,99.81061292575413,2828.8212890625,5.357421875,5.595703125,3277,4096,6.110472132711404,85.12972891982102,259.23279999551596
6dad7f90e48a55ad812727da4fc376410249ea4e_satellite.tif,hybrid_fixed_0p95_mask_supervised_cems_hls_0p05,0.8,100.0,1.0,1.0,1.0,1.0,11.29961618196787,0.3475224180998791,,534.5475179922495,99.81292589220955,2828.8212890625,5.2919921875,5.595703125,3277,4096,6.12285713545503,89.35102390356414,302.8176000007079
6dad7f90e48a55ad812727da4fc376410249ea4e_satellite.tif,hybrid_fixed_0p90_mask_supervised_cems_hls_0p10,0.8,100.0,1.0,1.0,1.0,1.0,11.316372416174694,0.348840221373255,,534.3503043718871,99.81285684843476,2828.8212890625,5.2939453125,5.595703125,3277,4096,6.123858330358139,89.32430785595929,277.1437999981572
6dad7f90e48a55ad812727da4fc376410249ea4e_satellite.tif,hybrid_fixed_0p80_mask_supervised_cems_hls_0p20,0.8,100.0,1.0,1.0,1.0,1.0,11.342558136820873,0.3507925356185852,,535.1400332532792,99.81313302353392,2828.8212890625,5.2861328125,5.595703125,3277,4096,6.125694086474644,89.29727901716346,271.3372999933199
6dad7f90e48a55ad812727da4fc376410249ea4e_satellite.tif,hybrid_fixed_0p70_mask_supervised_cems_hls_0p30,0.8,100.0,1.0,1.0,1.0,1.0,11.384014498009938,0.35540720608289916,,535.2389135254989,99.81316754542131,2828.8212890625,5.28515625,5.595703125,3277,4096,6.126711587827641,89.27239678458015,291.93449999729637
6dad7f90e48a55ad812727da4fc376410249ea4e_satellite.tif,hybrid_fixed_0p60_mask_supervised_cems_hls_0p40,0.8,100.0,1.0,1.0,1.0,1.0,11.386924544031707,0.35456282724228666,,535.0411895086812,99.81309850164652,2828.8212890625,5.287109375,5.595703125,3277,4096,6.126824883302299,89.25024380846703,271.31440000084694
6dad7f90e48a55ad812727da4fc376410249ea4e_satellite.tif,hybrid_fixed_0p50_mask_supervised_cems_hls_0p50,0.8,100.0,1.0,1.0,1.0,1.0,11.442376717638105,0.35825306026126713,,536.5276903130209,99.81361632995743,2828.8212890625,5.2724609375,5.595703125,3277,4096,6.13022532105923,89.20490135209819,270.32060000055935
7235d348eea2a7106f3a76ea4de803cb07ade22b_satellite.tif,fixed_mission_utility,0.8,100.0,1.0,1.0,1.0,1.0,17.849309884379686,0.7992320514162462,,518.7803127874885,99.80724017944573,2753.4873046875,5.3076171875,5.6005859375,3277,4096,6.201838450330867,88.46869561670484,290.61060000094585
7235d348eea2a7106f3a76ea4de803cb07ade22b_satellite.tif,mask_supervised_cems_hls,0.8,94.97895513262068,1.0,0.8571428571428571,0.996924877166748,0.9326171875,16.981890816659295,0.7485656173000172,,513.9575282537368,99.80543139364109,2753.4873046875,5.357421875,5.6005859375,3277,4096,6.131477170795376,83.53560425010875,220.67539999989094
7235d348eea2a7106f3a76ea4de803cb07ade22b_satellite.tif,hybrid_fixed_0p95_mask_supervised_cems_hls_0p05,0.8,100.0,1.0,1.0,1.0,1.0,17.840177332741913,0.7989922317571613,,519.3536562902929,99.8074529777757,2753.4873046875,5.3017578125,5.6005859375,3277,4096,6.198679394631956,88.45768753203302,281.80889999930514
7235d348eea2a7106f3a76ea4de803cb07ade22b_satellite.tif,hybrid_fixed_0p90_mask_supervised_cems_hls_0p10,0.8,100.0,1.0,1.0,1.0,1.0,17.843916874810255,0.7989573627441902,,519.2580110497238,99.80741751138737,2753.4873046875,5.302734375,5.6005859375,3277,4096,6.197882455629133,88.4434682281848,276.17779999854974
7235d348eea2a7106f3a76ea4de803cb07ade22b_satellite.tif,hybrid_fixed_0p80_mask_supervised_cems_hls_0p20,0.8,100.0,1.0,1.0,1.0,1.0,17.8458469662697,0.7990295418339028,,518.7803127874885,99.80724017944573,2753.4873046875,5.3076171875,5.6005859375,3277,4096,6.1976513024509625,88.42898290617995,291.4887999941129
7235d348eea2a7106f3a76ea4de803cb07ade22b_satellite.tif,hybrid_fixed_0p70_mask_supervised_cems_hls_0p30,0.8,100.0,1.0,1.0,1.0,1.0,17.850139186701718,0.7992084766953931,,518.8757821126242,99.80727564583405,2753.4873046875,5.306640625,5.6005859375,3277,4096,6.201309844812274,88.39006191635933,313.0077999958303
7235d348eea2a7106f3a76ea4de803cb07ade22b_satellite.tif,hybrid_fixed_0p60_mask_supervised_cems_hls_0p40,0.8,97.85714285714288,1.0,0.9285714285714286,1.0,1.0,17.8403519830097,0.7989442089312258,,519.1624010311176,99.80738204499904,2753.4873046875,5.3037109375,5.6005859375,3277,4096,6.199851936728374,88.38093496008081,284.1251999998349
7235d348eea2a7106f3a76ea4de803cb07ade22b_satellite.tif,hybrid_fixed_0p50_mask_supervised_cems_hls_0p50,0.8,98.92857142857144,1.0,0.9642857142857143,1.0,1.0,17.84116038545454,0.7988018646909633,,518.7803127874885,99.80724017944573,2753.4873046875,5.3076171875,5.6005859375,3277,4096,6.201897253251856,88.35042521102207,284.76539999974193
728f4db0587bea83f3958e8aec38e617861ca1b5_satellite.tif,fixed_mission_utility,0.8,95.58823529411767,1.0,0.8529411764705882,1.0,1.0,18.744714231919396,0.8835797630835077,,461.74184886843113,99.783428770329,2351.095703125,5.091796875,5.158203125,3277,4096,6.2725482163760695,93.51236763379447,260.38909999624593
728f4db0587bea83f3958e8aec38e617861ca1b5_satellite.tif,mask_supervised_cems_hls,0.8,95.58823529411767,1.0,0.8529411764705882,1.0,1.0,17.08367045047442,0.8236699927231789,,452.5417293233083,99.7790259029824,2351.095703125,5.1953125,5.158203125,3277,4096,6.223640962324128,89.36162656933809,211.48140000150306
728f4db0587bea83f3958e8aec38e617861ca1b5_satellite.tif,hybrid_fixed_0p95_mask_supervised_cems_hls_0p05,0.8,95.58823529411767,1.0,0.8529411764705882,1.0,1.0,18.747712852970587,0.8837141781410462,,461.91903300076746,99.7835118432978,2351.095703125,5.08984375,5.158203125,3277,4096,6.273601984485049,93.4979103953948,293.5094999993453
728f4db0587bea83f3958e8aec38e617861ca1b5_satellite.tif,hybrid_fixed_0p90_mask_supervised_cems_hls_0p10,0.8,95.58823529411767,1.0,0.8529411764705882,1.0,1.0,18.76369360119694,0.8841785602605055,,461.91903300076746,99.7835118432978,2351.095703125,5.08984375,5.158203125,3277,4096,6.273170459052304,93.4863187304229,265.28330000292044
728f4db0587bea83f3958e8aec38e617861ca1b5_satellite.tif,hybrid_fixed_0p80_mask_supervised_cems_hls_0p20,0.8,94.70588235294119,1.0,0.8235294117647058,1.0,1.0,18.739208466117077,0.8833403420290379,,461.2111111111111,99.78317955142259,2351.095703125,5.09765625,5.158203125,3277,4096,6.2724540294396816,93.47505696216615,262.85740000457736
728f4db0587bea83f3958e8aec38e617861ca1b5_satellite.tif,hybrid_fixed_0p70_mask_supervised_cems_hls_0p30,0.8,94.70588235294119,1.0,0.8235294117647058,1.0,1.0,18.681014435250162,0.8816266471665396,,461.2111111111111,99.78317955142259,2351.095703125,5.09765625,5.158203125,3277,4096,6.270593848442918,93.45481035984358,265.56080000591464
728f4db0587bea83f3958e8aec38e617861ca1b5_satellite.tif,hybrid_fixed_0p60_mask_supervised_cems_hls_0p40,0.8,94.70588235294119,1.0,0.8235294117647058,1.0,1.0,18.653344983041656,0.8806345415952409,,460.5053557765876,99.78284725954737,2351.095703125,5.10546875,5.158203125,3277,4096,6.270654578460903,93.43793387886606,273.0867000063881
728f4db0587bea83f3958e8aec38e617861ca1b5_satellite.tif,hybrid_fixed_0p50_mask_supervised_cems_hls_0p50,0.8,96.47058823529413,1.0,0.8823529411764706,1.0,1.0,18.64662226403838,0.880440890561391,,461.8304239401496,99.7834703068134,2351.095703125,5.0908203125,5.158203125,3277,4096,6.273199267588266,93.39615343017549,277.74740000313614
73ccaedcb6550b7dc1655daa5a5a2017cd0f3a39_satellite.tif,fixed_mission_utility,0.8,94.23076923076925,1.0,0.8076923076923077,1.0,1.0,17.53061582729045,0.776026506053537,,531.3039323778023,99.81178381354631,2823.58984375,5.314453125,5.5947265625,3277,4096,6.135301622130498,89.11698149199759,269.7693000009167
73ccaedcb6550b7dc1655daa5a5a2017cd0f3a39_satellite.tif,mask_supervised_cems_hls,0.8,95.3846153846154,1.0,0.8461538461538461,1.0,1.0,17.765493849482127,0.7664143409218827,,529.6493863344934,99.81119585412519,2823.58984375,5.3310546875,5.5947265625,3277,4096,6.114657956055094,84.59858506789429,245.03330000152346
73ccaedcb6550b7dc1655daa5a5a2017cd0f3a39_satellite.tif,hybrid_fixed_0p95_mask_supervised_cems_hls_0p05,0.8,94.23076923076925,1.0,0.8076923076923077,1.0,1.0,17.542826666801975,0.7761232987260319,,530.4267106952852,99.81147254091161,2823.58984375,5.3232421875,5.5947265625,3277,4096,6.136320334261152,89.11454517132907,288.4498000057647
73ccaedcb6550b7dc1655daa5a5a2017cd0f3a39_satellite.tif,hybrid_fixed_0p90_mask_supervised_cems_hls_0p10,0.8,95.3846153846154,1.0,0.8461538461538461,1.0,1.0,17.542062741039913,0.7762021357500443,,531.4015805918029,99.81181839939461,2823.58984375,5.3134765625,5.5947265625,3277,4096,6.13615186395451,89.11870505927905,301.23140000068815
73ccaedcb6550b7dc1655daa5a5a2017cd0f3a39_satellite.tif,hybrid_fixed_0p80_mask_supervised_cems_hls_0p20,0.8,96.53846153846155,1.0,0.8846153846153846,1.0,1.0,17.561826032387792,0.7763081754288005,,531.4015805918029,99.81181839939461,2823.58984375,5.3134765625,5.5947265625,3277,4096,6.13785061798594,89.08898324303827,321.8965999985812
73ccaedcb6550b7dc1655daa5a5a2017cd0f3a39_satellite.tif,hybrid_fixed_0p70_mask_supervised_cems_hls_0p30,0.8,94.23076923076925,1.0,0.8076923076923077,1.0,1.0,17.598712241577086,0.7771737537180085,,531.3039323778023,99.81178381354631,2823.58984375,5.314453125,5.5947265625,3277,4096,6.14253039285249,89.05757025739727,274.25850000145147
73ccaedcb6550b7dc1655daa5a5a2017cd0f3a39_satellite.tif,hybrid_fixed_0p60_mask_supervised_cems_hls_0p40,0.8,96.53846153846155,1.0,0.8846153846153846,1.0,1.0,17.69088066808317,0.7784814564296423,,530.9136981270657,99.81164547015311,2823.58984375,5.318359375,5.5947265625,3277,4096,6.147701404793095,89.01525214493412,272.556000003533
73ccaedcb6550b7dc1655daa5a5a2017cd0f3a39_satellite.tif,hybrid_fixed_0p50_mask_supervised_cems_hls_0p50,0.8,96.53846153846155,1.0,0.8846153846153846,1.0,1.0,17.73544088582031,0.7787331630441771,,531.8903605592348,99.81199132863611,2823.58984375,5.30859375,5.5947265625,3277,4096,6.144340521199424,88.93595509083458,274.90039999975124
74a134f73ab39bc8eba24f535baa195f473bf5f8_satellite.tif,fixed_mission_utility,0.8,100.0,1.0,1.0,1.0,1.0,17.300755613929095,0.8118056552549807,,535.6268516782299,99.81330286245606,2789.548828125,5.2080078125,5.521484375,3277,4096,6.08814919204221,88.48161521983002,290.7089000000269
74a134f73ab39bc8eba24f535baa195f473bf5f8_satellite.tif,mask_supervised_cems_hls,0.8,100.0,1.0,1.0,1.0,1.0,18.586884763551687,0.8293248868428497,,529.7659495548961,99.81123739628033,2789.548828125,5.265625,5.521484375,3277,4096,6.08861130360045,83.90533565765679,260.62069999898085
74a134f73ab39bc8eba24f535baa195f473bf5f8_satellite.tif,hybrid_fixed_0p95_mask_supervised_cems_hls_0p05,0.8,100.0,1.0,1.0,1.0,1.0,17.27010014365105,0.8111028836470023,,535.5264341957255,99.81326785455478,2789.548828125,5.208984375,5.521484375,3277,4096,6.086720645044094,88.48146490250073,299.3385000008857
74a134f73ab39bc8eba24f535baa195f473bf5f8_satellite.tif,hybrid_fixed_0p90_mask_supervised_cems_hls_0p10,0.8,100.0,1.0,1.0,1.0,1.0,17.259900282303732,0.8106832614527704,,535.0249110320285,99.81309281504835,2789.548828125,5.2138671875,5.521484375,3277,4096,6.084385374203095,88.47763181060418,300.58079999434995
74a134f73ab39bc8eba24f535baa195f473bf5f8_satellite.tif,hybrid_fixed_0p80_mask_supervised_cems_hls_0p20,0.8,100.0,1.0,1.0,1.0,1.0,17.321826900178813,0.8118865494060854,,534.7244477723699,99.81298779134451,2789.548828125,5.216796875,5.521484375,3277,4096,6.086055850043852,88.47474446523765,278.902800004289
74a134f73ab39bc8eba24f535baa195f473bf5f8_satellite.tif,hybrid_fixed_0p70_mask_supervised_cems_hls_0p30,0.8,100.0,1.0,1.0,1.0,1.0,17.33775228647122,0.8125101590308957,,533.1276595744681,99.81242766492397,2789.548828125,5.232421875,5.521484375,3277,4096,6.0848197489592195,88.45608632674114,271.5418000007048
74a134f73ab39bc8eba24f535baa195f473bf5f8_satellite.tif,hybrid_fixed_0p60_mask_supervised_cems_hls_0p40,0.8,100.0,1.0,1.0,1.0,1.0,17.377041251609004,0.8123692353190912,,534.2244249111651,99.81281275183808,2789.548828125,5.2216796875,5.521484375,3277,4096,6.082813443313408,88.42468253136637,259.82379999913974
74a134f73ab39bc8eba24f535baa195f473bf5f8_satellite.tif,hybrid_fixed_0p50_mask_supervised_cems_hls_0p50,0.8,98.80000000000003,1.0,0.96,1.0,1.0,17.324650087055147,0.8113986655816942,,535.2254075323216,99.81316283085093,2789.548828125,5.2119140625,5.521484375,3277,4096,6.083283517330933,88.36469339054076,265.01920000009704
7d1bcbf477324a82bb187d33eebcbab63880f548_satellite.tif,fixed_mission_utility,0.8,100.0,1.0,1.0,1.0,1.0,17.78288703974849,0.8017336578548576,,552.4407672057164,99.81898511852084,2869.0234375,5.193359375,5.4541015625,3277,4096,6.116416820350885,88.33989112970025,264.0920999983791
7d1bcbf477324a82bb187d33eebcbab63880f548_satellite.tif,mask_supervised_cems_hls,0.8,98.84615384615387,1.0,0.9615384615384616,1.0,1.0,18.10299267828747,0.7919688065636508,,544.1526208557141,99.8162280283742,2869.0234375,5.2724609375,5.4541015625,3277,4096,6.099303220286505,83.14365915799496,230.09929999534506
7d1bcbf477324a82bb187d33eebcbab63880f548_satellite.tif,hybrid_fixed_0p95_mask_supervised_cems_hls_0p05,0.8,100.0,1.0,1.0,1.0,1.0,17.781202142166276,0.8017562689007449,,552.8566051938276,99.81912127112066,2869.0234375,5.189453125,5.4541015625,3277,4096,6.116025996003376,88.34037149418606,260.63840000279015
7d1bcbf477324a82bb187d33eebcbab63880f548_satellite.tif,hybrid_fixed_0p90_mask_supervised_cems_hls_0p10,0.8,100.0,1.0,1.0,1.0,1.0,17.789082751347728,0.8018962643623444,,552.1292990039466,99.81888300407095,2869.0234375,5.1962890625,5.4541015625,3277,4096,6.116112350108892,88.3348657781566,293.5958000016399
7d1bcbf477324a82bb187d33eebcbab63880f548_satellite.tif,hybrid_fixed_0p80_mask_supervised_cems_hls_0p20,0.8,100.0,1.0,1.0,1.0,1.0,17.76563795721686,0.8011422788408757,,551.9218485816269,99.81881492777104,2869.0234375,5.1982421875,5.4541015625,3277,4096,6.1139786282440935,88.32879347837466,321.45740000123624
7d1bcbf477324a82bb187d33eebcbab63880f548_satellite.tif,hybrid_fixed_0p70_mask_supervised_cems_hls_0p30,0.8,100.0,1.0,1.0,1.0,1.0,17.735335714486475,0.8001941825226007,,552.5446680458905,99.81901915667079,2869.0234375,5.1923828125,5.4541015625,3277,4096,6.110940705389689,88.3125041954911,317.87289999920176
7d1bcbf477324a82bb187d33eebcbab63880f548_satellite.tif,hybrid_fixed_0p60_mask_supervised_cems_hls_0p40,0.8,100.0,1.0,1.0,1.0,1.0,17.715255826394912,0.7998736097088411,,552.3369054333522,99.81895108037088,2869.0234375,5.1943359375,5.4541015625,3277,4096,6.107197989792045,88.28001184899065,292.48959999677027
7d1bcbf477324a82bb187d33eebcbab63880f548_satellite.tif,hybrid_fixed_0p50_mask_supervised_cems_hls_0p50,0.8,100.0,1.0,1.0,1.0,1.0,17.70546473000808,0.8000732055912864,,553.4815373021854,99.81932550002043,2869.0234375,5.18359375,5.4541015625,3277,4096,6.102768040043278,88.23338570127365,281.05019999929937
8b079ad72d655663f9e7d1fe6502ada578f2ca8a_satellite.tif,fixed_mission_utility,0.8,100.0,1.0,1.0,1.0,1.0,11.791115405598699,0.3602200036836241,,523.9243284146803,99.8091327419313,2704.5546875,5.162109375,5.4765625,3277,4096,5.9471719879952705,88.36834225687873,284.30260000459384
8b079ad72d655663f9e7d1fe6502ada578f2ca8a_satellite.tif,mask_supervised_cems_hls,0.8,100.0,1.0,1.0,1.0,1.0,14.271223007277854,0.5603520162904102,,512.0103531151784,99.80469144932016,2704.5546875,5.2822265625,5.4765625,3277,4096,6.021921503414589,81.98639465460938,268.7272000039229
8b079ad72d655663f9e7d1fe6502ada578f2ca8a_satellite.tif,hybrid_fixed_0p95_mask_supervised_cems_hls_0p05,0.8,100.0,1.0,1.0,1.0,1.0,11.795108854959368,0.35897800927338847,,523.231437747969,99.80887998544122,2704.5546875,5.1689453125,5.4765625,3277,4096,5.94673217179843,88.38028008546775,278.7469000031706
8b079ad72d655663f9e7d1fe6502ada578f2ca8a_satellite.tif,hybrid_fixed_0p90_mask_supervised_cems_hls_0p10,0.8,100.0,1.0,1.0,1.0,1.0,11.802694631904133,0.35916666902304545,,522.638988488394,99.80866333702117,2704.5546875,5.1748046875,5.4765625,3277,4096,5.946209704475999,88.37199918947258,295.07019999437034
8b079ad72d655663f9e7d1fe6502ada578f2ca8a_satellite.tif,hybrid_fixed_0p80_mask_supervised_cems_hls_0p20,0.8,100.0,1.0,1.0,1.0,1.0,11.81532795754179,0.35687431237402795,,521.5563088512241,99.80826614825106,2704.5546875,5.185546875,5.4765625,3277,4096,5.948105873064792,88.35028545749061,280.11770000011893
8b079ad72d655663f9e7d1fe6502ada578f2ca8a_satellite.tif,hybrid_fixed_0p70_mask_supervised_cems_hls_0p30,0.8,100.0,1.0,1.0,1.0,1.0,11.82551848702596,0.3547039079036545,,521.261810653115,99.80815782404105,2704.5546875,5.1884765625,5.4765625,3277,4096,5.948853642427311,88.30674128291197,320.3754999994999
8b079ad72d655663f9e7d1fe6502ada578f2ca8a_satellite.tif,hybrid_fixed_0p60_mask_supervised_cems_hls_0p40,0.8,100.0,1.0,1.0,1.0,1.0,11.82611855931066,0.3560407673393687,,521.6545488792616,99.80830225632108,2704.5546875,5.1845703125,5.4765625,3277,4096,5.946644511154787,88.2353143867174,297.3291000016616
8b079ad72d655663f9e7d1fe6502ada578f2ca8a_satellite.tif,hybrid_fixed_0p50_mask_supervised_cems_hls_0p50,0.8,100.0,1.0,1.0,1.0,1.0,11.841543418846749,0.3550711469929074,,521.4581058181134,99.80823004018106,2704.5546875,5.1865234375,5.4765625,3277,4096,5.945802904416777,88.1051209171987,288.4888000044157
8c6a615040bad81cb5d75ac933be28679fea30f5_satellite.tif,fixed_mission_utility,0.8,98.42105263157896,1.0,0.9473684210526315,1.0,1.0,21.44658964113054,0.960353629542606,,554.7757009345794,99.8197469719176,2550.66796875,4.59765625,4.6748046875,3277,4096,6.080116455322514,96.88587431858514,251.0933000012301
8c6a615040bad81cb5d75ac933be28679fea30f5_satellite.tif,mask_supervised_cems_hls,0.8,99.9018955230713,1.0,1.0,0.9950947761535645,1.0,18.95645060573562,0.9162433010958897,,536.3211498973305,99.81354455251459,2550.66796875,4.755859375,4.6748046875,3277,4096,5.928584139595325,91.70083545970915,220.527099998435
8c6a615040bad81cb5d75ac933be28679fea30f5_satellite.tif,hybrid_fixed_0p95_mask_supervised_cems_hls_0p05,0.8,98.42105263157896,1.0,0.9473684210526315,1.0,1.0,21.44504784665887,0.960350755171112,,555.3655113757176,99.81993840461521,2550.66796875,4.5927734375,4.6748046875,3277,4096,6.079677597239257,96.88171591017374,251.880900003016
8c6a615040bad81cb5d75ac933be28679fea30f5_satellite.tif,hybrid_fixed_0p90_mask_supervised_cems_hls_0p10,0.8,98.42105263157896,1.0,0.9473684210526315,1.0,1.0,21.44386556381146,0.9603484557993129,,555.4836239897916,99.81997669115474,2550.66796875,4.591796875,4.6748046875,3277,4096,6.078950644475682,96.88383702082079,252.2735000020475
8c6a615040bad81cb5d75ac933be28679fea30f5_satellite.tif,hybrid_fixed_0p80_mask_supervised_cems_hls_0p20,0.8,98.42105263157896,1.0,0.9473684210526315,1.0,1.0,21.444041532091912,0.9603681740530055,,555.1294367693943,99.81986183153616,2550.66796875,4.5947265625,4.6748046875,3277,4096,6.0800791042071065,96.88562932708183,258.9512999984436
8c6a615040bad81cb5d75ac933be28679fea30f5_satellite.tif,hybrid_fixed_0p70_mask_supervised_cems_hls_0p30,0.8,98.42105263157896,1.0,0.9473684210526315,1.0,1.0,21.44304616441177,0.9603844328889094,,554.304753820034,99.81959382575948,2550.66796875,4.6015625,4.6748046875,3277,4096,6.077419231213295,96.88452686531696,276.2546000012662
8c6a615040bad81cb5d75ac933be28679fea30f5_satellite.tif,hybrid_fixed_0p60_mask_supervised_cems_hls_0p40,0.8,98.42105263157896,1.0,0.9473684210526315,1.0,1.0,21.442885742640414,0.9604104259477787,,553.5998304366257,99.81936410652234,2550.66796875,4.607421875,4.6748046875,3277,4096,6.075407040402164,96.88258627472496,237.74219999904744
8c6a615040bad81cb5d75ac933be28679fea30f5_satellite.tif,hybrid_fixed_0p50_mask_supervised_cems_hls_0p50,0.8,98.42105263157896,1.0,0.9473684210526315,1.0,1.0,21.44428998662791,0.9604420002467464,,554.42241562301,99.81963211229902,2550.66796875,4.6005859375,4.6748046875,3277,4096,6.073734539952792,96.87676450294899,248.04540000332054
8d999f51ff219de194e6bcd5abd8ab4aa9706f0b_satellite.tif,fixed_mission_utility,0.8,93.63636363636365,1.0,0.7878787878787878,1.0,1.0,17.652786847274534,0.8266203867059628,,526.1890937622597,99.80995425183559,2619.640625,4.978515625,5.048828125,3277,4096,6.14319678751,92.20136653827889,270.3395999997156
8d999f51ff219de194e6bcd5abd8ab4aa9706f0b_satellite.tif,mask_supervised_cems_hls,0.8,91.26235149123453,0.9886922836303711,0.7575757575757576,0.9591349959373474,0.98046875,16.170233970705745,0.772625187801493,,516.9612642127578,99.80656190913592,2619.640625,5.0673828125,5.048828125,3277,4096,6.12911182711897,87.71305094420168,256.1730000015814
8d999f51ff219de194e6bcd5abd8ab4aa9706f0b_satellite.tif,hybrid_fixed_0p95_mask_supervised_cems_hls_0p05,0.8,92.72727272727275,1.0,0.7575757575757576,1.0,1.0,17.644338209662862,0.8262734639723885,,526.1890937622597,99.80995425183559,2619.640625,4.978515625,5.048828125,3277,4096,6.142703732234217,92.19045437757515,273.69919999910053
8d999f51ff219de194e6bcd5abd8ab4aa9706f0b_satellite.tif,hybrid_fixed_0p90_mask_supervised_cems_hls_0p10,0.8,92.72727272727275,1.0,0.7575757575757576,1.0,1.0,17.6303940390057,0.8256318140016338,,526.7056744551345,99.81014064429162,2619.640625,4.9736328125,5.048828125,3277,4096,6.143714829147929,92.19275672356979,272.7872000032221
8d999f51ff219de194e6bcd5abd8ab4aa9706f0b_satellite.tif,hybrid_fixed_0p80_mask_supervised_cems_hls_0p20,0.8,92.72727272727275,1.0,0.7575757575757576,1.0,1.0,17.6512256148517,0.8260503053191519,,527.4305937868659,99.81040159373006,2619.640625,4.966796875,5.048828125,3277,4096,6.143782651648186,92.18745653122797,296.3118000043323
8d999f51ff219de194e6bcd5abd8ab4aa9706f0b_satellite.tif,hybrid_fixed_0p70_mask_supervised_cems_hls_0p30,0.8,93.63636363636365,1.0,0.7878787878787878,1.0,1.0,17.657096574737622,0.8265392528997286,,527.7418847137517,99.81051342920367,2619.640625,4.9638671875,5.048828125,3277,4096,6.144543486150552,92.12505336166498,263.38559999567224
8d999f51ff219de194e6bcd5abd8ab4aa9706f0b_satellite.tif,hybrid_fixed_0p60_mask_supervised_cems_hls_0p40,0.8,92.72727272727275,1.0,0.7575757575757576,1.0,1.0,17.62467935387301,0.8254311817259348,,526.1890937622597,99.80995425183559,2619.640625,4.978515625,5.048828125,3277,4096,6.144197402885299,92.04989135804837,268.7301000041771
8d999f51ff219de194e6bcd5abd8ab4aa9706f0b_satellite.tif,hybrid_fixed_0p50_mask_supervised_cems_hls_0p50,0.8,92.72727272727275,1.0,0.7575757575757576,1.0,1.0,17.65527966959103,0.8272746127445999,,526.0858991959208,99.80991697334439,2619.640625,4.9794921875,5.048828125,3277,4096,6.143902403837172,91.93532566204439,277.33489999809535
8ecf5ec029a82be5acd885637d2c8f7c4391beb2_satellite.tif,fixed_mission_utility,0.8,98.59804846063447,0.9911212921142578,1.0,0.969811737537384,0.9556962025316456,20.04483263654178,0.8782527266127511,,549.1226053639847,99.81789130692641,2799.23828125,5.09765625,5.302734375,3277,4096,5.963016704469803,91.84611378110978,285.4739000031259
8ecf5ec029a82be5acd885637d2c8f7c4391beb2_satellite.tif,mask_supervised_cems_hls,0.8,97.57255321730327,0.9950066804885864,0.9642857142857143,0.976362943649292,0.9316455696202531,19.96189895489734,0.8754071615590675,,543.6032619002466,99.81604231061742,2799.23828125,5.1494140625,5.302734375,3277,4096,5.962895801159226,90.32502005270236,269.11829999880865
8ecf5ec029a82be5acd885637d2c8f7c4391beb2_satellite.tif,hybrid_fixed_0p95_mask_supervised_cems_hls_0p05,0.8,99.25486891179148,0.9998303055763245,1.0,0.9801714420318604,0.9658227848101266,20.048240197832733,0.8783127083057187,,548.7021439509954,99.81775176003516,2799.23828125,5.1015625,5.302734375,3277,4096,5.965573286686136,91.84575167224092,318.3573999995133
8ecf5ec029a82be5acd885637d2c8f7c4391beb2_satellite.tif,hybrid_fixed_0p90_mask_supervised_cems_hls_0p10,0.8,99.37806276128265,1.0,1.0,0.9853588342666626,0.9670886075949368,20.05691690927426,0.8784668777905186,,548.8071989278193,99.81778664675798,2799.23828125,5.1005859375,5.302734375,3277,4096,5.967751389170708,91.83626294188181,274.51100000325823
8ecf5ec029a82be5acd885637d2c8f7c4391beb2_satellite.tif,hybrid_fixed_0p80_mask_supervised_cems_hls_0p20,0.8,99.67440088791186,1.0,1.0,0.9957453608512878,0.9759493670886076,20.059028732556527,0.8784751114636726,,547.9678837698336,99.8175075529755,2799.23828125,5.1083984375,5.302734375,3277,4096,5.97030518404582,91.82332309230333,271.5648000012152
8ecf5ec029a82be5acd885637d2c8f7c4391beb2_satellite.tif,hybrid_fixed_0p70_mask_supervised_cems_hls_0p30,0.8,99.57755708090869,1.0,1.0,0.9928019046783447,0.9721518987341772,20.072155946449186,0.8787518635363323,,547.2355861015654,99.8172633459158,2799.23828125,5.115234375,5.302734375,3277,4096,5.970127729256426,91.81477288901246,278.22260000539245
8ecf5ec029a82be5acd885637d2c8f7c4391beb2_satellite.tif,hybrid_fixed_0p60_mask_supervised_cems_hls_0p40,0.8,99.57912229888049,1.0,1.0,0.9928801655769348,0.9721518987341772,20.0728028821305,0.8788164842618309,,548.3872202027932,99.81764709986673,2799.23828125,5.1044921875,5.302734375,3277,4096,5.969201676958236,91.82451287858667,333.9168999955291
8ecf5ec029a82be5acd885637d2c8f7c4391beb2_satellite.tif,hybrid_fixed_0p50_mask_supervised_cems_hls_0p50,0.8,99.47722997846485,1.0,1.0,0.9896842837333679,0.9683544303797469,20.07430276168715,0.8787726883798147,,548.9122941401762,99.81782153348078,2799.23828125,5.099609375,5.302734375,3277,4096,5.966870298949444,91.7923221391441,287.6604000048246
92a9cc03d6473362b9813501d8f012d5e3afbbfd_satellite.tif,fixed_mission_utility,0.8,97.14285714285715,1.0,0.9047619047619048,1.0,1.0,18.194644057597447,0.841747725163182,,542.7489673300788,99.81575275860601,2822.9306640625,5.201171875,5.51171875,3277,4096,6.006959038106429,89.82676407417007,302.5199999974575
92a9cc03d6473362b9813501d8f012d5e3afbbfd_satellite.tif,mask_supervised_cems_hls,0.8,89.90234375000001,1.0,0.6666666666666666,1.0,0.990234375,17.967783897523184,0.808283502555325,,536.4039710521432,99.81357334136834,2822.9306640625,5.2626953125,5.51171875,3277,4096,5.983004786695398,84.60718041588497,256.8440999966697
92a9cc03d6473362b9813501d8f012d5e3afbbfd_satellite.tif,hybrid_fixed_0p95_mask_supervised_cems_hls_0p05,0.8,97.14285714285715,1.0,0.9047619047619048,1.0,1.0,18.20714736175332,0.8418670028517745,,542.5452327327328,99.8156835707572,2822.9306640625,5.203125,5.51171875,3277,4096,6.005498141981029,89.83757169397023,284.2631999956211
92a9cc03d6473362b9813501d8f012d5e3afbbfd_satellite.tif,hybrid_fixed_0p90_mask_supervised_cems_hls_0p10,0.8,97.14285714285715,1.0,0.9047619047619048,1.0,1.0,18.21283210193865,0.8418899171403637,,542.6470809085789,99.81571816468161,2822.9306640625,5.2021484375,5.51171875,3277,4096,6.0076875178232365,89.83588746373195,305.29650000244146
92a9cc03d6473362b9813501d8f012d5e3afbbfd_satellite.tif,hybrid_fixed_0p80_mask_supervised_cems_hls_0p20,0.8,94.2857142857143,1.0,0.8095238095238095,1.0,1.0,18.291223992146225,0.8422702332085965,,543.7699398043642,99.81609869785008,2822.9306640625,5.19140625,5.51171875,3277,4096,6.007532099701565,89.8162476263772,295.30300000624266
92a9cc03d6473362b9813501d8f012d5e3afbbfd_satellite.tif,hybrid_fixed_0p70_mask_supervised_cems_hls_0p30,0.8,94.2857142857143,1.0,0.8095238095238095,1.0,1.0,18.326396290122975,0.8424039329990274,,543.5654381346371,99.81602951000129,2822.9306640625,5.193359375,5.51171875,3277,4096,6.009904317646552,89.79904564092668,283.26779999770224
92a9cc03d6473362b9813501d8f012d5e3afbbfd_satellite.tif,hybrid_fixed_0p60_mask_supervised_cems_hls_0p40,0.8,94.2857142857143,1.0,0.8095238095238095,1.0,1.0,18.313442013859348,0.8420896445702549,,544.4869090224148,99.81634085532095,2822.9306640625,5.1845703125,5.51171875,3277,4096,6.002973755057986,89.76814715262323,272.6792999965255
92a9cc03d6473362b9813501d8f012d5e3afbbfd_satellite.tif,hybrid_fixed_0p50_mask_supervised_cems_hls_0p50,0.8,94.2857142857143,1.0,0.8095238095238095,1.0,1.0,18.32988622890697,0.8421094186998374,,545.8234516616315,99.81679057633825,2822.9306640625,5.171875,5.51171875,3277,4096,6.004293532636716,89.7399662697212,304.6334000027855
95d84c1e9deed56b4e42de8685d889b6591e86a6_satellite.tif,fixed_mission_utility,0.8,100.0,1.0,1.0,1.0,1.0,22.67452670482107,0.9665531410958123,,576.5556805399325,99.82655621412601,2502.724609375,4.3408203125,3.912109375,3277,4096,5.352562542366499,99.90283504131922,284.23949999705656
95d84c1e9deed56b4e42de8685d889b6591e86a6_satellite.tif,mask_supervised_cems_hls,0.8,88.75025272369386,0.8569988012313843,1.0,0.8372845649719238,0.7724609375,17.56694851444418,0.8757606266399808,,617.0936672285095,99.83795004662886,2502.724609375,4.0556640625,3.912109375,3277,4096,4.64953672256993,89.3990291284798,222.80529999989085
95d84c1e9deed56b4e42de8685d889b6591e86a6_satellite.tif,hybrid_fixed_0p95_mask_supervised_cems_hls_0p05,0.8,100.0,1.0,1.0,1.0,1.0,22.67452670482107,0.9665531410958123,,572.6905027932961,99.82538561489626,2502.724609375,4.3701171875,3.912109375,3277,4096,5.352562542366499,99.8990225149136,245.12359999789624
95d84c1e9deed56b4e42de8685d889b6591e86a6_satellite.tif,hybrid_fixed_0p90_mask_supervised_cems_hls_0p10,0.8,100.0,1.0,1.0,1.0,1.0,22.67452670482107,0.9665531410958123,,573.973124300112,99.82577581463951,2502.724609375,4.3603515625,3.912109375,3277,4096,5.352562542366499,99.89720183903825,249.20330000168178
95d84c1e9deed56b4e42de8685d889b6591e86a6_satellite.tif,hybrid_fixed_0p80_mask_supervised_cems_hls_0p20,0.8,100.0,1.0,1.0,1.0,1.0,22.67452670482107,0.9665531410958123,,571.7960731816154,99.825112475076,2502.724609375,4.376953125,3.912109375,3277,4096,5.352562542366499,99.89457197388496,258.41049999871757
95d84c1e9deed56b4e42de8685d889b6591e86a6_satellite.tif,hybrid_fixed_0p70_mask_supervised_cems_hls_0p30,0.8,100.0,1.0,1.0,1.0,1.0,22.67452670482107,0.9665531410958123,,572.1790578254074,99.82522953499895,2502.724609375,4.3740234375,3.912109375,3277,4096,5.352562542366499,99.89214440605117,239.73839999962365
95d84c1e9deed56b4e42de8685d889b6591e86a6_satellite.tif,hybrid_fixed_0p60_mask_supervised_cems_hls_0p40,0.8,100.0,1.0,1.0,1.0,1.0,22.67452670482107,0.9665531410958123,,571.0316399286987,99.82487835523004,2502.724609375,4.3828125,3.912109375,3277,4096,5.352562542366499,99.88868979028771,257.68880000396166
95d84c1e9deed56b4e42de8685d889b6591e86a6_satellite.tif,hybrid_fixed_0p50_mask_supervised_cems_hls_0p50,0.8,100.0,1.0,1.0,1.0,1.0,22.64269483865059,0.9659289336657627,,572.1790578254074,99.82522953499895,2502.724609375,4.3740234375,3.912109375,3277,4096,5.313178051291375,99.88549971717279,260.3882000039448
95fbf48a7af862580a596c6f8e799a20bf28f630_satellite.tif,fixed_mission_utility,0.8,93.75000000000001,1.0,0.7916666666666666,1.0,1.0,18.542535031371674,0.8327420474022643,,515.3091715976332,99.80594174233312,2721.4765625,5.28125,5.541015625,3277,4096,6.125637358257066,89.13453877569862,295.8747000011499
95fbf48a7af862580a596c6f8e799a20bf28f630_satellite.tif,mask_supervised_cems_hls,0.8,94.05273437500003,1.0,0.8333333333333334,1.0,0.9052734375,17.8644970920158,0.7972036595262785,,511.15040352164345,99.80436286597636,2721.4765625,5.32421875,5.541015625,3277,4096,6.081861352773012,84.3680038720428,255.16960000095423
95fbf48a7af862580a596c6f8e799a20bf28f630_satellite.tif,hybrid_fixed_0p95_mask_supervised_cems_hls_0p05,0.8,93.75000000000001,1.0,0.7916666666666666,1.0,1.0,18.548723989309487,0.8327321983748582,,515.0234707078174,99.80583409167242,2721.4765625,5.2841796875,5.541015625,3277,4096,6.125221730392723,89.12772274942573,273.75490000122227
95fbf48a7af862580a596c6f8e799a20bf28f630_satellite.tif,hybrid_fixed_0p90_mask_supervised_cems_hls_0p10,0.8,93.75000000000001,1.0,0.7916666666666666,1.0,1.0,18.55784117682072,0.8326516679410875,,515.8815253609774,99.8061570436545,2721.4765625,5.275390625,5.541015625,3277,4096,6.126441482504456,89.1323522484586,295.38539999339264
95fbf48a7af862580a596c6f8e799a20bf28f630_satellite.tif,hybrid_fixed_0p80_mask_supervised_cems_hls_0p20,0.8,93.75000000000001,1.0,0.7916666666666666,1.0,1.0,18.566768470116024,0.8326851547893748,,516.8382789317508,99.80651587919013,2721.4765625,5.265625,5.541015625,3277,4096,6.127829564406701,89.14265052181743,285.523499995179
95fbf48a7af862580a596c6f8e799a20bf28f630_satellite.tif,hybrid_fixed_0p70_mask_supervised_cems_hls_0p30,0.8,93.75000000000001,1.0,0.7916666666666666,1.0,1.0,18.573607421769605,0.8327775334731881,,515.9770412886503,99.80619292720806,2721.4765625,5.2744140625,5.541015625,3277,4096,6.128543439280805,89.10209179122336,305.3204000025289
95fbf48a7af862580a596c6f8e799a20bf28f630_satellite.tif,hybrid_fixed_0p60_mask_supervised_cems_hls_0p40,0.8,93.75000000000001,1.0,0.7916666666666666,1.0,1.0,18.590908058131536,0.8329467029244497,,516.93414950844,99.8065517627437,2721.4765625,5.2646484375,5.541015625,3277,4096,6.128420400995882,89.07888355919124,311.34079999901587
95fbf48a7af862580a596c6f8e799a20bf28f630_satellite.tif,hybrid_fixed_0p50_mask_supervised_cems_hls_0p50,0.8,92.50000000000001,1.0,0.75,1.0,1.0,18.580795248468814,0.8329767815558069,,516.5508804448564,99.80640822852943,2721.4765625,5.2685546875,5.541015625,3277,4096,6.127726356723455,89.07074481890898,281.78590000607073
9f6064be516bea0ab11a79953144433607f85a0f_satellite.tif,fixed_mission_utility,0.8,100.0,1.0,1.0,1.0,1.0,17.601311103617004,0.8037276908540646,,545.2605137963844,99.81660142726318,2798.1875,5.1318359375,5.548828125,3277,4096,6.019953087077413,88.80712114214079,269.61540000047535
9f6064be516bea0ab11a79953144433607f85a0f_satellite.tif,mask_supervised_cems_hls,0.8,93.94749879837038,0.9234481453895569,1.0,0.9237208366394043,0.853515625,16.64820150274227,0.7185666908985819,,530.8158577250833,99.81161075249604,2798.1875,5.271484375,5.548828125,3277,4096,6.030656581026111,81.97165084259831,257.73299999855226
9f6064be516bea0ab11a79953144433607f85a0f_satellite.tif,hybrid_fixed_0p95_mask_supervised_cems_hls_0p05,0.8,100.0,1.0,1.0,1.0,1.0,17.601261746595394,0.8038618572504603,,545.4681134589758,99.81667122691029,2798.1875,5.1298828125,5.548828125,3277,4096,6.019644089438275,88.8042552334727,278.15380000538426
9f6064be516bea0ab11a79953144433607f85a0f_satellite.tif,hybrid_fixed_0p90_mask_supervised_cems_hls_0p10,0.8,100.0,1.0,1.0,1.0,1.0,17.592534378335372,0.8034474851993308,,545.0530720943503,99.81653162761609,2798.1875,5.1337890625,5.548828125,3277,4096,6.018265772567585,88.80402547708158,302.0464000001084
9f6064be516bea0ab11a79953144433607f85a0f_satellite.tif,hybrid_fixed_0p80_mask_supervised_cems_hls_0p20,0.8,100.0,1.0,1.0,1.0,1.0,17.592007446324494,0.8036136924508659,,546.195958825772,99.8169155256751,2798.1875,5.123046875,5.548828125,3277,4096,6.018242143364386,88.80427941835597,286.14899999956833
9f6064be516bea0ab11a79953144433607f85a0f_satellite.tif,hybrid_fixed_0p70_mask_supervised_cems_hls_0p30,0.8,100.0,1.0,1.0,1.0,1.0,17.68518130451277,0.8048230796633129,,545.9878048780488,99.81684572602802,2798.1875,5.125,5.548828125,3277,4096,6.023490312609148,88.77285116254014,261.7757999978494
9f6064be516bea0ab11a79953144433607f85a0f_satellite.tif,hybrid_fixed_0p60_mask_supervised_cems_hls_0p40,0.8,100.0,1.0,1.0,1.0,1.0,17.743611209313105,0.805219520443192,,545.6758712626166,99.81674102655737,2798.1875,5.1279296875,5.548828125,3277,4096,6.024654318547139,88.74717890894374,273.81749999767635
9f6064be516bea0ab11a79953144433607f85a0f_satellite.tif,hybrid_fixed_0p50_mask_supervised_cems_hls_0p50,0.8,100.0,1.0,1.0,1.0,1.0,17.78044849438652,0.8046478702017275,,545.3642938713361,99.81663632708673,2798.1875,5.130859375,5.548828125,3277,4096,6.026319986009024,88.69779337729621,282.2547999967355
a24a35d33ede55ccf17192ef57cda48e2dd40a79_satellite.tif,fixed_mission_utility,0.8,96.8421052631579,1.0,0.8947368421052632,1.0,1.0,18.585481024133813,0.8211500739982118,,530.6275110005739,99.81154388355885,2708.583984375,5.1044921875,5.396484375,3277,4096,5.973716005869578,88.5665424966463,300.1079999958165
a24a35d33ede55ccf17192ef57cda48e2dd40a79_satellite.tif,mask_supervised_cems_hls,0.8,100.0,1.0,1.0,1.0,1.0,18.617404594171155,0.8131571363708319,,520.6664163694387,99.80793844800421,2708.583984375,5.2021484375,5.396484375,3277,4096,5.992241047948274,84.66277902870407,246.19040000106907
a24a35d33ede55ccf17192ef57cda48e2dd40a79_satellite.tif,hybrid_fixed_0p95_mask_supervised_cems_hls_0p05,0.8,96.8421052631579,1.0,0.8947368421052632,1.0,1.0,18.586518450714525,0.8212625282360677,,530.3231357552581,99.81143572049221,2708.583984375,5.107421875,5.396484375,3277,4096,5.973227517239016,88.56076489622893,276.2220999939018
a24a35d33ede55ccf17192ef57cda48e2dd40a79_satellite.tif,hybrid_fixed_0p90_mask_supervised_cems_hls_0p10,0.8,96.8421052631579,1.0,0.8947368421052632,1.0,1.0,18.584195099380644,0.8211308328623205,,530.8306220095694,99.81161599226994,2708.583984375,5.1025390625,5.396484375,3277,4096,5.972576267077132,88.54960164316117,297.32610000064597
a24a35d33ede55ccf17192ef57cda48e2dd40a79_satellite.tif,hybrid_fixed_0p80_mask_supervised_cems_hls_0p20,0.8,95.26315789473685,1.0,0.8421052631578947,1.0,1.0,18.593802013593013,0.8212471326925551,,529.9178448605273,99.81129150307004,2708.583984375,5.111328125,5.396484375,3277,4096,5.976435097876491,88.52260805528147,298.53189999994356
a24a35d33ede55ccf17192ef57cda48e2dd40a79_satellite.tif,hybrid_fixed_0p70_mask_supervised_cems_hls_0p30,0.8,95.26315789473685,1.0,0.8421052631578947,1.0,1.0,18.600688977350632,0.8212507985520947,,530.6275110005739,99.81154388355885,2708.583984375,5.1044921875,5.396484375,3277,4096,5.978007922381513,88.49424990850923,274.5175999953062
a24a35d33ede55ccf17192ef57cda48e2dd40a79_satellite.tif,hybrid_fixed_0p60_mask_supervised_cems_hls_0p40,0.8,95.26315789473685,1.0,0.8421052631578947,1.0,1.0,18.59640804766355,0.8214646363494628,,530.8306220095694,99.81161599226994,2708.583984375,5.1025390625,5.396484375,3277,4096,5.976535420011867,88.42994144155195,297.38129999896046
a24a35d33ede55ccf17192ef57cda48e2dd40a79_satellite.tif,hybrid_fixed_0p50_mask_supervised_cems_hls_0p50,0.8,95.26315789473685,1.0,0.8421052631578947,1.0,1.0,18.61241538552662,0.8216778336226009,,530.7290470723307,99.8115799379144,2708.583984375,5.103515625,5.396484375,3277,4096,5.9843551373854655,88.32502283095744,326.00079999974696
a38823d829c487d7db84445f3bd013bb5318b987_satellite.tif,fixed_mission_utility,0.8,100.0,1.0,1.0,1.0,1.0,12.90678830901882,0.7365078339345147,,512.7252336448598,99.8049637633609,2678.7890625,5.224609375,5.4453125,3277,4096,6.21141110134437,86.79285994307001,273.2267999963369
a38823d829c487d7db84445f3bd013bb5318b987_satellite.tif,mask_supervised_cems_hls,0.8,98.47907066345218,1.0,1.0,0.9239535331726074,1.0,11.77763368147178,0.6299938996145371,,505.7300884955752,99.80226606588215,2678.7890625,5.296875,5.4453125,3277,4096,6.051381028050774,82.62158485910838,214.7192999982508
a38823d829c487d7db84445f3bd013bb5318b987_satellite.tif,hybrid_fixed_0p95_mask_supervised_cems_hls_0p05,0.8,100.0,1.0,1.0,1.0,1.0,12.879759667658817,0.7341681968682606,,513.685393258427,99.80532831707424,2678.7890625,5.21484375,5.4453125,3277,4096,6.209226299532964,86.78793080124191,248.6709000004339
a38823d829c487d7db84445f3bd013bb5318b987_satellite.tif,hybrid_fixed_0p90_mask_supervised_cems_hls_0p10,0.8,100.0,1.0,1.0,1.0,1.0,12.879486188093818,0.7341792833919738,,513.685393258427,99.80532831707424,2678.7890625,5.21484375,5.4453125,3277,4096,6.208965875254496,86.77932558087794,250.98309999884805
a38823d829c487d7db84445f3bd013bb5318b987_satellite.tif,hybrid_fixed_0p80_mask_supervised_cems_hls_0p20,0.8,100.0,1.0,1.0,1.0,1.0,12.848829009462863,0.7312344949243148,,513.3008982035929,99.8051824955889,2678.7890625,5.21875,5.4453125,3277,4096,6.205638114583667,86.76912206549838,273.44150000135414
a38823d829c487d7db84445f3bd013bb5318b987_satellite.tif,hybrid_fixed_0p70_mask_supervised_cems_hls_0p30,0.8,100.0,1.0,1.0,1.0,1.0,12.817507896761038,0.728323224654143,,512.0552548067949,99.80470857576155,2678.7890625,5.2314453125,5.4453125,3277,4096,6.205034991080917,86.75012153435299,245.75430000550114
a38823d829c487d7db84445f3bd013bb5318b987_satellite.tif,hybrid_fixed_0p60_mask_supervised_cems_hls_0p40,0.8,100.0,1.0,1.0,1.0,1.0,12.783257290645732,0.7253819255352549,,512.9169783096485,99.80503667410356,2678.7890625,5.22265625,5.4453125,3277,4096,6.2019328633864355,86.72805227677765,248.08340000163298
a38823d829c487d7db84445f3bd013bb5318b987_satellite.tif,hybrid_fixed_0p50_mask_supervised_cems_hls_0p50,0.8,100.0,1.0,1.0,1.0,1.0,12.774303398714535,0.7246880505679811,,512.3421740754576,99.80481794187556,2678.7890625,5.228515625,5.4453125,3277,4096,6.204983191614179,86.7129324059301,251.8190999981016
a3e250442e358160a8349e98c624ce89d80b4aa9_satellite.tif,fixed_mission_utility,0.8,100.0,1.0,1.0,1.0,1.0,16.345791117566,0.8021053923775324,,520.415934065934,99.80784600652268,2774.8740234375,5.33203125,5.6357421875,3277,4096,6.162365071399385,87.28799167566696,283.54559999570483
a3e250442e358160a8349e98c624ce89d80b4aa9_satellite.tif,mask_supervised_cems_hls,0.8,100.0,1.0,1.0,1.0,1.0,15.735143511810108,0.7685670417071825,,514.5727997102499,99.80566403809857,2774.8740234375,5.392578125,5.6357421875,3277,4096,6.143114670011318,81.84567901091164,233.93429999850923
a3e250442e358160a8349e98c624ce89d80b4aa9_satellite.tif,hybrid_fixed_0p95_mask_supervised_cems_hls_0p05,0.8,100.0,1.0,1.0,1.0,1.0,16.347149995477096,0.8018319877471051,,519.9397987191217,99.80767004132719,2774.8740234375,5.3369140625,5.6357421875,3277,4096,6.161205079907046,87.28983277689872,261.54760000645183
a3e250442e358160a8349e98c624ce89d80b4aa9_satellite.tif,hybrid_fixed_0p90_mask_supervised_cems_hls_0p10,0.8,100.0,1.0,1.0,1.0,1.0,16.34141253654351,0.802162438384139,,520.7974706744868,99.80798677867907,2774.8740234375,5.328125,5.6357421875,3277,4096,6.158200679041109,87.28288073218448,278.29120000387775
a3e250442e358160a8349e98c624ce89d80b4aa9_satellite.tif,hybrid_fixed_0p80_mask_supervised_cems_hls_0p20,0.8,100.0,1.0,1.0,1.0,1.0,16.327370384907155,0.8019419737837034,,520.7020340846619,99.80795158563997,2774.8740234375,5.3291015625,5.6357421875,3277,4096,6.1605673454221375,87.2551945190242,271.7904999954044
a3e250442e358160a8349e98c624ce89d80b4aa9_satellite.tif,hybrid_fixed_0p70_mask_supervised_cems_hls_0p30,0.8,100.0,1.0,1.0,1.0,1.0,16.35397872134234,0.8020010993914966,,522.0413374977035,99.80844428818735,2774.8740234375,5.3154296875,5.6357421875,3277,4096,6.160440637009334,87.25387612792133,288.23730000294745
a3e250442e358160a8349e98c624ce89d80b4aa9_satellite.tif,hybrid_fixed_0p60_mask_supervised_cems_hls_0p40,0.8,100.0,1.0,1.0,1.0,1.0,16.3354756383177,0.8028943182050382,,522.3292279411764,99.80854986730463,2774.8740234375,5.3125,5.6357421875,3277,4096,6.158335469547183,87.21438247373847,305.6072000035783
a3e250442e358160a8349e98c624ce89d80b4aa9_satellite.tif,hybrid_fixed_0p50_mask_supervised_cems_hls_0p50,0.8,100.0,1.0,1.0,1.0,1.0,16.310877845348763,0.8013506910734371,,523.2911602209945,99.80890179769563,2774.8740234375,5.302734375,5.6357421875,3277,4096,6.156702613267367,87.17941897400597,257.9587000000174
a5500a02ce92270e2f0d52c4611a1cd02d25a2ad_satellite.tif,fixed_mission_utility,0.8,100.0,1.0,1.0,1.0,1.0,18.345272324900154,0.7756389056799105,,565.9743388834476,99.82331354421954,2821.5810546875,4.9853515625,5.353515625,3277,4096,5.821429992062845,88.1450956362868,300.85249999683583
a5500a02ce92270e2f0d52c4611a1cd02d25a2ad_satellite.tif,mask_supervised_cems_hls,0.8,94.1268813610077,0.935434877872467,1.0,0.9228766560554504,0.8251953125,17.706824212886666,0.7308774551143357,,550.0283647439559,99.81819119447313,2821.5810546875,5.1298828125,5.353515625,3277,4096,5.831032991143996,81.21271401116839,263.33680000243476
a5500a02ce92270e2f0d52c4611a1cd02d25a2ad_satellite.tif,hybrid_fixed_0p95_mask_supervised_cems_hls_0p05,0.8,100.0,1.0,1.0,1.0,1.0,18.34656486393921,0.7756742115797558,,566.1961591220851,99.82338276516207,2821.5810546875,4.9833984375,5.353515625,3277,4096,5.82216584081739,88.15374228228062,280.12719999969704
a5500a02ce92270e2f0d52c4611a1cd02d25a2ad_satellite.tif,hybrid_fixed_0p90_mask_supervised_cems_hls_0p10,0.8,100.0,1.0,1.0,1.0,1.0,18.344892402084007,0.7756432822765863,,566.7514711651628,99.82355581751837,2821.5810546875,4.978515625,5.353515625,3277,4096,5.821362116826204,88.1511878343294,300.03489999944577
a5500a02ce92270e2f0d52c4611a1cd02d25a2ad_satellite.tif,hybrid_fixed_0p80_mask_supervised_cems_hls_0p20,0.8,100.0,1.0,1.0,1.0,1.0,18.353632955819595,0.7762131167120825,,566.9739010989011,99.82362503846089,2821.5810546875,4.9765625,5.353515625,3277,4096,5.822511901976117,88.16237824020767,332.03770000545774
a5500a02ce92270e2f0d52c4611a1cd02d25a2ad_satellite.tif,hybrid_fixed_0p70_mask_supervised_cems_hls_0p30,0.8,100.0,1.0,1.0,1.0,1.0,18.39646428921443,0.776577600960094,,567.7537826685007,99.82386731175971,2821.5810546875,4.9697265625,5.353515625,3277,4096,5.827368319305096,88.16275232254362,281.6385000041919
a5500a02ce92270e2f0d52c4611a1cd02d25a2ad_satellite.tif,hybrid_fixed_0p60_mask_supervised_cems_hls_0p40,0.8,100.0,1.0,1.0,1.0,1.0,18.45008918107783,0.7773929913861831,,568.0886747935509,99.82397114317348,2821.5810546875,4.966796875,5.353515625,3277,4096,5.828499457153736,88.1321416993962,270.48759999888716
a5500a02ce92270e2f0d52c4611a1cd02d25a2ad_satellite.tif,hybrid_fixed_0p50_mask_supervised_cems_hls_0p50,0.8,100.0,1.0,1.0,1.0,1.0,18.494742915125506,0.7777245797623007,,567.9770001965795,99.82393653270222,2821.5810546875,4.9677734375,5.353515625,3277,4096,5.83208619146515,88.11816170809841,274.3220999982441
a86aaf08d403cce1b9a2792c0a99bbb0fd198ae9_satellite.tif,fixed_mission_utility,0.8,96.954482793808,0.9603647589683533,1.0,0.9269946217536926,1.0,21.47348555150316,0.923357392523645,,573.7628768098742,99.8257119725905,2360.6083984375,4.1142578125,3.9150390625,3277,4096,5.376749865224667,88.66525282037571,294.9220000009518
a86aaf08d403cce1b9a2792c0a99bbb0fd198ae9_satellite.tif,mask_supervised_cems_hls,0.8,100.0,1.0,1.0,1.0,1.0,21.46548993392438,0.922880551533991,,569.8404054691183,99.82451226862779,2360.6083984375,4.142578125,3.9150390625,3277,4096,5.355689080284304,85.11283158211599,254.1854999944917
a86aaf08d403cce1b9a2792c0a99bbb0fd198ae9_satellite.tif,hybrid_fixed_0p95_mask_supervised_cems_hls_0p05,0.8,96.9844436645508,0.9608656167984009,1.0,0.9274909496307373,1.0,21.477185244643692,0.9233871301474228,,573.2186388427792,99.82554649618184,2360.6083984375,4.1181640625,3.9150390625,3277,4096,5.376023318514706,88.67117916184448,298.74150000250665
a86aaf08d403cce1b9a2792c0a99bbb0fd198ae9_satellite.tif,hybrid_fixed_0p90_mask_supervised_cems_hls_0p10,0.8,97.12998509407045,0.9633480310440063,1.0,0.929803192615509,1.0,21.48815512917974,0.923554379030269,,572.9469068499644,99.82546375797752,2360.6083984375,4.1201171875,3.9150390625,3277,4096,5.376765583578499,88.66919930028116,290.7273999953759
a86aaf08d403cce1b9a2792c0a99bbb0fd198ae9_satellite.tif,hybrid_fixed_0p80_mask_supervised_cems_hls_0p20,0.8,97.30175375938417,0.9661957025527954,1.0,0.9326962828636169,1.0,21.48390586612692,0.9233131174456705,,574.1717339667458,99.82583607989697,2360.6083984375,4.111328125,3.9150390625,3277,4096,5.374484585420355,88.67689361177472,267.33109999622684
a86aaf08d403cce1b9a2792c0a99bbb0fd198ae9_satellite.tif,hybrid_fixed_0p70_mask_supervised_cems_hls_0p30,0.8,97.429336309433,0.968371570110321,1.0,0.9347236752510071,1.0,21.50060592165373,0.9236454738805542,,573.3546015180266,99.825587865284,2360.6083984375,4.1171875,3.9150390625,3277,4096,5.374951954616066,88.66355106645673,294.37740000139456
a86aaf08d403cce1b9a2792c0a99bbb0fd198ae9_satellite.tif,hybrid_fixed_0p60_mask_supervised_cems_hls_0p40,0.8,97.81107664108278,0.9748575091362,1.0,0.9408388137817383,1.0,21.511991532979856,0.9237136639618571,,574.0353835193541,99.82579471079481,2360.6083984375,4.1123046875,3.9150390625,3277,4096,5.372582252278186,88.66182944770603,314.0382999990834
a86aaf08d403cce1b9a2792c0a99bbb0fd198ae9_satellite.tif,hybrid_fixed_0p50_mask_supervised_cems_hls_0p50,0.8,98.05326461791994,0.9789585471153259,1.0,0.9447461366653442,1.0,21.510607611893008,0.9236464006425372,,572.5397915679773,99.82533965067103,2360.6083984375,4.123046875,3.9150390625,3277,4096,5.372295093233864,88.64475893563171,271.24470000126166
b2269e286017810a806a746e9b0f930231fcdf60_satellite.tif,fixed_mission_utility,0.8,100.0,1.0,1.0,1.0,1.0,17.2309287725767,0.7813073167030056,,505.25801749271136,99.8020813197656,2707.8671875,5.359375,5.5556640625,3277,4096,6.127959871683531,88.0264958997968,287.18799999478506
b2269e286017810a806a746e9b0f930231fcdf60_satellite.tif,mask_supervised_cems_hls,0.8,100.0,1.0,1.0,1.0,1.0,16.656238424988814,0.7431355917983083,,505.6265499635303,99.80222557536345,2707.8671875,5.35546875,5.5556640625,3277,4096,6.060548026216158,83.88945669763407,237.65950000233715
b2269e286017810a806a746e9b0f930231fcdf60_satellite.tif,hybrid_fixed_0p95_mask_supervised_cems_hls_0p05,0.8,100.0,1.0,1.0,1.0,1.0,17.208412822532836,0.7807979361194561,,505.16596830023684,99.80204525586616,2707.8671875,5.3603515625,5.5556640625,3277,4096,6.125803016649382,88.03130731672881,285.11400000570575
b2269e286017810a806a746e9b0f930231fcdf60_satellite.tif,hybrid_fixed_0p90_mask_supervised_cems_hls_0p10,0.8,100.0,1.0,1.0,1.0,1.0,17.2090806876559,0.780834323533718,,506.1803577948156,99.80244195876021,2707.8671875,5.349609375,5.5556640625,3277,4096,6.124586322114319,88.05214390812783,275.23849999852246
b2269e286017810a806a746e9b0f930231fcdf60_satellite.tif,hybrid_fixed_0p80_mask_supervised_cems_hls_0p20,0.8,100.0,1.0,1.0,1.0,1.0,17.183424816509607,0.7802173163467645,,505.6265499635303,99.80222557536345,2707.8671875,5.35546875,5.5556640625,3277,4096,6.123367394536806,88.03722658334263,282.6589999967837
b2269e286017810a806a746e9b0f930231fcdf60_satellite.tif,hybrid_fixed_0p70_mask_supervised_cems_hls_0p30,0.8,100.0,1.0,1.0,1.0,1.0,17.22272376198085,0.7801034702606714,,504.9819704971772,99.80197312806723,2707.8671875,5.3623046875,5.5556640625,3277,4096,6.119600098036827,88.00949813636495,298.5207999954582
b2269e286017810a806a746e9b0f930231fcdf60_satellite.tif,hybrid_fixed_0p60_mask_supervised_cems_hls_0p40,0.8,100.0,1.0,1.0,1.0,1.0,17.209658452568334,0.7794677138886305,,506.2727770677378,99.80247802265967,2707.8671875,5.3486328125,5.5556640625,3277,4096,6.11480847642654,88.01559775060139,279.43260000029113
b2269e286017810a806a746e9b0f930231fcdf60_satellite.tif,hybrid_fixed_0p50_mask_supervised_cems_hls_0p50,0.8,100.0,1.0,1.0,1.0,1.0,17.25175468466101,0.7798936687787302,,506.3652300949598,99.80251408655913,2707.8671875,5.34765625,5.5556640625,3277,4096,6.110245739276237,87.96936434934571,278.9508000059868
b2eea3438d2df6327ba3833522f71dbd38333a95_satellite.tif,fixed_mission_utility,0.8,90.6251347064972,0.9857639670372009,0.75,0.9733030200004578,0.9228515625,22.17768919446051,0.9021534068035247,,616.1506088442641,99.83770201868732,2816.6025390625,4.5712890625,4.7158203125,3277,4096,5.344596890622828,87.7631177071095,278.09330000309274
b2eea3438d2df6327ba3833522f71dbd38333a95_satellite.tif,mask_supervised_cems_hls,0.8,94.93572711944581,0.9524758458137512,1.0,0.9414440393447876,0.80078125,20.993865717388694,0.8693843829305555,,600.7500520724849,99.8335414210036,2816.6025390625,4.6884765625,4.7158203125,3277,4096,5.31178736140002,83.36202446945896,256.46100000449223
b2eea3438d2df6327ba3833522f71dbd38333a95_satellite.tif,hybrid_fixed_0p95_mask_supervised_cems_hls_0p05,0.8,90.57347297668458,0.9852197170257568,0.75,0.9727849960327148,0.9208984375,22.184211922541728,0.9023076357985402,,616.4139773455867,99.83777136198205,2816.6025390625,4.5693359375,4.7158203125,3277,4096,5.346229246091646,87.75704300834693,315.45709999772953
b2eea3438d2df6327ba3833522f71dbd38333a95_satellite.tif,hybrid_fixed_0p90_mask_supervised_cems_hls_0p10,0.8,88.71482133865358,0.9853318929672241,0.6875,0.97288978099823,0.921875,22.18349601570567,0.9023019458259051,,616.2822649572649,99.8377366903347,2816.6025390625,4.5703125,4.7158203125,3277,4096,5.347008605267624,87.75694544894496,279.2849000034039
b2eea3438d2df6327ba3833522f71dbd38333a95_satellite.tif,hybrid_fixed_0p80_mask_supervised_cems_hls_0p20,0.8,90.46708822250368,0.9835854172706604,0.75,0.9712226390838623,0.919921875,22.1931226432998,0.9024264159887593,,615.2305887372014,99.83745931715578,2816.6025390625,4.578125,4.7158203125,3277,4096,5.350655354380107,87.70722917770172,286.1287999985507
b2eea3438d2df6327ba3833522f71dbd38333a95_satellite.tif,hybrid_fixed_0p70_mask_supervised_cems_hls_0p30,0.8,92.08104968070987,0.9798629283905029,0.8125,0.9675688147544861,0.916015625,22.133272291278296,0.9006325257278414,,614.1824957410562,99.83718194397686,2816.6025390625,4.5859375,4.7158203125,3277,4096,5.353128471804514,87.65409182342945,328.00679999490967
b2eea3438d2df6327ba3833522f71dbd38333a95_satellite.tif,hybrid_fixed_0p60_mask_supervised_cems_hls_0p40,0.8,91.70012950897218,0.9742212295532227,0.8125,0.9617593288421631,0.912109375,21.83163795044598,0.8930743996195456,,614.4441840647635,99.83725128727158,2816.6025390625,4.583984375,4.7158203125,3277,4096,5.3508326896071114,87.61588756161852,270.9002999981749
b2eea3438d2df6327ba3833522f71dbd38333a95_satellite.tif,hybrid_fixed_0p50_mask_supervised_cems_hls_0p50,0.8,93.53710412979127,0.9732410907745361,0.875,0.9608417749404907,0.9140625,21.65775721494334,0.8887048059102598,,614.0517351500959,99.8371472723295,2816.6025390625,4.5869140625,4.7158203125,3277,4096,5.350223074393185,87.61033317966643,275.5886000013561
b6aa618965be8a3839cf1cd5e7dec1f03091eb4e_satellite.tif,fixed_mission_utility,0.8,92.50000000000001,1.0,0.75,1.0,1.0,23.59503733170062,0.9767973313447926,,619.5869671729545,99.83860215708495,2469.876953125,3.986328125,3.6435546875,3277,4096,5.101301843906616,99.70543926037436,222.68089999852236
b6aa618965be8a3839cf1cd5e7dec1f03091eb4e_satellite.tif,mask_supervised_cems_hls,0.8,92.50000000000001,1.0,0.75,1.0,1.0,23.593066410649275,0.9767219907132737,,612.5342697989828,99.83674382817337,2469.876953125,4.0322265625,3.6435546875,3277,4096,5.044808032789581,99.58712015838329,171.28799999773037
b6aa618965be8a3839cf1cd5e7dec1f03091eb4e_satellite.tif,hybrid_fixed_0p95_mask_supervised_cems_hls_0p05,0.8,91.42857142857144,1.0,0.7142857142857143,1.0,1.0,23.594469559201947,0.9767919731282821,,620.4990186457311,99.83883939056301,2469.876953125,3.98046875,3.6435546875,3277,4096,5.101301843906616,99.70521263160758,243.0670000030659
b6aa618965be8a3839cf1cd5e7dec1f03091eb4e_satellite.tif,hybrid_fixed_0p90_mask_supervised_cems_hls_0p10,0.8,91.42857142857144,1.0,0.7142857142857143,1.0,1.0,23.59376353330131,0.9767852228626246,,620.956052050086,99.83895800730205,2469.876953125,3.9775390625,3.6435546875,3277,4096,5.101429000287789,99.70495767424494,245.5485000027693
b6aa618965be8a3839cf1cd5e7dec1f03091eb4e_satellite.tif,hybrid_fixed_0p80_mask_supervised_cems_hls_0p20,0.8,91.42857142857144,1.0,0.7142857142857143,1.0,1.0,23.593016917807613,0.9767581304197793,,620.8036327933235,99.83891846838904,2469.876953125,3.978515625,3.6435546875,3277,4096,5.101857728569149,99.70468383115175,278.19820000149775
b6aa618965be8a3839cf1cd5e7dec1f03091eb4e_satellite.tif,hybrid_fixed_0p70_mask_supervised_cems_hls_0p30,0.8,91.42857142857144,1.0,0.7142857142857143,1.0,1.0,23.6047824667247,0.9768147318366469,,618.2239061354192,99.83824630686783,2469.876953125,3.9951171875,3.6435546875,3277,4096,5.097850178710065,99.70946192098474,228.80150000128197
b6aa618965be8a3839cf1cd5e7dec1f03091eb4e_satellite.tif,hybrid_fixed_0p60_mask_supervised_cems_hls_0p40,0.8,91.42857142857144,1.0,0.7142857142857143,1.0,1.0,23.620209920076277,0.9768963502658327,,614.3196502307505,99.83721829512952,2469.876953125,4.0205078125,3.6435546875,3277,4096,5.09570058630898,99.71234199489595,222.71249999903375
b6aa618965be8a3839cf1cd5e7dec1f03091eb4e_satellite.tif,hybrid_fixed_0p50_mask_supervised_cems_hls_0p50,0.8,91.42857142857144,1.0,0.7142857142857143,1.0,1.0,23.63737010531979,0.9769951510728485,,613.7233681145353,99.83706013947747,2469.876953125,4.0244140625,3.6435546875,3277,4096,5.093069272624847,99.7120964803986,248.56419999559876
bba2527e0cafc1ef41066c6b33c9370f3a97c539_satellite.tif,fixed_mission_utility,0.8,100.0,1.0,1.0,1.0,1.0,17.601421460496397,0.7620651456091107,,516.2446867492146,99.8062934058853,2727.9296875,5.2841796875,5.501953125,3277,4096,6.034577559170521,88.25645164383315,298.30780000338564
bba2527e0cafc1ef41066c6b33c9370f3a97c539_satellite.tif,mask_supervised_cems_hls,0.8,100.0,1.0,1.0,1.0,1.0,17.2267854576412,0.7396776868773515,,512.8327519735634,99.80500465382688,2727.9296875,5.3193359375,5.501953125,3277,4096,6.017572912273821,84.98776229546587,217.7748000030988
bba2527e0cafc1ef41066c6b33c9370f3a97c539_satellite.tif,hybrid_fixed_0p95_mask_supervised_cems_hls_0p05,0.8,100.0,1.0,1.0,1.0,1.0,17.608480345469076,0.7619568728487752,,515.4825613581842,99.80600701653898,2727.9296875,5.2919921875,5.501953125,3277,4096,6.035989818665756,88.24794695067541,291.73379999701865
bba2527e0cafc1ef41066c6b33c9370f3a97c539_satellite.tif,hybrid_fixed_0p90_mask_supervised_cems_hls_0p10,0.8,100.0,1.0,1.0,1.0,1.0,17.607597065703676,0.7617025717044482,,514.9124423963134,99.80579222452924,2727.9296875,5.2978515625,5.501953125,3277,4096,6.035008283035651,88.2294262525834,300.97480000404175
bba2527e0cafc1ef41066c6b33c9370f3a97c539_satellite.tif,hybrid_fixed_0p80_mask_supervised_cems_hls_0p20,0.8,100.0,1.0,1.0,1.0,1.0,17.552426460014544,0.7610109312693257,,516.4355703457201,99.80636500322187,2727.9296875,5.2822265625,5.501953125,3277,4096,6.036076716181427,88.18665327777504,288.53220000019064
bba2527e0cafc1ef41066c6b33c9370f3a97c539_satellite.tif,hybrid_fixed_0p70_mask_supervised_cems_hls_0p30,0.8,100.0,1.0,1.0,1.0,1.0,17.5703956808012,0.7609303859199991,,516.2446867492146,99.8062934058853,2727.9296875,5.2841796875,5.501953125,3277,4096,6.0354637481958715,88.14102877131279,283.4392999939155
bba2527e0cafc1ef41066c6b33c9370f3a97c539_satellite.tif,hybrid_fixed_0p60_mask_supervised_cems_hls_0p40,0.8,100.0,1.0,1.0,1.0,1.0,17.555424849059417,0.7608038375942506,,516.5310650887574,99.80640080189018,2727.9296875,5.28125,5.501953125,3277,4096,6.037129279858999,88.07579998473005,274.1251999977976
bba2527e0cafc1ef41066c6b33c9370f3a97c539_satellite.tif,hybrid_fixed_0p50_mask_supervised_cems_hls_0p50,0.8,100.0,1.0,1.0,1.0,1.0,17.541820223860935,0.759892642175767,,516.8177613321,99.80650819789504,2727.9296875,5.2783203125,5.501953125,3277,4096,6.034056713734788,88.0319790720389,261.4314000020386
bbb59e192500b1795ef4aea92aa643d5aa9b90b6_satellite.tif,fixed_mission_utility,0.8,95.64987540245058,0.9311763048171997,1.0,0.9201411604881287,1.0,16.51813023255858,0.7597943718929036,,549.8434583888783,99.81813005415574,2819.55859375,5.1279296875,5.37109375,3277,4096,6.303246919352688,90.16359127214744,286.23740000330145
bbb59e192500b1795ef4aea92aa643d5aa9b90b6_satellite.tif,mask_supervised_cems_hls,0.8,89.71888661384584,0.8562304973602295,1.0,0.8472138047218323,0.8525390625,14.878167301991576,0.6809286002777772,,537.7589867759359,99.8140430890806,2819.55859375,5.2431640625,5.37109375,3277,4096,6.2884904684838565,86.09252486273942,231.35139999794774
bbb59e192500b1795ef4aea92aa643d5aa9b90b6_satellite.tif,hybrid_fixed_0p95_mask_supervised_cems_hls_0p05,0.8,95.70639252662659,0.932098925113678,1.0,0.9211217761039734,1.0,16.504920820539457,0.7589148467722999,,551.2080946926308,99.81858031301996,2819.55859375,5.115234375,5.37109375,3277,4096,6.301867477643447,90.18408242263945,272.37260000401875
bbb59e192500b1795ef4aea92aa643d5aa9b90b6_satellite.tif,hybrid_fixed_0p90_mask_supervised_cems_hls_0p10,0.8,95.75334906578064,0.9328460693359375,1.0,0.921975314617157,1.0,16.51855841699409,0.7596258429752082,,551.3133473362612,99.8186149483172,2819.55859375,5.1142578125,5.37109375,3277,4096,6.300736912962449,90.18810747005752,258.64569999976084
bbb59e192500b1795ef4aea92aa643d5aa9b90b6_satellite.tif,hybrid_fixed_0p80_mask_supervised_cems_hls_0p20,0.8,95.82396745681764,0.9341146349906921,1.0,0.9229691028594971,1.0,16.521314322142548,0.7599666801575675,,552.3680887698489,99.81896130128968,2819.55859375,5.1044921875,5.37109375,3277,4096,6.302811774463419,90.18846800237974,255.7645999986562
bbb59e192500b1795ef4aea92aa643d5aa9b90b6_satellite.tif,hybrid_fixed_0p70_mask_supervised_cems_hls_0p30,0.8,95.90236186981203,0.935259997844696,1.0,0.9245980978012085,1.0,16.532489797373145,0.7611385844072771,,551.7347601758074,99.8187534895062,2819.55859375,5.1103515625,5.37109375,3277,4096,6.300974029477635,90.17911030524066,261.50130000314675
bbb59e192500b1795ef4aea92aa643d5aa9b90b6_satellite.tif,hybrid_fixed_0p60_mask_supervised_cems_hls_0p40,0.8,96.01962327957155,0.9372707009315491,1.0,0.9264397621154785,1.0,16.583534169884217,0.7640108193593775,,552.3680887698489,99.81896130128968,2819.55859375,5.1044921875,5.37109375,3277,4096,6.299016271911178,90.1322949141481,279.9012000032235
bbb59e192500b1795ef4aea92aa643d5aa9b90b6_satellite.tif,hybrid_fixed_0p50_mask_supervised_cems_hls_0p50,0.8,96.21857523918153,0.9406020641326904,1.0,0.9297246336936951,1.0,16.5962163831004,0.7664348655989894,,551.8402140672783,99.81878812480345,2819.55859375,5.109375,5.37109375,3277,4096,6.300181909006486,89.96537383004572,274.1137999983039
c20be6dcd2a49bf3467b2abc85da310d9dd76f4c_satellite.tif,fixed_mission_utility,0.8,96.73053609913795,1.0,0.896551724137931,1.0,0.9833984375,18.682720263874003,0.8361885686058841,,568.9077277970011,99.82422457085048,2890.095703125,5.080078125,5.3349609375,3277,4096,5.8933783181771595,91.4183947131616,274.32039999985136
c20be6dcd2a49bf3467b2abc85da310d9dd76f4c_satellite.tif,mask_supervised_cems_hls,0.8,96.89655172413795,1.0,0.896551724137931,1.0,1.0,18.64814841968436,0.8331046696666695,,564.3512585812357,99.82280539206842,2890.095703125,5.12109375,5.3349609375,3277,4096,5.890546293670984,89.90152271152705,216.47540000412846
c20be6dcd2a49bf3467b2abc85da310d9dd76f4c_satellite.tif,hybrid_fixed_0p95_mask_supervised_cems_hls_0p05,0.8,96.73053609913795,1.0,0.896551724137931,1.0,0.9833984375,18.682823895216462,0.8362054104341969,,568.4706108336535,99.82408941096647,2890.095703125,5.083984375,5.3349609375,3277,4096,5.893111459603922,91.42963157276628,302.55409999517724
c20be6dcd2a49bf3467b2abc85da310d9dd76f4c_satellite.tif,hybrid_fixed_0p90_mask_supervised_cems_hls_0p10,0.8,96.69120418614357,0.9987725615501404,0.896551724137931,1.0,0.984375,18.689338816676692,0.8362729997096592,,567.7072702858239,99.82385288116946,2890.095703125,5.0908203125,5.3349609375,3277,4096,5.894177332169328,91.42833101031202,287.49499999685213
c20be6dcd2a49bf3467b2abc85da310d9dd76f4c_satellite.tif,hybrid_fixed_0p80_mask_supervised_cems_hls_0p20,0.8,96.7017875868699,0.9983047246932983,0.896551724137931,1.0,0.9873046875,18.691059289082286,0.836345537976155,,568.0341650671785,99.82395425108245,2890.095703125,5.087890625,5.3349609375,3277,4096,5.896258292856531,91.41693808321286,313.41039999824716
c20be6dcd2a49bf3467b2abc85da310d9dd76f4c_satellite.tif,hybrid_fixed_0p70_mask_supervised_cems_hls_0p30,0.8,96.72631370610206,0.9979413151741028,0.896551724137931,1.0,0.9912109375,18.6975907809879,0.8366151037860411,,566.5118683001531,99.82348119148844,2890.095703125,5.1015625,5.3349609375,3277,4096,5.8969533231459135,91.42221836677707,280.3370999972685
c20be6dcd2a49bf3467b2abc85da310d9dd76f4c_satellite.tif,hybrid_fixed_0p60_mask_supervised_cems_hls_0p40,0.8,96.85748922413795,1.0,0.896551724137931,1.0,0.99609375,18.699997199715046,0.8368385045042894,,566.7288395250862,99.82354877143045,2890.095703125,5.099609375,5.3349609375,3277,4096,5.897331773285624,91.42407817108665,300.57550000492483
c20be6dcd2a49bf3467b2abc85da310d9dd76f4c_satellite.tif,hybrid_fixed_0p50_mask_supervised_cems_hls_0p50,0.8,97.93103448275863,1.0,0.9310344827586207,1.0,1.0,18.716971075768786,0.8369082728399161,,566.0784238714614,99.82334603160443,2890.095703125,5.10546875,5.3349609375,3277,4096,5.898758190621987,91.40517449581421,275.4138000018429
c545f385c6f57c9aeb96ea16ad30cee12e4172d8_satellite.tif,fixed_mission_utility,0.8,95.86206896551725,1.0,0.8620689655172413,1.0,1.0,18.527941392930167,0.8027726547626868,,544.9097129823227,99.81648335932077,2799.580078125,5.1376953125,5.4248046875,3277,4096,6.06531120509326,89.41152486354365,300.6396000055247
c545f385c6f57c9aeb96ea16ad30cee12e4172d8_satellite.tif,mask_supervised_cems_hls,0.8,91.41629790437634,0.979692816734314,0.7931034482758621,0.9696256518363953,0.904296875,18.12822453422954,0.7686379817346378,,538.3605633802817,99.81425088165426,2799.580078125,5.2001953125,5.4248046875,3277,4096,6.026161596451546,84.86600461752693,257.01180000032764
c545f385c6f57c9aeb96ea16ad30cee12e4172d8_satellite.tif,hybrid_fixed_0p95_mask_supervised_cems_hls_0p05,0.8,95.86206896551725,1.0,0.8620689655172413,1.0,1.0,18.526796277711718,0.8027685523773826,,544.9097129823227,99.81648335932077,2799.580078125,5.1376953125,5.4248046875,3277,4096,6.066361440468542,89.40491995746214,293.83050000615185
c545f385c6f57c9aeb96ea16ad30cee12e4172d8_satellite.tif,hybrid_fixed_0p90_mask_supervised_cems_hls_0p10,0.8,95.86206896551725,1.0,0.8620689655172413,1.0,1.0,18.55386172104715,0.8027695836268419,,544.4957264957264,99.81634382946662,2799.580078125,5.1416015625,5.4248046875,3277,4096,6.066585020855361,89.41031825843646,314.77540000196313
c545f385c6f57c9aeb96ea16ad30cee12e4172d8_satellite.tif,hybrid_fixed_0p80_mask_supervised_cems_hls_0p20,0.8,95.86206896551725,1.0,0.8620689655172413,1.0,1.0,18.530387948614568,0.802302460263262,,544.4957264957264,99.81634382946662,2799.580078125,5.1416015625,5.4248046875,3277,4096,6.065112218484661,89.40495137947015,323.5781000039424
c545f385c6f57c9aeb96ea16ad30cee12e4172d8_satellite.tif,hybrid_fixed_0p70_mask_supervised_cems_hls_0p30,0.8,95.86206896551725,1.0,0.8620689655172413,1.0,1.0,18.487051026200724,0.8017169982041038,,543.7727617602428,99.81609965222184,2799.580078125,5.1484375,5.4248046875,3277,4096,6.066824695095734,89.37105960164183,291.2799999976414
c545f385c6f57c9aeb96ea16ad30cee12e4172d8_satellite.tif,hybrid_fixed_0p60_mask_supervised_cems_hls_0p40,0.8,95.86206896551725,1.0,0.8620689655172413,1.0,1.0,18.500838889032213,0.8018717665616629,,542.8460518841129,99.81578571005,2799.580078125,5.1572265625,5.4248046875,3277,4096,6.067012414989099,89.32077810444096,286.0398000048008
c545f385c6f57c9aeb96ea16ad30cee12e4172d8_satellite.tif,hybrid_fixed_0p50_mask_supervised_cems_hls_0p50,0.8,95.86206896551725,1.0,0.8620689655172413,1.0,1.0,18.487803640698726,0.8016610318080253,,544.0823685708863,99.81620429961245,2799.580078125,5.1455078125,5.4248046875,3277,4096,6.067488374537479,89.24257501093172,295.4124000025331
cd2c920dfb366d5fe30accdd58a36b40667f40e6_satellite.tif,fixed_mission_utility,0.8,92.10526315789475,1.0,0.7368421052631579,1.0,1.0,20.6354971121142,0.8775836248114205,,548.2212847555129,99.81759190534785,2791.966796875,5.0927734375,5.34375,3277,4096,5.826284826361402,90.52377962275246,279.3320999990101
cd2c920dfb366d5fe30accdd58a36b40667f40e6_satellite.tif,mask_supervised_cems_hls,0.8,92.10526315789475,1.0,0.7368421052631579,1.0,1.0,20.305305726620073,0.8616266164154475,,544.3591012947448,99.81629773478178,2791.966796875,5.12890625,5.34375,3277,4096,5.809654842236544,87.26281680449063,225.1624999989872
cd2c920dfb366d5fe30accdd58a36b40667f40e6_satellite.tif,hybrid_fixed_0p95_mask_supervised_cems_hls_0p05,0.8,91.31578947368423,1.0,0.7105263157894737,1.0,1.0,20.64236217672484,0.8776334886001155,,548.1161809815951,99.817556927765,2791.966796875,5.09375,5.34375,3277,4096,5.826964022168767,90.51358459936853,267.52180000039516
cd2c920dfb366d5fe30accdd58a36b40667f40e6_satellite.tif,hybrid_fixed_0p90_mask_supervised_cems_hls_0p10,0.8,91.31578947368423,1.0,0.7105263157894737,1.0,1.0,20.643349884358617,0.8776405226295312,,548.5368380660016,99.81769683809645,2791.966796875,5.08984375,5.34375,3277,4096,5.826255040107693,90.51921118778675,263.41600000159815
cd2c920dfb366d5fe30accdd58a36b40667f40e6_satellite.tif,hybrid_fixed_0p80_mask_supervised_cems_hls_0p20,0.8,91.31578947368423,1.0,0.7105263157894737,1.0,1.0,20.666305731234594,0.8782738086390875,,549.4856813376898,99.81801163634226,2791.966796875,5.0810546875,5.34375,3277,4096,5.825583078035644,90.50065231675411,284.7766999984742
cd2c920dfb366d5fe30accdd58a36b40667f40e6_satellite.tif,hybrid_fixed_0p70_mask_supervised_cems_hls_0p30,0.8,91.31578947368423,1.0,0.7105263157894737,1.0,1.0,20.688782984764835,0.8785836988195092,,549.5913110342176,99.81804661392513,2791.966796875,5.080078125,5.34375,3277,4096,5.828317455751463,90.49414498983349,278.43489999941085
cd2c920dfb366d5fe30accdd58a36b40667f40e6_satellite.tif,hybrid_fixed_0p60_mask_supervised_cems_hls_0p40,0.8,92.10526315789475,1.0,0.7368421052631579,1.0,1.0,20.71842012899868,0.8792791240871518,,549.380092236741,99.8179766587594,2791.966796875,5.08203125,5.34375,3277,4096,5.827940879572708,90.46469410811287,276.8679000000702
cd2c920dfb366d5fe30accdd58a36b40667f40e6_satellite.tif,hybrid_fixed_0p50_mask_supervised_cems_hls_0p50,0.8,92.10526315789475,1.0,0.7368421052631579,1.0,1.0,20.738023999039065,0.87954383799074,,549.8026923076923,99.81811656909086,2791.966796875,5.078125,5.34375,3277,4096,5.827253664259267,90.40887176130593,269.1685000027064
dbb36fb32d7e1400561073e02becc2186fbb10db_satellite.tif,fixed_mission_utility,0.8,100.0,1.0,1.0,1.0,1.0,19.448088154098745,0.8835319010811502,,523.532419414598,99.8089898613885,2759.79296875,5.271484375,5.47265625,3277,4096,6.114803950660459,90.2801834074287,296.961599997303
dbb36fb32d7e1400561073e02becc2186fbb10db_satellite.tif,mask_supervised_cems_hls,0.8,100.0,1.0,1.0,1.0,1.0,19.099959016397513,0.8654443995404355,,521.4073800738007,99.80821138360979,2759.79296875,5.29296875,5.47265625,3277,4096,6.08225755571276,86.7933777709223,249.65270000393502
dbb36fb32d7e1400561073e02becc2186fbb10db_satellite.tif,hybrid_fixed_0p95_mask_supervised_cems_hls_0p05,0.8,100.0,1.0,1.0,1.0,1.0,19.454762759211047,0.883507483348817,,523.532419414598,99.8089898613885,2759.79296875,5.271484375,5.47265625,3277,4096,6.114502813531952,90.27638934842793,292.1638999978313
dbb36fb32d7e1400561073e02becc2186fbb10db_satellite.tif,hybrid_fixed_0p90_mask_supervised_cems_hls_0p10,0.8,100.0,1.0,1.0,1.0,1.0,19.473287430298967,0.8838109097551172,,523.532419414598,99.8089898613885,2759.79296875,5.271484375,5.47265625,3277,4096,6.114950937894518,90.28846492241999,289.4019000013941
dbb36fb32d7e1400561073e02becc2186fbb10db_satellite.tif,hybrid_fixed_0p80_mask_supervised_cems_hls_0p20,0.8,100.0,1.0,1.0,1.0,1.0,19.475071634336587,0.8838571875546573,,524.4067544999073,99.80930832957068,2759.79296875,5.2626953125,5.47265625,3277,4096,6.117395059453177,90.27938534674233,293.05939999903785
dbb36fb32d7e1400561073e02becc2186fbb10db_satellite.tif,hybrid_fixed_0p70_mask_supervised_cems_hls_0p30,0.8,100.0,1.0,1.0,1.0,1.0,19.469034313908878,0.8835851293055652,,523.3385185185185,99.80891909068134,2759.79296875,5.2734375,5.47265625,3277,4096,6.119446093809078,90.26355496263572,285.58959999645595
dbb36fb32d7e1400561073e02becc2186fbb10db_satellite.tif,hybrid_fixed_0p60_mask_supervised_cems_hls_0p40,0.8,100.0,1.0,1.0,1.0,1.0,19.4820897790169,0.8834535810879289,,523.3385185185185,99.80891909068134,2759.79296875,5.2734375,5.47265625,3277,4096,6.120351732188386,90.21108574324765,303.68409999937285
dbb36fb32d7e1400561073e02becc2186fbb10db_satellite.tif,hybrid_fixed_0p50_mask_supervised_cems_hls_0p50,0.8,100.0,1.0,1.0,1.0,1.0,19.502725533661067,0.8836130638478852,,523.8235403151066,99.80909601744924,2759.79296875,5.2685546875,5.47265625,3277,4096,6.121841167194108,90.11647630302704,284.85489999729907
e0ffbc199e91b323c4e1c87a8b3da100d6a8c512_satellite.tif,fixed_mission_utility,0.8,100.0,1.0,1.0,1.0,1.0,16.507972154022706,0.7987470205048026,,561.3501755754975,99.82185807656072,2810.0400390625,5.005859375,5.3623046875,3277,4096,5.847332292221152,87.86956515777156,269.78930000041146
e0ffbc199e91b323c4e1c87a8b3da100d6a8c512_satellite.tif,mask_supervised_cems_hls,0.8,100.0,1.0,1.0,1.0,1.0,17.162064212283298,0.7592042813703619,,541.1850667669738,99.81522032638964,2810.0400390625,5.1923828125,5.3623046875,3277,4096,5.931745248284103,80.97957282308063,278.01569999428466
e0ffbc199e91b323c4e1c87a8b3da100d6a8c512_satellite.tif,hybrid_fixed_0p95_mask_supervised_cems_hls_0p05,0.8,100.0,1.0,1.0,1.0,1.0,16.50225229971319,0.7985832422664735,,562.1177964446181,99.82210134489159,2810.0400390625,4.9990234375,5.3623046875,3277,4096,5.845232087407737,87.87411967951056,304.3303999947966
e0ffbc199e91b323c4e1c87a8b3da100d6a8c512_satellite.tif,hybrid_fixed_0p90_mask_supervised_cems_hls_0p10,0.8,100.0,1.0,1.0,1.0,1.0,16.503998821955975,0.7987546178995865,,561.6788990825688,99.82196233441681,2810.0400390625,5.0029296875,5.3623046875,3277,4096,5.845328145295132,87.87259171092715,286.201599999913
e0ffbc199e91b323c4e1c87a8b3da100d6a8c512_satellite.tif,hybrid_fixed_0p80_mask_supervised_cems_hls_0p20,0.8,100.0,1.0,1.0,1.0,1.0,16.537122280445125,0.7990831349106885,,561.4597073170731,99.82189282917942,2810.0400390625,5.0048828125,5.3623046875,3277,4096,5.846766316136943,87.87035852607448,289.7577999974601
e0ffbc199e91b323c4e1c87a8b3da100d6a8c512_satellite.tif,hybrid_fixed_0p70_mask_supervised_cems_hls_0p30,0.8,100.0,1.0,1.0,1.0,1.0,16.613525533355528,0.7992503502182216,,561.7885591565795,99.8219970870355,2810.0400390625,5.001953125,5.3623046875,3277,4096,5.851595159483719,87.85836984949705,320.25530000100844
e0ffbc199e91b323c4e1c87a8b3da100d6a8c512_satellite.tif,hybrid_fixed_0p60_mask_supervised_cems_hls_0p40,0.8,100.0,1.0,1.0,1.0,1.0,16.591667347751766,0.7987431374944657,,563.8802665098962,99.82265738679074,2810.0400390625,4.9833984375,5.3623046875,3277,4096,5.85039828734387,87.8393094208862,291.32929999468615
e0ffbc199e91b323c4e1c87a8b3da100d6a8c512_satellite.tif,hybrid_fixed_0p50_mask_supervised_cems_hls_0p50,0.8,100.0,1.0,1.0,1.0,1.0,16.61111566661181,0.7987983397819199,,563.4386136675151,99.82251837631595,2810.0400390625,4.9873046875,5.3623046875,3277,4096,5.855208262068224,87.76569267811168,302.6616999995895
e1c9d0ab2de5daa9ccfe3f2a773c6c7047f45e6e_satellite.tif,fixed_mission_utility,0.8,92.30769230769232,1.0,0.7435897435897436,1.0,1.0,19.299935085945425,0.8709450503358956,,554.9672476537062,99.8198091861767,2829.57421875,5.0986328125,5.419921875,3277,4096,5.923589131802265,90.0060652776072,270.2556000003824
e1c9d0ab2de5daa9ccfe3f2a773c6c7047f45e6e_satellite.tif,mask_supervised_cems_hls,0.8,92.58069359339201,0.9980164766311646,0.7948717948717948,0.9836627840995789,0.9140625,19.146238503706087,0.8516465433954106,,543.1085285848172,99.81587473822115,2829.57421875,5.2099609375,5.419921875,3277,4096,5.922954441942223,85.33894580371421,275.03340000112075
e1c9d0ab2de5daa9ccfe3f2a773c6c7047f45e6e_satellite.tif,hybrid_fixed_0p95_mask_supervised_cems_hls_0p05,0.8,92.30769230769232,1.0,0.7435897435897436,1.0,1.0,19.315804510088803,0.8710619339023458,,555.9255564082886,99.82011980048897,2829.57421875,5.08984375,5.419921875,3277,4096,5.925659946073715,90.0114652430201,294.91740000230493
e1c9d0ab2de5daa9ccfe3f2a773c6c7047f45e6e_satellite.tif,hybrid_fixed_0p90_mask_supervised_cems_hls_0p10,0.8,92.30769230769232,1.0,0.7435897435897436,1.0,1.0,19.30751906050191,0.8710279604653628,,555.6057526366251,99.82001626238488,2829.57421875,5.0927734375,5.419921875,3277,4096,5.925094539695339,90.02103480197962,319.99419999920065
e1c9d0ab2de5daa9ccfe3f2a773c6c7047f45e6e_satellite.tif,hybrid_fixed_0p80_mask_supervised_cems_hls_0p20,0.8,92.30769230769232,1.0,0.7435897435897436,1.0,1.0,19.30310612654897,0.8709318868544439,,556.245728546746,99.82022333859307,2829.57421875,5.0869140625,5.419921875,3277,4096,5.925928861560946,90.02941955840132,302.1962999991956
e1c9d0ab2de5daa9ccfe3f2a773c6c7047f45e6e_satellite.tif,hybrid_fixed_0p70_mask_supervised_cems_hls_0p30,0.8,93.0769230769231,1.0,0.7692307692307693,1.0,1.0,19.342769335655973,0.871213509414946,,555.9255564082886,99.82011980048897,2829.57421875,5.08984375,5.419921875,3277,4096,5.92926234750215,90.0075804577758,295.9527999992133
e1c9d0ab2de5daa9ccfe3f2a773c6c7047f45e6e_satellite.tif,hybrid_fixed_0p60_mask_supervised_cems_hls_0p40,0.8,92.30769230769232,1.0,0.7435897435897436,1.0,1.0,19.380212170972733,0.8713721275406016,,555.8189142528295,99.8200852877876,2829.57421875,5.0908203125,5.419921875,3277,4096,5.929417476435454,89.9507042397931,288.69400000257883
e1c9d0ab2de5daa9ccfe3f2a773c6c7047f45e6e_satellite.tif,hybrid_fixed_0p50_mask_supervised_cems_hls_0p50,0.8,91.53846153846156,1.0,0.717948717948718,1.0,1.0,19.383060942367006,0.8712509631769066,,557.1013266679485,99.82049944020397,2829.57421875,5.0791015625,5.419921875,3277,4096,5.926594676751135,89.90730515067841,294.6643000032054
e232e12223ff10924316844aa1f38f7cd14934e8_satellite.tif,fixed_mission_utility,0.8,97.04736960662524,0.9703604578971863,1.0,0.9510366320610046,0.9212218649517685,24.60037251711237,0.9725499544891935,,621.540555870675,99.8391094530269,2140.1875,3.443359375,3.076171875,3277,4096,4.657647065287415,99.83567249515565,262.1778000029735
e232e12223ff10924316844aa1f38f7cd14934e8_satellite.tif,mask_supervised_cems_hls,0.8,96.56581586580187,0.9640283584594727,1.0,0.9452501535415649,0.909967845659164,24.448059552859913,0.9708873198251886,,613.0215384615385,99.83687359460328,2140.1875,3.4912109375,3.076171875,3277,4096,4.503667437198188,99.48844637156262,229.3204000015976
e232e12223ff10924316844aa1f38f7cd14934e8_satellite.tif,hybrid_fixed_0p95_mask_supervised_cems_hls_0p05,0.8,97.0331610514037,0.9701011776924133,1.0,0.9508447647094727,0.9212218649517685,24.60236465051446,0.9725750633498536,,621.540555870675,99.8391094530269,2140.1875,3.443359375,3.076171875,3277,4096,4.6634697155070715,99.83074705132333,255.16760000027716
e232e12223ff10924316844aa1f38f7cd14934e8_satellite.tif,hybrid_fixed_0p90_mask_supervised_cems_hls_0p10,0.8,97.02889455093067,0.9700300097465515,1.0,0.9507737755775452,0.9212218649517685,24.602734356102687,0.972581688716932,,621.7168794326241,99.83915508279064,2140.1875,3.4423828125,3.076171875,3277,4096,4.664125726409559,99.82875426056191,221.52179999829968
e232e12223ff10924316844aa1f38f7cd14934e8_satellite.tif,hybrid_fixed_0p80_mask_supervised_cems_hls_0p20,0.8,97.01454175246876,0.9697856903076172,1.0,0.9505447745323181,0.9212218649517685,24.602835323005134,0.9725784710767202,,621.18820861678,99.8390181934994,2140.1875,3.4453125,3.076171875,3277,4096,4.663335975701427,99.82650707097989,226.1274999982561
e232e12223ff10924316844aa1f38f7cd14934e8_satellite.tif,hybrid_fixed_0p70_mask_supervised_cems_hls_0p30,0.8,96.99662101997059,0.9694811105728149,1.0,0.9502578973770142,0.9212218649517685,24.603865553019283,0.9725658056334238,,619.9581329561528,99.83869878515317,2140.1875,3.4521484375,3.076171875,3277,4096,4.661556520476084,99.82469801270001,224.0317000032519
e232e12223ff10924316844aa1f38f7cd14934e8_satellite.tif,hybrid_fixed_0p60_mask_supervised_cems_hls_0p40,0.8,96.99658406509081,0.9694872498512268,1.0,0.9502437710762024,0.9212218649517685,24.60126214015134,0.9725447359636019,,619.2574173495337,99.83851626609818,2140.1875,3.4560546875,3.076171875,3277,4096,4.658369634161647,99.82283948798279,221.18590000172844
e232e12223ff10924316844aa1f38f7cd14934e8_satellite.tif,hybrid_fixed_0p50_mask_supervised_cems_hls_0p50,0.8,96.99134481681506,0.9694010019302368,1.0,0.9501543045043945,0.9212218649517685,24.602559858146464,0.9725464727455485,,618.2093088857546,99.8382424875157,2140.1875,3.4619140625,3.076171875,3277,4096,4.657466228612372,99.82183602596818,222.81759999896167
e37cbff1ce9ca0e134502034f699980ab16a69dc_satellite.tif,fixed_mission_utility,0.8,81.15992832478184,0.7947592735290527,1.0,0.7882309556007385,0.36049382716049383,23.701379047804988,0.9429659677555373,,681.6930826057757,99.8533064181644,2973.7529296875,4.3623046875,4.3955078125,3277,4096,4.967172993463615,91.64958897054201,279.9568999980693
e37cbff1ce9ca0e134502034f699980ab16a69dc_satellite.tif,mask_supervised_cems_hls,0.8,80.53031356246385,0.7854107618331909,1.0,0.7797682285308838,0.35185185185185186,23.813185265417985,0.9441186743645632,,667.7901315789474,99.8502523543384,2973.7529296875,4.453125,4.3955078125,3277,4096,5.003617192665828,89.08894772565614,239.92359999829205
e37cbff1ce9ca0e134502034f699980ab16a69dc_satellite.tif,hybrid_fixed_0p95_mask_supervised_cems_hls_0p05,0.8,81.11479091938632,0.7939353585243225,1.0,0.7876219153404236,0.36049382716049383,23.7046306620775,0.9429866437980189,,680.170426624972,99.8529780242046,2973.7529296875,4.3720703125,4.3955078125,3277,4096,4.9686667587831055,91.63297132446867,285.81510000367416
e37cbff1ce9ca0e134502034f699980ab16a69dc_satellite.tif,hybrid_fixed_0p90_mask_supervised_cems_hls_0p10,0.8,80.79876361364202,0.7892241477966309,1.0,0.7830948233604431,0.3567901234567901,23.713831288337914,0.9430782763306037,,679.260093687263,99.85278098782874,2973.7529296875,4.3779296875,4.3955078125,3277,4096,4.971886016856262,91.59610615763964,284.462399999029
e37cbff1ce9ca0e134502034f699980ab16a69dc_satellite.tif,hybrid_fixed_0p80_mask_supervised_cems_hls_0p20,0.8,80.86011705869512,0.7902727127075195,1.0,0.7840653657913208,0.3567901234567901,23.720770533424435,0.9431281435275338,,679.7149553571429,99.85287950601666,2973.7529296875,4.375,4.3955078125,3277,4096,4.975121595304459,91.57730260901033,282.3811999987811
e37cbff1ce9ca0e134502034f699980ab16a69dc_satellite.tif,hybrid_fixed_0p70_mask_supervised_cems_hls_0p30,0.8,80.86751280301885,0.7903202772140503,1.0,0.7843400239944458,0.3567901234567901,23.735775434175338,0.9433262281849366,,681.5405102954342,99.85327357876841,2973.7529296875,4.36328125,4.3955078125,3277,4096,4.977974186139171,91.54379607348079,283.2161000042106
e37cbff1ce9ca0e134502034f699980ab16a69dc_satellite.tif,hybrid_fixed_0p60_mask_supervised_cems_hls_0p40,0.8,80.53007908514991,0.7853039503097534,1.0,0.7793528437614441,0.3530864197530864,23.7522629522164,0.9435173513387062,,678.5033422459893,99.85261679084884,2973.7529296875,4.3828125,4.3955078125,3277,4096,4.979767595368595,91.49245927440161,297.0694999967236
e37cbff1ce9ca0e134502034f699980ab16a69dc_satellite.tif,hybrid_fixed_0p50_mask_supervised_cems_hls_0p50,0.8,79.67292928401336,0.7731820940971375,1.0,0.7675291895866394,0.3395061728395062,23.770843951039158,0.9437460847972363,,676.2431712191872,99.85212419990917,2973.7529296875,4.3974609375,4.3955078125,3277,4096,4.985430733465138,91.4134396947778,287.1002999963821
e9794c09510b308140d8677d20ddc6d8cf1de2ff_satellite.tif,fixed_mission_utility,0.8,100.0,1.0,1.0,1.0,1.0,14.941079305960514,0.6924829302450625,,517.2521929824561,99.80667070849249,2764.06640625,5.34375,5.61328125,3277,4096,6.201235102654826,87.52722374391001,280.33290000166744
e9794c09510b308140d8677d20ddc6d8cf1de2ff_satellite.tif,mask_supervised_cems_hls,0.8,100.0,1.0,1.0,1.0,1.0,15.365103749885076,0.6787282490964902,,514.1514986376022,99.80550479719503,2764.06640625,5.3759765625,5.61328125,3277,4096,6.179087192934742,83.19400460174924,226.61710000102175
e9794c09510b308140d8677d20ddc6d8cf1de2ff_satellite.tif,hybrid_fixed_0p95_mask_supervised_cems_hls_0p05,0.8,100.0,1.0,1.0,1.0,1.0,14.92936235485837,0.6917085643830807,,517.0632078918524,99.80660004720174,2764.06640625,5.345703125,5.61328125,3277,4096,6.2006886998428925,87.53247472939017,293.8524999990477
e9794c09510b308140d8677d20ddc6d8cf1de2ff_satellite.tif,hybrid_fixed_0p90_mask_supervised_cems_hls_0p10,0.8,100.0,1.0,1.0,1.0,1.0,15.050327307116532,0.691542087333154,,516.9687671232876,99.80656471655637,2764.06640625,5.3466796875,5.61328125,3277,4096,6.201168393176232,87.5286317572368,284.6343999990495
e9794c09510b308140d8677d20ddc6d8cf1de2ff_satellite.tif,hybrid_fixed_0p80_mask_supervised_cems_hls_0p20,0.8,100.0,1.0,1.0,1.0,1.0,15.070127872783237,0.6926731573970686,,518.2940853323568,99.80705934559165,2764.06640625,5.3330078125,5.61328125,3277,4096,6.204882072761389,87.50609062645484,273.4589000028791
e9794c09510b308140d8677d20ddc6d8cf1de2ff_satellite.tif,hybrid_fixed_0p70_mask_supervised_cems_hls_0p30,0.8,100.0,1.0,1.0,1.0,1.0,15.107748206164413,0.6928347607132318,,518.5789666544522,99.80716533752779,2764.06640625,5.330078125,5.61328125,3277,4096,6.20429181216792,87.49447774589726,272.00940000329865
e9794c09510b308140d8677d20ddc6d8cf1de2ff_satellite.tif,hybrid_fixed_0p60_mask_supervised_cems_hls_0p40,0.8,100.0,1.0,1.0,1.0,1.0,15.097017478453076,0.6913224735748731,,520.3905129619416,99.80783661978997,2764.06640625,5.3115234375,5.61328125,3277,4096,6.197241757881383,87.42930868870815,271.9299000018509
e9794c09510b308140d8677d20ddc6d8cf1de2ff_satellite.tif,hybrid_fixed_0p50_mask_supervised_cems_hls_0p50,0.8,100.0,1.0,1.0,1.0,1.0,15.111616308635941,0.6904472276520288,,520.5819385690638,99.80790728108072,2764.06640625,5.3095703125,5.61328125,3277,4096,6.1981384883024795,87.3958134725949,278.38250000058906
ee786948f05e7a1d72102bc58f8eef62019c3015_satellite.tif,fixed_mission_utility,0.8,100.0,1.0,1.0,1.0,1.0,17.57215567317395,0.8830720187203895,,582.9923679867986,99.82847116790684,2760.1044921875,4.734375,5.2080078125,3277,4096,5.647395596341967,89.23680921176832,284.51979999954347
ee786948f05e7a1d72102bc58f8eef62019c3015_satellite.tif,mask_supervised_cems_hls,0.8,97.50000000000001,1.0,0.9166666666666666,1.0,1.0,20.54710384811996,0.8823527528486692,,552.0208984375,99.81884743805342,2760.1044921875,5.0,5.2080078125,3277,4096,5.744266012796183,82.41476636571646,229.82500000216532
ee786948f05e7a1d72102bc58f8eef62019c3015_satellite.tif,hybrid_fixed_0p95_mask_supervised_cems_hls_0p05,0.8,100.0,1.0,1.0,1.0,1.0,17.577483000690652,0.8830708738117369,,581.5528806584363,99.82804659158978,2760.1044921875,4.74609375,5.2080078125,3277,4096,5.648190791436056,89.2335773866793,281.9605999975465
ee786948f05e7a1d72102bc58f8eef62019c3015_satellite.tif,hybrid_fixed_0p90_mask_supervised_cems_hls_0p10,0.8,100.0,1.0,1.0,1.0,1.0,17.588161014209593,0.8835789406368116,,581.9120856495779,99.82815273566904,2760.1044921875,4.7431640625,5.2080078125,3277,4096,5.648724566827581,89.23650590132307,281.87709999474464
ee786948f05e7a1d72102bc58f8eef62019c3015_satellite.tif,hybrid_fixed_0p80_mask_supervised_cems_hls_0p20,0.8,100.0,1.0,1.0,1.0,1.0,17.61319825383223,0.8834512288961265,,582.8721385852754,99.82843578654709,2760.1044921875,4.7353515625,5.2080078125,3277,4096,5.653087566128333,89.2288394683449,290.46540000126697
ee786948f05e7a1d72102bc58f8eef62019c3015_satellite.tif,hybrid_fixed_0p70_mask_supervised_cems_hls_0p30,0.8,100.0,1.0,1.0,1.0,1.0,17.644309052954714,0.8839168500793119,,583.3533539731682,99.82857731198611,2760.1044921875,4.7314453125,5.2080078125,3277,4096,5.652838690318383,89.22443623739836,288.50519999832613
ee786948f05e7a1d72102bc58f8eef62019c3015_satellite.tif,hybrid_fixed_0p60_mask_supervised_cems_hls_0p40,0.8,100.0,1.0,1.0,1.0,1.0,17.649360786172043,0.8843039925521422,,583.7147872779843,99.82868345606536,2760.1044921875,4.728515625,5.2080078125,3277,4096,5.651478335078764,89.19713829732603,280.3611000053934
ee786948f05e7a1d72102bc58f8eef62019c3015_satellite.tif,hybrid_fixed_0p50_mask_supervised_cems_hls_0p50,0.8,100.0,1.0,1.0,1.0,1.0,17.664204091167306,0.8841563411459333,,583.2329756500206,99.82854193062636,2760.1044921875,4.732421875,5.2080078125,3277,4096,5.654394353857123,89.15560568428876,277.00780000304803
f45c4f3d8284361adb2af0752cf48ea4ffaf57c3_satellite.tif,fixed_mission_utility,0.8,100.0,1.0,1.0,1.0,1.0,17.601377224279727,0.8043380188612597,,507.21274258513364,99.80284406994524,2705.46484375,5.333984375,5.5458984375,3277,4096,6.0921784287959255,88.27719283475976,282.274299999699
f45c4f3d8284361adb2af0752cf48ea4ffaf57c3_satellite.tif,mask_supervised_cems_hls,0.8,100.0,1.0,1.0,1.0,1.0,17.244460619300693,0.7760429981951855,,508.7963269054178,99.80345770063197,2705.46484375,5.3173828125,5.5458984375,3277,4096,6.0196829868470765,85.32413691335442,233.1482000008691
f45c4f3d8284361adb2af0752cf48ea4ffaf57c3_satellite.tif,hybrid_fixed_0p95_mask_supervised_cems_hls_0p05,0.8,100.0,1.0,1.0,1.0,1.0,17.586573183421432,0.8039092939848798,,507.21274258513364,99.80284406994524,2705.46484375,5.333984375,5.5458984375,3277,4096,6.090664229548999,88.27444290852469,270.23129999724915
f45c4f3d8284361adb2af0752cf48ea4ffaf57c3_satellite.tif,hybrid_fixed_0p90_mask_supervised_cems_hls_0p10,0.8,100.0,1.0,1.0,1.0,1.0,17.57401308591932,0.8028904706319537,,507.58446317332357,99.80298845363623,2705.46484375,5.330078125,5.5458984375,3277,4096,6.086479172311724,88.26295673014717,266.5606000009575
f45c4f3d8284361adb2af0752cf48ea4ffaf57c3_satellite.tif,hybrid_fixed_0p80_mask_supervised_cems_hls_0p20,0.8,100.0,1.0,1.0,1.0,1.0,17.599739404540315,0.8031390999052068,,506.74885677702576,99.80266359033149,2705.46484375,5.3388671875,5.5458984375,3277,4096,6.086934885405466,88.2559163784593,269.54449999902863
f45c4f3d8284361adb2af0752cf48ea4ffaf57c3_satellite.tif,hybrid_fixed_0p70_mask_supervised_cems_hls_0p30,0.8,100.0,1.0,1.0,1.0,1.0,17.65550220315801,0.8037747227190081,,507.49148195640225,99.80295235771348,2705.46484375,5.3310546875,5.5458984375,3277,4096,6.086004158551833,88.24060597833963,275.3110999983619
f45c4f3d8284361adb2af0752cf48ea4ffaf57c3_satellite.tif,hybrid_fixed_0p60_mask_supervised_cems_hls_0p40,0.8,100.0,1.0,1.0,1.0,1.0,17.656649940777744,0.8035033315563802,,506.4709323583181,99.80255530256325,2705.46484375,5.341796875,5.5458984375,3277,4096,6.085907232873851,88.19643148761483,279.89379999780795
f45c4f3d8284361adb2af0752cf48ea4ffaf57c3_satellite.tif,hybrid_fixed_0p50_mask_supervised_cems_hls_0p50,0.8,100.0,1.0,1.0,1.0,1.0,17.63595197329029,0.8025789542255087,,506.37835861816853,99.8025192066405,2705.46484375,5.3427734375,5.5458984375,3277,4096,6.078915087332829,88.16102703191002,270.1167999985046
f7c2fa0a6f9678f24010b68c9d8c12a95c40167e_satellite.tif,fixed_mission_utility,0.8,95.5993078265609,0.9349610209465027,1.0,0.9262220859527588,0.9676425269645609,24.903776024163733,0.9804892469292266,,661.3925353925354,99.84880385754482,3011.14453125,4.552734375,4.4365234375,3277,4096,5.3789070012550475,93.56501092665448,276.05559999938123
f7c2fa0a6f9678f24010b68c9d8c12a95c40167e_satellite.tif,mask_supervised_cems_hls,0.8,94.40770698805989,0.9199313521385193,1.0,0.9059463739395142,0.9491525423728814,24.765527116869876,0.9794899196476876,,655.3479277364506,99.84740929853034,3011.14453125,4.5947265625,4.4365234375,3277,4096,5.2659082220540885,92.83235854669653,223.37379999953555
f7c2fa0a6f9678f24010b68c9d8c12a95c40167e_satellite.tif,hybrid_fixed_0p95_mask_supervised_cems_hls_0p05,0.8,95.58091621736902,0.9346458911895752,1.0,0.925932765007019,0.9676425269645609,24.90367031479794,0.9804844175606672,,660.6839511463467,99.84864169951987,3011.14453125,4.5576171875,4.4365234375,3277,4096,5.378955526842905,93.56957534327546,281.3994999960414
f7c2fa0a6f9678f24010b68c9d8c12a95c40167e_satellite.tif,hybrid_fixed_0p90_mask_supervised_cems_hls_0p10,0.8,95.58452110628501,0.9347119927406311,1.0,0.925980806350708,0.9676425269645609,24.90341043081681,0.9804777957086936,,659.5533689839572,99.84838224667998,3011.14453125,4.5654296875,4.4365234375,3277,4096,5.377720021785338,93.56523110259538,278.1262999997125
f7c2fa0a6f9678f24010b68c9d8c12a95c40167e_satellite.tif,hybrid_fixed_0p80_mask_supervised_cems_hls_0p20,0.8,95.50108414034267,0.933355450630188,1.0,0.9245220422744751,0.9676425269645609,24.899021023329414,0.9804362309412358,,657.7244027303755,99.84796063581513,3011.14453125,4.578125,4.4365234375,3277,4096,5.374700618738672,93.58615628528636,277.69550000084564
f7c2fa0a6f9678f24010b68c9d8c12a95c40167e_satellite.tif,hybrid_fixed_0p70_mask_supervised_cems_hls_0p30,0.8,95.65728049616236,0.9359290599822998,1.0,0.9271846413612366,0.9676425269645609,24.900217097973773,0.9804478470958885,,658.0051216389245,99.84802549902511,3011.14453125,4.576171875,4.4365234375,3277,4096,5.371123532927486,93.56263133283167,273.5845999995945
f7c2fa0a6f9678f24010b68c9d8c12a95c40167e_satellite.tif,hybrid_fixed_0p60_mask_supervised_cems_hls_0p40,0.8,95.56292157511133,0.9343478679656982,1.0,0.9256290793418884,0.9676425269645609,24.899681823221936,0.9804348210626405,,656.6039182282794,99.84770118297523,3011.14453125,4.5859375,4.4365234375,3277,4096,5.372230314736891,93.51651294151839,274.55619999818737
f7c2fa0a6f9678f24010b68c9d8c12a95c40167e_satellite.tif,hybrid_fixed_0p50_mask_supervised_cems_hls_0p50,0.8,95.46926002840416,0.9328240156173706,1.0,0.923993706703186,0.9676425269645609,24.900208035563814,0.9804126798485402,,656.7437699680511,99.84773361458022,3011.14453125,4.5849609375,4.4365234375,3277,4096,5.368588247465254,93.51334579529158,276.83300000353483
fcd311291862e0104f3c1f6538387d270ab05a92_satellite.tif,fixed_mission_utility,0.8,100.0,1.0,1.0,1.0,1.0,20.300993782165033,0.8930969998110038,,582.1973075305007,99.82823692465331,2702.896484375,4.642578125,4.6474609375,3277,4096,5.816669065571989,89.01965019212932,249.13940000260482
fcd311291862e0104f3c1f6538387d270ab05a92_satellite.tif,mask_supervised_cems_hls,0.8,92.81930196852912,0.905889093875885,1.0,0.8619250059127808,0.9345238095238095,18.698509367209365,0.8433117325082256,,585.2751110171283,99.8291401802031,2702.896484375,4.6181640625,4.6474609375,3277,4096,5.563773062154793,86.70289519014179,193.30430000263732
fcd311291862e0104f3c1f6538387d270ab05a92_satellite.tif,hybrid_fixed_0p95_mask_supervised_cems_hls_0p05,0.8,100.0,1.0,1.0,1.0,1.0,20.301114295371328,0.8930396733065845,,581.0972076422423,99.8279117526554,2702.896484375,4.6513671875,4.6474609375,3277,4096,5.817681817316873,89.02031270703591,248.10349999461323
fcd311291862e0104f3c1f6538387d270ab05a92_satellite.tif,hybrid_fixed_0p90_mask_supervised_cems_hls_0p10,0.8,100.0,1.0,1.0,1.0,1.0,20.30400241047577,0.8929822459161444,,581.0972076422423,99.8279117526554,2702.896484375,4.6513671875,4.6474609375,3277,4096,5.81740414924243,89.02059758844574,248.29769999632845
fcd311291862e0104f3c1f6538387d270ab05a92_satellite.tif,hybrid_fixed_0p80_mask_supervised_cems_hls_0p20,0.8,100.0,1.0,1.0,1.0,1.0,20.309552459961786,0.8931254245127919,,579.7582739840805,99.82751432021348,2702.896484375,4.662109375,4.6474609375,3277,4096,5.81509701589893,89.01628461640388,260.51810000353726
fcd311291862e0104f3c1f6538387d270ab05a92_satellite.tif,hybrid_fixed_0p70_mask_supervised_cems_hls_0p30,0.8,100.0,1.0,1.0,1.0,1.0,20.31475909109567,0.8932556331023235,,579.5154941373535,99.8274420597695,2702.896484375,4.6640625,4.6474609375,3277,4096,5.815358081973771,89.0109447462568,256.9711999967694
fcd311291862e0104f3c1f6538387d270ab05a92_satellite.tif,hybrid_fixed_0p60_mask_supervised_cems_hls_0p40,0.8,100.0,1.0,1.0,1.0,1.0,20.30208155665198,0.8929660984881655,,578.7883730656629,99.82722527843755,2702.896484375,4.669921875,4.6474609375,3277,4096,5.815820121994589,89.01566185239169,256.08939999801805
fcd311291862e0104f3c1f6538387d270ab05a92_satellite.tif,hybrid_fixed_0p50_mask_supervised_cems_hls_0p50,0.8,100.0,1.0,1.0,1.0,1.0,20.30308112732206,0.8928923575072681,,579.3941804479799,99.82740592954751,2702.896484375,4.6650390625,4.6474609375,3277,4096,5.814016260510979,88.9942361203127,277.408199995989
0002edb68d9af8bc9bc8bb8cdda82973102624c9_satellite.tif,fixed_mission_utility,0.8,100.0,1.0,1.0,1.0,1.0,17.13892401367588,0.7941843734080586,,556.1338446788111,99.82018717084597,2832.263671875,5.0927734375,5.4736328125,3277,4096,5.986870339582945,91.67763859171714,296.4462999952957
0002edb68d9af8bc9bc8bb8cdda82973102624c9_satellite.tif,mask_supervised_cems_hls,0.8,100.0,1.0,1.0,1.0,1.0,17.98183270968643,0.8084199009876727,,542.2019068984857,99.8155668603749,2832.263671875,5.2236328125,5.4736328125,3277,4096,6.008819105629785,88.31550684191745,246.13490000047022
0002edb68d9af8bc9bc8bb8cdda82973102624c9_satellite.tif,hybrid_fixed_0p95_mask_supervised_cems_hls_0p05,0.8,100.0,1.0,1.0,1.0,1.0,17.161488115432416,0.7942991463648756,,556.3472089008249,99.82025613070375,2832.263671875,5.0908203125,5.4736328125,3277,4096,5.989936561226656,91.63706672866965,293.71650000393856
0002edb68d9af8bc9bc8bb8cdda82973102624c9_satellite.tif,hybrid_fixed_0p90_mask_supervised_cems_hls_0p10,0.8,100.0,1.0,1.0,1.0,1.0,17.17190837443586,0.7937934032627478,,555.9206440483036,99.82011821098821,2832.263671875,5.0947265625,5.4736328125,3277,4096,5.990959289962049,91.62021634343716,280.8813999945414
0002edb68d9af8bc9bc8bb8cdda82973102624c9_satellite.tif,hybrid_fixed_0p80_mask_supervised_cems_hls_0p20,0.8,100.0,1.0,1.0,1.0,1.0,17.20092318112899,0.794079095146263,,556.3472089008249,99.82025613070375,2832.263671875,5.0908203125,5.4736328125,3277,4096,5.993424071104467,91.57879910082124,281.1011000012513
0002edb68d9af8bc9bc8bb8cdda82973102624c9_satellite.tif,hybrid_fixed_0p70_mask_supervised_cems_hls_0p30,0.8,100.0,1.0,1.0,1.0,1.0,17.211758283915636,0.7945204423921576,,556.3472089008249,99.82025613070375,2832.263671875,5.0908203125,5.4736328125,3277,4096,5.991309411220225,91.57695579198781,294.666399997368
0002edb68d9af8bc9bc8bb8cdda82973102624c9_satellite.tif,hybrid_fixed_0p60_mask_supervised_cems_hls_0p40,0.8,100.0,1.0,1.0,1.0,1.0,17.243366621984528,0.7962046389454357,,556.3472089008249,99.82025613070375,2832.263671875,5.0908203125,5.4736328125,3277,4096,5.996062538388207,91.53120359549465,313.1391999995685
0002edb68d9af8bc9bc8bb8cdda82973102624c9_satellite.tif,hybrid_fixed_0p50_mask_supervised_cems_hls_0p50,0.8,100.0,1.0,1.0,1.0,1.0,17.282485994422657,0.7972167358163378,,556.2405063291139,99.82022165077487,2832.263671875,5.091796875,5.4736328125,3277,4096,5.9968859384603395,91.47423899630436,289.97240000171587
12fc7d22d2cb791daee9fe0c366a3a15a4de146e_satellite.tif,fixed_mission_utility,0.8,98.72197309417044,1.0,1.0,1.0,0.8721973094170403,23.54357146691122,0.9709927228861687,,779.5015918958031,99.8717128982934,2630.056640625,3.3740234375,3.0791015625,3277,4096,3.6051285586635693,91.89805922094993,280.71259999705944
12fc7d22d2cb791daee9fe0c366a3a15a4de146e_satellite.tif,mask_supervised_cems_hls,0.8,98.74439461883411,1.0,1.0,1.0,0.874439461883408,23.545466519537108,0.9709668427789697,,756.7232368642877,99.86785128944318,2630.056640625,3.4755859375,3.0791015625,3277,4096,3.6404738983415617,90.6282240365544,246.68249999376712
12fc7d22d2cb791daee9fe0c366a3a15a4de146e_satellite.tif,hybrid_fixed_0p95_mask_supervised_cems_hls_0p05,0.8,98.72197309417044,1.0,1.0,1.0,0.8721973094170403,23.545241430187687,0.9710088120043169,,778.3751445086705,99.87152724402175,2630.056640625,3.37890625,3.0791015625,3277,4096,3.604015775005066,91.88742620853692,276.4558999988367
12fc7d22d2cb791daee9fe0c366a3a15a4de146e_satellite.tif,hybrid_fixed_0p90_mask_supervised_cems_hls_0p10,0.8,98.69955156950675,1.0,1.0,1.0,0.8699551569506726,23.546384382654082,0.9710210438762201,,777.251948051948,99.8713415897501,2630.056640625,3.3837890625,3.0791015625,3277,4096,3.6035643645027453,91.87719222749483,323.8033000016003
12fc7d22d2cb791daee9fe0c366a3a15a4de146e_satellite.tif,hybrid_fixed_0p80_mask_supervised_cems_hls_0p20,0.8,98.69955156950675,1.0,1.0,1.0,0.8699551569506726,23.547094189480315,0.9710233706685342,,773.4572085008616,99.87071036522651,2630.056640625,3.400390625,3.0791015625,3277,4096,3.6047657336171106,91.85497165703644,271.69720000529196
12fc7d22d2cb791daee9fe0c366a3a15a4de146e_satellite.tif,hybrid_fixed_0p70_mask_supervised_cems_hls_0p30,0.8,98.74439461883411,1.0,1.0,1.0,0.874439461883408,23.53204926737634,0.9708409202026451,,772.1267201834862,99.87048758010053,2630.056640625,3.40625,3.0791015625,3277,4096,3.6080609301965136,91.83672575199809,271.0951000044588
12fc7d22d2cb791daee9fe0c366a3a15a4de146e_satellite.tif,hybrid_fixed_0p60_mask_supervised_cems_hls_0p40,0.8,98.74439461883411,1.0,1.0,1.0,0.874439461883408,23.53193889275677,0.9708215670405894,,772.7913916786226,99.87059897266353,2630.056640625,3.4033203125,3.0791015625,3277,4096,3.612160813038568,91.79507000653317,365.6071000004886
12fc7d22d2cb791daee9fe0c366a3a15a4de146e_satellite.tif,hybrid_fixed_0p50_mask_supervised_cems_hls_0p50,0.8,98.74439461883411,1.0,1.0,1.0,0.874439461883408,23.535629297372086,0.9708612172632357,,769.6993426693341,99.87007914070291,2630.056640625,3.4169921875,3.0791015625,3277,4096,3.6180359338917887,91.72001298807992,283.4149999980582
1e6c99453521a4beb217d8eb2c53ebad436434f6_satellite.tif,fixed_mission_utility,0.8,93.70117187500003,1.0,0.875,1.0,0.7451171875,12.429904267781877,0.4725926506789137,,581.0858759345323,99.82790839677668,2808.392578125,4.8330078125,5.3173828125,3277,4096,5.727591953514194,91.08093980022888,286.133499997959
1e6c99453521a4beb217d8eb2c53ebad436434f6_satellite.tif,mask_supervised_cems_hls,0.8,92.50000000000001,1.0,0.75,1.0,1.0,15.0107538996083,0.661681787935436,,556.2464216634429,99.82022356260568,2808.392578125,5.048828125,5.3173828125,3277,4096,5.801508311951158,85.64990201163751,261.71400000021094
1e6c99453521a4beb217d8eb2c53ebad436434f6_satellite.tif,hybrid_fixed_0p95_mask_supervised_cems_hls_0p05,0.8,97.48046875000003,1.0,1.0,1.0,0.748046875,12.455621749616304,0.4739205088935757,,580.3822401614531,99.8276997587449,2808.392578125,4.8388671875,5.3173828125,3277,4096,5.726770070347352,91.07084831078558,277.99119999690447
1e6c99453521a4beb217d8eb2c53ebad436434f6_satellite.tif,hybrid_fixed_0p90_mask_supervised_cems_hls_0p10,0.8,96.24023437500003,1.0,0.9583333333333334,1.0,0.7490234375,12.449155268344727,0.47221873477176984,,581.6735436893204,99.82808226180317,2808.392578125,4.828125,5.3173828125,3277,4096,5.726595711850289,91.07682247253601,322.6020000001881
1e6c99453521a4beb217d8eb2c53ebad436434f6_satellite.tif,hybrid_fixed_0p80_mask_supervised_cems_hls_0p20,0.8,92.55859375000001,1.0,0.8333333333333334,1.0,0.755859375,12.470826152537711,0.4728047530546272,,581.4383340072786,99.82801271579258,2808.392578125,4.830078125,5.3173828125,3277,4096,5.727715940711535,91.0668924469238,311.9600000063656
1e6c99453521a4beb217d8eb2c53ebad436434f6_satellite.tif,hybrid_fixed_0p70_mask_supervised_cems_hls_0p30,0.8,91.27929687500001,1.0,0.7916666666666666,1.0,0.7529296875,12.501500919908366,0.472450352822388,,581.4383340072786,99.82801271579258,2808.392578125,4.830078125,5.3173828125,3277,4096,5.729219192266056,91.04520583611017,279.9241000029724
1e6c99453521a4beb217d8eb2c53ebad436434f6_satellite.tif,hybrid_fixed_0p60_mask_supervised_cems_hls_0p40,0.8,92.44140625000003,1.0,0.8333333333333334,1.0,0.744140625,12.512597782614382,0.47404814933738354,,581.4383340072786,99.82801271579258,2808.392578125,4.830078125,5.3173828125,3277,4096,5.729928734735978,91.03165296578783,316.7388000001665
1e6c99453521a4beb217d8eb2c53ebad436434f6_satellite.tif,hybrid_fixed_0p50_mask_supervised_cems_hls_0p50,0.8,93.49609375000001,1.0,0.875,1.0,0.724609375,12.549435802086036,0.47751636529100494,,581.9089437474706,99.82815180781377,2808.392578125,4.826171875,5.3173828125,3277,4096,5.731542068792757,91.01769643588776,320.7001000046148
1fbfcd21a03cd291f0b13d6f8bc192e58fc3c624_satellite.tif,fixed_mission_utility,0.8,95.55555555555557,1.0,0.8518518518518519,1.0,1.0,17.82250611995315,0.859689037842158,,539.042449286251,99.81448585332674,2802.599609375,5.19921875,5.5146484375,3277,4096,6.129453637704293,87.57484346629033,278.46470000076806
1fbfcd21a03cd291f0b13d6f8bc192e58fc3c624_satellite.tif,mask_supervised_cems_hls,0.8,98.8888888888889,1.0,0.9629629629629629,1.0,1.0,18.379152705798102,0.8569329456433534,,528.9093254699594,99.81093167546035,2802.599609375,5.298828125,5.5146484375,3277,4096,6.095162346400827,82.21808892757936,259.2722999979742
1fbfcd21a03cd291f0b13d6f8bc192e58fc3c624_satellite.tif,hybrid_fixed_0p95_mask_supervised_cems_hls_0p05,0.8,96.66666666666669,1.0,0.8888888888888888,1.0,1.0,17.737153279738465,0.8593697484262501,,538.941220657277,99.8144510084457,2802.599609375,5.2001953125,5.5146484375,3277,4096,6.126763634287434,87.58776456356301,280.9523000032641
1fbfcd21a03cd291f0b13d6f8bc192e58fc3c624_satellite.tif,hybrid_fixed_0p90_mask_supervised_cems_hls_0p10,0.8,95.55555555555557,1.0,0.8518518518518519,1.0,1.0,17.738243991902753,0.8594512627582059,,539.1437159496525,99.81452069820779,2802.599609375,5.1982421875,5.5146484375,3277,4096,6.126825424566452,87.58923925401263,278.6548000003677
1fbfcd21a03cd291f0b13d6f8bc192e58fc3c624_satellite.tif,hybrid_fixed_0p80_mask_supervised_cems_hls_0p20,0.8,97.7777777777778,1.0,0.9259259259259259,1.0,1.0,17.6866227771618,0.8580014136035409,,540.1584792019574,99.81486914701821,2802.599609375,5.1884765625,5.5146484375,3277,4096,6.122106206665201,87.61138301854155,331.24769999994896
1fbfcd21a03cd291f0b13d6f8bc192e58fc3c624_satellite.tif,hybrid_fixed_0p70_mask_supervised_cems_hls_0p30,0.8,97.7777777777778,1.0,0.9259259259259259,1.0,1.0,17.675421229704877,0.8579554370673302,,541.8923716012084,99.81546150999596,2802.599609375,5.171875,5.5146484375,3277,4096,6.122701744010469,87.61126597961697,293.02820000157226
1fbfcd21a03cd291f0b13d6f8bc192e58fc3c624_satellite.tif,hybrid_fixed_0p60_mask_supervised_cems_hls_0p40,0.8,98.8888888888889,1.0,0.9629629629629629,1.0,1.0,17.65504819020483,0.8571137866990968,,543.225818663638,99.81591449344951,2802.599609375,5.1591796875,5.5146484375,3277,4096,6.118014501436107,87.59704575028154,317.70959999994375
1fbfcd21a03cd291f0b13d6f8bc192e58fc3c624_satellite.tif,hybrid_fixed_0p50_mask_supervised_cems_hls_0p50,0.8,96.66666666666669,1.0,0.8888888888888888,1.0,1.0,17.671587786678515,0.8582447061559685,,543.4315470554819,99.8159841832116,2802.599609375,5.1572265625,5.5146484375,3277,4096,6.1176938966234395,87.56965864193181,277.69270000135293
5ccf4412cee9d0c397fa02241375f32ef5feeaa8_satellite.tif,fixed_mission_utility,0.8,100.0,1.0,1.0,1.0,1.0,18.993550162441984,0.8535625623712588,,588.5400158478606,99.83008801898383,2901.318359375,4.9296875,5.3662109375,3277,4096,5.8586261003268545,92.71598775709475,287.74430000339635
5ccf4412cee9d0c397fa02241375f32ef5feeaa8_satellite.tif,mask_supervised_cems_hls,0.8,91.17647058823532,1.0,0.7058823529411765,1.0,1.0,18.95592931213859,0.8413749144158303,,573.4317699285853,99.82561133644121,2901.318359375,5.0595703125,5.3662109375,3277,4096,5.8875479982532966,89.19501243783319,265.8861000018078
5ccf4412cee9d0c397fa02241375f32ef5feeaa8_satellite.tif,hybrid_fixed_0p95_mask_supervised_cems_hls_0p05,0.8,100.0,1.0,1.0,1.0,1.0,18.99261736527348,0.8535513429632522,,589.1235375768392,99.83025631532001,2901.318359375,4.9248046875,5.3662109375,3277,4096,5.858828086213897,92.71419383884646,264.56559999496676
5ccf4412cee9d0c397fa02241375f32ef5feeaa8_satellite.tif,hybrid_fixed_0p90_mask_supervised_cems_hls_0p10,0.8,100.0,1.0,1.0,1.0,1.0,18.99067286440318,0.8535042008037178,,589.2403808012693,99.83028997458725,2901.318359375,4.923828125,5.3662109375,3277,4096,5.858334356306717,92.71158399516436,330.8811999959289
5ccf4412cee9d0c397fa02241375f32ef5feeaa8_satellite.tif,hybrid_fixed_0p80_mask_supervised_cems_hls_0p20,0.8,100.0,1.0,1.0,1.0,1.0,19.004988070786464,0.853649956686518,,589.5911887279223,99.83039095238897,2901.318359375,4.9208984375,5.3662109375,3277,4096,5.858705191038822,92.71105867330972,275.5140999943251
5ccf4412cee9d0c397fa02241375f32ef5feeaa8_satellite.tif,hybrid_fixed_0p70_mask_supervised_cems_hls_0p30,0.8,98.23529411764707,1.0,0.9411764705882353,1.0,1.0,19.06134657760942,0.8537432602180357,,589.2403808012693,99.83028997458725,2901.318359375,4.923828125,5.3662109375,3277,4096,5.861745359416975,92.70128992222554,298.24130000633886
5ccf4412cee9d0c397fa02241375f32ef5feeaa8_satellite.tif,hybrid_fixed_0p60_mask_supervised_cems_hls_0p40,0.8,96.47058823529413,1.0,0.8823529411764706,1.0,1.0,19.06018214214431,0.8536886216303567,,589.5911887279223,99.83039095238897,2901.318359375,4.9208984375,5.3662109375,3277,4096,5.864452153771062,92.68628471818606,321.8309000003501
5ccf4412cee9d0c397fa02241375f32ef5feeaa8_satellite.tif,hybrid_fixed_0p50_mask_supervised_cems_hls_0p50,0.8,96.47058823529413,1.0,0.8823529411764706,1.0,1.0,19.06931703457954,0.8539396870383548,,589.9424146147736,99.83049193019068,2901.318359375,4.91796875,5.3662109375,3277,4096,5.864922557879925,92.66666338806219,264.6764000019175
