image,selector,keep_ratio,semantic_utility_score,detector_retention,object_retention,relevance_retention,region_preservation,psnr,ssim,lpips,compression_ratio,bandwidth_saved_percent,original_size_kb,compressed_size_kb,full_payload_kb,semantic_token_count,total_token_count,token_entropy_bits,semantic_fidelity_percent,inference_latency_ms
sentinel2_patch_00020.png,fixed_mission_utility,0.8,76.58936427189755,0.7809316515922546,0.9230769230769231,0.7990051507949829,0.16796875,18.300030732536218,0.6968135956351165,0.6119495034217834,61.50582147477361,98.37413764092209,92.859375,1.509765625,1.408203125,819,1024,4.79284309762772,89.89134630359449,3032.819899999595
sentinel2_patch_00020.png,learned_1500_patch,0.8,79.02668760373044,0.8143869042396545,0.9230769230769231,0.8324764370918274,0.2109375,18.282270032986435,0.6954672996707661,0.6166406869888306,61.54563106796117,98.37518929833418,92.859375,1.5087890625,1.408203125,819,1024,4.750366045110441,90.31986060222764,108.74670000339393
sentinel2_patch_00020.png,learned_full_3224_patch,0.8,78.605025273103,0.8053017854690552,0.9230769230769231,0.823704183101654,0.22265625,18.35075049853336,0.7021632053746556,0.6121630072593689,61.189189189189186,98.36572438162544,92.859375,1.517578125,1.408203125,819,1024,4.841680633354475,89.03870772910953,55.90159999701427
sentinel2_patch_00023.png,fixed_mission_utility,0.8,90.76177424854704,0.9977942705154419,0.7037037037037037,0.9908508658409119,0.9921875,18.320822061573217,0.8960458328082428,0.6268149018287659,65.16896551724138,98.46552727657549,110.736328125,1.69921875,1.6181640625,819,1024,5.883692706288537,88.64745203950324,67.5861999989138
sentinel2_patch_00023.png,learned_1500_patch,0.8,93.48524358537465,0.9915270805358887,0.8148148148148148,0.9846107959747314,0.96875,18.308261897783744,0.8933288716950719,0.6212066411972046,65.09414466130885,98.46376351482442,110.736328125,1.701171875,1.6181640625,819,1024,5.85046009234347,88.42332153267914,55.578700004843995
sentinel2_patch_00023.png,learned_full_3224_patch,0.8,94.08366706636218,0.9970181584358215,0.8148148148148148,0.9898779392242432,0.99609375,18.238931114936033,0.8919813164002635,0.6258009672164917,65.20644048303623,98.46640915745101,110.736328125,1.6982421875,1.6181640625,819,1024,5.86511047364189,88.5798884053306,55.52200000238372
sentinel2_patch_00026.png,fixed_mission_utility,0.8,74.75935248228221,0.8739916682243347,0.48717948717948717,0.8646838068962097,0.7890625,19.95389484533828,0.9004890949461667,0.6000649333000183,66.32043879907621,98.49216920438421,112.1748046875,1.69140625,1.5908203125,819,1024,5.798115269691127,86.65145364686005,68.33670000196435
sentinel2_patch_00026.png,learned_1500_patch,0.8,72.99280790182262,0.8524264097213745,0.48717948717948717,0.8429245948791504,0.7421875,19.741545558643207,0.8915461043104331,0.6056122779846191,66.70557491289199,98.50087492491316,112.1748046875,1.681640625,1.5908203125,819,1024,5.743788580422256,86.90787553823294,56.156700004066806
sentinel2_patch_00026.png,learned_full_3224_patch,0.8,74.15882073915922,0.8768678903579712,0.46153846153846156,0.8673663139343262,0.7890625,19.787765016736564,0.8936665143955074,0.6001834869384766,66.43551185656449,98.4947809205429,112.1748046875,1.6884765625,1.5908203125,819,1024,5.767191882141468,86.76745903561486,57.90310000156751
sentinel2_patch_00036.png,fixed_mission_utility,0.8,74.14768738383697,0.8249461650848389,0.5555555555555556,0.8462059497833252,0.7559055118110236,21.12469909118269,0.881012190951714,0.5951607823371887,64.246783625731,98.44350184777267,107.287109375,1.669921875,1.5458984375,819,1024,5.50077564462876,93.0499473992126,67.00670000282116
sentinel2_patch_00036.png,learned_1500_patch,0.8,74.70084471339631,0.8341230154037476,0.5555555555555556,0.8555101156234741,0.7559055118110236,21.129627223767542,0.8830514256462709,0.5884584784507751,64.35969537199766,98.44623254628534,107.287109375,1.6669921875,1.5458984375,819,1024,5.4987682327600576,93.06065217529583,56.69570000463864
sentinel2_patch_00036.png,learned_full_3224_patch,0.8,74.57807106608794,0.8320757746696472,0.5555555555555556,0.8534659147262573,0.7559055118110236,21.198877342265487,0.8828453526168637,0.596570611000061,64.05947521865889,98.43895068358486,107.287109375,1.6748046875,1.5458984375,819,1024,5.512583384986533,92.87455972729816,57.16499999834923
sentinel2_patch_00039.png,fixed_mission_utility,0.8,79.28821382522584,0.9644749164581299,0.52,0.9585858583450317,0.59375,21.607288897056183,0.9267796714228902,0.6275883913040161,66.90706095353048,98.5053894376043,108.2666015625,1.6181640625,1.5361328125,819,1024,5.577192359874983,92.62203059289382,69.78820000222186
sentinel2_patch_00039.png,learned_1500_patch,0.8,79.44004950523377,0.966970682144165,0.52,0.9611861109733582,0.59375,21.527721916065026,0.92536830610027,0.627534031867981,66.42600359496704,98.49456546249944,108.2666015625,1.6298828125,1.5361328125,819,1024,5.570286963068179,92.47003464821879,57.87080000300193
sentinel2_patch_00039.png,learned_full_3224_patch,0.8,79.51696929931643,0.9676406979560852,0.52,0.9617389440536499,0.59765625,21.59607185579344,0.9270217810630288,0.6339927315711975,66.94746376811594,98.5062914355297,108.2666015625,1.6171875,1.5361328125,819,1024,5.581687302542786,92.62966249256269,59.88259999867296
sentinel2_patch_00040.png,fixed_mission_utility,0.8,80.32962303895216,0.881280243396759,0.7307692307692307,0.8804230690002441,0.5546875,21.47384927412805,0.9084991156519611,0.5926213264465332,66.41484184914842,98.49431245764109,106.626953125,1.60546875,1.5302734375,819,1024,5.518796506170675,91.88670423128274,70.10579999769107
sentinel2_patch_00040.png,learned_1500_patch,0.8,80.50085764664871,0.883274495601654,0.7307692307692307,0.8830431699752808,0.55859375,21.49746860594594,0.9080777456469713,0.5951031446456909,66.13325257419746,98.48790137929771,106.626953125,1.6123046875,1.5302734375,819,1024,5.518821147181965,91.71770394688573,59.7219999981462
sentinel2_patch_00040.png,learned_full_3224_patch,0.8,81.13099795121414,0.8930238485336304,0.7307692307692307,0.8930983543395996,0.5625,21.529953719317433,0.908432386445716,0.5996657013893127,66.45526475958613,98.49522832597586,106.626953125,1.6044921875,1.5302734375,819,1024,5.5268418168881555,91.83508825999824,54.6435000069323
sentinel2_patch_00047.png,fixed_mission_utility,0.8,69.99028054679314,0.6076149344444275,1.0,0.613552451133728,0.34146341463414637,28.871609252773744,0.9630652538363457,0.45640838146209717,62.382183908045974,98.39697821180155,84.80078125,1.359375,1.171875,819,1024,4.237105400426246,89.52743307300169,65.28770000295481
sentinel2_patch_00047.png,learned_1500_patch,0.8,73.49530472988037,0.6580938100814819,1.0,0.6634556651115417,0.3902439024390244,28.879850626392248,0.962957468349497,0.45839905738830566,61.324858757062145,98.36933990510848,84.80078125,1.3828125,1.171875,819,1024,4.268623164354493,89.41937363204964,55.64560000493657
sentinel2_patch_00047.png,learned_full_3224_patch,0.8,74.57175150150208,0.6755709052085876,1.0,0.6823238134384155,0.3902439024390244,29.22835257954535,0.9662110103538203,0.45786571502685547,61.58581560283688,98.37624948178176,84.80078125,1.376953125,1.171875,819,1024,4.24551880701918,89.26108763174216,53.336199998739175
sentinel2_patch_00053.png,fixed_mission_utility,0.8,57.061859002480155,0.6248622536659241,0.46153846153846156,0.6278576254844666,0.56640625,31.44232783678617,0.9061056256355978,0.489233136177063,65.54758190327613,98.4743907083016,82.0625,1.251953125,1.0654296875,819,1024,3.4658234840318705,88.67449957032062,62.641899996378925
sentinel2_patch_00053.png,learned_1500_patch,0.8,58.28454732894899,0.6272909641265869,0.5,0.6303485631942749,0.55859375,31.51871298371202,0.9075471539997293,0.48866626620292664,65.59875097580016,98.47558073115003,82.0625,1.2509765625,1.0654296875,819,1024,3.4673863371781515,88.31515229829535,51.03950000193436
sentinel2_patch_00053.png,learned_full_3224_patch,0.8,57.623892655739425,0.6335929036140442,0.46153846153846156,0.6365448832511902,0.5703125,31.428049045062288,0.9062005657259616,0.48827075958251953,64.78951426368543,98.45654036557502,82.0625,1.2666015625,1.0654296875,819,1024,3.477316349073166,88.34319032517406,49.78349999873899
sentinel2_patch_00054.png,fixed_mission_utility,0.8,43.56613936095403,0.4500869810581207,0.5172413793103449,0.4534428119659424,0.09765625,30.413622066123228,0.9160606696561552,0.4752882421016693,64.38792452830188,98.44691375389736,83.314453125,1.2939453125,1.087890625,819,1024,3.529603832547528,87.20282104900589,64.2675999988569
sentinel2_patch_00054.png,learned_1500_patch,0.8,42.883334221511056,0.4241010248661041,0.5517241379310345,0.4273628294467926,0.08203125,30.59594065870963,0.9185133580343958,0.47689539194107056,63.95352323838081,98.4363644888295,83.314453125,1.302734375,1.087890625,819,1024,3.5427252233881714,87.04014758084773,53.24530000507366
sentinel2_patch_00054.png,learned_full_3224_patch,0.8,42.09338011412786,0.4270728826522827,0.5172413793103449,0.4297392964363098,0.08984375,30.478632174454063,0.9169529375024548,0.4744032621383667,63.85778443113772,98.43402020770331,83.314453125,1.3046875,1.087890625,819,1024,3.552450872240693,87.05005159717393,51.538799998525064
sentinel2_patch_00056.png,fixed_mission_utility,0.8,65.07169474699559,0.6927719116210938,0.6,0.7052204012870789,0.5256410256410257,28.07863744371315,0.9806307763725784,0.43825483322143555,60.49057920446616,98.34685001672761,84.6513671875,1.3994140625,1.18359375,819,1024,4.533692281337168,90.27444932150281,64.96989999868674
sentinel2_patch_00056.png,learned_1500_patch,0.8,63.7399880886078,0.6748810410499573,0.6,0.6872373223304749,0.5,28.119672417069275,0.980597195372606,0.4426070749759674,59.65794907088782,98.32377744194363,84.6513671875,1.4189453125,1.18359375,819,1024,4.515108745513643,90.28616844179979,53.64659999759169
sentinel2_patch_00056.png,learned_full_3224_patch,0.8,65.67657698729101,0.7025859951972961,0.6,0.7158363461494446,0.5256410256410257,28.072719149344817,0.9805170600249367,0.44772350788116455,60.28025034770515,98.34108187303163,84.6513671875,1.404296875,1.18359375,819,1024,4.540841617534932,89.91314045733816,56.20899999485118
sentinel2_patch_00063.png,fixed_mission_utility,0.8,66.24387148919145,0.5177156329154968,1.0,0.5247297883033752,0.5040650406504065,29.1134620656633,0.9388786317780088,0.47717204689979553,64.79646017699115,98.4567058180825,78.654296875,1.2138671875,0.9970703125,819,1024,3.395162471981126,89.4486380428054,65.39959999645362
sentinel2_patch_00063.png,learned_1500_patch,0.8,65.42654264263992,0.5070634484291077,1.0,0.5132977962493896,0.4878048780487805,28.983945580050765,0.9368859110526625,0.4732850193977356,64.12579617834395,98.44056517096669,78.654296875,1.2265625,0.9970703125,819,1024,3.3375274459317597,89.13534812339509,51.01730000023963
sentinel2_patch_00063.png,learned_full_3224_patch,0.8,70.31125945773552,0.5786886811256409,1.0,0.5858278870582581,0.5447154471544715,29.177098781569445,0.9412703246189579,0.4737066626548767,64.17689243027888,98.44180675920637,78.654296875,1.2255859375,0.9970703125,819,1024,3.435177534885365,88.85226680002751,49.0905999977258
sentinel2_patch_00069.png,fixed_mission_utility,0.8,20.634781224595994,0.3272811770439148,0.0,0.3372994065284729,0.07975460122699386,29.979127897947727,0.8409141874992465,0.5022528171539307,65.84157585917855,98.48120281607659,76.7080078125,1.1650390625,0.92578125,819,1024,2.920978406028079,86.52710106240035,62.55640000017593
sentinel2_patch_00069.png,learned_1500_patch,0.8,20.697543127405137,0.3284934461116791,0.0,0.3380129635334015,0.07975460122699386,29.654700649368316,0.834094515566893,0.5050745010375977,65.78643216080403,98.47992972539434,76.7080078125,1.166015625,0.92578125,819,1024,2.887913148045529,86.35079635236576,52.05900000146357
sentinel2_patch_00069.png,learned_full_3224_patch,0.8,21.036948664056748,0.333932101726532,0.0,0.34410592913627625,0.07975460122699386,30.04395358440281,0.8440646197961736,0.502743124961853,65.24003322259136,98.46719881857184,76.7080078125,1.17578125,0.92578125,819,1024,2.947256008862508,86.36874787251196,53.45939999824623
sentinel2_patch_00082.png,fixed_mission_utility,0.8,100.0,1.0,1.0,1.0,1.0,24.59859031918449,0.8941204235241021,0.5915700793266296,64.98348082595871,98.46114737577965,107.5654296875,1.6552734375,1.5439453125,819,1024,5.695012137132416,89.78369581338367,69.27229999564588
sentinel2_patch_00082.png,learned_1500_patch,0.8,100.0,1.0,1.0,1.0,1.0,23.38791835408008,0.8811124449323949,0.5823034048080444,64.48887587822014,98.44934496627235,107.5654296875,1.66796875,1.5439453125,819,1024,5.693322205694842,89.61053374719087,56.184000000939704
sentinel2_patch_00082.png,learned_full_3224_patch,0.8,100.0,1.0,1.0,1.0,1.0,24.46117620722738,0.8927484779464034,0.5875059366226196,64.90689451974072,98.45933162047082,107.5654296875,1.6572265625,1.5439453125,819,1024,5.697746651793742,89.71165094970195,53.72440000064671
sentinel2_patch_00083.png,fixed_mission_utility,0.8,99.81481481481484,1.0,1.0,1.0,0.9814814814814815,21.49457691486908,0.820772902008313,0.5536487698554993,65.40805288461539,98.47113626549306,106.2880859375,1.625,1.4814453125,819,1024,5.308403165233754,88.904138505263,65.8227000021725
sentinel2_patch_00083.png,learned_1500_patch,0.8,99.81481481481484,1.0,1.0,1.0,0.9814814814814815,21.63124271938556,0.823754021222346,0.5520429611206055,65.25119904076739,98.46746111228512,106.2880859375,1.62890625,1.4814453125,819,1024,5.29882469728034,88.85283820146415,53.3173000003444
sentinel2_patch_00083.png,learned_full_3224_patch,0.8,99.72222222222224,1.0,1.0,1.0,0.9722222222222222,21.46701830826945,0.8192458321144445,0.5519706010818481,65.25119904076739,98.46746111228512,106.2880859375,1.62890625,1.4814453125,819,1024,5.301560180432036,88.85664143996514,51.80059999838704
sentinel2_patch_00084.png,fixed_mission_utility,0.8,97.39130434782611,1.0,1.0,1.0,0.7391304347826086,22.039094772145372,0.7838758992782858,0.4841596484184265,64.01688555347091,98.4379121362211,99.9638671875,1.5615234375,1.3994140625,819,1024,4.925537586803796,87.44361003212967,68.61650000064401
sentinel2_patch_00084.png,learned_1500_patch,0.8,96.0745469901873,1.0,1.0,0.9667708277702332,0.6739130434782609,20.128283054628014,0.7264596631870988,0.49304038286209106,64.37924528301886,98.44670437560447,99.9638671875,1.552734375,1.3994140625,819,1024,4.877468110114615,87.14367237327963,54.27770000096643
sentinel2_patch_00084.png,learned_full_3224_patch,0.8,96.95652173913047,1.0,1.0,1.0,0.6956521739130435,21.236355921799284,0.763123431897899,0.4884486496448517,63.50062034739454,98.42521223488956,99.9638671875,1.57421875,1.3994140625,819,1024,4.952673782744957,87.36066752985182,58.92369999492075
sentinel2_patch_00085.png,fixed_mission_utility,0.8,95.50000000000003,1.0,1.0,1.0,0.55,22.200293205416553,0.8142412717344852,0.5371105670928955,63.8925,98.43487107250459,99.83203125,1.5625,1.4091796875,819,1024,4.971204687728052,88.71091610209493,70.35349999932805
sentinel2_patch_00085.png,learned_1500_patch,0.8,89.37871885299684,0.906794548034668,1.0,0.8990968465805054,0.5125,20.930239078313377,0.7812874324092303,0.538795530796051,63.852592129918804,98.43389286692491,99.83203125,1.5634765625,1.4091796875,819,1024,4.924614923207453,88.51903020672297,56.25750000035623
sentinel2_patch_00085.png,learned_full_3224_patch,0.8,78.68514108657837,0.7320061326026917,1.0,0.7264947891235352,0.4875,19.884126034281916,0.7498248296616816,0.5450249910354614,63.8925,98.43487107250459,99.83203125,1.5625,1.4091796875,819,1024,4.972101548848392,88.51035424476935,54.73390000406653
sentinel2_patch_00093.png,fixed_mission_utility,0.8,100.0,1.0,1.0,1.0,1.0,26.776507325486534,0.8978083080695197,0.5086320638656616,66.31701030927834,98.49209125179745,100.51171875,1.515625,1.328125,819,1024,4.7786547271545805,88.39589648788868,70.4078999988269
sentinel2_patch_00093.png,learned_1500_patch,0.8,100.0,1.0,1.0,1.0,1.0,23.929684154517297,0.8623163250582484,0.5245609879493713,66.61747572815534,98.49889238661537,100.51171875,1.5087890625,1.328125,819,1024,4.726323658419395,88.40628843126042,56.718400002864655
sentinel2_patch_00093.png,learned_full_3224_patch,0.8,100.0,1.0,1.0,1.0,1.0,24.90738763806779,0.8747051952671181,0.5246936082839966,66.31701030927834,98.49209125179745,100.51171875,1.515625,1.328125,819,1024,4.76417838045021,88.33438036079365,56.92819999967469
sentinel2_patch_00095.png,fixed_mission_utility,0.8,83.2914293607076,0.9411916136741638,0.6,0.9030215740203857,0.9583333333333334,21.80484656304217,0.8665553660745848,0.5261330008506775,65.10095846645368,98.46392430533062,99.4951171875,1.5283203125,1.3779296875,819,1024,4.8122598519379425,90.05996286340263,69.55910000397125
sentinel2_patch_00095.png,learned_1500_patch,0.8,86.76461346944174,1.0,0.6,0.9590640068054199,0.9583333333333334,21.959159343818126,0.8706256977934375,0.5221027731895447,64.85232336091661,98.45803519723604,99.4951171875,1.5341796875,1.3779296875,819,1024,4.819307484333433,89.75670713618287,58.80510000133654
sentinel2_patch_00095.png,learned_full_3224_patch,0.8,98.98048480351768,1.0,1.0,0.9698575735092163,0.9583333333333334,22.24675824067752,0.8766549887933267,0.5193034410476685,64.81106870229007,98.45705367922028,99.4951171875,1.53515625,1.3779296875,819,1024,4.825705856652065,89.70647882087235,58.160599997790996
sentinel2_patch_00104.png,fixed_mission_utility,0.8,88.40895771980286,0.9883072376251221,0.6666666666666666,0.9907084107398987,0.90625,24.794797612189047,0.9181852171079262,0.5145151615142822,64.27143701951508,98.44409889311116,106.1357421875,1.6513671875,1.611328125,819,1024,6.018263931900619,92.93138287070946,68.68319999921368
sentinel2_patch_00104.png,learned_1500_patch,0.8,84.78201746940614,0.970212459564209,0.5833333333333334,0.9725040793418884,0.90234375,24.372743660449437,0.9109576584877973,0.5165210366249084,63.81855549031121,98.43305760790557,106.1357421875,1.6630859375,1.611328125,819,1024,5.988020484031334,92.75328917220607,55.723700002999976
sentinel2_patch_00104.png,learned_full_3224_patch,0.8,85.11336445808413,0.9751527905464172,0.5833333333333334,0.9772376418113708,0.90625,24.55448525155394,0.9135781667809354,0.5165935754776001,63.931176470588234,98.43581792920696,106.1357421875,1.66015625,1.611328125,819,1024,6.017867263990013,92.72687259276032,57.18410000554286
sentinel2_patch_00106.png,fixed_mission_utility,0.8,92.81250000000001,1.0,1.0,1.0,0.28125,25.866228354256048,0.7000924308780412,0.5361320972442627,71.56131479140329,98.60259694373289,110.556640625,1.544921875,1.4287109375,819,1024,4.889763767648696,91.52278826464931,68.66720000107307
sentinel2_patch_00106.png,learned_1500_patch,0.8,95.03906250000003,1.0,1.0,1.0,0.50390625,23.602580892564355,0.6876302213675258,0.528953492641449,70.84480600750939,98.58846391661514,110.556640625,1.560546875,1.4287109375,819,1024,4.8491301015945645,91.0136408718706,58.66480000258889
sentinel2_patch_00106.png,learned_full_3224_patch,0.8,91.77343750000003,1.0,0.9666666666666667,1.0,0.27734375,25.749076655183124,0.699623853661613,0.5360369086265564,70.84480600750939,98.58846391661514,110.556640625,1.560546875,1.4287109375,819,1024,4.8733922318061325,91.39283062662096,61.86389999493258
sentinel2_patch_00108.png,fixed_mission_utility,0.8,100.0,1.0,1.0,1.0,1.0,25.2677477955592,0.7832966233998107,0.5704235434532166,68.2147201946472,98.53404075081367,109.5166015625,1.60546875,1.4501953125,819,1024,5.0418678137820505,88.78977747651649,76.45400000183145
sentinel2_patch_00108.png,learned_1500_patch,0.8,100.0,1.0,1.0,1.0,1.0,24.722203632974985,0.7677655069067201,0.5659997463226318,67.96666666666667,98.52869053457577,109.5166015625,1.611328125,1.4501953125,819,1024,5.009286853965388,88.42737612812068,59.52719999913825
sentinel2_patch_00108.png,learned_full_3224_patch,0.8,100.0,1.0,1.0,1.0,1.0,25.234757760725245,0.782642280525965,0.5699963569641113,68.0491504854369,98.53047393998841,109.5166015625,1.609375,1.4501953125,819,1024,5.05158554286302,88.23808756493727,60.57310000323923
sentinel2_patch_00111.png,fixed_mission_utility,0.8,79.45242285728456,0.6521978974342346,1.0,0.6682253479957581,1.0,24.33852798035071,0.8094858531367422,0.530100405216217,68.86520947176685,98.54788795725659,110.7626953125,1.6083984375,1.4658203125,819,1024,5.103598444678287,90.4576943757576,72.07820000621723
sentinel2_patch_00111.png,learned_1500_patch,0.8,63.819521665573134,0.6411446928977966,0.5,0.6586866974830627,1.0,22.74282966889237,0.7844696234867264,0.5283607244491577,68.53232628398791,98.54083458971444,110.7626953125,1.6162109375,1.4658203125,819,1024,5.102018734405817,90.12119842717264,61.2701999998535
sentinel2_patch_00111.png,learned_full_3224_patch,0.8,79.0302097797394,0.6450490355491638,1.0,0.6614124178886414,1.0,24.092364749615736,0.8059757040602461,0.5278455018997192,68.94893617021276,98.54965129914214,110.7626953125,1.6064453125,1.4658203125,819,1024,5.098303112036601,90.25664200169379,62.67739999748301
sentinel2_patch_00115.png,fixed_mission_utility,0.8,100.0,1.0,1.0,1.0,1.0,23.755271042254847,0.7932285056562409,0.5408954620361328,70.36478365384616,98.57883454183641,114.3427734375,1.625,1.4951171875,819,1024,5.260203975231428,90.67998668660364,72.53530000161845
sentinel2_patch_00115.png,learned_1500_patch,0.8,85.00000000000001,1.0,0.5,1.0,1.0,21.552886458764306,0.7531218020796596,0.5352381467819214,70.23815236952609,98.57627234449598,114.3427734375,1.6279296875,1.4951171875,819,1024,5.254115545502324,90.02300038251177,61.91869999747723
sentinel2_patch_00115.png,learned_full_3224_patch,0.8,100.0,1.0,1.0,1.0,1.0,22.653404984486958,0.7771636277075777,0.5405286550521851,70.32252252252252,98.57798047605627,114.3427734375,1.6259765625,1.4951171875,819,1024,5.253000929724101,90.34180654840263,61.596599996846635
sentinel2_patch_00122.png,fixed_mission_utility,0.8,89.53557312252967,1.0,0.7272727272727273,1.0,0.7717391304347826,23.88304685278434,0.803888209533676,0.5031392574310303,66.16224552745219,98.4885639959347,104.7353515625,1.5830078125,1.4296875,819,1024,4.959356859040991,89.2767796969943,68.50090000079945
sentinel2_patch_00122.png,learned_1500_patch,0.8,88.38932806324112,1.0,0.6818181818181818,1.0,0.7934782608695652,24.131806010282876,0.8078817306307249,0.49900394678115845,65.67605633802818,98.47737508042033,104.7353515625,1.5947265625,1.4296875,819,1024,4.949114851271732,88.7622612959026,57.41200000193203
sentinel2_patch_00122.png,learned_full_3224_patch,0.8,88.49802371541503,1.0,0.6818181818181818,1.0,0.8043478260869565,23.89143014714707,0.8038129473155738,0.5028544664382935,65.83732351135666,98.48110471892511,104.7353515625,1.5908203125,1.4296875,819,1024,4.945450753843741,88.83476136781103,57.454100002360065
sentinel2_patch_00124.png,fixed_mission_utility,0.8,66.47790789604188,0.588338315486908,1.0,0.5983906388282776,0.09765625,23.919989272602994,0.6998878386003293,0.5444409847259521,70.80579531442663,98.58768622602244,112.1552734375,1.583984375,1.498046875,819,1024,5.019372180970504,91.318990572484,69.9839000008069
sentinel2_patch_00124.png,learned_1500_patch,0.8,65.31018853187561,0.5717030167579651,1.0,0.5830408930778503,0.078125,23.168135258158387,0.6943441172407036,0.5423770546913147,70.5448402948403,98.58246188407185,112.1552734375,1.58984375,1.498046875,819,1024,5.00594064695907,90.84597760178676,60.11240000225371
sentinel2_patch_00124.png,learned_full_3224_patch,0.8,65.2265477180481,0.5684740543365479,1.0,0.5833636522293091,0.08203125,23.7627525373219,0.7018184894988095,0.5475279092788696,70.67507692307693,98.58507405504714,112.1552734375,1.5869140625,1.498046875,819,1024,5.0148897898527,91.12239472964102,61.05369999568211
sentinel2_patch_00131.png,fixed_mission_utility,0.8,99.21052631578951,1.0,1.0,1.0,0.9210526315789473,28.546738557179626,0.7377906844573545,0.521523118019104,70.3176620076239,98.57788218286953,108.0859375,1.537109375,1.3525390625,819,1024,4.806179286192181,88.44823258860524,72.281099994143
sentinel2_patch_00131.png,learned_1500_patch,0.8,89.03070550215874,0.9086043834686279,1.0,0.8711686134338379,0.5263157894736842,26.048871132754993,0.6852622041368864,0.5395278930664062,71.40645161290323,98.59956631731117,108.0859375,1.513671875,1.3525390625,819,1024,4.730077501806203,88.2022743828905,57.88680000114255
sentinel2_patch_00131.png,learned_full_3224_patch,0.8,99.7368421052632,1.0,1.0,1.0,0.9736842105263158,28.635019248931478,0.7388520688606027,0.5232440829277039,70.81253998720409,98.58782074448862,108.0859375,1.5263671875,1.3525390625,819,1024,4.817371765711589,88.19762195781394,57.05380000290461
sentinel2_patch_00146.png,fixed_mission_utility,0.8,69.71048831939697,0.7535959482192993,0.7083333333333334,0.74200439453125,0.34765625,17.851679880780015,0.8205252535553502,0.7084798216819763,76.85680888369374,98.69887910450032,128.419921875,1.6708984375,1.5595703125,819,1024,5.558793134572994,87.71334781633932,72.44780000473838
sentinel2_patch_00146.png,learned_1500_patch,0.8,70.76859354972841,0.7496861815452576,0.75,0.7382760643959045,0.3515625,17.858470573557213,0.820881196220832,0.7130573987960815,76.85680888369374,98.69887910450032,128.419921875,1.6708984375,1.5595703125,819,1024,5.575090236349846,87.64270122078625,60.77930000174092
sentinel2_patch_00146.png,learned_full_3224_patch,0.8,69.59430336952211,0.7509757280349731,0.7083333333333334,0.7394824624061584,0.3515625,17.84669186664376,0.820228423686766,0.7111652493476868,76.99180327868852,98.7011604386245,128.419921875,1.66796875,1.5595703125,819,1024,5.5629769770364135,87.63511910351485,60.1987000045483
sentinel2_patch_00149.png,fixed_mission_utility,0.8,53.270820114347686,0.7139061689376831,0.18518518518518517,0.7255290150642395,0.46484375,18.417984898570335,0.8072621886044917,0.710420548915863,77.14565992865636,98.70375079955919,126.7177734375,1.642578125,1.56640625,819,1024,5.518812095023394,89.67119208802673,76.66849999804981
sentinel2_patch_00149.png,learned_1500_patch,0.8,51.628979841868095,0.6696575880050659,0.2222222222222222,0.676378607749939,0.46484375,18.440225222390463,0.8073056765491118,0.7135385870933533,76.46375957572187,98.69219090775977,126.7177734375,1.6572265625,1.56640625,819,1024,5.532353784746303,89.67387026735598,63.41160000010859
sentinel2_patch_00149.png,learned_full_3224_patch,0.8,53.69124147627089,0.7196866869926453,0.18518518518518517,0.7310827970504761,0.47265625,18.43986457746269,0.8069493192745556,0.7115251421928406,77.14565992865636,98.70375079955919,126.7177734375,1.642578125,1.56640625,819,1024,5.527235144599235,89.55181429106898,61.46979999903124
sentinel2_patch_00151.png,fixed_mission_utility,0.8,75.39380482264929,0.8697318434715271,0.5357142857142857,0.861420750617981,0.73046875,17.971904265018296,0.7857463936373832,0.6564891338348389,76.27877385772122,98.6890193045509,128.794921875,1.6884765625,1.55859375,819,1024,5.555585405866765,89.68062746801759,77.65609999478329
sentinel2_patch_00151.png,learned_1500_patch,0.8,69.83661719730925,0.8184071183204651,0.4642857142857143,0.8128849267959595,0.69140625,17.96539477049652,0.7854852782205737,0.6581875681877136,76.32291666666667,98.68977753514399,128.794921875,1.6875,1.55859375,819,1024,5.543368923492452,89.5810642440981,61.62149999727262
sentinel2_patch_00151.png,learned_full_3224_patch,0.8,71.80252909660341,0.8329965472221375,0.5,0.8245239853858948,0.69921875,18.022567130003296,0.7881682770616116,0.6591789722442627,76.19064124783363,98.68750284336473,128.794921875,1.6904296875,1.55859375,819,1024,5.562222537456681,89.62106455441857,61.44410000706557
sentinel2_patch_00152.png,fixed_mission_utility,0.8,58.59222565378464,0.7129057049751282,0.35714285714285715,0.7200387120246887,0.49609375,17.42723733626445,0.741327748141775,0.6861199736595154,76.82603686635944,98.69835795156332,130.244140625,1.6953125,1.6220703125,819,1024,5.797780453421662,90.31068735251242,78.00829999905545
sentinel2_patch_00152.png,learned_1500_patch,0.8,59.90277920450484,0.7347896099090576,0.35714285714285715,0.7320329546928406,0.515625,17.409519924845643,0.7403273367021199,0.6820339560508728,76.87031700288185,98.69910774537001,130.244140625,1.6943359375,1.6220703125,819,1024,5.8000551336527195,90.20346045163798,66.00639999669511
sentinel2_patch_00152.png,learned_full_3224_patch,0.8,59.840216977255686,0.7345858216285706,0.35714285714285715,0.7312655448913574,0.51171875,17.420961213435067,0.7408178856327812,0.6871989965438843,76.87031700288185,98.69910774537001,130.244140625,1.6943359375,1.6220703125,819,1024,5.787185962410644,90.17738729096888,64.96719999995548
sentinel2_patch_00156.png,fixed_mission_utility,0.8,63.239672367389396,0.8321349620819092,0.2692307692307692,0.8282425403594971,0.53125,17.701498903348444,0.7417860427825591,0.6321325302124023,75.67586206896551,98.67857468331358,128.58984375,1.69921875,1.59765625,819,1024,5.726481374062617,90.02820032609479,76.66409999364987
sentinel2_patch_00156.png,learned_1500_patch,0.8,62.22966652650101,0.8326124548912048,0.23076923076923078,0.832526445388794,0.53515625,17.766670063096512,0.7453696166426086,0.6328874230384827,76.02540415704388,98.684650202011,128.58984375,1.69140625,1.59765625,819,1024,5.727936905993257,89.96478389016413,63.34689999494003
sentinel2_patch_00156.png,learned_full_3224_patch,0.8,62.893579189593986,0.8262476325035095,0.2692307692307692,0.8227125406265259,0.53125,17.724131559449575,0.742393716992766,0.6303356885910034,75.63239517518667,98.6778152434764,128.58984375,1.7001953125,1.59765625,819,1024,5.7319229657384145,89.82946354788997,64.27550000080373
sentinel2_patch_00159.png,fixed_mission_utility,0.8,65.10927188734294,0.7926468253135681,0.46153846153846156,0.7870727777481079,0.3815789473684211,19.10653197592784,0.7529555352864371,0.6638890504837036,77.99817850637523,98.71791877816959,125.4521484375,1.6083984375,1.458984375,819,1024,5.227139083663905,86.7677620542694,76.04030000220519
sentinel2_patch_00159.png,learned_1500_patch,0.8,67.62463115809258,0.8106799721717834,0.5,0.8037312626838684,0.41228070175438597,19.11940794939938,0.7527747737121133,0.6667738556861877,77.80920654149,98.71480504114025,125.4521484375,1.6123046875,1.458984375,819,1024,5.217481729107797,86.68069632823914,64.12010000349255
sentinel2_patch_00159.png,learned_full_3224_patch,0.8,66.21960204944277,0.7911443114280701,0.5,0.785709023475647,0.38596491228070173,19.102148788113297,0.7538357192632104,0.6614986062049866,77.85636363636364,98.71558347539758,125.4521484375,1.611328125,1.458984375,819,1024,5.226890935489702,86.65942381948571,64.3114999984391
sentinel2_patch_00166.png,fixed_mission_utility,0.8,85.47120241018443,0.9458479881286621,0.6538461538461539,0.949923038482666,0.90234375,17.282601087824755,0.8049898261646669,0.6922430992126465,77.14668218859138,98.7037679759767,129.431640625,1.677734375,1.5869140625,819,1024,5.527235979539619,89.51251972081992,74.13500000257045
sentinel2_patch_00166.png,learned_1500_patch,0.8,80.44387973271884,0.9254910349845886,0.5384615384615384,0.9299258589744568,0.8671875,17.05512050798244,0.7947898913808682,0.692489504814148,77.59836065573771,98.71131298193725,129.431640625,1.66796875,1.5869140625,819,1024,5.5127727900628445,89.47405826687634,62.363100005313754
sentinel2_patch_00166.png,learned_full_3224_patch,0.8,82.72874547885016,0.9398850202560425,0.5769230769230769,0.9440169930458069,0.89453125,17.162381119172025,0.7994032150388632,0.6936408281326294,77.05697674418604,98.70225897478458,129.431640625,1.6796875,1.5869140625,819,1024,5.51967310755839,89.46291479645848,60.582599995541386
sentinel2_patch_00167.png,fixed_mission_utility,0.8,69.2927932739258,0.6303477883338928,1.0,0.6297253370285034,0.1484375,16.67405071341777,0.6489741572335759,0.7660648226737976,81.94867037724181,98.77972394744587,129.4052734375,1.5791015625,1.455078125,819,1024,5.091155289130696,87.84792521824885,77.54489999933867
sentinel2_patch_00167.png,learned_1500_patch,0.8,65.68430521271446,0.6153690218925476,0.9090909090909091,0.6195283532142639,0.140625,16.821120984978304,0.6529076653037007,0.7842049598693848,81.74645280690932,98.77670533012353,129.4052734375,1.5830078125,1.455078125,819,1024,5.065743670229639,87.84129912459147,64.23009999707574
sentinel2_patch_00167.png,learned_full_3224_patch,0.8,66.83831334114076,0.5907852649688721,1.0,0.5939388871192932,0.1328125,16.80091662937299,0.6521698916277407,0.7745521068572998,82.15189088654681,98.78274256476821,129.4052734375,1.5751953125,1.455078125,819,1024,5.085461034599691,87.93080669020287,65.28460000117775
sentinel2_patch_00170.png,fixed_mission_utility,0.8,77.50073782602948,1.0,0.28888888888888886,0.9690473079681396,0.9453125,20.342335079085743,0.9281313639248371,0.5784810185432434,64.37096774193549,98.44650463542972,109.12890625,1.6953125,1.5849609375,819,1024,5.998842466631929,90.63044329866938,76.54329999786569
sentinel2_patch_00170.png,learned_1500_patch,0.8,77.53487579027814,1.0,0.28888888888888886,0.9707542061805725,0.9453125,20.20070557918642,0.9259948207161803,0.5786621570587158,65.12121212121212,98.46440204746393,109.12890625,1.67578125,1.5849609375,819,1024,5.989896492564303,90.41792381300048,60.96310000430094
sentinel2_patch_00170.png,learned_full_3224_patch,0.8,77.43822209040326,1.0,0.28888888888888886,0.9678746461868286,0.94140625,20.35716884009197,0.9285326774900156,0.5798669457435608,64.44521337946944,98.44829437663314,109.12890625,1.693359375,1.5849609375,819,1024,6.003726793902478,90.50491532103756,60.79179999505868
sentinel2_patch_00171.png,fixed_mission_utility,0.8,32.21865909030805,0.011492283083498478,1.0,0.011025311425328255,0.15384615384615385,28.856019356341886,0.8414368624558484,0.3959811329841614,84.20614469772052,98.81243820912387,82.97265625,0.9853515625,0.6865234375,819,1024,2.6406767344937765,87.83499068711565,57.26490000233753
sentinel2_patch_00171.png,learned_1500_patch,0.8,32.632098289636474,0.0184710081666708,1.0,0.01773982122540474,0.15384615384615385,28.663303299687723,0.8144990500537,0.40512514114379883,84.12277227722772,98.81126124005462,82.97265625,0.986328125,0.6865234375,819,1024,2.618189943846026,87.35340889891287,44.92989999562269
sentinel2_patch_00171.png,learned_full_3224_patch,0.8,32.48839598005781,0.01605858840048313,1.0,0.015379545278847218,0.15384615384615385,28.913874135359812,0.8460028748885218,0.40344691276550293,83.13502935420743,98.79713761122358,82.97265625,0.998046875,0.6865234375,819,1024,2.657581473379639,87.22498708872547,45.36180000286549
sentinel2_patch_00175.png,fixed_mission_utility,0.8,4.64063988855252,0.051974110305309296,0.0,0.051160696893930435,0.15384615384615385,28.687834298592485,0.8392056543268831,0.38390040397644043,84.34985133795837,98.81446145531025,83.1142578125,0.9853515625,0.6865234375,819,1024,2.4728219889070724,88.00979090566643,58.09969999972964
sentinel2_patch_00175.png,learned_1500_patch,0.8,4.587198744217556,0.048930224031209946,0.0,0.04816615581512451,0.16666666666666666,28.621169404408263,0.8235008216837214,0.38731101155281067,84.26633663366337,98.8132864914404,83.1142578125,0.986328125,0.6865234375,819,1024,2.4335990914260464,87.73869895495778,45.903600002930034
sentinel2_patch_00175.png,learned_full_3224_patch,0.8,4.708277756969135,0.05095916986465454,0.0,0.050162214785814285,0.16666666666666666,28.667216222268223,0.8338372356731708,0.38466334342956543,83.8512315270936,98.80741167209108,83.1142578125,0.9912109375,0.6865234375,819,1024,2.4826512622982526,87.56438721409194,45.51029999856837
sentinel2_patch_00179.png,fixed_mission_utility,0.8,81.48496933605361,0.7684131860733032,1.0,0.6461177468299866,0.782608695652174,26.476692208670375,0.9039865020443427,0.4849420487880707,71.92376317923762,98.60963893462032,86.603515625,1.2041015625,0.9248046875,819,1024,3.845914602664282,86.06300593134988,64.77650000306312
sentinel2_patch_00179.png,learned_1500_patch,0.8,74.07095468562584,0.6600316166877747,1.0,0.5573975443840027,0.6521739130434783,26.202046964362623,0.8897894025327616,0.47318586707115173,72.51185609157808,98.62091518008164,86.603515625,1.1943359375,0.9248046875,819,1024,3.789375477544855,86.39607487905145,50.314200001594145
sentinel2_patch_00179.png,learned_full_3224_patch,0.8,77.23480400831805,0.7007821798324585,1.0,0.5906106233596802,0.7391304347826086,26.367098515251133,0.8981239720699233,0.4826631546020508,71.92376317923762,98.60963893462032,86.603515625,1.2041015625,0.9248046875,819,1024,3.8148123354266454,86.04892636654172,50.4609999989043
sentinel2_patch_00183.png,fixed_mission_utility,0.8,98.18181818181822,1.0,1.0,1.0,0.8181818181818182,25.2821467406877,0.8976370967852448,0.5128741264343262,66.24827109266943,98.4905266454408,93.5498046875,1.412109375,1.2001953125,819,1024,4.568264838239108,84.83219511816553,71.85139999637613
sentinel2_patch_00183.png,learned_1500_patch,0.8,98.31168831168834,1.0,1.0,1.0,0.8311688311688312,24.908118899409324,0.8865600869873519,0.514814019203186,66.84926727145847,98.50409729109035,93.5498046875,1.3994140625,1.2001953125,819,1024,4.531513684758677,84.37684287486991,59.28000000130851
sentinel2_patch_00183.png,learned_full_3224_patch,0.8,98.05194805194807,1.0,1.0,1.0,0.8051948051948052,25.219298514812355,0.8957763150823297,0.5101407766342163,66.11111111111111,98.4873949579832,93.5498046875,1.4150390625,1.2001953125,819,1024,4.571630440805769,84.75263932393457,61.446300001989584
sentinel2_patch_00194.png,fixed_mission_utility,0.8,85.42857142857144,1.0,0.5142857142857142,1.0,1.0,16.078913331052284,0.7551463654575469,0.7075661420822144,66.21902017291066,98.48985986595873,112.197265625,1.6943359375,1.62109375,819,1024,5.713224404825727,86.71617366811454,77.77630000055069
sentinel2_patch_00194.png,learned_1500_patch,0.8,85.8950892857143,1.0,0.5428571428571428,1.0,0.9609375,16.45542913584508,0.7642798459991962,0.7115072011947632,66.44881434355119,98.49508225258944,112.197265625,1.6884765625,1.62109375,819,1024,5.72815630651647,86.65768252888172,59.69400000321912
sentinel2_patch_00194.png,learned_full_3224_patch,0.8,86.2857142857143,1.0,0.5428571428571428,1.0,1.0,16.170429901859883,0.7588165396515169,0.705247163772583,66.14277489925158,98.48811907041518,112.197265625,1.6962890625,1.62109375,819,1024,5.717212752811486,86.5412315567903,61.35940000240225
sentinel2_patch_00200.png,fixed_mission_utility,0.8,30.000000000000004,0.0,1.0,0.0,0.0,32.48408747423823,0.9532273244951233,0.10591690987348557,88.09254498714652,98.8648301622505,66.9296875,0.759765625,0.408203125,819,1024,1.4471222769388887,89.28765915139702,52.77030000434024
sentinel2_patch_00200.png,learned_1500_patch,0.8,30.000000000000004,0.0,1.0,0.0,0.0,32.48408747423823,0.9532273244951233,0.10591690987348557,88.8923476005188,98.87504377261585,66.9296875,0.7529296875,0.408203125,819,1024,1.4471222769388887,88.86316379753853,41.088700003456324
sentinel2_patch_00200.png,learned_full_3224_patch,0.8,30.000000000000004,0.0,1.0,0.0,0.0,32.48408747423823,0.9532273244951233,0.10591690987348557,88.20592020592021,98.86628924944554,66.9296875,0.7587890625,0.408203125,819,1024,1.4471222769388887,89.05980811264861,41.614000001573004
sentinel2_patch_00206.png,fixed_mission_utility,0.8,76.43054261575855,0.7718694806098938,0.8181818181818182,0.7629048228263855,0.5752212389380531,21.352611145269016,0.8735092577420468,0.5565776228904724,68.04082840236687,98.53029420205411,112.2939453125,1.650390625,1.5947265625,819,1024,6.121132923966341,94.81111421955441,68.56089999928372
sentinel2_patch_00206.png,learned_1500_patch,0.8,75.18953100482209,0.7654774785041809,0.7878787878787878,0.7568804025650024,0.5796460176991151,21.281131534824862,0.8713227814217208,0.5618972778320312,67.68040023543261,98.52246736644375,112.2939453125,1.6591796875,1.5947265625,819,1024,6.123207321667367,94.6631190006734,55.562200002896134
sentinel2_patch_00206.png,learned_full_3224_patch,0.8,74.94715499379228,0.7621956467628479,0.7878787878787878,0.753537654876709,0.5752212389380531,21.238648905380586,0.8713792641861892,0.5602579116821289,67.52143276570757,98.51898877283915,112.2939453125,1.6630859375,1.5947265625,819,1024,6.132545773089298,94.64136344192079,54.88480000349227
sentinel2_patch_00209.png,fixed_mission_utility,0.8,75.6998635027706,0.917468786239624,0.46153846153846156,0.9094720482826233,0.696551724137931,25.32987946975039,0.9331359178377671,0.4137529134750366,63.59248029108551,98.42748703082087,102.40625,1.6103515625,1.484375,819,1024,5.765266668884461,99.0475456514141,66.21340000128839
sentinel2_patch_00209.png,learned_1500_patch,0.8,77.17609266577097,0.9216997623443604,0.5,0.9136809706687927,0.7034482758620689,25.185436193569203,0.9330998759718345,0.41769924759864807,62.45622394282311,98.39887854745194,102.40625,1.6396484375,1.484375,819,1024,5.738204448693985,98.54152112900806,54.61970000033034
sentinel2_patch_00209.png,learned_full_3224_patch,0.8,74.54244440999526,0.8854532837867737,0.5,0.8786294460296631,0.6551724137931034,24.75364968937062,0.9294155010188601,0.410434365272522,62.717703349282296,98.40555386023803,102.40625,1.6328125,1.484375,819,1024,5.77156077975515,98.47037559709162,54.94940000062343
sentinel2_patch_00213.png,fixed_mission_utility,0.8,77.3195849742295,0.8140075206756592,0.7692307692307693,0.8065850138664246,0.5550660792951542,21.059280746646273,0.8811198997331522,0.4959380030632019,64.06724137931035,98.4391399122689,108.8642578125,1.69921875,1.6328125,819,1024,6.047209252391273,93.54040957253564,67.51660000008997
sentinel2_patch_00213.png,learned_1500_patch,0.8,73.51684231630468,0.7711306810379028,0.7307692307692307,0.7642991542816162,0.5462555066079295,18.96350073153155,0.836825855416361,0.510054349899292,63.48348519362187,98.42478717582999,108.8642578125,1.71484375,1.6328125,819,1024,6.01931478494023,93.34761492423974,56.396499996481
sentinel2_patch_00213.png,learned_full_3224_patch,0.8,73.77028841844701,0.7754092216491699,0.7307692307692307,0.7684143781661987,0.5462555066079295,18.970717411093013,0.8370332577467786,0.5105185508728027,63.701142857142855,98.43016945199459,108.8642578125,1.708984375,1.6328125,819,1024,6.024718390600572,93.34840025239764,55.9069000009913
sentinel2_patch_00214.png,fixed_mission_utility,0.8,83.81654055489183,1.0,0.4838709677419355,1.0,0.9300411522633745,17.258638439260935,0.7531599334335942,0.5928126573562622,66.51485714285714,98.49657648989269,113.6728515625,1.708984375,1.6806640625,819,1024,6.10936611206928,89.18094777941322,76.58310000260826
sentinel2_patch_00214.png,learned_1500_patch,0.8,82.23151466879068,1.0,0.45161290322580644,1.0,0.8683127572016461,16.98033346076152,0.7455933102995007,0.592322587966919,66.21217292377702,98.48970369670363,113.6728515625,1.716796875,1.6806640625,819,1024,6.105084074414767,88.9165476430909,61.69229999795789
sentinel2_patch_00214.png,learned_full_3224_patch,0.8,83.48732244789593,1.0,0.4838709677419355,1.0,0.897119341563786,17.19230545626565,0.7511281850848641,0.5938507318496704,66.21217292377702,98.48970369670363,113.6728515625,1.716796875,1.6806640625,819,1024,6.101780641961771,89.15269469819785,63.84539999999106
sentinel2_patch_00226.png,fixed_mission_utility,0.8,86.046511627907,1.0,0.5348837209302325,1.0,1.0,19.59638574187507,0.9075775424737073,0.5765376687049866,75.40111593304401,98.67375968163654,118.771484375,1.5751953125,1.3916015625,819,1024,5.8205172439579185,98.68052355617287,64.59549999999581
sentinel2_patch_00226.png,learned_1500_patch,0.8,86.046511627907,1.0,0.5348837209302325,1.0,1.0,19.585130495528443,0.907655863214634,0.5773970484733582,74.56897608828939,98.65895972768085,118.771484375,1.5927734375,1.3916015625,819,1024,5.809168157376197,98.66191481243351,54.88799999875482
sentinel2_patch_00226.png,learned_full_3224_patch,0.8,86.046511627907,1.0,0.5348837209302325,1.0,1.0,19.582002452673596,0.9076196747645363,0.577121376991272,75.02899444787168,98.6671819243229,118.771484375,1.5830078125,1.3916015625,819,1024,5.806726104531875,98.65813980073398,53.96979999932228
sentinel2_patch_00232.png,fixed_mission_utility,0.8,91.42857142857144,1.0,0.7142857142857143,1.0,1.0,17.416341277415484,0.823962292992074,0.7566407322883606,73.62385844748859,98.6417446448922,125.9658203125,1.7109375,1.6689453125,819,1024,6.033616768264338,87.36703695179932,75.18240000354126
sentinel2_patch_00232.png,learned_1500_patch,0.8,90.41411001341686,0.9540825486183167,0.7714285714285715,0.9788350462913513,0.953125,17.369874686768515,0.8223260523061207,0.7596516609191895,73.66590519703027,98.64251990479809,125.9658203125,1.7099609375,1.6689453125,819,1024,6.03032963183985,87.42028231267696,58.69859999802429
sentinel2_patch_00232.png,learned_full_3224_patch,0.8,88.27228062493462,0.9853784441947937,0.6285714285714286,1.0,1.0,17.395742290335686,0.8239286928351875,0.7579876184463501,73.79233409610984,98.64484568451573,125.9658203125,1.70703125,1.6689453125,819,1024,6.033268591892521,87.4817770959948,60.48720000399044
sentinel2_patch_00234.png,fixed_mission_utility,0.8,88.27945351600648,0.9334021210670471,0.75,0.9221684336662292,1.0,18.100274947626268,0.8545637832294254,0.7005245089530945,72.17756482525367,98.61452793202284,125.0419921875,1.732421875,1.6728515625,819,1024,5.906186941146133,87.43661292933513,71.61030000133906
sentinel2_patch_00234.png,learned_1500_patch,0.8,92.32753634452821,0.9383769631385803,0.875,0.9271228909492493,1.0,18.003965374058794,0.8518638752087765,0.7067182064056396,72.66912599318955,98.62389978366643,125.0419921875,1.720703125,1.6728515625,819,1024,5.918593407621844,87.39637215046679,60.9790999951656
sentinel2_patch_00234.png,learned_full_3224_patch,0.8,88.45880866050722,0.936659574508667,0.75,0.9246212840080261,1.0,18.004885549621083,0.8517198495568887,0.7007291316986084,72.29983060417842,98.61687089493373,125.0419921875,1.7294921875,1.6728515625,819,1024,5.904953487906935,87.37134597029575,60.846300002594944
sentinel2_patch_00237.png,fixed_mission_utility,0.8,79.50097293467137,0.8344749808311462,0.7837837837837838,0.8550323843955994,0.55078125,17.146466747845185,0.8295597421945667,0.7089335918426514,72.90924755887421,98.62843187458148,123.9599609375,1.7001953125,1.646484375,819,1024,5.890839575674908,89.39530205265095,75.09859999845503
sentinel2_patch_00237.png,learned_1500_patch,0.8,80.42286367029759,0.846454918384552,0.7837837837837838,0.8674014210700989,0.5703125,17.095366061629747,0.8296488797908557,0.7091478109359741,72.90924755887421,98.62843187458148,123.9599609375,1.7001953125,1.646484375,819,1024,5.876598338435814,89.47380211792341,63.68279999878723
sentinel2_patch_00237.png,learned_full_3224_patch,0.8,80.71597237844726,0.8417602181434631,0.8108108108108109,0.86262446641922,0.546875,17.132731785810943,0.8310225183368127,0.7110012173652649,72.82558806655192,98.62685626501752,123.9599609375,1.7021484375,1.646484375,819,1024,5.893736727235989,89.38944687849974,61.884399998234585
sentinel2_patch_00240.png,fixed_mission_utility,0.8,92.2380402508904,0.9623312950134277,0.8235294117647058,0.9519453048706055,1.0,19.277645532550125,0.8727806898061001,0.7243616580963135,72.23620689655172,98.61565267202901,122.7451171875,1.69921875,1.60546875,819,1024,5.820277934372806,86.06993156726152,78.03129999956582
sentinel2_patch_00240.png,learned_1500_patch,0.8,87.24991805413191,0.9382659196853638,0.7058823529411765,0.9290936589241028,0.99609375,19.328174906219427,0.8755477821479192,0.7212746143341064,72.61178509532063,98.62281308924267,122.7451171875,1.6904296875,1.60546875,819,1024,5.813522093599257,86.17100957343918,62.24859999929322
sentinel2_patch_00240.png,learned_full_3224_patch,0.8,92.28029994403616,0.9629945158958435,0.8235294117647058,0.9527318477630615,1.0,19.35557218989961,0.8756084160299478,0.7227512001991272,72.77996525767226,98.62599549689317,122.7451171875,1.6865234375,1.60546875,819,1024,5.81274498925081,86.18046941149423,62.81740000122227
sentinel2_patch_00246.png,fixed_mission_utility,0.8,63.76660549925316,0.6633391976356506,0.7058823529411765,0.6741154789924622,0.25742574257425743,23.709528806976486,0.805329069817181,0.5631154179573059,68.09694477085782,98.53150533645095,113.1845703125,1.662109375,1.552734375,819,1024,5.564018387101292,89.78962768640905,79.50520000304095
sentinel2_patch_00246.png,learned_1500_patch,0.8,58.270327420726254,0.6336642503738403,0.5882352941176471,0.6450230479240417,0.2376237623762376,24.12920454723118,0.8074707670020833,0.5603000521659851,68.29758397171479,98.53581936307711,113.1845703125,1.6572265625,1.552734375,819,1024,5.56301501482157,89.12830644347596,64.52649999846471
sentinel2_patch_00246.png,learned_full_3224_patch,0.8,64.02858522789523,0.666548490524292,0.7058823529411765,0.6758453845977783,0.26732673267326734,22.473163793207732,0.7949093647137802,0.5633059740066528,68.13697824808936,98.53236814177617,113.1845703125,1.6611328125,1.552734375,819,1024,5.5548634392172,89.54805836460629,63.74119999964023
sentinel2_patch_00249.png,fixed_mission_utility,0.8,87.4418729183991,0.9842840433120728,0.64,0.9839879870414734,0.9190751445086706,23.416376844183013,0.8172147649291281,0.5405745506286621,67.87741935483871,98.52675601178595,113.0185546875,1.6650390625,1.578125,819,1024,5.676522285688167,89.99114698428112,76.1493000027258
sentinel2_patch_00249.png,learned_1500_patch,0.8,80.4907836685291,0.9042991399765015,0.64,0.9004495739936829,0.7109826589595376,20.777744018247613,0.7782814055191243,0.5498935580253601,67.95713446858485,98.52848415722667,113.0185546875,1.6630859375,1.578125,819,1024,5.6423173119149475,89.85330166154006,61.46830000216141
sentinel2_patch_00249.png,learned_full_3224_patch,0.8,83.48664387939984,0.9481414556503296,0.6,0.947413444519043,0.861271676300578,22.644591738226516,0.8111946716784467,0.5478219389915466,67.63939216832262,98.5215715754638,113.0185546875,1.6708984375,1.578125,819,1024,5.680234507129691,90.00043017920399,61.85710000136169
sentinel2_patch_00250.png,fixed_mission_utility,0.8,79.88428967339654,0.8681846261024475,0.7619047619047619,0.8630349636077881,0.50390625,22.333658773238728,0.817160232292554,0.5442863702774048,67.18621523579202,98.51159944567428,108.521484375,1.615234375,1.533203125,819,1024,5.354613059532845,90.27149077889432,76.40669999818783
sentinel2_patch_00250.png,learned_1500_patch,0.8,80.12048993791853,0.8277760148048401,0.8571428571428571,0.8225706815719604,0.484375,21.758381454089086,0.8013594381268365,0.5457965135574341,66.74234234234234,98.50170077209654,108.521484375,1.6259765625,1.533203125,819,1024,5.3461963964080566,89.7755934584256,64.23990000621416
sentinel2_patch_00250.png,learned_full_3224_patch,0.8,79.42671860967366,0.8388123512268066,0.8095238095238095,0.8333317637443542,0.4921875,21.95935430515728,0.8073132078138117,0.5468630790710449,66.82260974143115,98.50350053092886,108.521484375,1.6240234375,1.533203125,819,1024,5.361215873295255,89.93965570417406,62.65490000077989
sentinel2_patch_00253.png,fixed_mission_utility,0.8,92.74077046548959,1.0,0.8928571428571429,1.0,0.5955056179775281,22.078576394561548,0.7685734287572099,0.547522246837616,69.83555298204979,98.56806460706764,117.779296875,1.6865234375,1.6328125,819,1024,5.881325271723551,90.00259783054533,77.48310000170022
sentinel2_patch_00253.png,learned_1500_patch,0.8,86.64178244566268,0.9402714967727661,0.8214285714285714,0.9497403502464294,0.5393258426966292,20.137818932035803,0.7359291645213852,0.5567083358764648,69.91652173913043,98.56972289935824,117.779296875,1.6845703125,1.6328125,819,1024,5.86438395977596,89.85846614608911,65.09329999971669
sentinel2_patch_00253.png,learned_full_3224_patch,0.8,88.2303370786517,1.0,0.75,1.0,0.5730337078651685,22.455039702158874,0.7711604457358004,0.546033501625061,69.433506044905,98.55977314561464,117.779296875,1.6962890625,1.6328125,819,1024,5.88360455485189,89.9988714342713,63.773999994737096
sentinel2_patch_00256.png,fixed_mission_utility,0.8,100.0,1.0,1.0,1.0,1.0,24.400441085242292,0.7934490374010033,0.5600121021270752,67.29724880382776,98.514055154149,109.8837890625,1.6328125,1.5126953125,819,1024,5.332240448899402,89.40152243203953,71.8401999984053
sentinel2_patch_00256.png,learned_1500_patch,0.8,99.1544008255005,0.9859555959701538,1.0,0.9858088493347168,1.0,23.419170316225838,0.7803725964779921,0.5659946799278259,67.37784431137725,98.51583260013686,109.8837890625,1.630859375,1.5126953125,819,1024,5.320949826600668,88.57427022212116,61.630000003788155
sentinel2_patch_00256.png,learned_full_3224_patch,0.8,100.0,1.0,1.0,1.0,1.0,24.27062668220958,0.7943369121195505,0.5657960772514343,67.25702331141662,98.51316643115507,109.8837890625,1.6337890625,1.5126953125,819,1024,5.336345031720352,88.84838886838197,62.015699993935414
sentinel2_patch_00268.png,fixed_mission_utility,0.8,96.00000000000003,1.0,1.0,1.0,0.6,26.760676176283088,0.909801975972968,0.3979284167289734,69.89177793394238,98.56921653796654,97.125,1.3896484375,1.1787109375,819,1024,5.05758209106166,99.76628144689828,66.68380000337493
sentinel2_patch_00268.png,learned_1500_patch,0.8,91.26664257049562,0.9243907332420349,1.0,0.9145506620407104,0.6,25.31136792416057,0.8917522482847025,0.40316832065582275,68.68508287292818,98.54407979407979,97.125,1.4140625,1.1787109375,819,1024,4.957191651072146,99.76982904455795,54.66080000041984
sentinel2_patch_00268.png,learned_full_3224_patch,0.8,96.00000000000003,1.0,1.0,1.0,0.6,26.829176828734305,0.9107067605128284,0.395943284034729,70.18772053634439,98.57524935649936,97.125,1.3837890625,1.1787109375,819,1024,5.054134039203866,99.76249890899625,54.55639999854611
sentinel2_patch_00296.png,fixed_mission_utility,0.8,67.26168655834876,0.8498554825782776,0.3181818181818182,0.8344057202339172,0.7033898305084746,20.28166657312644,0.8269020261993012,0.6732276678085327,69.01095556908095,98.55095471182254,110.7275390625,1.6044921875,1.484375,819,1024,5.3435608161448,91.7807287979177,82.96219999465393
sentinel2_patch_00296.png,learned_1500_patch,0.8,67.1726612905141,0.8255324363708496,0.36363636363636365,0.8146560192108154,0.6949152542372882,20.523157061202625,0.8321730315996658,0.6740080118179321,68.71818181818182,98.5447810556952,110.7275390625,1.611328125,1.484375,819,1024,5.341178078951416,91.72891111241267,66.91290000162553
sentinel2_patch_00296.png,learned_full_3224_patch,0.8,66.81204854248118,0.8209639191627502,0.36363636363636365,0.8099997043609619,0.6864406779661016,20.629641501449214,0.8361461821456498,0.6772749423980713,68.84335154826958,98.54742690832121,110.7275390625,1.6083984375,1.484375,819,1024,5.360555159677385,91.4818856599904,66.83050000719959
sentinel2_patch_00307.png,fixed_mission_utility,0.8,85.00000000000001,1.0,0.5,1.0,1.0,22.216346326911818,0.9424029333548058,0.5789608955383301,78.94772447724478,98.73333904603136,125.3603515625,1.587890625,1.484375,819,1024,5.915091983142949,91.8008118692475,74.37200000276789
sentinel2_patch_00307.png,learned_1500_patch,0.8,85.00000000000001,1.0,0.5,1.0,1.0,22.025224532977887,0.9405683879088818,0.5787140130996704,78.94772447724478,98.73333904603136,125.3603515625,1.587890625,1.484375,819,1024,5.879425232040083,91.74944216906806,60.64199999673292
sentinel2_patch_00307.png,learned_full_3224_patch,0.8,85.00000000000001,1.0,0.5,1.0,1.0,22.00397523435264,0.9409014397551336,0.5792458653450012,78.70570202329858,98.72944402464769,125.3603515625,1.5927734375,1.484375,819,1024,5.851069149522855,92.16413652453348,60.11399999988498
sentinel2_patch_00315.png,fixed_mission_utility,0.8,83.63636363636365,1.0,0.45454545454545453,1.0,1.0,18.50342295778717,0.7354705396084802,0.6054373979568481,76.72840203274986,98.69670164696879,132.701171875,1.7294921875,1.6689453125,819,1024,6.0786553988274905,87.4550389557309,75.66740000038408
sentinel2_patch_00315.png,learned_1500_patch,0.8,82.72727272727273,1.0,0.42424242424242425,1.0,1.0,18.04664615832077,0.7235329532438249,0.6054860949516296,76.81514980214811,98.6981734689372,132.701171875,1.7275390625,1.6689453125,819,1024,6.063019824172003,87.47854990327978,60.981900001934264
sentinel2_patch_00315.png,learned_full_3224_patch,0.8,83.63636363636365,1.0,0.45454545454545453,1.0,1.0,18.317152158392354,0.7293159761070827,0.6081539392471313,76.77175141242938,98.697437557953,132.701171875,1.728515625,1.6689453125,819,1024,6.077890404423529,87.41479734907375,61.243399999511894
sentinel2_patch_00320.png,fixed_mission_utility,0.8,86.00620667139691,0.9834885001182556,0.5555555555555556,1.0,1.0,19.631780602444707,0.8393020831562922,0.6554712653160095,77.0942956926659,98.70288717081421,129.34375,1.677734375,1.5986328125,819,1024,6.046963008752224,87.11414111435397,76.32210000156192
sentinel2_patch_00320.png,learned_1500_patch,0.8,86.66666666666669,1.0,0.5555555555555556,1.0,1.0,19.26518101450954,0.8232608858190292,0.6531043648719788,77.59109548916227,98.71119231698478,129.34375,1.6669921875,1.5986328125,819,1024,6.021176099266841,87.03615273327617,61.88210000254912
sentinel2_patch_00320.png,learned_full_3224_patch,0.8,85.81181923548382,0.9786288142204285,0.5555555555555556,1.0,1.0,19.26887327466965,0.8216339283420813,0.6569864749908447,77.45497076023392,98.70892727712007,129.34375,1.669921875,1.5986328125,819,1024,6.027706187716611,87.07724251341827,63.181599995004945
sentinel2_patch_00328.png,fixed_mission_utility,0.8,85.24893283843996,0.9356848001480103,0.625,0.9535770416259766,1.0,18.220430956308554,0.7585732639773103,0.595506489276886,74.28895705521472,98.6539049144858,118.2529296875,1.591796875,1.4912109375,819,1024,5.442425447857839,87.31115203423553,80.15969999541994
sentinel2_patch_00328.png,learned_1500_patch,0.8,80.405433177948,0.885627806186676,0.5625,0.9052660465240479,1.0,18.786831900383774,0.7767330521912035,0.593596875667572,73.8810250152532,98.64647248763326,118.2529296875,1.6005859375,1.4912109375,819,1024,5.423576727806859,86.82059866722376,64.42569999489933
sentinel2_patch_00328.png,learned_full_3224_patch,0.8,82.35517501831056,0.9177132248878479,0.5625,0.9385823011398315,1.0,18.803388297964844,0.7771415589154661,0.5915389060974121,73.8359756097561,98.64564666242744,118.2529296875,1.6015625,1.4912109375,819,1024,5.439639489397521,86.88089221877267,65.59679999918444
sentinel2_patch_00330.png,fixed_mission_utility,0.8,94.54545454545456,1.0,0.8181818181818182,1.0,1.0,20.064997970435492,0.8925123621661636,0.563345730304718,70.23022010707912,98.57611153934116,115.2900390625,1.6416015625,1.5361328125,819,1024,5.810045292127765,86.31986100371337,75.81080000090878
sentinel2_patch_00330.png,learned_1500_patch,0.8,94.54545454545456,1.0,0.8181818181818182,1.0,1.0,19.51307107730813,0.8669468756508837,0.5656015872955322,69.85621301775149,98.56848810320439,115.2900390625,1.650390625,1.5361328125,819,1024,5.752448204951911,86.18501780217028,65.42379999882542
sentinel2_patch_00330.png,learned_full_3224_patch,0.8,94.54545454545456,1.0,0.8181818181818182,1.0,1.0,19.662701436973215,0.8731328905262441,0.5672502517700195,70.1884661117717,98.57526449088152,115.2900390625,1.642578125,1.5361328125,819,1024,5.771695686389872,86.26901023756855,65.28170000092359
sentinel2_patch_00331.png,fixed_mission_utility,0.8,85.00000000000001,1.0,0.5,1.0,1.0,20.00125696182202,0.8953549191906255,0.5587224960327148,67.47575757575757,98.51798625769075,108.7255859375,1.611328125,1.486328125,819,1024,5.671569999293514,85.36115485183797,80.47189999342663
sentinel2_patch_00331.png,learned_1500_patch,0.8,92.50000000000001,1.0,0.75,1.0,1.0,19.262424884616212,0.860388593471643,0.5762181282043457,67.55764563106796,98.51978263798446,108.7255859375,1.609375,1.486328125,819,1024,5.584278820049674,85.37339941274432,67.83140000334242
sentinel2_patch_00331.png,learned_full_3224_patch,0.8,92.50000000000001,1.0,0.75,1.0,1.0,19.40260433333244,0.8651648763037556,0.5795308947563171,67.80450669914738,98.52517177886558,108.7255859375,1.603515625,1.486328125,819,1024,5.583459943176402,85.43855923802019,65.29040000168607
sentinel2_patch_00332.png,fixed_mission_utility,0.8,91.4218854904175,0.838239848613739,1.0,0.894614577293396,1.0,19.16453061349714,0.714321304149126,0.6049389839172363,69.94136597938144,98.5702309556053,106.0048828125,1.515625,1.3671875,819,1024,4.889950401352809,84.45046243128954,78.59299999836367
sentinel2_patch_00332.png,learned_1500_patch,0.8,89.28495049476625,0.8033955097198486,1.0,0.8574565052986145,1.0,18.875109252703723,0.6548124164598454,0.6146540641784668,70.62394274560833,98.58404959971995,106.0048828125,1.5009765625,1.3671875,819,1024,4.838624260318405,84.28813040218101,63.73560000065481
sentinel2_patch_00332.png,learned_full_3224_patch,0.8,83.50986480712892,0.7087557315826416,1.0,0.7579817771911621,1.0,19.110874438173667,0.6894369992322072,0.6073987483978271,70.62394274560833,98.58404959971995,106.0048828125,1.5009765625,1.3671875,819,1024,4.835592996520536,84.37510843966078,65.19180000032065
sentinel2_patch_00333.png,fixed_mission_utility,0.8,89.06946420669557,0.8043562173843384,1.0,0.8447607755661011,1.0,15.387747413721431,0.6326715617258399,0.5991855263710022,73.12837393021725,98.6325417259322,108.478515625,1.4833984375,1.3505859375,819,1024,4.5796802229263145,86.966865401292,79.38939999439754
sentinel2_patch_00333.png,learned_1500_patch,0.8,89.03684973716737,0.8036946654319763,1.0,0.8444531559944153,1.0,15.37310895040255,0.6317936506527471,0.5936750173568726,72.93630991464215,98.628940782485,108.478515625,1.4873046875,1.3505859375,819,1024,4.5687386966246075,86.93407273773602,64.6333999975468
sentinel2_patch_00333.png,learned_full_3224_patch,0.8,89.31429743766786,0.8082922101020813,1.0,0.8491304516792297,1.0,15.410677618686847,0.6339648801536631,0.596668004989624,73.36988110964333,98.63704290524117,108.478515625,1.478515625,1.3505859375,819,1024,4.563880836726548,86.91882609480977,64.79469999612775
sentinel2_patch_00335.png,fixed_mission_utility,0.8,98.23529411764707,1.0,0.9411764705882353,1.0,1.0,22.3620222045297,0.8965651715792472,0.5472086668014526,74.04702380952381,98.64950682883304,121.4833984375,1.640625,1.5322265625,819,1024,5.889546257807615,89.07912985539663,77.14680000208318
sentinel2_patch_00335.png,learned_1500_patch,0.8,100.0,1.0,1.0,1.0,1.0,22.170958206886535,0.8940217028406497,0.5471275448799133,73.43506493506493,98.63825271907331,121.4833984375,1.654296875,1.5322265625,819,1024,5.92242534161061,88.22564642362367,63.47020000248449
sentinel2_patch_00335.png,learned_full_3224_patch,0.8,98.23529411764707,1.0,0.9411764705882353,1.0,1.0,22.38118505947867,0.8959879244728594,0.5456530451774597,73.82729970326409,98.64548750391884,121.4833984375,1.6455078125,1.5322265625,819,1024,5.892946916600405,88.86608411214239,63.831899999058805
sentinel2_patch_00337.png,fixed_mission_utility,0.8,86.00728515331254,0.96620112657547,0.5833333333333334,0.9950717091560364,0.9957805907172996,24.498618328133674,0.9327299478937633,0.5360043048858643,68.99654576856649,98.55065208140378,117.0380859375,1.6962890625,1.61328125,819,1024,5.977917508121348,91.46567072314194,78.6900000020978
sentinel2_patch_00337.png,learned_1500_patch,0.8,87.50000000000003,1.0,0.5833333333333334,1.0,1.0,23.08824844105407,0.9185256028653638,0.538692057132721,68.79850746268657,98.54648009545504,117.0380859375,1.701171875,1.61328125,819,1024,5.9539840828050465,91.18142182127269,65.8428000024287
sentinel2_patch_00337.png,learned_full_3224_patch,0.8,87.50000000000003,1.0,0.5833333333333334,1.0,1.0,23.06698533285841,0.9185584164786796,0.5394229292869568,69.03629032258064,98.55148647859355,117.0380859375,1.6953125,1.61328125,819,1024,5.964066456544259,91.15162238195401,66.25540000095498
sentinel2_patch_00340.png,fixed_mission_utility,0.8,93.0769230769231,1.0,0.7692307692307693,1.0,1.0,20.57370018017898,0.8555899408864158,0.601715087890625,72.6938775510204,98.62436833239752,118.26953125,1.626953125,1.58984375,819,1024,5.872941638624687,88.66926357482659,78.80529999965802
sentinel2_patch_00340.png,learned_1500_patch,0.8,93.0769230769231,1.0,0.7692307692307693,1.0,1.0,20.197207636312594,0.8479254042030574,0.6058125495910645,72.43301435406698,98.61941407669188,118.26953125,1.6328125,1.58984375,819,1024,5.8727042641803795,88.46170104231959,64.18300000223098
sentinel2_patch_00340.png,learned_full_3224_patch,0.8,95.3846153846154,1.0,0.8461538461538461,1.0,1.0,20.524175980565914,0.8541050015109285,0.6047941446304321,72.00237812128418,98.61115698384913,118.26953125,1.642578125,1.58984375,819,1024,5.862144359694991,88.51334311004084,63.6880999954883
sentinel2_patch_00341.png,fixed_mission_utility,0.8,86.87500000000001,1.0,0.5625,1.0,1.0,14.140059964468767,0.45204713046343037,0.6825677156448364,70.30360307147076,98.57759779540261,116.234375,1.6533203125,1.6044921875,819,1024,5.812833884947649,89.21691787061525,78.12739999644691
sentinel2_patch_00341.png,learned_1500_patch,0.8,86.87500000000001,1.0,0.5625,1.0,1.0,14.599799113106027,0.4957552572826683,0.6766870021820068,70.2621015348288,98.57675762871354,116.234375,1.654296875,1.6044921875,819,1024,5.798941697936739,89.10760103806165,62.84850000520237
sentinel2_patch_00341.png,learned_full_3224_patch,0.8,88.75000000000001,1.0,0.625,1.0,1.0,14.420484000455442,0.46811501945605727,0.6808601021766663,70.2621015348288,98.57675762871354,116.234375,1.654296875,1.6044921875,819,1024,5.805816574046365,89.2310939040231,61.43259999953443
sentinel2_patch_00342.png,fixed_mission_utility,0.8,100.0,1.0,1.0,1.0,1.0,13.420133965500831,0.44114803631993077,0.7192080616950989,74.86545454545454,98.66427044880513,120.6328125,1.611328125,1.6083984375,819,1024,5.701204382886123,89.71965584717039,76.88659999985248
sentinel2_patch_00342.png,learned_1500_patch,0.8,100.0,1.0,1.0,1.0,1.0,14.0405141864658,0.48747008754349624,0.7114115953445435,73.9245960502693,98.6472702545172,120.6328125,1.6318359375,1.6083984375,819,1024,5.716732876957263,89.67396622262518,62.95530000352301
sentinel2_patch_00342.png,learned_full_3224_patch,0.8,100.0,1.0,1.0,1.0,1.0,13.993786653922278,0.47274611766857527,0.7103704810142517,74.54918527459263,98.65860371737581,120.6328125,1.6181640625,1.6083984375,819,1024,5.712730747352868,89.76943411752633,64.18850000045495
sentinel2_patch_00344.png,fixed_mission_utility,0.8,100.0,1.0,1.0,1.0,1.0,16.16553828753827,0.5622936223982826,0.6929445266723633,76.64268292682927,98.69524400528266,122.748046875,1.6015625,1.53515625,819,1024,5.316130045039374,86.48461175404547,80.31959999789251
sentinel2_patch_00344.png,learned_1500_patch,0.8,100.0,1.0,1.0,1.0,1.0,16.139341462289746,0.5626005237123752,0.7017363905906677,77.25507068223725,98.70558658328957,122.748046875,1.5888671875,1.53515625,819,1024,5.289289310528415,86.44700646835197,69.56360000185668
sentinel2_patch_00344.png,learned_full_3224_patch,0.8,100.0,1.0,1.0,1.0,1.0,16.103086341624326,0.5554856686198304,0.6980169415473938,77.5410240592227,98.71036008083122,122.748046875,1.5830078125,1.53515625,819,1024,5.288764722172348,86.56394190815949,71.54720000107773
sentinel2_patch_00350.png,fixed_mission_utility,0.8,85.00000000000001,1.0,0.5,1.0,1.0,17.74948128881092,0.8260723535697332,0.5938442945480347,73.47933409873708,98.63907313224115,125.0009765625,1.701171875,1.642578125,819,1024,5.957903514603547,92.07141273946266,79.06920000095852
sentinel2_patch_00350.png,learned_1500_patch,0.8,85.00000000000001,1.0,0.5,1.0,1.0,17.62727600586771,0.8229182471452018,0.5952577590942383,73.43717728055077,98.63829188834463,125.0009765625,1.7021484375,1.642578125,819,1024,5.959965278488368,92.00867433922754,65.1272000031895
sentinel2_patch_00350.png,learned_full_3224_patch,0.8,83.12500000000001,1.0,0.4375,1.0,1.0,17.919206101336766,0.8310542833847132,0.591414749622345,73.31099656357388,98.63594815665503,125.0009765625,1.705078125,1.642578125,819,1024,5.953339920994653,92.03733061525415,64.47660000412725
sentinel2_patch_00357.png,fixed_mission_utility,0.8,82.17164039611818,0.9917910099029541,0.4166666666666667,1.0,1.0,22.093643325782452,0.8831688746310323,0.550207793712616,68.25527192008879,98.53491170444568,120.11328125,1.759765625,1.6796875,819,1024,6.094242026862539,90.73743897874039,78.17680000152905
sentinel2_patch_00357.png,learned_1500_patch,0.8,82.50000000000001,1.0,0.4166666666666667,1.0,1.0,21.724667470702844,0.8750143860077445,0.5470020771026611,68.55964325529543,98.5414159810075,120.11328125,1.751953125,1.6796875,819,1024,6.068247705098173,90.31200135959347,63.43869999545859
sentinel2_patch_00357.png,learned_full_3224_patch,0.8,77.22075700759888,0.9484678506851196,0.3333333333333333,0.9641021490097046,1.0,19.967527723767788,0.843536869542028,0.5600875020027161,68.33111111111111,98.53653777358613,120.11328125,1.7578125,1.6796875,819,1024,6.071079640086007,90.23455328567962,63.154600000416394
sentinel2_patch_00359.png,fixed_mission_utility,0.8,80.00000000000001,1.0,0.3333333333333333,1.0,1.0,22.322274412511515,0.9066476252718241,0.5586075186729431,70.41019830028328,98.57975119494021,121.361328125,1.7236328125,1.6796875,819,1024,6.11853923734472,91.46145803170896,79.73270000366028
sentinel2_patch_00359.png,learned_1500_patch,0.8,82.50000000000001,1.0,0.4166666666666667,1.0,1.0,20.491660014611064,0.8783388497515177,0.5616664290428162,70.37032842582107,98.57894652139628,121.361328125,1.724609375,1.6796875,819,1024,6.113054253015891,91.12344361825926,64.78449999849545
sentinel2_patch_00359.png,learned_full_3224_patch,0.8,85.00000000000001,1.0,0.5,1.0,1.0,20.3432568487342,0.8748773847033378,0.5671019554138184,70.33050367855121,98.57814184785234,121.361328125,1.7255859375,1.6796875,819,1024,6.110370454721142,91.22348209609783,64.78339999739546
sentinel2_patch_00376.png,fixed_mission_utility,0.8,86.34483218193057,0.9171046018600464,1.0,0.9576417803764343,0.05078125,14.002816793281283,0.3722793383533333,0.6816028356552124,70.57070386810399,98.58298139994609,108.681640625,1.5400390625,1.49609375,819,1024,4.837249299162728,87.07164297252045,78.04690000193659
sentinel2_patch_00376.png,learned_1500_patch,0.8,85.85187196731569,0.9085369110107422,1.0,0.9481760263442993,0.0546875,14.027840283321014,0.38417012646081133,0.6868348717689514,70.66031746031746,98.58477850660437,108.681640625,1.5380859375,1.49609375,819,1024,4.835086230240809,87.12953576210904,65.44860000576591
sentinel2_patch_00376.png,learned_full_3224_patch,0.8,85.83620905876161,0.9096238613128662,1.0,0.9491252303123474,0.046875,13.931469616574716,0.35914583210424106,0.6803525686264038,70.70520965692504,98.5856770599335,108.681640625,1.537109375,1.49609375,819,1024,4.816444175038198,87.18051465528217,67.0354000030784
sentinel2_patch_00378.png,fixed_mission_utility,0.8,76.00000000000001,1.0,0.2,1.0,1.0,18.90977198904026,0.8637842507393738,0.7303493618965149,70.86918604651163,98.58894950572214,119.0380859375,1.6796875,1.5947265625,819,1024,5.7256450827878815,93.22328444699212,78.0914000060875
sentinel2_patch_00378.png,learned_1500_patch,0.8,77.20000000000002,1.0,0.24,1.0,1.0,18.820415563193148,0.8624854638755801,0.7332748174667358,70.99301106581247,98.59141064030517,119.0380859375,1.6767578125,1.5947265625,819,1024,5.72918480248361,93.05378433285804,65.26689999736845
sentinel2_patch_00378.png,learned_full_3224_patch,0.8,76.00000000000001,1.0,0.2,1.0,1.0,18.91840957882405,0.864299841109106,0.7344836592674255,70.86918604651163,98.58894950572214,119.0380859375,1.6796875,1.5947265625,819,1024,5.73870442931651,93.14178474300323,65.30170000041835
sentinel2_patch_00380.png,fixed_mission_utility,0.8,90.26859504132233,1.0,0.75,1.0,0.7768595041322314,22.67782770236954,0.8196583498369556,0.7408976554870605,67.24697336561744,98.51294422640694,108.48828125,1.61328125,1.490234375,819,1024,5.2771125090417925,91.11012208487386,80.06169999862323
sentinel2_patch_00380.png,learned_1500_patch,0.8,90.44628099173556,1.0,0.8,1.0,0.6446280991735537,21.594570962892355,0.8031125349083996,0.734549880027771,67.32848484848485,98.5147445360602,108.48828125,1.611328125,1.490234375,819,1024,5.254146310687197,90.76561127890113,66.0831000059261
sentinel2_patch_00380.png,learned_full_3224_patch,0.8,88.53305785123968,1.0,0.75,1.0,0.6033057851239669,22.3770044382325,0.8173744397271361,0.7345892786979675,67.20629159104658,98.5120440715803,108.48828125,1.6142578125,1.490234375,819,1024,5.275893240784194,90.94159398225919,64.94620000012219
sentinel2_patch_00381.png,fixed_mission_utility,0.8,77.43138463156565,0.8550729155540466,0.625,0.8417805433273315,0.7642857142857142,21.829051200956467,0.8860208279431843,0.6610317826271057,68.9166163141994,98.54897112847085,111.3837890625,1.6162109375,1.4736328125,819,1024,5.360975905797057,89.6654050386905,79.09990000189282
sentinel2_patch_00381.png,learned_1500_patch,0.8,75.9402428695134,0.8606906533241272,0.5625,0.8461665511131287,0.7714285714285715,21.543132954812407,0.878941998531013,0.6599438190460205,68.70903614457832,98.54458735544507,111.3837890625,1.62109375,1.4736328125,819,1024,5.320790374963525,89.65833876181426,65.94320000294829
sentinel2_patch_00381.png,learned_full_3224_patch,0.8,79.65691777638028,0.8887783288955688,0.625,0.8713606595993042,0.7928571428571428,21.634594600163762,0.884199877980536,0.6598572134971619,68.750452079566,98.54546411005025,111.3837890625,1.6201171875,1.4736328125,819,1024,5.368960765345676,89.43966674778132,64.32300000597024
sentinel2_patch_00387.png,fixed_mission_utility,0.8,91.11111111111111,1.0,0.7037037037037037,1.0,1.0,24.419158321738085,0.887391465083233,0.7288486957550049,66.01264298615293,98.4851386722847,107.0771484375,1.6220703125,1.5244140625,819,1024,5.637358611583608,90.35316959513476,74.64569999865489
sentinel2_patch_00387.png,learned_1500_patch,0.8,91.11111111111111,1.0,0.7037037037037037,1.0,1.0,24.152083687779573,0.880687481232839,0.7309030890464783,65.1884661117717,98.4659863014948,107.0771484375,1.642578125,1.5244140625,819,1024,5.638266152532767,89.79035534037813,62.07810000341851
sentinel2_patch_00387.png,learned_full_3224_patch,0.8,91.11111111111111,1.0,0.7037037037037037,1.0,1.0,24.435648669776825,0.8861549219760948,0.7284432649612427,65.69622528460155,98.4778425310314,107.0771484375,1.6298828125,1.5244140625,819,1024,5.629685991755277,90.2799508937876,62.60379999730503
sentinel2_patch_00392.png,fixed_mission_utility,0.8,72.52267956733705,0.8973234295845032,0.3333333333333333,0.8998464941978455,0.86328125,20.547981104582448,0.9270495172387709,0.6144120693206787,66.90504103165298,98.50534431400035,111.46484375,1.666015625,1.5703125,819,1024,5.789750170154274,90.96328743132668,84.16959999885876
sentinel2_patch_00392.png,learned_1500_patch,0.8,75.6069178581238,0.9115259647369385,0.4,0.915887713432312,0.8828125,20.193797092854275,0.9218107463841121,0.6161206960678101,66.63164039696439,98.49921149465568,111.46484375,1.6728515625,1.5703125,819,1024,5.763146955784592,90.93068965160232,77.02759999665432
sentinel2_patch_00392.png,learned_full_3224_patch,0.8,77.52792382240297,0.9056859612464905,0.4666666666666667,0.9099461436271667,0.91015625,20.332488824466655,0.9243510694606757,0.6134551763534546,66.90504103165298,98.50534431400035,111.46484375,1.666015625,1.5703125,819,1024,5.778979846606163,90.82598417077669,73.39269999647513
sentinel2_patch_00395.png,fixed_mission_utility,0.8,76.00000000000001,1.0,0.2,1.0,1.0,22.10627588757601,0.9096221943605505,0.6976982951164246,66.71320093457943,98.50104629070245,111.5361328125,1.671875,1.609375,819,1024,6.029792456862129,89.37069023415178,79.6628999960376
sentinel2_patch_00395.png,learned_1500_patch,0.8,76.00000000000001,1.0,0.2,1.0,1.0,21.89697249394904,0.9087871292231015,0.705310583114624,66.24883990719258,98.4905396058242,111.5361328125,1.68359375,1.609375,819,1024,6.017017996580057,89.1237502160732,64.11019999359269
sentinel2_patch_00395.png,learned_full_3224_patch,0.8,76.00000000000001,1.0,0.2,1.0,1.0,21.979037988547972,0.9089708774833011,0.7020412683486938,66.59650145772595,98.49841961948289,111.5361328125,1.6748046875,1.609375,819,1024,6.034825328244764,89.20751505355862,63.72420000116108
sentinel2_patch_00402.png,fixed_mission_utility,0.8,88.63994846343995,0.8524152636528015,1.0,0.847166895866394,0.76,21.283212670631507,0.7487891313244741,0.5512915253639221,69.17703045685279,98.55443346816728,106.4677734375,1.5390625,1.3701171875,819,1024,4.790467094402902,88.21706488139478,77.17410000623204
sentinel2_patch_00402.png,learned_1500_patch,0.8,88.73292932510377,0.8541324734687805,1.0,0.848381519317627,0.76,20.924377376109277,0.7345416499395762,0.551991879940033,69.30896376350921,98.55718518110858,106.4677734375,1.5361328125,1.3701171875,819,1024,4.769337845990364,87.97789716578069,63.761700002942234
sentinel2_patch_00402.png,learned_full_3224_patch,0.8,88.0779934883118,0.8426133394241333,1.0,0.8386729955673218,0.76,21.447962623314304,0.7536824410293242,0.551790177822113,69.3530534351145,98.55810241875568,106.4677734375,1.53515625,1.3701171875,819,1024,4.786708388573404,87.99507139199656,63.74599999981001
sentinel2_patch_00403.png,fixed_mission_utility,0.8,57.69020720062969,0.859157919883728,0.0,0.862456202507019,0.6074766355140186,21.64191233247971,0.736789329873892,0.5264533162117004,68.49937578027466,98.54013268207335,107.1640625,1.564453125,1.3984375,819,1024,4.951455639279398,88.11183192513471,76.97709999774816
sentinel2_patch_00403.png,learned_1500_patch,0.8,58.726798485372676,0.8791598677635193,0.0,0.8789547681808472,0.5981308411214953,20.74110707632589,0.7053562726845506,0.5270739793777466,68.67083854818523,98.54377779397826,107.1640625,1.560546875,1.3984375,819,1024,4.942051681610137,87.88247600985333,63.802899996517226
sentinel2_patch_00403.png,learned_full_3224_patch,0.8,57.73077198278125,0.8583500981330872,0.0,0.8614271879196167,0.616822429906542,21.660339930141298,0.7366227784576103,0.5279699563980103,68.45664379288833,98.5392214040971,107.1640625,1.5654296875,1.3984375,819,1024,4.946464011663147,87.86666859965383,64.26350000401726
sentinel2_patch_00404.png,fixed_mission_utility,0.8,50.18805349810741,0.7717801928520203,0.0,0.7888759970664978,0.3539325842696629,24.441536155554992,0.7512035697979014,0.5152668356895447,67.22690638561686,98.51250034582291,105.8955078125,1.5751953125,1.4130859375,819,1024,4.9445535462139505,89.26510983121348,78.18289999704575
sentinel2_patch_00404.png,learned_1500_patch,0.8,46.930605883008994,0.7271980047225952,0.0,0.7432578802108765,0.29775280898876405,22.801102004315894,0.725097284599193,0.5126808881759644,67.143653250774,98.51065595691507,105.8955078125,1.5771484375,1.4130859375,819,1024,4.935568172576984,88.53797142607048,66.04399999923771
sentinel2_patch_00404.png,learned_full_3224_patch,0.8,49.61274826124814,0.763104259967804,0.0,0.780271589756012,0.34831460674157305,24.074398427298078,0.7460218189849531,0.5120220184326172,66.89512646514497,98.50512279019154,105.8955078125,1.5830078125,1.4130859375,819,1024,4.947634751996251,88.85886628798279,65.98590000066906
sentinel2_patch_00406.png,fixed_mission_utility,0.8,77.14353701535394,0.7991503477096558,0.8823529411764706,0.8133467435836792,0.244,26.584440236196297,0.7968914175670303,0.5084444284439087,67.0584126984127,98.50876279386841,103.1416015625,1.5380859375,1.416015625,819,1024,4.904568500404036,91.19377046599038,77.46860000042943
sentinel2_patch_00406.png,learned_1500_patch,0.8,75.64079670288984,0.8389632105827332,0.7058823529411765,0.8592898845672607,0.372,25.61985372803408,0.7981557424379265,0.504421055316925,66.88853704876504,98.50497552477347,103.1416015625,1.5419921875,1.416015625,819,1024,4.898585487307036,90.70624615465364,62.14170000021113
sentinel2_patch_00406.png,learned_full_3224_patch,0.8,85.20320947983687,0.9816684722900391,0.7058823529411765,1.0,0.476,26.583790000723496,0.7983601896460174,0.5099424123764038,66.38403519798868,98.49361371748866,103.1416015625,1.5537109375,1.416015625,819,1024,4.914122982408987,90.7204028610835,62.341799995920155
sentinel2_patch_00410.png,fixed_mission_utility,0.8,51.72766144379326,0.7617802023887634,0.0,0.7976052761077881,0.5304347826086957,23.36096037658831,0.8264123184387504,0.5349012017250061,67.29964953271028,98.51410816112207,112.5166015625,1.671875,1.548828125,819,1024,5.497327147806115,90.1921160230782,75.20119999389863
sentinel2_patch_00410.png,learned_1500_patch,0.8,49.61084291209345,0.7343121767044067,0.0,0.768439531326294,0.48695652173913045,22.540056566141477,0.8125011624045609,0.5332215428352356,67.10366919044846,98.50976852374215,112.5166015625,1.6767578125,1.548828125,819,1024,5.50595169422918,89.8216424375319,63.212699998985045
sentinel2_patch_00410.png,learned_full_3224_patch,0.8,52.04262549980828,0.7672569751739502,0.0,0.8023999333381653,0.5304347826086957,23.32717695049331,0.8250768093055849,0.5350425839424133,67.02559627690518,98.5080326687902,112.5166015625,1.6787109375,1.548828125,819,1024,5.503773319529588,89.89911853016388,63.41729999985546
sentinel2_patch_00413.png,fixed_mission_utility,0.8,89.04609505335492,0.8654943108558655,1.0,0.8754827976226807,0.6916666666666667,24.313710614343165,0.8090789079180877,0.5171376466751099,66.264,98.49088494506822,105.1552734375,1.5869140625,1.421875,819,1024,5.0671973778760036,88.96236086316185,75.62529999995604
sentinel2_patch_00413.png,learned_1500_patch,0.8,82.00204197565716,0.7686424851417542,1.0,0.7794837951660156,0.5666666666666667,23.015745181826453,0.7875648022436266,0.5199939608573914,65.65792682926829,98.47695465225345,105.1552734375,1.6015625,1.421875,819,1024,5.048652595344154,88.73618725128274,62.221099993621465
sentinel2_patch_00413.png,learned_full_3224_patch,0.8,82.75067043304443,0.7800719141960144,1.0,0.7898896932601929,0.575,23.263502173622825,0.7922324763465616,0.5190825462341309,65.89902080783354,98.48252676937936,105.1552734375,1.595703125,1.421875,819,1024,5.050283211796656,88.7837057399596,60.34689999796683
sentinel2_patch_00414.png,fixed_mission_utility,0.8,77.5195121765137,0.6984419226646423,1.0,0.7290917634963989,0.5,24.719229175569637,0.7873402968391487,0.5025655627250671,65.18844984802432,98.46598591877652,104.7216796875,1.6064453125,1.4296875,819,1024,4.985403907662198,88.13127894503768,77.81469999463297
sentinel2_patch_00414.png,learned_1500_patch,0.8,77.66035437583926,0.7012883424758911,1.0,0.7304410338401794,0.5,24.160823521278488,0.7767737728669151,0.4947771430015564,65.46703296703296,98.47251363827108,104.7216796875,1.599609375,1.4296875,819,1024,4.955920651538223,87.35589427283568,72.25520000065444
sentinel2_patch_00414.png,learned_full_3224_patch,0.8,76.89710497856142,0.7088155746459961,1.0,0.7397240996360779,0.375,25.15542885886694,0.7905016988828645,0.503040611743927,65.18844984802432,98.46598591877652,104.7216796875,1.6064453125,1.4296875,819,1024,4.983070198362504,87.28692620093715,67.48479999805568
sentinel2_patch_00417.png,fixed_mission_utility,0.8,60.82369403044383,0.4604850709438324,1.0,0.48688122630119324,0.26666666666666666,24.619730395669524,0.7739065026331302,0.5472103357315063,70.2970684039088,98.57746557188665,105.376953125,1.4990234375,1.3388671875,819,1024,4.571872699631118,86.48275375226878,79.17159999487922
sentinel2_patch_00417.png,learned_1500_patch,0.8,60.09102777640025,0.44977864623069763,1.0,0.4716607630252838,0.26666666666666666,24.521191362429366,0.7731293179151629,0.5439522862434387,70.5729234793983,98.58302596704539,105.376953125,1.4931640625,1.3388671875,819,1024,4.55952481904245,86.19302760748262,67.98479999997653
sentinel2_patch_00417.png,learned_full_3224_patch,0.8,61.55001477400464,0.47264206409454346,1.0,0.49888327717781067,0.26666666666666666,24.738354890959748,0.7733408588355396,0.5446515083312988,69.571889103804,98.56263785146331,105.376953125,1.5146484375,1.3388671875,819,1024,4.60917790550892,85.86981411448704,69.61410000076285
sentinel2_patch_00418.png,fixed_mission_utility,0.8,57.452931141449234,0.4331803321838379,1.0,0.45543843507766724,0.1016949152542373,23.678577156481744,0.7804601199784793,0.5533130764961243,68.6441525953721,98.54321167617208,107.189453125,1.5615234375,1.4248046875,819,1024,4.863822911540423,87.58079219913219,77.42779999534832
sentinel2_patch_00418.png,learned_1500_patch,0.8,56.22271392305018,0.41510820388793945,1.0,0.4300718307495117,0.1016949152542373,23.37519527804037,0.7757945671057402,0.5520768165588379,68.73011897307451,98.54503380040451,107.189453125,1.5595703125,1.4248046875,819,1024,4.846197366294295,87.36307588580826,65.18510000023525
sentinel2_patch_00418.png,learned_full_3224_patch,0.8,58.24776921231869,0.4463982880115509,1.0,0.4687444269657135,0.1016949152542373,23.706031874322186,0.7817093242134084,0.5533779859542847,68.60125,98.54230061405586,107.189453125,1.5625,1.4248046875,819,1024,4.8734769491260295,87.17857722808783,64.45040000107838
sentinel2_patch_00426.png,fixed_mission_utility,0.8,69.44121586649042,0.5335792303085327,1.0,0.5627970695495605,0.6842105263157895,23.296614001872513,0.8269616211274237,0.5912603139877319,70.22507836990596,98.57600728512888,109.3837890625,1.5576171875,1.41796875,819,1024,4.843824832087833,85.59466781540564,78.3713999990141
sentinel2_patch_00426.png,learned_1500_patch,0.8,68.2250057396136,0.516029417514801,1.0,0.5370861887931824,0.6842105263157895,21.887634011878568,0.7968980172609523,0.5815848708152771,70.22507836990596,98.57600728512888,109.3837890625,1.5576171875,1.41796875,819,1024,4.81861296199553,85.33894615922213,64.60010000591865
sentinel2_patch_00426.png,learned_full_3224_patch,0.8,70.48290120927912,0.5508496761322021,1.0,0.5803404450416565,0.6842105263157895,23.41805457777027,0.829120571581336,0.5930023193359375,70.35741206030151,98.5786856413324,109.3837890625,1.5546875,1.41796875,819,1024,4.863585271973301,84.92151040999258,66.29619999876013
sentinel2_patch_00428.png,fixed_mission_utility,0.8,64.38356724450755,0.5327001214027405,1.0,0.544475793838501,0.2186046511627907,20.3839323014575,0.6768701253354308,0.5784097909927368,65.96141879278159,98.48396226415095,103.515625,1.5693359375,1.4306640625,819,1024,4.835811449177434,90.233589573623,76.28100000147242
sentinel2_patch_00428.png,learned_1500_patch,0.8,64.2268547124641,0.5301653146743774,1.0,0.5417097806930542,0.2186046511627907,19.927164470903428,0.6639060953920988,0.5797563791275024,66.37445209768316,98.4933962264151,103.515625,1.5595703125,1.4306640625,819,1024,4.818194095126795,89.92648839190502,60.7973999940441
sentinel2_patch_00428.png,learned_full_3224_patch,0.8,64.95592431134956,0.5385155081748962,1.0,0.5498349666595459,0.24186046511627907,20.703471407100906,0.6904644296846857,0.5784755945205688,65.92039800995025,98.48301886792453,103.515625,1.5703125,1.4306640625,819,1024,4.847327764669435,90.04993532363815,60.06840000191005
sentinel2_patch_00431.png,fixed_mission_utility,0.8,75.87424301086588,0.7317590713500977,1.0,0.7344493269920349,0.19148936170212766,24.023267358920126,0.8128799835687115,0.46653807163238525,63.446270543615675,98.42386322878892,98.01953125,1.544921875,1.3896484375,819,1024,4.8334294190223694,89.1826764931593,76.07980000466341
sentinel2_patch_00431.png,learned_1500_patch,0.8,74.67377147776017,0.7136471271514893,1.0,0.7159687876701355,0.18085106382978725,23.66885913149703,0.8060154439545106,0.47126710414886475,63.04773869346734,98.4139002909178,98.01953125,1.5546875,1.3896484375,819,1024,4.803973849655681,88.89378010928522,62.54340000305092
sentinel2_patch_00431.png,learned_full_3224_patch,0.8,75.80509982210526,0.7323703169822693,1.0,0.7350888252258301,0.18085106382978725,24.03677282435046,0.8132575583497191,0.4681703448295593,63.00816070307596,98.41290399713067,98.01953125,1.5556640625,1.3896484375,819,1024,4.834554657787108,88.99362581018312,62.659099996380974
sentinel2_patch_00442.png,fixed_mission_utility,0.8,81.69581413269043,0.7569582462310791,1.0,0.7564210891723633,0.62890625,17.481397652999455,0.8086384978193736,0.6565227508544922,76.9649018441404,98.70070645704834,126.345703125,1.6416015625,1.5205078125,819,1024,5.4029539530782245,86.54247176976529,77.90679999743588
sentinel2_patch_00442.png,learned_1500_patch,0.8,80.27755022048953,0.7467560172080994,1.0,0.7430217266082764,0.5546875,17.497089573890804,0.8106157207461212,0.6552722454071045,77.3329348475792,98.70688988854364,126.345703125,1.6337890625,1.5205078125,819,1024,5.368868925490647,86.60161147113608,61.932899996463675
sentinel2_patch_00442.png,learned_full_3224_patch,0.8,82.22644567489625,0.7634099721908569,1.0,0.7622367143630981,0.64453125,17.445406894398793,0.8067778942656235,0.6555547118186951,76.78219584569733,98.69761474130068,126.345703125,1.6455078125,1.5205078125,819,1024,5.396926750509905,86.46223197393556,62.21009999717353
sentinel2_patch_00444.png,fixed_mission_utility,0.8,69.9899845625225,0.7709644436836243,0.5625,0.7506624460220337,0.7263157894736842,20.25982846374085,0.866003888533785,0.641072154045105,81.58658854166667,98.77430835401422,122.3798828125,1.5,1.296875,819,1024,4.651672252012663,88.533614997305,76.00539999839384
sentinel2_patch_00444.png,learned_1500_patch,0.8,67.16407798465931,0.7326411604881287,0.5625,0.714961051940918,0.6684210526315789,20.23121504671336,0.8627798646549772,0.6425108909606934,81.42755035737491,98.77191442501815,122.3798828125,1.5029296875,1.296875,819,1024,4.629922748215277,88.52340490273033,63.640799999120645
sentinel2_patch_00444.png,learned_full_3224_patch,0.8,70.1864103141584,0.7760556936264038,0.5625,0.7555643916130066,0.7157894736842105,20.27613779988238,0.8659272357215568,0.6412672996520996,81.96010464355788,98.77989418833837,122.3798828125,1.4931640625,1.296875,819,1024,4.65574963198866,88.43886681563681,63.51929999800632
sentinel2_patch_00447.png,fixed_mission_utility,0.8,69.65065660147833,0.8306920528411865,0.5172413793103449,0.8167710304260254,0.45703125,20.347229786842824,0.8529088256044406,0.6506074666976929,71.81818181818181,98.60759493670886,119.580078125,1.6650390625,1.5390625,819,1024,5.6265623305440275,90.01976578885046,76.1969000013778
sentinel2_patch_00447.png,learned_1500_patch,0.8,70.66505259480971,0.8327476978302002,0.5517241379310345,0.8194679021835327,0.44140625,20.272331399736792,0.8491200053319014,0.6468303203582764,72.02941176470588,98.6116782360147,119.580078125,1.66015625,1.5390625,819,1024,5.606177390863705,89.80384439016998,66.42529999953695
sentinel2_patch_00447.png,learned_full_3224_patch,0.8,69.39274496045607,0.8149480223655701,0.5517241379310345,0.7973112463951111,0.4296875,20.297935253619105,0.84967833664656,0.6476556658744812,71.81818181818181,98.60759493670886,119.580078125,1.6650390625,1.5390625,819,1024,5.622173754650542,89.93980389031135,66.81290000415174
sentinel2_patch_00450.png,fixed_mission_utility,0.8,86.75156730871936,0.940074622631073,0.7692307692307693,0.9246767163276672,0.7578125,19.536486765156734,0.8349407305436983,0.6472957134246826,73.90568248388986,98.64692407080067,123.2001953125,1.6669921875,1.572265625,819,1024,5.748572693262082,88.73690594577103,80.9307000017725
sentinel2_patch_00450.png,learned_1500_patch,0.8,89.91700181594264,0.9280836582183838,0.8846153846153846,0.9260409474372864,0.7734375,19.35117044464126,0.8324547049423247,0.6400288343429565,73.73290473407364,98.64375341835967,123.2001953125,1.6708984375,1.572265625,819,1024,5.750641858278751,88.62578283157134,69.90829999995185
sentinel2_patch_00450.png,learned_full_3224_patch,0.8,90.86766371360193,0.9421513080596924,0.8846153846153846,0.9395793676376343,0.78515625,19.41662319353825,0.833121077124922,0.6429510712623596,73.90568248388986,98.64692407080067,123.2001953125,1.6669921875,1.572265625,819,1024,5.733525809127462,88.72308184067528,65.52630000078352
sentinel2_patch_00452.png,fixed_mission_utility,0.8,70.26711271359372,0.7778047323226929,0.5897435897435898,0.7801620364189148,0.5859375,18.462462783021355,0.8323401327458768,0.6455203890800476,73.35793143521208,98.63682088570998,123.2900390625,1.6806640625,1.5751953125,819,1024,5.698301293241042,87.93886793492844,78.63100000395207
sentinel2_patch_00452.png,learned_1500_patch,0.8,68.78823674642123,0.7787709832191467,0.5384615384615384,0.7812088131904602,0.5859375,18.347544266080735,0.8291986993984679,0.6429213285446167,73.4432809773124,98.63840505667372,123.2900390625,1.6787109375,1.5751953125,819,1024,5.678441731518843,87.9622256304754,65.00190000224393
sentinel2_patch_00452.png,learned_full_3224_patch,0.8,68.53559833306534,0.7629614472389221,0.5641025641025641,0.7656406760215759,0.578125,18.435463282298187,0.8314496863171742,0.6434298753738403,73.14542294322132,98.63286045830067,123.2900390625,1.685546875,1.5751953125,819,1024,5.694908710449997,87.91385163099505,64.72439999924973
sentinel2_patch_00457.png,fixed_mission_utility,0.8,87.53906250000001,1.0,0.59375,1.0,0.97265625,20.314521658072945,0.8676338332044814,0.6925821304321289,74.26948245092207,98.65355194758384,121.9208984375,1.6416015625,1.5068359375,819,1024,5.547287684151788,89.88988237808971,76.59699999931036
sentinel2_patch_00457.png,learned_1500_patch,0.8,86.36718750000001,1.0,0.5625,1.0,0.94921875,20.080734335912773,0.8587028602938374,0.7015776038169861,74.44663088849136,98.65675586918388,121.9208984375,1.6376953125,1.5068359375,819,1024,5.527884018168919,89.60387527035213,62.738599997828715
sentinel2_patch_00457.png,learned_full_3224_patch,0.8,86.71875000000003,1.0,0.5625,1.0,0.984375,20.213243554347482,0.8638547527174368,0.6924346685409546,74.3579511614056,98.65515390838387,121.9208984375,1.6396484375,1.5068359375,819,1024,5.54369197881906,89.84578055932006,64.08419999934267
sentinel2_patch_00474.png,fixed_mission_utility,0.8,89.03218626976013,0.8124359250068665,1.0,0.8267374634742737,1.0,23.536758307768494,0.8502746965704527,0.5352808237075806,69.33150183150182,98.55765420684189,110.9033203125,1.599609375,1.427734375,819,1024,4.9500174316271845,90.57865323501714,77.42509999661706
sentinel2_patch_00474.png,learned_1500_patch,0.8,92.05400824546815,0.8632864952087402,1.0,0.8761274218559265,1.0,22.316394310584982,0.8255640553595531,0.5327098965644836,69.757371007371,98.56645973671466,110.9033203125,1.58984375,1.427734375,819,1024,4.920580036335801,90.04686543940396,65.83709999540588
sentinel2_patch_00474.png,learned_full_3224_patch,0.8,87.43054509162904,0.785418689250946,1.0,0.8006898760795593,1.0,23.730663795354037,0.8532292177190839,0.5339885950088501,70.10185185185185,98.57350416061287,110.9033203125,1.58203125,1.427734375,819,1024,4.958018281926403,90.20167346650271,64.42640000022948
sentinel2_patch_00483.png,fixed_mission_utility,0.8,88.33837849753246,0.849703311920166,1.0,0.8603694438934326,0.7142857142857143,22.197623612420557,0.8365664114524691,0.5698670744895935,70.76393237319975,98.58685072117511,110.361328125,1.5595703125,1.3837890625,819,1024,4.822448998227698,89.59232629705377,77.00699999986682
sentinel2_patch_00483.png,learned_1500_patch,0.8,83.76368454524452,0.79007887840271,1.0,0.804455041885376,0.6071428571428571,22.209601624033375,0.8371151631354542,0.5724612474441528,71.03079824010057,98.59215998584196,110.361328125,1.5537109375,1.3837890625,819,1024,4.803545594172542,89.23474667667307,65.42629999603378
sentinel2_patch_00483.png,learned_full_3224_patch,0.8,86.12023302486965,0.8236345648765564,1.0,0.8373139500617981,0.6428571428571429,22.219523694865163,0.8371723440290719,0.5673483610153198,70.36737235367373,98.57888682417484,110.361328125,1.568359375,1.3837890625,819,1024,4.819839752317671,89.21577457072274,66.16729999950621
sentinel2_patch_00486.png,fixed_mission_utility,0.8,69.29343270701031,0.6276208758354187,1.0,0.6338484883308411,0.1511627906976744,24.41230221965647,0.8589182211090589,0.45097026228904724,64.03890577507599,98.43844927095991,102.875,1.6064453125,1.4345703125,819,1024,5.167647412611986,90.18676650479115,74.6041000020341
sentinel2_patch_00486.png,learned_1500_patch,0.8,64.16389761969101,0.5444809794425964,1.0,0.5552794337272644,0.12790697674418605,21.67382067233746,0.7993876007994395,0.4498477578163147,64.31257631257631,98.44509416767923,102.875,1.599609375,1.4345703125,819,1024,5.120608252379036,89.44597775785059,64.4280999986222
sentinel2_patch_00486.png,learned_full_3224_patch,0.8,69.15230803711471,0.6272239685058594,1.0,0.633400022983551,0.13953488372093023,23.469917195213448,0.8436907587796232,0.4498405456542969,63.30769230769231,98.42041312272175,102.875,1.625,1.4345703125,819,1024,5.158675023933881,89.87440885731004,64.78690000221832
sentinel2_patch_00490.png,fixed_mission_utility,0.8,84.6397413657262,0.7732328772544861,1.0,0.7816751599311829,0.8076923076923077,23.559517871713297,0.820778279636171,0.5060898065567017,66.39401654996817,98.49384018024064,101.8603515625,1.5341796875,1.388671875,819,1024,4.913899510873651,89.58822080267012,74.78660000197124
sentinel2_patch_00490.png,learned_1500_patch,0.8,82.1256983280182,0.7625391483306885,1.0,0.7687066197395325,0.625,21.280852314676974,0.7693925741280053,0.5090958476066589,66.22539682539683,98.49000527299746,101.8603515625,1.5380859375,1.388671875,819,1024,4.892191583266017,89.31530997420609,61.644599998544436
sentinel2_patch_00490.png,learned_full_3224_patch,0.8,79.218026307913,0.7186566591262817,1.0,0.7255110740661621,0.5961538461538461,22.0708772680997,0.7913637766563673,0.5064267516136169,66.18337563451777,98.48904654618667,101.8603515625,1.5390625,1.388671875,819,1024,4.909899141055326,89.28187674706619,60.96919999981765
sentinel2_patch_00491.png,fixed_mission_utility,0.8,62.27149577574297,0.5202144384384155,1.0,0.5254186391830444,0.09545454545454546,22.47631803935483,0.7530795186206927,0.47705042362213135,65.7944099378882,98.48011403864852,103.4462890625,1.572265625,1.4375,819,1024,4.925131373069253,90.58775813980627,74.79120000061812
sentinel2_patch_00491.png,learned_1500_patch,0.8,61.33625232089651,0.5063285231590271,1.0,0.5109737515449524,0.08636363636363636,22.18504467633974,0.7452157342454876,0.4763795733451843,65.59071207430341,98.47539389591141,103.4462890625,1.5771484375,1.4375,819,1024,4.918758698656895,90.10506423102335,62.22219999472145
sentinel2_patch_00491.png,learned_full_3224_patch,0.8,67.02721363847907,0.5935419797897339,1.0,0.5983676314353943,0.1318181818181818,22.3951087615221,0.7563406357890916,0.4768843352794647,65.5095856524428,98.47350583881656,103.4462890625,1.5791015625,1.4375,819,1024,4.942729261694381,90.12746791302804,62.42909999855328
sentinel2_patch_00495.png,fixed_mission_utility,0.8,86.53267938811501,0.8499234914779663,1.0,0.8610212206840515,0.5315315315315315,24.241675829598385,0.8247921955916498,0.44633564352989197,63.77114427860697,98.43189265095958,100.140625,1.5703125,1.4140625,819,1024,5.021576994301838,89.40755573488579,74.06740000442369
sentinel2_patch_00495.png,learned_1500_patch,0.8,80.47534889022464,0.8139214515686035,0.9130434782608695,0.8191521167755127,0.4144144144144144,21.666217803281338,0.770454691129237,0.44771626591682434,64.04996876951905,98.43871898892182,100.140625,1.5634765625,1.4140625,819,1024,4.9972557848792585,89.0185186328144,62.50549999822397
sentinel2_patch_00495.png,learned_full_3224_patch,0.8,82.99315005809338,0.8049125671386719,1.0,0.8146071434020996,0.45045045045045046,23.11314296752333,0.805268381891679,0.44582056999206543,63.81082762912259,98.43286784209705,100.140625,1.5693359375,1.4140625,819,1024,5.019731120238178,88.93374073528312,63.8833999983035
sentinel2_patch_00498.png,fixed_mission_utility,0.8,82.00589813288495,0.8673310875892639,0.7027027027027027,0.8620172739028931,0.8991228070175439,19.616058564415855,0.8537298468310718,0.5670163631439209,76.24627791563276,98.688460568388,120.0283203125,1.57421875,1.4140625,819,1024,4.972049796989822,86.44022403396686,76.2140000006184
sentinel2_patch_00498.png,learned_1500_patch,0.8,84.37175543515139,0.8853191137313843,0.7297297297297297,0.8796707391738892,0.9473684210526315,19.61890187299931,0.8529523213837816,0.5669699311256409,76.24627791563276,98.688460568388,120.0283203125,1.57421875,1.4140625,819,1024,4.91635978134566,86.52034967631577,64.89479999436298
sentinel2_patch_00498.png,learned_full_3224_patch,0.8,84.34718608460535,0.8976068496704102,0.7027027027027027,0.8922143578529358,0.9517543859649122,19.570708527179974,0.8517369461034376,0.5685943961143494,75.91661519456454,98.68276529790333,120.0283203125,1.5810546875,1.4140625,819,1024,4.9636189116456215,86.21173241053522,61.526299999968614
sentinel2_patch_00507.png,fixed_mission_utility,0.8,87.26217150688174,0.9077568650245667,0.8333333333333334,0.9011104702949524,0.79296875,19.195687552516958,0.86711831403435,0.5935729146003723,74.3631419939577,98.6552477837996,120.1865234375,1.6162109375,1.4619140625,819,1024,5.2256358997271475,88.3372281993019,77.9296999971848
sentinel2_patch_00507.png,learned_1500_patch,0.8,87.65870213508607,0.9110426306724548,0.8333333333333334,0.9045998454093933,0.8125,19.206345202642428,0.8667748804107738,0.5950949788093567,74.13915662650602,98.65118508828238,120.1865234375,1.62109375,1.4619140625,819,1024,5.2253903988376145,88.25783888199851,63.75819999811938
sentinel2_patch_00507.png,learned_full_3224_patch,0.8,88.07211256027223,0.9019075036048889,0.8666666666666667,0.895493745803833,0.80859375,19.20563100384902,0.8678286500226425,0.592758297920227,74.00541190619363,98.64874747097204,120.1865234375,1.6240234375,1.4619140625,819,1024,5.222724494905634,88.22375692635889,63.57589999970514
sentinel2_patch_00523.png,fixed_mission_utility,0.8,80.07919961008533,0.95976722240448,0.4482758620689655,0.9120117425918579,1.0,20.919886056819458,0.863707114103186,0.5429611802101135,73.97148171109734,98.64812766100104,116.51953125,1.5751953125,1.400390625,819,1024,5.150993460074146,88.091341410143,76.75839999865275
sentinel2_patch_00523.png,learned_1500_patch,0.8,78.34070616754994,0.9294719099998474,0.4482758620689655,0.885677695274353,1.0,20.96021123063988,0.8629356469360995,0.5458666682243347,73.33497234173325,98.63639411311141,116.51953125,1.5888671875,1.400390625,819,1024,5.131430665895131,88.05893304726851,64.38970000453992
sentinel2_patch_00523.png,learned_full_3224_patch,0.8,79.06945997271045,0.942079484462738,0.4482758620689655,0.8969002366065979,1.0,20.93948836190735,0.8634973585834367,0.5439558029174805,74.06331471135941,98.64980388212813,116.51953125,1.5732421875,1.400390625,819,1024,5.143229637906622,88.0804681272794,63.20959999720799
sentinel2_patch_00538.png,fixed_mission_utility,0.8,90.58475989739873,0.9042775630950928,1.0,0.9148576259613037,0.6116504854368932,23.04375840897931,0.7167520533780817,0.5861914157867432,66.46388059701492,98.49542339234867,108.7177734375,1.6357421875,1.537109375,819,1024,5.427648196301894,89.3568031096089,74.11010000214446
sentinel2_patch_00538.png,learned_1500_patch,0.8,93.19001386962555,1.0,0.8571428571428571,1.0,0.7475728155339806,21.47516216584843,0.6833222858908202,0.5953612327575684,66.78284343131374,98.50260942987775,108.7177734375,1.6279296875,1.537109375,819,1024,5.356146569683447,89.36862261497207,61.357399994449224
sentinel2_patch_00538.png,learned_full_3224_patch,0.8,87.69411214545434,0.8844757676124573,0.9428571428571428,0.8956431150436401,0.6116504854368932,22.824862235035,0.7129332921326996,0.5876265168190002,66.662874251497,98.49991466580434,108.7177734375,1.630859375,1.537109375,819,1024,5.409774115700821,89.23041264981944,60.80509999446804
sentinel2_patch_00541.png,fixed_mission_utility,0.8,100.0,1.0,1.0,1.0,1.0,20.07056801077248,0.7098475939594691,0.5757542848587036,64.59767299448868,98.45195662065828,103.015625,1.5947265625,1.4521484375,819,1024,5.22568759594321,89.4254208179489,76.59559999592602
sentinel2_patch_00541.png,learned_1500_patch,0.8,100.0,1.0,1.0,1.0,1.0,17.96198328738772,0.6280070278106337,0.5944752097129822,64.75629220380601,98.45574852115881,103.015625,1.5908203125,1.4521484375,819,1024,5.174553566075062,89.26998077235115,62.59700000373414
sentinel2_patch_00541.png,learned_full_3224_patch,0.8,100.0,1.0,1.0,1.0,1.0,19.240532309708904,0.6825455308269206,0.5829318761825562,64.95566502463055,98.46048839678447,103.015625,1.5859375,1.4521484375,819,1024,5.203797989161973,89.188822556644,62.471900004311465
sentinel2_patch_00550.png,fixed_mission_utility,0.8,81.61199422983024,0.8391764163970947,0.8461538461538461,0.8380942344665527,0.58984375,17.02692305633674,0.7948989706947651,0.689151406288147,74.03125,98.64921907978051,122.6142578125,1.65625,1.6181640625,819,1024,5.569011698058217,89.13555050372972,74.64759999857051
sentinel2_patch_00550.png,learned_1500_patch,0.8,77.48046847490166,0.7896243333816528,0.8461538461538461,0.7892158627510071,0.47265625,17.010781551554942,0.7939830062852276,0.6914289593696594,73.85705882352941,98.64603327572338,122.6142578125,1.66015625,1.6181640625,819,1024,5.581664121670466,89.06049926740718,65.0621000022511
sentinel2_patch_00550.png,learned_full_3224_patch,0.8,80.37407572452841,0.8390407562255859,0.8076923076923077,0.8380681872367859,0.58203125,17.022421624014708,0.7947935952945413,0.6904990673065186,74.33806986382474,98.65479423688046,122.6142578125,1.6494140625,1.6181640625,819,1024,5.574109968253934,89.06634193989777,63.258499998482876
sentinel2_patch_00554.png,fixed_mission_utility,0.8,75.1227676868439,0.7383471131324768,1.0,0.73452228307724,0.08984375,18.84320619605457,0.7452253022905573,0.7429777383804321,75.11764705882354,98.66875489428347,120.9658203125,1.6103515625,1.494140625,819,1024,5.38627129796671,84.93179308824197,75.50849999825004
sentinel2_patch_00554.png,learned_1500_patch,0.8,70.7935818758878,0.7356869578361511,0.8636363636363636,0.7318350076675415,0.08203125,18.797644548411093,0.7403017121854792,0.742617666721344,74.70989143546441,98.66148915386417,120.9658203125,1.619140625,1.494140625,819,1024,5.365412141896169,84.94408669614732,61.09090000245487
sentinel2_patch_00554.png,learned_full_3224_patch,0.8,73.72438430786134,0.7175816297531128,1.0,0.7139465808868408,0.07421875,18.977233973654183,0.7515657330613777,0.7492014169692993,74.6198795180723,98.6598745448821,120.9658203125,1.62109375,1.494140625,819,1024,5.420603643932763,84.69376595019483,63.07770000421442
sentinel2_patch_00561.png,fixed_mission_utility,0.8,80.95721602439882,0.7975636720657349,1.0,0.8160147070884705,0.2734375,18.837124252128397,0.7347010871390899,0.6370058655738831,77.85607008760951,98.71557863262976,121.498046875,1.560546875,1.4443359375,819,1024,4.945451171142033,85.38127833396595,73.09000000532251
sentinel2_patch_00561.png,learned_1500_patch,0.8,77.02340602874757,0.7392556667327881,1.0,0.7554714679718018,0.234375,18.798284889554598,0.7298357523450235,0.6333915591239929,78.14949748743719,98.7204012410179,121.498046875,1.5546875,1.4443359375,819,1024,4.90983944566495,85.62678468136768,62.62299999798415
sentinel2_patch_00561.png,learned_full_3224_patch,0.8,79.58582997322084,0.7787408828735352,1.0,0.796809732913971,0.25,18.967530874874615,0.7455397656066598,0.6326054334640503,77.61322520274486,98.71155979230633,121.498046875,1.5654296875,1.4443359375,819,1024,4.985554847399368,84.94816299075423,63.473300004261546
sentinel2_patch_00562.png,fixed_mission_utility,0.8,64.74341874122621,0.5850537419319153,0.96,0.5997197031974792,0.0546875,19.757055409905682,0.734629279177995,0.6340689659118652,79.11197916666667,98.73596892590277,118.66796875,1.5,1.3603515625,819,1024,4.6215768135823625,85.6889783285601,75.90689999778988
sentinel2_patch_00562.png,learned_1500_patch,0.8,60.78658485412599,0.6030306220054626,0.8,0.5981117486953735,0.0703125,19.773234647994766,0.734615370143374,0.6389946341514587,79.11197916666667,98.73596892590277,118.66796875,1.5,1.3603515625,819,1024,4.602137772180843,85.76131558348618,64.0348000015365
sentinel2_patch_00562.png,learned_full_3224_patch,0.8,53.379294109344485,0.5584622025489807,0.64,0.5725090503692627,0.0390625,19.75867085362988,0.7343946956422892,0.6389970183372498,78.9064935064935,98.73267717831396,118.66796875,1.50390625,1.3603515625,819,1024,4.6261626362898784,85.47340212270691,65.90709999727551
sentinel2_patch_00567.png,fixed_mission_utility,0.8,76.48446951593674,0.8708108067512512,0.6071428571428571,0.8593875765800476,0.625,20.171979955596044,0.7478210629803167,0.6266878247261047,77.05266538214515,98.70218636170408,117.1591796875,1.5205078125,1.3623046875,819,1024,4.607497927054965,87.44584120846484,78.30339999782154
sentinel2_patch_00567.png,learned_1500_patch,0.8,77.00785194124497,0.876946210861206,0.6071428571428571,0.8654733896255493,0.640625,20.130840026438264,0.7455621485549643,0.6292414665222168,77.25112685125563,98.70552050078769,117.1591796875,1.5166015625,1.3623046875,819,1024,4.586944297665324,87.6110618224534,62.883200000214856
sentinel2_patch_00567.png,learned_full_3224_patch,0.8,69.04011487960817,0.8255841732025146,0.5,0.8164623975753784,0.46875,20.1726322546515,0.7471818701636679,0.6310495138168335,76.70780051150895,98.69635161830776,117.1591796875,1.52734375,1.3623046875,819,1024,4.599388620299752,87.36437379340482,65.4869999998482
sentinel2_patch_00579.png,fixed_mission_utility,0.8,60.28049088293508,0.6034651398658752,0.7419354838709677,0.610206663608551,0.16796875,17.666388198556245,0.634782101969036,0.6769479513168335,77.1170731707317,98.70327028907585,123.5078125,1.6015625,1.466796875,819,1024,5.141547321886806,84.87888546773338,78.72590000624768
sentinel2_patch_00579.png,learned_1500_patch,0.8,64.58257121424522,0.6428008079528809,0.8064516129032258,0.6459589004516602,0.17578125,17.723696178214556,0.6222716526238475,0.6806697845458984,77.7810578105781,98.71433993294958,123.5078125,1.587890625,1.466796875,819,1024,5.112963852222603,85.13889445793913,67.092599994794
sentinel2_patch_00579.png,learned_full_3224_patch,0.8,63.15241909796193,0.648806631565094,0.7419354838709677,0.6533544659614563,0.1875,17.636186192165425,0.6268232162323064,0.6844043135643005,77.40024479804161,98.7080144221646,123.5078125,1.595703125,1.466796875,819,1024,5.109221299049469,85.05377240428913,64.31990000419319
sentinel2_patch_00580.png,fixed_mission_utility,0.8,80.8193359876934,0.8356598019599915,0.8421052631578947,0.8154736757278442,0.58203125,17.614834618808672,0.6923322576283968,0.648740291595459,77.14191616766468,98.70368789151343,125.8076171875,1.630859375,1.494140625,819,1024,5.290846554198058,86.08323725953515,75.49110000400105
sentinel2_patch_00580.png,learned_1500_patch,0.8,82.95656787721735,0.8414204716682434,0.8947368421052632,0.8221009373664856,0.6015625,17.596003781538478,0.6848070047228524,0.6465182900428772,77.09575104727708,98.70291165671793,125.8076171875,1.6318359375,1.494140625,819,1024,5.265113870294927,86.0933080768175,62.89959999412531
sentinel2_patch_00580.png,learned_full_3224_patch,0.8,85.37502226076631,0.840844452381134,0.9736842105263158,0.8218483924865723,0.609375,17.409684770079828,0.6800447112862782,0.6466721296310425,77.28074385122976,98.70601659589992,125.8076171875,1.6279296875,1.494140625,819,1024,5.257229759249218,86.01712446395887,63.621399996918626
sentinel2_patch_00582.png,fixed_mission_utility,0.8,76.81749272346498,0.9276391267776489,0.43333333333333335,0.9039557576179504,0.86328125,19.164329072053892,0.8344615226706893,0.6374176740646362,74.01169590643275,98.64886219974716,123.59375,1.669921875,1.595703125,819,1024,5.669713174000522,90.86813654964938,76.3065999999526
sentinel2_patch_00582.png,learned_1500_patch,0.8,77.70712780952455,0.941940188407898,0.43333333333333335,0.9178822636604309,0.8671875,19.12134158499662,0.8316094155096305,0.6384010910987854,73.02942873629544,98.63068900126423,123.59375,1.6923828125,1.595703125,819,1024,5.662982423134093,90.67255147782085,64.61970000236761
sentinel2_patch_00582.png,learned_full_3224_patch,0.8,77.9946999549866,0.9463064074516296,0.43333333333333335,0.9215753078460693,0.87109375,19.050264523737486,0.83100821177152,0.6346734762191772,73.5813953488372,98.64096080910241,123.59375,1.6796875,1.595703125,819,1024,5.647223713301926,90.80227316249716,62.0240999996895
sentinel2_patch_00587.png,fixed_mission_utility,0.8,70.69168863757966,0.7970170378684998,0.6451612903225806,0.7833552956581116,0.37890625,18.42394445993692,0.7742591677947482,0.7400341033935547,77.30489260143199,98.7064208145844,126.5263671875,1.63671875,1.5498046875,819,1024,5.5793380417306295,84.46131276525337,77.21590000437573
sentinel2_patch_00587.png,learned_1500_patch,0.8,74.49981747135041,0.8527942299842834,0.6451612903225806,0.8407229781150818,0.421875,18.40953295483685,0.772863640624095,0.7404296398162842,77.07495538370019,98.70256168813627,126.5263671875,1.6416015625,1.5498046875,819,1024,5.5528100669885685,84.79235740974558,63.58149999869056
sentinel2_patch_00587.png,learned_full_3224_patch,0.8,70.81333337291596,0.7997056245803833,0.6451612903225806,0.7860134840011597,0.375,18.402468846854564,0.7730666770625978,0.7445542812347412,77.25879546809779,98.70564898929479,126.5263671875,1.6376953125,1.5498046875,819,1024,5.5613286753804525,84.50002650525768,63.69009999616537
sentinel2_patch_00588.png,fixed_mission_utility,0.8,90.68965554237367,1.0,0.75,0.9876077771186829,0.84375,17.971924042475777,0.7372318434302981,0.6829002499580383,76.90733137829912,98.6997338458136,128.0537109375,1.6650390625,1.5390625,819,1024,5.577250803268365,87.15980791152244,78.44409999961499
sentinel2_patch_00588.png,learned_1500_patch,0.8,96.25000000000001,1.0,0.875,1.0,1.0,17.74898073233383,0.7178710276529426,0.6863086819648743,77.08818342151676,98.70278432359468,128.0537109375,1.6611328125,1.5390625,819,1024,5.524758076053196,87.25606231023878,63.91099999746075
sentinel2_patch_00588.png,learned_full_3224_patch,0.8,89.29911613464357,1.0,0.6875,0.9962058067321777,0.875,17.817511839770972,0.7268825008580125,0.6853119730949402,76.90733137829912,98.6997338458136,128.0537109375,1.6650390625,1.5390625,819,1024,5.547019679223004,87.25007906836905,61.427000000549015
